date,city,state,aqi,category,defining_parameter
2023-01-01,"Atlanta, GA",Georgia,54,Moderate,PM2.5
2023-01-02,"Atlanta, GA",Georgia,59,Moderate,PM2.5
2023-01-03,"Atlanta, GA",Georgia,51,Moderate,PM2.5
2023-01-04,"Atlanta, GA",Georgia,28,Good,PM2.5
2023-01-05,"Atlanta, GA",Georgia,36,Good,PM2.5
2023-01-06,"Atlanta, GA",Georgia,38,Good,PM2.5
2023-01-07,"Atlanta, GA",Georgia,58,Moderate,PM2.5
2023-01-08,"Atlanta, GA",Georgia,61,Moderate,PM2.5
2023-01-09,"Atlanta, GA",Georgia,54,Moderate,PM2.5
2023-01-10,"Atlanta, GA",Georgia,52,Moderate,PM2.5
2023-01-11,"Atlanta, GA",Georgia,59,Moderate,PM2.5
2023-01-12,"Atlanta, GA",Georgia,49,Good,PM2.5
2023-01-13,"Atlanta, GA",Georgia,24,Good,PM2.5
2023-01-14,"Atlanta, GA",Georgia,29,Good,PM2.5
2023-01-15,"Atlanta, GA",Georgia,55,Moderate,PM2.5
2023-01-16,"Atlanta, GA",Georgia,60,Moderate,PM2.5
2023-01-17,"Atlanta, GA",Georgia,48,Good,PM2.5
2023-01-18,"Atlanta, GA",Georgia,54,Moderate,PM2.5
2023-01-19,"Atlanta, GA",Georgia,32,Good,PM2.5
2023-01-20,"Atlanta, GA",Georgia,32,Good,PM2.5
2023-01-21,"Atlanta, GA",Georgia,54,Moderate,PM2.5
2023-01-22,"Atlanta, GA",Georgia,27,Good,PM2.5
2023-01-23,"Atlanta, GA",Georgia,36,Good,PM2.5
2023-01-24,"Atlanta, GA",Georgia,48,Good,PM2.5
2023-01-25,"Atlanta, GA",Georgia,28,Good,PM2.5
2023-01-26,"Atlanta, GA",Georgia,36,Good,PM2.5
2023-01-27,"Atlanta, GA",Georgia,38,Good,PM2.5
2023-01-28,"Atlanta, GA",Georgia,47,Good,PM2.5
2023-01-29,"Atlanta, GA",Georgia,57,Moderate,PM2.5
2023-01-30,"Atlanta, GA",Georgia,54,Moderate,PM2.5
2023-01-31,"Atlanta, GA",Georgia,54,Moderate,PM2.5
2023-02-01,"Atlanta, GA",Georgia,17,Good,PM2.5
2023-02-02,"Atlanta, GA",Georgia,22,Good,PM2.5
2023-02-03,"Atlanta, GA",Georgia,29,Good,PM2.5
2023-02-04,"Atlanta, GA",Georgia,42,Good,PM2.5
2023-02-05,"Atlanta, GA",Georgia,45,Good,PM2.5
2023-02-06,"Atlanta, GA",Georgia,45,Good,PM2.5
2023-02-07,"Atlanta, GA",Georgia,61,Moderate,PM2.5
2023-02-08,"Atlanta, GA",Georgia,72,Moderate,PM2.5
2023-02-09,"Atlanta, GA",Georgia,57,Moderate,PM2.5
2023-02-10,"Atlanta, GA",Georgia,28,Good,PM2.5
2023-02-11,"Atlanta, GA",Georgia,28,Good,PM2.5
2023-02-12,"Atlanta, GA",Georgia,27,Good,PM2.5
2023-02-13,"Atlanta, GA",Georgia,39,Good,PM2.5
2023-02-14,"Atlanta, GA",Georgia,55,Moderate,PM2.5
2023-02-15,"Atlanta, GA",Georgia,62,Moderate,PM2.5
2023-02-16,"Atlanta, GA",Georgia,65,Moderate,PM2.5
2023-02-17,"Atlanta, GA",Georgia,27,Good,PM2.5
2023-02-18,"Atlanta, GA",Georgia,33,Good,PM2.5
2023-02-19,"Atlanta, GA",Georgia,48,Good,PM2.5
2023-02-20,"Atlanta, GA",Georgia,56,Moderate,PM2.5
2023-02-21,"Atlanta, GA",Georgia,42,Good,PM2.5
2023-02-22,"Atlanta, GA",Georgia,52,Moderate,PM2.5
2023-02-23,"Atlanta, GA",Georgia,55,Moderate,PM2.5
2023-02-24,"Atlanta, GA",Georgia,52,Moderate,PM2.5
2023-02-25,"Atlanta, GA",Georgia,49,Good,PM2.5
2023-02-26,"Atlanta, GA",Georgia,43,Good,PM2.5
2023-02-27,"Atlanta, GA",Georgia,58,Moderate,PM2.5
2023-02-28,"Atlanta, GA",Georgia,68,Moderate,PM2.5
2023-03-01,"Atlanta, GA",Georgia,87,Moderate,PM2.5
2023-03-02,"Atlanta, GA",Georgia,27,Good,NO2
2023-03-03,"Atlanta, GA",Georgia,51,Moderate,PM2.5
2023-03-04,"Atlanta, GA",Georgia,42,Good,Ozone
2023-03-05,"Atlanta, GA",Georgia,49,Good,PM2.5
2023-03-06,"Atlanta, GA",Georgia,47,Good,Ozone
2023-03-07,"Atlanta, GA",Georgia,65,Moderate,PM2.5
2023-03-08,"Atlanta, GA",Georgia,44,Good,Ozone
2023-03-09,"Atlanta, GA",Georgia,67,Moderate,PM2.5
2023-03-10,"Atlanta, GA",Georgia,56,Moderate,PM2.5
2023-03-11,"Atlanta, GA",Georgia,42,Good,Ozone
2023-03-12,"Atlanta, GA",Georgia,50,Good,PM2.5
2023-03-13,"Atlanta, GA",Georgia,37,Good,Ozone
2023-03-14,"Atlanta, GA",Georgia,38,Good,Ozone
2023-03-15,"Atlanta, GA",Georgia,38,Good,Ozone
2023-03-16,"Atlanta, GA",Georgia,75,Moderate,PM2.5
2023-03-17,"Atlanta, GA",Georgia,54,Moderate,PM2.5
2023-03-18,"Atlanta, GA",Georgia,43,Good,Ozone
2023-03-19,"Atlanta, GA",Georgia,41,Good,Ozone
2023-03-20,"Atlanta, GA",Georgia,44,Good,Ozone
2023-03-21,"Atlanta, GA",Georgia,50,Good,Ozone
2023-03-22,"Atlanta, GA",Georgia,68,Moderate,PM2.5
2023-03-23,"Atlanta, GA",Georgia,63,Moderate,PM2.5
2023-03-24,"Atlanta, GA",Georgia,32,Good,Ozone
2023-03-25,"Atlanta, GA",Georgia,66,Moderate,PM2.5
2023-03-26,"Atlanta, GA",Georgia,47,Good,PM2.5
2023-03-27,"Atlanta, GA",Georgia,44,Good,Ozone
2023-03-28,"Atlanta, GA",Georgia,53,Moderate,PM2.5
2023-03-29,"Atlanta, GA",Georgia,50,Good,Ozone
2023-03-30,"Atlanta, GA",Georgia,71,Moderate,Ozone
2023-03-31,"Atlanta, GA",Georgia,55,Moderate,PM2.5
2023-04-01,"Atlanta, GA",Georgia,48,Good,Ozone
2023-04-02,"Atlanta, GA",Georgia,54,Moderate,Ozone
2023-04-03,"Atlanta, GA",Georgia,61,Moderate,PM2.5
2023-04-04,"Atlanta, GA",Georgia,66,Moderate,PM2.5
2023-04-05,"Atlanta, GA",Georgia,45,Good,PM2.5
2023-04-06,"Atlanta, GA",Georgia,56,Moderate,PM2.5
2023-04-07,"Atlanta, GA",Georgia,34,Good,Ozone
2023-04-08,"Atlanta, GA",Georgia,33,Good,Ozone
2023-04-09,"Atlanta, GA",Georgia,46,Good,Ozone
2023-04-10,"Atlanta, GA",Georgia,51,Moderate,Ozone
2023-04-11,"Atlanta, GA",Georgia,64,Moderate,Ozone
2023-04-12,"Atlanta, GA",Georgia,59,Moderate,PM2.5
2023-04-13,"Atlanta, GA",Georgia,40,Good,PM2.5
2023-04-14,"Atlanta, GA",Georgia,38,Good,Ozone
2023-04-15,"Atlanta, GA",Georgia,56,Moderate,PM2.5
2023-04-16,"Atlanta, GA",Georgia,41,Good,Ozone
2023-04-17,"Atlanta, GA",Georgia,49,Good,Ozone
2023-04-18,"Atlanta, GA",Georgia,71,Moderate,Ozone
2023-04-19,"Atlanta, GA",Georgia,87,Moderate,Ozone
2023-04-20,"Atlanta, GA",Georgia,80,Moderate,Ozone
2023-04-21,"Atlanta, GA",Georgia,64,Moderate,Ozone
2023-04-22,"Atlanta, GA",Georgia,46,Good,Ozone
2023-04-23,"Atlanta, GA",Georgia,46,Good,Ozone
2023-04-24,"Atlanta, GA",Georgia,50,Good,Ozone
2023-04-25,"Atlanta, GA",Georgia,65,Moderate,PM2.5
2023-04-26,"Atlanta, GA",Georgia,53,Moderate,PM2.5
2023-04-27,"Atlanta, GA",Georgia,49,Good,PM2.5
2023-04-28,"Atlanta, GA",Georgia,44,Good,Ozone
2023-04-29,"Atlanta, GA",Georgia,40,Good,Ozone
2023-04-30,"Atlanta, GA",Georgia,44,Good,Ozone
2023-05-01,"Atlanta, GA",Georgia,47,Good,Ozone
2023-05-02,"Atlanta, GA",Georgia,48,Good,Ozone
2023-05-03,"Atlanta, GA",Georgia,47,Good,Ozone
2023-05-04,"Atlanta, GA",Georgia,58,Moderate,Ozone
2023-05-05,"Atlanta, GA",Georgia,58,Moderate,PM2.5
2023-05-06,"Atlanta, GA",Georgia,56,Moderate,PM2.5
2023-05-07,"Atlanta, GA",Georgia,49,Good,PM2.5
2023-05-08,"Atlanta, GA",Georgia,46,Good,PM2.5
2023-05-09,"Atlanta, GA",Georgia,61,Moderate,PM2.5
2023-05-10,"Atlanta, GA",Georgia,54,Moderate,Ozone
2023-05-11,"Atlanta, GA",Georgia,58,Moderate,PM2.5
2023-05-12,"Atlanta, GA",Georgia,58,Moderate,PM2.5
2023-05-13,"Atlanta, GA",Georgia,58,Moderate,Ozone
2023-05-14,"Atlanta, GA",Georgia,52,Moderate,PM2.5
2023-05-15,"Atlanta, GA",Georgia,54,Moderate,PM2.5
2023-05-16,"Atlanta, GA",Georgia,49,Good,PM2.5
2023-05-17,"Atlanta, GA",Georgia,47,Good,PM2.5
2023-05-18,"Atlanta, GA",Georgia,41,Good,Ozone
2023-05-19,"Atlanta, GA",Georgia,41,Good,PM2.5
2023-05-20,"Atlanta, GA",Georgia,33,Good,PM2.5
2023-05-21,"Atlanta, GA",Georgia,34,Good,Ozone
2023-05-22,"Atlanta, GA",Georgia,61,Moderate,PM2.5
2023-05-23,"Atlanta, GA",Georgia,64,Moderate,PM2.5
2023-05-24,"Atlanta, GA",Georgia,66,Moderate,PM2.5
2023-05-25,"Atlanta, GA",Georgia,67,Moderate,Ozone
2023-05-26,"Atlanta, GA",Georgia,74,Moderate,Ozone
2023-05-27,"Atlanta, GA",Georgia,54,Moderate,Ozone
2023-05-28,"Atlanta, GA",Georgia,50,Good,Ozone
2023-05-29,"Atlanta, GA",Georgia,39,Good,Ozone
2023-05-30,"Atlanta, GA",Georgia,38,Good,Ozone
2023-05-31,"Atlanta, GA",Georgia,49,Good,PM2.5
2023-06-01,"Atlanta, GA",Georgia,44,Good,Ozone
2023-06-02,"Atlanta, GA",Georgia,52,Moderate,PM2.5
2023-06-03,"Atlanta, GA",Georgia,87,Moderate,Ozone
2023-06-04,"Atlanta, GA",Georgia,58,Moderate,PM2.5
2023-06-05,"Atlanta, GA",Georgia,63,Moderate,PM2.5
2023-06-06,"Atlanta, GA",Georgia,60,Moderate,PM2.5
2023-06-07,"Atlanta, GA",Georgia,97,Moderate,Ozone
2023-06-08,"Atlanta, GA",Georgia,77,Moderate,Ozone
2023-06-09,"Atlanta, GA",Georgia,122,Unhealthy for Sensitive Groups,Ozone
2023-06-10,"Atlanta, GA",Georgia,122,Unhealthy for Sensitive Groups,Ozone
2023-06-11,"Atlanta, GA",Georgia,65,Moderate,PM2.5
2023-06-12,"Atlanta, GA",Georgia,50,Good,PM2.5
2023-06-13,"Atlanta, GA",Georgia,54,Moderate,Ozone
2023-06-14,"Atlanta, GA",Georgia,41,Good,PM2.5
2023-06-15,"Atlanta, GA",Georgia,41,Good,Ozone
2023-06-16,"Atlanta, GA",Georgia,64,Moderate,Ozone
2023-06-17,"Atlanta, GA",Georgia,119,Unhealthy for Sensitive Groups,Ozone
2023-06-18,"Atlanta, GA",Georgia,78,Moderate,PM2.5
2023-06-19,"Atlanta, GA",Georgia,39,Good,PM2.5
2023-06-20,"Atlanta, GA",Georgia,43,Good,Ozone
2023-06-21,"Atlanta, GA",Georgia,28,Good,Ozone
2023-06-22,"Atlanta, GA",Georgia,34,Good,Ozone
2023-06-23,"Atlanta, GA",Georgia,42,Good,Ozone
2023-06-24,"Atlanta, GA",Georgia,97,Moderate,Ozone
2023-06-25,"Atlanta, GA",Georgia,61,Moderate,Ozone
2023-06-26,"Atlanta, GA",Georgia,51,Moderate,PM2.5
2023-06-27,"Atlanta, GA",Georgia,61,Moderate,Ozone
2023-06-28,"Atlanta, GA",Georgia,108,Unhealthy for Sensitive Groups,Ozone
2023-06-29,"Atlanta, GA",Georgia,172,Unhealthy,Ozone
2023-06-30,"Atlanta, GA",Georgia,96,Moderate,PM2.5
2023-07-01,"Atlanta, GA",Georgia,61,Moderate,Ozone
2023-07-02,"Atlanta, GA",Georgia,55,Moderate,PM2.5
2023-07-03,"Atlanta, GA",Georgia,46,Good,PM2.5
2023-07-04,"Atlanta, GA",Georgia,63,Moderate,PM2.5
2023-07-05,"Atlanta, GA",Georgia,71,Moderate,PM2.5
2023-07-06,"Atlanta, GA",Georgia,52,Moderate,PM2.5
2023-07-07,"Atlanta, GA",Georgia,49,Good,Ozone
2023-07-08,"Atlanta, GA",Georgia,52,Moderate,PM2.5
2023-07-09,"Atlanta, GA",Georgia,40,Good,Ozone
2023-07-10,"Atlanta, GA",Georgia,44,Good,Ozone
2023-07-11,"Atlanta, GA",Georgia,49,Good,Ozone
2023-07-12,"Atlanta, GA",Georgia,52,Moderate,PM2.5
2023-07-13,"Atlanta, GA",Georgia,43,Good,PM2.5
2023-07-14,"Atlanta, GA",Georgia,49,Good,PM2.5
2023-07-15,"Atlanta, GA",Georgia,46,Good,PM2.5
2023-07-16,"Atlanta, GA",Georgia,54,Moderate,PM2.5
2023-07-17,"Atlanta, GA",Georgia,116,Unhealthy for Sensitive Groups,PM2.5
2023-07-18,"Atlanta, GA",Georgia,120,Unhealthy for Sensitive Groups,PM2.5
2023-07-19,"Atlanta, GA",Georgia,58,Moderate,Ozone
2023-07-20,"Atlanta, GA",Georgia,62,Moderate,PM2.5
2023-07-21,"Atlanta, GA",Georgia,48,Good,PM2.5
2023-07-22,"Atlanta, GA",Georgia,45,Good,PM2.5
2023-07-23,"Atlanta, GA",Georgia,56,Moderate,PM2.5
2023-07-24,"Atlanta, GA",Georgia,93,Moderate,Ozone
2023-07-25,"Atlanta, GA",Georgia,100,Moderate,Ozone
2023-07-26,"Atlanta, GA",Georgia,101,Unhealthy for Sensitive Groups,Ozone
2023-07-27,"Atlanta, GA",Georgia,122,Unhealthy for Sensitive Groups,Ozone
2023-07-28,"Atlanta, GA",Georgia,90,Moderate,Ozone
2023-07-29,"Atlanta, GA",Georgia,62,Moderate,PM2.5
2023-07-30,"Atlanta, GA",Georgia,51,Moderate,PM2.5
2023-07-31,"Atlanta, GA",Georgia,61,Moderate,Ozone
2023-08-01,"Atlanta, GA",Georgia,67,Moderate,Ozone
2023-08-02,"Atlanta, GA",Georgia,53,Moderate,PM2.5
2023-08-03,"Atlanta, GA",Georgia,36,Good,Ozone
2023-08-04,"Atlanta, GA",Georgia,52,Moderate,PM2.5
2023-08-05,"Atlanta, GA",Georgia,59,Moderate,PM2.5
2023-08-06,"Atlanta, GA",Georgia,57,Moderate,PM2.5
2023-08-07,"Atlanta, GA",Georgia,55,Moderate,PM2.5
2023-08-08,"Atlanta, GA",Georgia,63,Moderate,PM2.5
2023-08-09,"Atlanta, GA",Georgia,67,Moderate,PM2.5
2023-08-10,"Atlanta, GA",Georgia,68,Moderate,PM2.5
2023-08-11,"Atlanta, GA",Georgia,66,Moderate,PM2.5
2023-08-12,"Atlanta, GA",Georgia,71,Moderate,PM2.5
2023-08-13,"Atlanta, GA",Georgia,68,Moderate,PM2.5
2023-08-14,"Atlanta, GA",Georgia,79,Moderate,PM2.5
2023-08-15,"Atlanta, GA",Georgia,79,Moderate,PM2.5
2023-08-16,"Atlanta, GA",Georgia,75,Moderate,PM2.5
2023-08-17,"Atlanta, GA",Georgia,79,Moderate,PM2.5
2023-08-18,"Atlanta, GA",Georgia,61,Moderate,Ozone
2023-08-19,"Atlanta, GA",Georgia,67,Moderate,Ozone
2023-08-20,"Atlanta, GA",Georgia,59,Moderate,PM2.5
2023-08-21,"Atlanta, GA",Georgia,119,Unhealthy for Sensitive Groups,Ozone
2023-08-22,"Atlanta, GA",Georgia,108,Unhealthy for Sensitive Groups,Ozone
2023-08-23,"Atlanta, GA",Georgia,77,Moderate,PM2.5
2023-08-24,"Atlanta, GA",Georgia,156,Unhealthy,Ozone
2023-08-25,"Atlanta, GA",Georgia,68,Moderate,PM2.5
2023-08-26,"Atlanta, GA",Georgia,60,Moderate,PM2.5
2023-08-27,"Atlanta, GA",Georgia,61,Moderate,Ozone
2023-08-28,"Atlanta, GA",Georgia,48,Good,PM2.5
2023-08-29,"Atlanta, GA",Georgia,37,Good,PM2.5
2023-08-30,"Atlanta, GA",Georgia,36,Good,PM2.5
2023-08-31,"Atlanta, GA",Georgia,56,Moderate,PM2.5
2023-09-01,"Atlanta, GA",Georgia,52,Moderate,PM2.5
2023-09-02,"Atlanta, GA",Georgia,43,Good,PM2.5
2023-09-03,"Atlanta, GA",Georgia,52,Moderate,PM2.5
2023-09-04,"Atlanta, GA",Georgia,100,Moderate,Ozone
2023-09-05,"Atlanta, GA",Georgia,67,Moderate,Ozone
2023-09-06,"Atlanta, GA",Georgia,60,Moderate,PM2.5
2023-09-07,"Atlanta, GA",Georgia,56,Moderate,PM2.5
2023-09-08,"Atlanta, GA",Georgia,67,Moderate,Ozone
2023-09-09,"Atlanta, GA",Georgia,58,Moderate,PM2.5
2023-09-10,"Atlanta, GA",Georgia,46,Good,Ozone
2023-09-11,"Atlanta, GA",Georgia,64,Moderate,Ozone
2023-09-12,"Atlanta, GA",Georgia,57,Moderate,PM2.5
2023-09-13,"Atlanta, GA",Georgia,56,Moderate,PM2.5
2023-09-14,"Atlanta, GA",Georgia,55,Moderate,PM2.5
2023-09-15,"Atlanta, GA",Georgia,53,Moderate,PM2.5
2023-09-16,"Atlanta, GA",Georgia,47,Good,PM2.5
2023-09-17,"Atlanta, GA",Georgia,47,Good,PM2.5
2023-09-18,"Atlanta, GA",Georgia,55,Moderate,PM2.5
2023-09-19,"Atlanta, GA",Georgia,67,Moderate,Ozone
2023-09-20,"Atlanta, GA",Georgia,55,Moderate,PM2.5
2023-09-21,"Atlanta, GA",Georgia,59,Moderate,PM2.5
2023-09-22,"Atlanta, GA",Georgia,57,Moderate,PM2.5
2023-09-23,"Atlanta, GA",Georgia,54,Moderate,Ozone
2023-09-24,"Atlanta, GA",Georgia,52,Moderate,PM2.5
2023-09-25,"Atlanta, GA",Georgia,64,Moderate,Ozone
2023-09-26,"Atlanta, GA",Georgia,59,Moderate,PM2.5
2023-09-27,"Atlanta, GA",Georgia,55,Moderate,PM2.5
2023-09-28,"Atlanta, GA",Georgia,39,Good,PM2.5
2023-09-29,"Atlanta, GA",Georgia,52,Moderate,PM2.5
2023-09-30,"Atlanta, GA",Georgia,59,Moderate,PM2.5
2023-10-01,"Atlanta, GA",Georgia,52,Moderate,PM2.5
2023-10-02,"Atlanta, GA",Georgia,46,Good,PM2.5
2023-10-03,"Atlanta, GA",Georgia,54,Moderate,PM2.5
2023-10-04,"Atlanta, GA",Georgia,59,Moderate,PM2.5
2023-10-05,"Atlanta, GA",Georgia,58,Moderate,PM2.5
2023-10-06,"Atlanta, GA",Georgia,57,Moderate,PM2.5
2023-10-07,"Atlanta, GA",Georgia,32,Good,Ozone
2023-10-08,"Atlanta, GA",Georgia,35,Good,Ozone
2023-10-09,"Atlanta, GA",Georgia,39,Good,Ozone
2023-10-10,"Atlanta, GA",Georgia,50,Good,Ozone
2023-10-11,"Atlanta, GA",Georgia,61,Moderate,PM2.5
2023-10-12,"Atlanta, GA",Georgia,38,Good,Ozone
2023-10-13,"Atlanta, GA",Georgia,48,Good,PM2.5
2023-10-14,"Atlanta, GA",Georgia,42,Good,PM2.5
2023-10-15,"Atlanta, GA",Georgia,24,Good,Ozone
2023-10-16,"Atlanta, GA",Georgia,26,Good,Ozone
2023-10-17,"Atlanta, GA",Georgia,27,Good,Ozone
2023-10-18,"Atlanta, GA",Georgia,52,Moderate,PM2.5
2023-10-19,"Atlanta, GA",Georgia,60,Moderate,PM2.5
2023-10-20,"Atlanta, GA",Georgia,51,Moderate,PM2.5
2023-10-21,"Atlanta, GA",Georgia,42,Good,PM2.5
2023-10-22,"Atlanta, GA",Georgia,49,Good,PM2.5
2023-10-23,"Atlanta, GA",Georgia,40,Good,PM2.5
2023-10-24,"Atlanta, GA",Georgia,61,Moderate,PM2.5
2023-10-25,"Atlanta, GA",Georgia,53,Moderate,PM2.5
2023-10-26,"Atlanta, GA",Georgia,41,Good,PM2.5
2023-10-27,"Atlanta, GA",Georgia,53,Moderate,PM2.5
2023-10-28,"Atlanta, GA",Georgia,58,Moderate,PM2.5
2023-10-29,"Atlanta, GA",Georgia,59,Moderate,PM2.5
2023-10-30,"Atlanta, GA",Georgia,53,Moderate,PM2.5
2023-10-31,"Atlanta, GA",Georgia,31,Good,Ozone
2023-11-01,"Atlanta, GA",Georgia,36,Good,PM2.5
2023-11-02,"Atlanta, GA",Georgia,44,Good,PM2.5
2023-11-03,"Atlanta, GA",Georgia,52,Moderate,PM2.5
2023-11-04,"Atlanta, GA",Georgia,61,Moderate,PM2.5
2023-11-05,"Atlanta, GA",Georgia,62,Moderate,PM2.5
2023-11-06,"Atlanta, GA",Georgia,63,Moderate,PM2.5
2023-11-07,"Atlanta, GA",Georgia,62,Moderate,PM2.5
2023-11-08,"Atlanta, GA",Georgia,64,Moderate,PM2.5
2023-11-09,"Atlanta, GA",Georgia,58,Moderate,PM2.5
2023-11-10,"Atlanta, GA",Georgia,62,Moderate,PM2.5
2023-11-11,"Atlanta, GA",Georgia,53,Moderate,PM2.5
2023-11-12,"Atlanta, GA",Georgia,42,Good,PM2.5
2023-11-13,"Atlanta, GA",Georgia,57,Moderate,PM2.5
2023-11-14,"Atlanta, GA",Georgia,59,Moderate,PM2.5
2023-11-15,"Atlanta, GA",Georgia,52,Moderate,PM2.5
2023-11-16,"Atlanta, GA",Georgia,46,Good,PM2.5
2023-11-17,"Atlanta, GA",Georgia,60,Moderate,PM2.5
2023-11-18,"Atlanta, GA",Georgia,53,Moderate,PM2.5
2023-11-19,"Atlanta, GA",Georgia,49,Good,PM2.5
2023-11-20,"Atlanta, GA",Georgia,52,Moderate,PM2.5
2023-11-21,"Atlanta, GA",Georgia,27,Good,PM2.5
2023-11-22,"Atlanta, GA",Georgia,28,Good,PM2.5
2023-11-23,"Atlanta, GA",Georgia,42,Good,PM2.5
2023-11-24,"Atlanta, GA",Georgia,57,Moderate,PM2.5
2023-11-25,"Atlanta, GA",Georgia,66,Moderate,PM2.5
2023-11-26,"Atlanta, GA",Georgia,55,Moderate,PM2.5
2023-11-27,"Atlanta, GA",Georgia,38,Good,PM2.5
2023-11-28,"Atlanta, GA",Georgia,52,Moderate,PM2.5
2023-11-29,"Atlanta, GA",Georgia,53,Moderate,PM2.5
2023-11-30,"Atlanta, GA",Georgia,65,Moderate,PM2.5
2023-12-01,"Atlanta, GA",Georgia,62,Moderate,PM2.5
2023-12-02,"Atlanta, GA",Georgia,60,Moderate,PM2.5
2023-12-03,"Atlanta, GA",Georgia,26,Good,NO2
2023-12-04,"Atlanta, GA",Georgia,38,Good,PM2.5
2023-12-05,"Atlanta, GA",Georgia,39,Good,PM2.5
2023-12-06,"Atlanta, GA",Georgia,26,Good,PM2.5
2023-12-07,"Atlanta, GA",Georgia,43,Good,PM2.5
2023-12-08,"Atlanta, GA",Georgia,59,Moderate,PM2.5
2023-12-09,"Atlanta, GA",Georgia,65,Moderate,PM2.5
2023-12-10,"Atlanta, GA",Georgia,28,Good,PM2.5
2023-12-11,"Atlanta, GA",Georgia,26,Good,PM2.5
2023-12-12,"Atlanta, GA",Georgia,18,Good,CO
2023-12-13,"Atlanta, GA",Georgia,65,Moderate,PM2.5
2023-12-14,"Atlanta, GA",Georgia,55,Moderate,PM2.5
2023-12-15,"Atlanta, GA",Georgia,49,Good,PM2.5
2023-12-16,"Atlanta, GA",Georgia,49,Good,PM2.5
2023-12-17,"Atlanta, GA",Georgia,36,Good,PM2.5
2023-12-18,"Atlanta, GA",Georgia,22,Good,PM2.5
2023-12-19,"Atlanta, GA",Georgia,18,Good,PM2.5
2023-12-20,"Atlanta, GA",Georgia,57,Moderate,PM2.5
2023-12-21,"Atlanta, GA",Georgia,67,Moderate,PM2.5
2023-12-22,"Atlanta, GA",Georgia,70,Moderate,PM2.5
2023-12-23,"Atlanta, GA",Georgia,67,Moderate,PM2.5
2023-12-24,"Atlanta, GA",Georgia,43,Good,PM2.5
2023-12-25,"Atlanta, GA",Georgia,12,Good,PM2.5
2023-12-26,"Atlanta, GA",Georgia,22,Good,PM2.5
2023-12-27,"Atlanta, GA",Georgia,22,Good,PM2.5
2023-12-28,"Atlanta, GA",Georgia,36,Good,PM2.5
2023-12-29,"Atlanta, GA",Georgia,36,Good,PM2.5
2023-12-30,"Atlanta, GA",Georgia,33,Good,PM2.5
2023-12-31,"Atlanta, GA",Georgia,43,Good,PM2.5
2024-01-01,"Atlanta, GA",Georgia,54,Moderate,PM2.5
2024-01-02,"Atlanta, GA",Georgia,31,Good,NO2
2024-01-03,"Atlanta, GA",Georgia,55,Moderate,PM2.5
2024-01-04,"Atlanta, GA",Georgia,58,Moderate,PM2.5
2024-01-05,"Atlanta, GA",Georgia,44,Good,PM2.5
2024-01-06,"Atlanta, GA",Georgia,31,Good,PM2.5
2024-01-07,"Atlanta, GA",Georgia,31,Good,NO2
2024-01-08,"Atlanta, GA",Georgia,36,Good,PM2.5
2024-01-09,"Atlanta, GA",Georgia,26,Good,NO2
2024-01-10,"Atlanta, GA",Georgia,23,Good,PM2.5
2024-01-11,"Atlanta, GA",Georgia,43,Good,PM2.5
2024-01-12,"Atlanta, GA",Georgia,52,Moderate,PM2.5
2024-01-13,"Atlanta, GA",Georgia,35,Good,PM2.5
2024-01-14,"Atlanta, GA",Georgia,43,Good,PM2.5
2024-01-15,"Atlanta, GA",Georgia,45,Good,PM2.5
2024-01-16,"Atlanta, GA",Georgia,40,Good,PM2.5
2024-01-17,"Atlanta, GA",Georgia,37,Good,NO2
2024-01-18,"Atlanta, GA",Georgia,55,Moderate,PM2.5
2024-01-19,"Atlanta, GA",Georgia,46,Good,PM2.5
2024-01-20,"Atlanta, GA",Georgia,37,Good,PM2.5
2024-01-21,"Atlanta, GA",Georgia,39,Good,PM2.5
2024-01-22,"Atlanta, GA",Georgia,52,Moderate,PM2.5
2024-01-23,"Atlanta, GA",Georgia,55,Moderate,PM2.5
2024-01-24,"Atlanta, GA",Georgia,47,Good,PM2.5
2024-01-25,"Atlanta, GA",Georgia,40,Good,PM2.5
2024-01-26,"Atlanta, GA",Georgia,35,Good,PM2.5
2024-01-27,"Atlanta, GA",Georgia,49,Good,PM2.5
2024-01-28,"Atlanta, GA",Georgia,9,Good,NO2
2024-01-29,"Atlanta, GA",Georgia,14,Good,NO2
2024-01-30,"Atlanta, GA",Georgia,27,Good,PM2.5
2024-01-31,"Atlanta, GA",Georgia,32,Good,PM2.5
2024-02-01,"Atlanta, GA",Georgia,44,Good,PM2.5
2024-02-02,"Atlanta, GA",Georgia,52,Moderate,PM2.5
2024-02-03,"Atlanta, GA",Georgia,55,Moderate,PM2.5
2024-02-04,"Atlanta, GA",Georgia,31,Good,PM2.5
2024-02-05,"Atlanta, GA",Georgia,39,Good,NO2
2024-02-06,"Atlanta, GA",Georgia,52,Moderate,PM2.5
2024-02-07,"Atlanta, GA",Georgia,54,Moderate,PM2.5
2024-02-08,"Atlanta, GA",Georgia,61,Moderate,PM2.5
2024-02-09,"Atlanta, GA",Georgia,67,Moderate,PM2.5
2024-02-10,"Atlanta, GA",Georgia,53,Moderate,PM2.5
2024-02-11,"Atlanta, GA",Georgia,22,Good,NO2
2024-02-12,"Atlanta, GA",Georgia,26,Good,NO2
2024-02-13,"Atlanta, GA",Georgia,30,Good,NO2
2024-02-14,"Atlanta, GA",Georgia,44,Good,PM2.5
2024-02-15,"Atlanta, GA",Georgia,62,Moderate,PM2.5
2024-02-16,"Atlanta, GA",Georgia,70,Moderate,PM2.5
2024-02-17,"Atlanta, GA",Georgia,39,Good,PM2.5
2024-02-18,"Atlanta, GA",Georgia,47,Good,PM2.5
2024-02-19,"Atlanta, GA",Georgia,61,Moderate,PM2.5
2024-02-20,"Atlanta, GA",Georgia,76,Moderate,PM2.5
2024-02-21,"Atlanta, GA",Georgia,83,Moderate,PM2.5
2024-02-22,"Atlanta, GA",Georgia,76,Moderate,PM2.5
2024-02-23,"Atlanta, GA",Georgia,32,Good,PM2.5
2024-02-24,"Atlanta, GA",Georgia,25,Good,NO2
2024-02-25,"Atlanta, GA",Georgia,34,Good,PM2.5
2024-02-26,"Atlanta, GA",Georgia,70,Moderate,PM2.5
2024-02-27,"Atlanta, GA",Georgia,59,Moderate,PM2.5
2024-02-28,"Atlanta, GA",Georgia,31,Good,PM2.5
2024-02-29,"Atlanta, GA",Georgia,24,Good,NO2
2024-03-01,"Atlanta, GA",Georgia,33,Good,PM2.5
2024-03-02,"Atlanta, GA",Georgia,23,Good,NO2
2024-03-03,"Atlanta, GA",Georgia,26,Good,PM2.5
2024-03-04,"Atlanta, GA",Georgia,46,Good,PM2.5
2024-03-05,"Atlanta, GA",Georgia,36,Good,PM2.5
2024-03-06,"Atlanta, GA",Georgia,28,Good,Ozone
2024-03-07,"Atlanta, GA",Georgia,39,Good,Ozone
2024-03-08,"Atlanta, GA",Georgia,30,Good,Ozone
2024-03-09,"Atlanta, GA",Georgia,30,Good,Ozone
2024-03-10,"Atlanta, GA",Georgia,40,Good,Ozone
2024-03-11,"Atlanta, GA",Georgia,39,Good,NO2
2024-03-12,"Atlanta, GA",Georgia,44,Good,Ozone
2024-03-13,"Atlanta, GA",Georgia,68,Moderate,PM2.5
2024-03-14,"Atlanta, GA",Georgia,72,Moderate,PM2.5
2024-03-15,"Atlanta, GA",Georgia,61,Moderate,PM2.5
2024-03-16,"Atlanta, GA",Georgia,36,Good,Ozone
2024-03-17,"Atlanta, GA",Georgia,36,Good,Ozone
2024-03-18,"Atlanta, GA",Georgia,40,Good,Ozone
2024-03-19,"Atlanta, GA",Georgia,42,Good,Ozone
2024-03-20,"Atlanta, GA",Georgia,58,Moderate,PM2.5
2024-03-21,"Atlanta, GA",Georgia,82,Moderate,PM2.5
2024-03-22,"Atlanta, GA",Georgia,67,Moderate,PM2.5
2024-03-23,"Atlanta, GA",Georgia,49,Good,PM2.5
2024-03-24,"Atlanta, GA",Georgia,44,Good,Ozone
2024-03-25,"Atlanta, GA",Georgia,51,Moderate,PM2.5
2024-03-26,"Atlanta, GA",Georgia,38,Good,PM2.5
2024-03-27,"Atlanta, GA",Georgia,40,Good,PM2.5
2024-03-28,"Atlanta, GA",Georgia,42,Good,Ozone
2024-03-29,"Atlanta, GA",Georgia,46,Good,Ozone
2024-03-30,"Atlanta, GA",Georgia,55,Moderate,PM2.5
2024-03-31,"Atlanta, GA",Georgia,54,Moderate,PM2.5
2024-04-01,"Atlanta, GA",Georgia,53,Moderate,PM2.5
2024-04-02,"Atlanta, GA",Georgia,54,Moderate,PM2.5
2024-04-03,"Atlanta, GA",Georgia,42,Good,Ozone
2024-04-04,"Atlanta, GA",Georgia,43,Good,Ozone
2024-04-05,"Atlanta, GA",Georgia,35,Good,Ozone
2024-04-06,"Atlanta, GA",Georgia,53,Moderate,PM2.5
2024-04-07,"Atlanta, GA",Georgia,85,Moderate,PM2.5
2024-04-08,"Atlanta, GA",Georgia,67,Moderate,PM2.5
2024-04-09,"Atlanta, GA",Georgia,69,Moderate,PM2.5
2024-04-10,"Atlanta, GA",Georgia,58,Moderate,PM2.5
2024-04-11,"Atlanta, GA",Georgia,35,Good,Ozone
2024-04-12,"Atlanta, GA",Georgia,44,Good,Ozone
2024-04-13,"Atlanta, GA",Georgia,46,Good,Ozone
2024-04-14,"Atlanta, GA",Georgia,53,Moderate,PM2.5
2024-04-15,"Atlanta, GA",Georgia,58,Moderate,PM2.5
2024-04-16,"Atlanta, GA",Georgia,57,Moderate,PM2.5
2024-04-17,"Atlanta, GA",Georgia,66,Moderate,PM2.5
2024-04-18,"Atlanta, GA",Georgia,58,Moderate,PM2.5
2024-04-19,"Atlanta, GA",Georgia,55,Moderate,PM2.5
2024-04-20,"Atlanta, GA",Georgia,46,Good,PM2.5
2024-04-21,"Atlanta, GA",Georgia,31,Good,Ozone
2024-04-22,"Atlanta, GA",Georgia,43,Good,Ozone
2024-04-23,"Atlanta, GA",Georgia,44,Good,Ozone
2024-04-24,"Atlanta, GA",Georgia,58,Moderate,PM2.5
2024-04-25,"Atlanta, GA",Georgia,87,Moderate,Ozone
2024-04-26,"Atlanta, GA",Georgia,61,Moderate,PM2.5
2024-04-27,"Atlanta, GA",Georgia,55,Moderate,PM2.5
2024-04-28,"Atlanta, GA",Georgia,41,Good,Ozone
2024-04-29,"Atlanta, GA",Georgia,41,Good,PM2.5
2024-04-30,"Atlanta, GA",Georgia,46,Good,PM2.5
2024-05-01,"Atlanta, GA",Georgia,74,Moderate,Ozone
2024-05-02,"Atlanta, GA",Georgia,55,Moderate,PM2.5
2024-05-03,"Atlanta, GA",Georgia,57,Moderate,PM2.5
2024-05-04,"Atlanta, GA",Georgia,42,Good,PM2.5
2024-05-05,"Atlanta, GA",Georgia,43,Good,Ozone
2024-05-06,"Atlanta, GA",Georgia,46,Good,PM2.5
2024-05-07,"Atlanta, GA",Georgia,41,Good,PM2.5
2024-05-08,"Atlanta, GA",Georgia,42,Good,PM2.5
2024-05-09,"Atlanta, GA",Georgia,38,Good,PM2.5
2024-05-10,"Atlanta, GA",Georgia,44,Good,Ozone
2024-05-11,"Atlanta, GA",Georgia,45,Good,Ozone
2024-05-12,"Atlanta, GA",Georgia,61,Moderate,Ozone
2024-05-13,"Atlanta, GA",Georgia,48,Good,PM2.5
2024-05-14,"Atlanta, GA",Georgia,38,Good,PM2.5
2024-05-15,"Atlanta, GA",Georgia,42,Good,Ozone
2024-05-16,"Atlanta, GA",Georgia,47,Good,Ozone
2024-05-17,"Atlanta, GA",Georgia,49,Good,PM2.5
2024-05-18,"Atlanta, GA",Georgia,33,Good,PM2.5
2024-05-19,"Atlanta, GA",Georgia,39,Good,Ozone
2024-05-20,"Atlanta, GA",Georgia,46,Good,Ozone
2024-05-21,"Atlanta, GA",Georgia,52,Moderate,PM2.5
2024-05-22,"Atlanta, GA",Georgia,52,Moderate,PM2.5
2024-05-23,"Atlanta, GA",Georgia,55,Moderate,PM2.5
2024-05-24,"Atlanta, GA",Georgia,56,Moderate,PM2.5
2024-05-25,"Atlanta, GA",Georgia,53,Moderate,PM2.5
2024-05-26,"Atlanta, GA",Georgia,56,Moderate,PM2.5
2024-05-27,"Atlanta, GA",Georgia,50,Good,PM2.5
2024-05-28,"Atlanta, GA",Georgia,49,Good,Ozone
2024-05-29,"Atlanta, GA",Georgia,61,Moderate,Ozone
2024-05-30,"Atlanta, GA",Georgia,71,Moderate,Ozone
2024-05-31,"Atlanta, GA",Georgia,45,Good,Ozone
2024-06-01,"Atlanta, GA",Georgia,49,Good,PM2.5
2024-06-02,"Atlanta, GA",Georgia,50,Good,PM2.5
2024-06-03,"Atlanta, GA",Georgia,43,Good,Ozone
2024-06-04,"Atlanta, GA",Georgia,41,Good,PM2.5
2024-06-05,"Atlanta, GA",Georgia,42,Good,PM2.5
2024-06-06,"Atlanta, GA",Georgia,39,Good,PM2.5
2024-06-07,"Atlanta, GA",Georgia,67,Moderate,Ozone
2024-06-08,"Atlanta, GA",Georgia,93,Moderate,Ozone
2024-06-09,"Atlanta, GA",Georgia,54,Moderate,PM2.5
2024-06-10,"Atlanta, GA",Georgia,58,Moderate,Ozone
2024-06-11,"Atlanta, GA",Georgia,71,Moderate,Ozone
2024-06-12,"Atlanta, GA",Georgia,53,Moderate,PM2.5
2024-06-13,"Atlanta, GA",Georgia,58,Moderate,PM2.5
2024-06-14,"Atlanta, GA",Georgia,100,Moderate,Ozone
2024-06-15,"Atlanta, GA",Georgia,97,Moderate,Ozone
2024-06-16,"Atlanta, GA",Georgia,58,Moderate,PM2.5
2024-06-17,"Atlanta, GA",Georgia,57,Moderate,PM2.5
2024-06-18,"Atlanta, GA",Georgia,52,Moderate,PM2.5
2024-06-19,"Atlanta, GA",Georgia,39,Good,PM2.5
2024-06-20,"Atlanta, GA",Georgia,48,Good,PM2.5
2024-06-21,"Atlanta, GA",Georgia,54,Moderate,PM2.5
2024-06-22,"Atlanta, GA",Georgia,48,Good,PM2.5
2024-06-23,"Atlanta, GA",Georgia,56,Moderate,PM2.5
2024-06-24,"Atlanta, GA",Georgia,71,Moderate,Ozone
2024-06-25,"Atlanta, GA",Georgia,119,Unhealthy for Sensitive Groups,Ozone
2024-06-26,"Atlanta, GA",Georgia,129,Unhealthy for Sensitive Groups,Ozone
2024-06-27,"Atlanta, GA",Georgia,57,Moderate,PM2.5
2024-06-28,"Atlanta, GA",Georgia,54,Moderate,PM2.5
2024-06-29,"Atlanta, GA",Georgia,44,Good,PM2.5
2024-06-30,"Atlanta, GA",Georgia,52,Moderate,PM2.5
2024-07-01,"Atlanta, GA",Georgia,51,Moderate,PM2.5
2024-07-02,"Atlanta, GA",Georgia,50,Good,PM2.5
2024-07-03,"Atlanta, GA",Georgia,36,Good,PM2.5
2024-07-04,"Atlanta, GA",Georgia,54,Moderate,PM2.5
2024-07-05,"Atlanta, GA",Georgia,69,Moderate,PM2.5
2024-07-06,"Atlanta, GA",Georgia,41,Good,Ozone
2024-07-07,"Atlanta, GA",Georgia,42,Good,PM2.5
2024-07-08,"Atlanta, GA",Georgia,49,Good,PM2.5
2024-07-09,"Atlanta, GA",Georgia,30,Good,PM2.5
2024-07-10,"Atlanta, GA",Georgia,42,Good,Ozone
2024-07-11,"Atlanta, GA",Georgia,84,Moderate,Ozone
2024-07-12,"Atlanta, GA",Georgia,105,Unhealthy for Sensitive Groups,Ozone
2024-07-13,"Atlanta, GA",Georgia,126,Unhealthy for Sensitive Groups,Ozone
2024-07-14,"Atlanta, GA",Georgia,84,Moderate,Ozone
2024-07-15,"Atlanta, GA",Georgia,59,Moderate,PM2.5
2024-07-16,"Atlanta, GA",Georgia,37,Good,Ozone
2024-07-17,"Atlanta, GA",Georgia,53,Moderate,PM2.5
2024-07-18,"Atlanta, GA",Georgia,31,Good,Ozone
2024-07-19,"Atlanta, GA",Georgia,7,Good,CO
2024-07-20,"Atlanta, GA",Georgia,32,Good,PM2.5
2024-07-21,"Atlanta, GA",Georgia,36,Good,PM2.5
2024-07-22,"Atlanta, GA",Georgia,35,Good,Ozone
2024-07-23,"Atlanta, GA",Georgia,54,Moderate,PM2.5
2024-07-24,"Atlanta, GA",Georgia,52,Moderate,PM2.5
2024-07-25,"Atlanta, GA",Georgia,44,Good,PM2.5
2024-07-26,"Atlanta, GA",Georgia,49,Good,PM2.5
2024-07-27,"Atlanta, GA",Georgia,57,Moderate,PM2.5
2024-07-28,"Atlanta, GA",Georgia,57,Moderate,PM2.5
2024-07-29,"Atlanta, GA",Georgia,48,Good,PM2.5
2024-07-30,"Atlanta, GA",Georgia,55,Moderate,PM2.5
2024-07-31,"Atlanta, GA",Georgia,56,Moderate,PM2.5
2024-08-01,"Atlanta, GA",Georgia,60,Moderate,PM2.5
2024-08-02,"Atlanta, GA",Georgia,88,Moderate,PM2.5
2024-08-03,"Atlanta, GA",Georgia,68,Moderate,PM2.5
2024-08-04,"Atlanta, GA",Georgia,64,Moderate,PM2.5
2024-08-05,"Atlanta, GA",Georgia,30,Good,PM2.5
2024-08-06,"Atlanta, GA",Georgia,51,Moderate,PM2.5
2024-08-07,"Atlanta, GA",Georgia,58,Moderate,PM2.5
2024-08-08,"Atlanta, GA",Georgia,54,Moderate,PM2.5
2024-08-09,"Atlanta, GA",Georgia,62,Moderate,PM2.5
2024-08-10,"Atlanta, GA",Georgia,61,Moderate,Ozone
2024-08-11,"Atlanta, GA",Georgia,64,Moderate,Ozone
2024-08-12,"Atlanta, GA",Georgia,74,Moderate,Ozone
2024-08-13,"Atlanta, GA",Georgia,56,Moderate,PM2.5
2024-08-14,"Atlanta, GA",Georgia,61,Moderate,PM2.5
2024-08-15,"Atlanta, GA",Georgia,58,Moderate,PM2.5
2024-08-16,"Atlanta, GA",Georgia,61,Moderate,PM2.5
2024-08-17,"Atlanta, GA",Georgia,54,Moderate,PM2.5
2024-08-18,"Atlanta, GA",Georgia,55,Moderate,PM2.5
2024-08-19,"Atlanta, GA",Georgia,42,Good,Ozone
2024-08-20,"Atlanta, GA",Georgia,51,Moderate,PM2.5
2024-08-21,"Atlanta, GA",Georgia,60,Moderate,PM2.5
2024-08-22,"Atlanta, GA",Georgia,57,Moderate,PM2.5
2024-08-23,"Atlanta, GA",Georgia,54,Moderate,PM2.5
2024-08-24,"Atlanta, GA",Georgia,61,Moderate,PM2.5
2024-08-25,"Atlanta, GA",Georgia,62,Moderate,PM2.5
2024-08-26,"Atlanta, GA",Georgia,64,Moderate,PM2.5
2024-08-27,"Atlanta, GA",Georgia,97,Moderate,Ozone
2024-08-28,"Atlanta, GA",Georgia,84,Moderate,Ozone
2024-08-29,"Atlanta, GA",Georgia,61,Moderate,Ozone
2024-08-30,"Atlanta, GA",Georgia,56,Moderate,PM2.5
2024-08-31,"Atlanta, GA",Georgia,57,Moderate,PM2.5
2024-09-01,"Atlanta, GA",Georgia,53,Moderate,PM2.5
2024-09-02,"Atlanta, GA",Georgia,48,Good,PM2.5
2024-09-03,"Atlanta, GA",Georgia,45,Good,PM2.5
2024-09-04,"Atlanta, GA",Georgia,43,Good,Ozone
2024-09-05,"Atlanta, GA",Georgia,51,Moderate,PM2.5
2024-09-06,"Atlanta, GA",Georgia,53,Moderate,PM2.5
2024-09-07,"Atlanta, GA",Georgia,51,Moderate,PM2.5
2024-09-08,"Atlanta, GA",Georgia,41,Good,PM2.5
2024-09-09,"Atlanta, GA",Georgia,55,Moderate,PM2.5
2024-09-10,"Atlanta, GA",Georgia,58,Moderate,PM2.5
2024-09-11,"Atlanta, GA",Georgia,59,Moderate,PM2.5
2024-09-12,"Atlanta, GA",Georgia,56,Moderate,PM2.5
2024-09-13,"Atlanta, GA",Georgia,58,Moderate,PM2.5
2024-09-14,"Atlanta, GA",Georgia,33,Good,PM2.5
2024-09-15,"Atlanta, GA",Georgia,48,Good,PM2.5
2024-09-16,"Atlanta, GA",Georgia,56,Moderate,PM2.5
2024-09-17,"Atlanta, GA",Georgia,46,Good,PM2.5
2024-09-18,"Atlanta, GA",Georgia,51,Moderate,PM2.5
2024-09-19,"Atlanta, GA",Georgia,53,Moderate,PM2.5
2024-09-20,"Atlanta, GA",Georgia,56,Moderate,PM2.5
2024-09-21,"Atlanta, GA",Georgia,100,Moderate,Ozone
2024-09-22,"Atlanta, GA",Georgia,59,Moderate,PM2.5
2024-09-23,"Atlanta, GA",Georgia,63,Moderate,PM2.5
2024-09-24,"Atlanta, GA",Georgia,70,Moderate,PM2.5
2024-09-25,"Atlanta, GA",Georgia,60,Moderate,PM2.5
2024-09-26,"Atlanta, GA",Georgia,24,Good,PM2.5
2024-09-27,"Atlanta, GA",Georgia,32,Good,Ozone
2024-09-28,"Atlanta, GA",Georgia,52,Moderate,PM2.5
2024-09-29,"Atlanta, GA",Georgia,50,Good,PM2.5
2024-09-30,"Atlanta, GA",Georgia,67,Moderate,PM2.5
2024-10-01,"Atlanta, GA",Georgia,39,Good,PM2.5
2024-10-02,"Atlanta, GA",Georgia,52,Moderate,PM2.5
2024-10-03,"Atlanta, GA",Georgia,66,Moderate,PM2.5
2024-10-04,"Atlanta, GA",Georgia,61,Moderate,PM2.5
2024-10-05,"Atlanta, GA",Georgia,62,Moderate,PM2.5
2024-10-06,"Atlanta, GA",Georgia,64,Moderate,PM2.5
2024-10-07,"Atlanta, GA",Georgia,61,Moderate,PM2.5
2024-10-08,"Atlanta, GA",Georgia,44,Good,Ozone
2024-10-09,"Atlanta, GA",Georgia,59,Moderate,PM2.5
2024-10-10,"Atlanta, GA",Georgia,57,Moderate,PM2.5
2024-10-11,"Atlanta, GA",Georgia,44,Good,PM2.5
2024-10-12,"Atlanta, GA",Georgia,57,Moderate,PM2.5
2024-10-13,"Atlanta, GA",Georgia,56,Moderate,PM2.5
2024-10-14,"Atlanta, GA",Georgia,33,Good,PM2.5
2024-10-15,"Atlanta, GA",Georgia,28,Good,PM2.5
2024-10-16,"Atlanta, GA",Georgia,14,Good,NO2
2024-10-17,"Atlanta, GA",Georgia,39,Good,NO2
2024-10-18,"Atlanta, GA",Georgia,51,Moderate,PM2.5
2024-10-19,"Atlanta, GA",Georgia,41,Good,PM2.5
2024-10-20,"Atlanta, GA",Georgia,52,Moderate,PM2.5
2024-10-21,"Atlanta, GA",Georgia,64,Moderate,PM2.5
2024-10-22,"Atlanta, GA",Georgia,43,Good,PM2.5
2024-10-23,"Atlanta, GA",Georgia,44,Good,PM2.5
2024-10-24,"Atlanta, GA",Georgia,56,Moderate,PM2.5
2024-10-25,"Atlanta, GA",Georgia,61,Moderate,Ozone
2024-10-26,"Atlanta, GA",Georgia,76,Moderate,PM2.5
2024-10-27,"Atlanta, GA",Georgia,59,Moderate,PM2.5
2024-10-28,"Atlanta, GA",Georgia,32,Good,Ozone
2024-10-29,"Atlanta, GA",Georgia,41,Good,Ozone
2024-10-30,"Atlanta, GA",Georgia,44,Good,PM2.5
2024-10-31,"Atlanta, GA",Georgia,35,Good,Ozone
2024-11-01,"Atlanta, GA",Georgia,31,Good,PM2.5
2024-11-02,"Atlanta, GA",Georgia,44,Good,PM2.5
2024-11-03,"Atlanta, GA",Georgia,42,Good,PM2.5
2024-11-04,"Atlanta, GA",Georgia,20,Good,NO2
2024-11-05,"Atlanta, GA",Georgia,48,Good,PM2.5
2024-11-06,"Atlanta, GA",Georgia,22,Good,NO2
2024-11-07,"Atlanta, GA",Georgia,22,Good,NO2
2024-11-08,"Atlanta, GA",Georgia,52,Moderate,PM2.5
2024-11-09,"Atlanta, GA",Georgia,62,Moderate,PM2.5
2024-11-10,"Atlanta, GA",Georgia,38,Good,PM2.5
2024-11-11,"Atlanta, GA",Georgia,47,Good,PM2.5
2024-11-12,"Atlanta, GA",Georgia,52,Moderate,PM2.5
2024-11-13,"Atlanta, GA",Georgia,42,Good,PM2.5
2024-11-14,"Atlanta, GA",Georgia,37,Good,PM2.5
2024-11-15,"Atlanta, GA",Georgia,34,Good,PM2.5
2024-11-16,"Atlanta, GA",Georgia,54,Moderate,PM2.5
2024-11-17,"Atlanta, GA",Georgia,72,Moderate,PM2.5
2024-11-18,"Atlanta, GA",Georgia,59,Moderate,PM2.5
2024-11-19,"Atlanta, GA",Georgia,54,Moderate,PM2.5
2024-11-20,"Atlanta, GA",Georgia,31,Good,PM2.5
2024-11-21,"Atlanta, GA",Georgia,22,Good,NO2
2024-11-22,"Atlanta, GA",Georgia,21,Good,NO2
2024-11-23,"Atlanta, GA",Georgia,31,Good,PM2.5
2024-11-24,"Atlanta, GA",Georgia,49,Good,PM2.5
2024-11-25,"Atlanta, GA",Georgia,46,Good,PM2.5
2024-11-26,"Atlanta, GA",Georgia,52,Moderate,PM2.5
2024-11-27,"Atlanta, GA",Georgia,54,Moderate,PM2.5
2024-11-28,"Atlanta, GA",Georgia,34,Good,PM2.5
2024-11-29,"Atlanta, GA",Georgia,38,Good,PM2.5
2024-11-30,"Atlanta, GA",Georgia,34,Good,NO2
2024-12-01,"Atlanta, GA",Georgia,52,Moderate,PM2.5
2024-12-02,"Atlanta, GA",Georgia,38,Good,PM2.5
2024-12-03,"Atlanta, GA",Georgia,28,Good,NO2
2024-12-04,"Atlanta, GA",Georgia,35,Good,PM2.5
2024-12-05,"Atlanta, GA",Georgia,45,Good,PM2.5
2024-12-06,"Atlanta, GA",Georgia,29,Good,NO2
2024-12-07,"Atlanta, GA",Georgia,36,Good,NO2
2024-12-08,"Atlanta, GA",Georgia,63,Moderate,PM2.5
2024-12-09,"Atlanta, GA",Georgia,31,Good,PM2.5
2024-12-10,"Atlanta, GA",Georgia,27,Good,NO2
2024-12-11,"Atlanta, GA",Georgia,23,Good,NO2
2024-12-12,"Atlanta, GA",Georgia,37,Good,NO2
2024-12-13,"Atlanta, GA",Georgia,34,Good,NO2
2024-12-14,"Atlanta, GA",Georgia,36,Good,PM2.5
2024-12-15,"Atlanta, GA",Georgia,26,Good,PM2.5
2024-12-16,"Atlanta, GA",Georgia,35,Good,PM2.5
2024-12-17,"Atlanta, GA",Georgia,54,Moderate,PM2.5
2024-12-18,"Atlanta, GA",Georgia,33,Good,PM2.5
2024-12-19,"Atlanta, GA",Georgia,25,Good,NO2
2024-12-20,"Atlanta, GA",Georgia,42,Good,PM2.5
2024-12-21,"Atlanta, GA",Georgia,51,Moderate,PM2.5
2024-12-22,"Atlanta, GA",Georgia,51,Moderate,PM2.5
2024-12-23,"Atlanta, GA",Georgia,54,Moderate,PM2.5
2024-12-24,"Atlanta, GA",Georgia,58,Moderate,PM2.5
2024-12-25,"Atlanta, GA",Georgia,79,Moderate,PM2.5
2024-12-26,"Atlanta, GA",Georgia,51,Moderate,PM2.5
2024-12-27,"Atlanta, GA",Georgia,53,Moderate,PM2.5
2024-12-28,"Atlanta, GA",Georgia,23,Good,PM2.5
2024-12-29,"Atlanta, GA",Georgia,19,Good,PM2.5
2024-12-30,"Atlanta, GA",Georgia,33,Good,PM2.5
2024-12-31,"Atlanta, GA",Georgia,26,Good,PM2.5
2023-01-01,"Austin, TX",Texas,122,Unhealthy for Sensitive Groups,PM2.5
2023-01-02,"Austin, TX",Texas,75,Moderate,PM2.5
2023-01-03,"Austin, TX",Texas,56,Moderate,PM2.5
2023-01-04,"Austin, TX",Texas,41,Good,Ozone
2023-01-05,"Austin, TX",Texas,43,Good,PM2.5
2023-01-06,"Austin, TX",Texas,55,Moderate,PM2.5
2023-01-07,"Austin, TX",Texas,44,Good,PM2.5
2023-01-08,"Austin, TX",Texas,42,Good,PM2.5
2023-01-09,"Austin, TX",Texas,56,Moderate,PM2.5
2023-01-10,"Austin, TX",Texas,54,Moderate,PM2.5
2023-01-11,"Austin, TX",Texas,64,Moderate,PM2.5
2023-01-12,"Austin, TX",Texas,40,Good,Ozone
2023-01-13,"Austin, TX",Texas,49,Good,PM2.5
2023-01-14,"Austin, TX",Texas,56,Moderate,PM2.5
2023-01-15,"Austin, TX",Texas,44,Good,Ozone
2023-01-16,"Austin, TX",Texas,55,Moderate,PM2.5
2023-01-17,"Austin, TX",Texas,68,Moderate,PM2.5
2023-01-18,"Austin, TX",Texas,52,Moderate,PM2.5
2023-01-19,"Austin, TX",Texas,35,Good,Ozone
2023-01-20,"Austin, TX",Texas,28,Good,Ozone
2023-01-21,"Austin, TX",Texas,56,Moderate,PM2.5
2023-01-22,"Austin, TX",Texas,38,Good,Ozone
2023-01-23,"Austin, TX",Texas,55,Moderate,PM2.5
2023-01-24,"Austin, TX",Texas,29,Good,Ozone
2023-01-25,"Austin, TX",Texas,35,Good,Ozone
2023-01-26,"Austin, TX",Texas,44,Good,PM2.5
2023-01-27,"Austin, TX",Texas,61,Moderate,PM2.5
2023-01-28,"Austin, TX",Texas,63,Moderate,PM2.5
2023-01-29,"Austin, TX",Texas,42,Good,PM2.5
2023-01-30,"Austin, TX",Texas,40,Good,PM2.5
2023-01-31,"Austin, TX",Texas,32,Good,PM2.5
2023-02-01,"Austin, TX",Texas,50,Good,PM2.5
2023-02-02,"Austin, TX",Texas,53,Moderate,PM2.5
2023-02-03,"Austin, TX",Texas,55,Moderate,PM2.5
2023-02-04,"Austin, TX",Texas,65,Moderate,PM2.5
2023-02-05,"Austin, TX",Texas,60,Moderate,PM2.5
2023-02-06,"Austin, TX",Texas,33,Good,PM2.5
2023-02-07,"Austin, TX",Texas,36,Good,PM2.5
2023-02-08,"Austin, TX",Texas,34,Good,PM2.5
2023-02-09,"Austin, TX",Texas,48,Good,PM2.5
2023-02-10,"Austin, TX",Texas,37,Good,Ozone
2023-02-11,"Austin, TX",Texas,54,Moderate,PM2.5
2023-02-12,"Austin, TX",Texas,63,Moderate,PM2.5
2023-02-13,"Austin, TX",Texas,57,Moderate,PM2.5
2023-02-14,"Austin, TX",Texas,47,Good,Ozone
2023-02-15,"Austin, TX",Texas,69,Moderate,PM2.5
2023-02-16,"Austin, TX",Texas,35,Good,Ozone
2023-02-17,"Austin, TX",Texas,41,Good,Ozone
2023-02-18,"Austin, TX",Texas,52,Moderate,PM2.5
2023-02-19,"Austin, TX",Texas,53,Moderate,PM2.5
2023-02-20,"Austin, TX",Texas,42,Good,PM2.5
2023-02-21,"Austin, TX",Texas,58,Moderate,PM2.5
2023-02-22,"Austin, TX",Texas,58,Moderate,PM2.5
2023-02-23,"Austin, TX",Texas,58,Moderate,PM2.5
2023-02-24,"Austin, TX",Texas,53,Moderate,PM2.5
2023-02-25,"Austin, TX",Texas,69,Moderate,PM2.5
2023-02-26,"Austin, TX",Texas,70,Moderate,PM2.5
2023-02-27,"Austin, TX",Texas,90,Moderate,Ozone
2023-02-28,"Austin, TX",Texas,64,Moderate,PM2.5
2023-03-01,"Austin, TX",Texas,80,Moderate,PM2.5
2023-03-02,"Austin, TX",Texas,96,Moderate,PM2.5
2023-03-03,"Austin, TX",Texas,49,Good,Ozone
2023-03-04,"Austin, TX",Texas,105,Unhealthy for Sensitive Groups,Ozone
2023-03-05,"Austin, TX",Texas,61,Moderate,Ozone
2023-03-06,"Austin, TX",Texas,58,Moderate,PM2.5
2023-03-07,"Austin, TX",Texas,72,Moderate,PM2.5
2023-03-08,"Austin, TX",Texas,60,Moderate,PM2.5
2023-03-09,"Austin, TX",Texas,64,Moderate,PM2.5
2023-03-10,"Austin, TX",Texas,33,Good,Ozone
2023-03-11,"Austin, TX",Texas,65,Moderate,PM2.5
2023-03-12,"Austin, TX",Texas,37,Good,PM2.5
2023-03-13,"Austin, TX",Texas,43,Good,Ozone
2023-03-14,"Austin, TX",Texas,39,Good,Ozone
2023-03-15,"Austin, TX",Texas,57,Moderate,PM2.5
2023-03-16,"Austin, TX",Texas,48,Good,PM2.5
2023-03-17,"Austin, TX",Texas,42,Good,Ozone
2023-03-18,"Austin, TX",Texas,39,Good,Ozone
2023-03-19,"Austin, TX",Texas,46,Good,Ozone
2023-03-20,"Austin, TX",Texas,52,Moderate,PM2.5
2023-03-21,"Austin, TX",Texas,37,Good,PM2.5
2023-03-22,"Austin, TX",Texas,53,Moderate,PM2.5
2023-03-23,"Austin, TX",Texas,55,Moderate,PM2.5
2023-03-24,"Austin, TX",Texas,55,Moderate,PM2.5
2023-03-25,"Austin, TX",Texas,46,Good,Ozone
2023-03-26,"Austin, TX",Texas,65,Moderate,PM2.5
2023-03-27,"Austin, TX",Texas,51,Moderate,PM2.5
2023-03-28,"Austin, TX",Texas,54,Moderate,Ozone
2023-03-29,"Austin, TX",Texas,52,Moderate,PM2.5
2023-03-30,"Austin, TX",Texas,59,Moderate,PM2.5
2023-03-31,"Austin, TX",Texas,55,Moderate,PM2.5
2023-04-01,"Austin, TX",Texas,55,Moderate,PM2.5
2023-04-02,"Austin, TX",Texas,61,Moderate,PM2.5
2023-04-03,"Austin, TX",Texas,67,Moderate,PM2.5
2023-04-04,"Austin, TX",Texas,79,Moderate,PM2.5
2023-04-05,"Austin, TX",Texas,58,Moderate,PM2.5
2023-04-06,"Austin, TX",Texas,34,Good,Ozone
2023-04-07,"Austin, TX",Texas,36,Good,PM2.5
2023-04-08,"Austin, TX",Texas,47,Good,PM2.5
2023-04-09,"Austin, TX",Texas,36,Good,PM2.5
2023-04-10,"Austin, TX",Texas,47,Good,PM2.5
2023-04-11,"Austin, TX",Texas,43,Good,PM2.5
2023-04-12,"Austin, TX",Texas,52,Moderate,PM2.5
2023-04-13,"Austin, TX",Texas,58,Moderate,Ozone
2023-04-14,"Austin, TX",Texas,48,Good,PM2.5
2023-04-15,"Austin, TX",Texas,48,Good,Ozone
2023-04-16,"Austin, TX",Texas,47,Good,Ozone
2023-04-17,"Austin, TX",Texas,58,Moderate,Ozone
2023-04-18,"Austin, TX",Texas,54,Moderate,PM2.5
2023-04-19,"Austin, TX",Texas,55,Moderate,PM2.5
2023-04-20,"Austin, TX",Texas,60,Moderate,PM2.5
2023-04-21,"Austin, TX",Texas,51,Moderate,PM2.5
2023-04-22,"Austin, TX",Texas,51,Moderate,PM2.5
2023-04-23,"Austin, TX",Texas,41,Good,PM2.5
2023-04-24,"Austin, TX",Texas,49,Good,PM2.5
2023-04-25,"Austin, TX",Texas,56,Moderate,PM2.5
2023-04-26,"Austin, TX",Texas,56,Moderate,PM2.5
2023-04-27,"Austin, TX",Texas,39,Good,Ozone
2023-04-28,"Austin, TX",Texas,44,Good,PM2.5
2023-04-29,"Austin, TX",Texas,40,Good,Ozone
2023-04-30,"Austin, TX",Texas,54,Moderate,Ozone
2023-05-01,"Austin, TX",Texas,61,Moderate,Ozone
2023-05-02,"Austin, TX",Texas,48,Good,PM2.5
2023-05-03,"Austin, TX",Texas,64,Moderate,Ozone
2023-05-04,"Austin, TX",Texas,60,Moderate,PM2.5
2023-05-05,"Austin, TX",Texas,79,Moderate,PM2.5
2023-05-06,"Austin, TX",Texas,73,Moderate,PM2.5
2023-05-07,"Austin, TX",Texas,57,Moderate,PM2.5
2023-05-08,"Austin, TX",Texas,69,Moderate,PM2.5
2023-05-09,"Austin, TX",Texas,55,Moderate,PM2.5
2023-05-10,"Austin, TX",Texas,46,Good,Ozone
2023-05-11,"Austin, TX",Texas,77,Moderate,PM2.5
2023-05-12,"Austin, TX",Texas,79,Moderate,PM2.5
2023-05-13,"Austin, TX",Texas,47,Good,Ozone
2023-05-14,"Austin, TX",Texas,39,Good,PM2.5
2023-05-15,"Austin, TX",Texas,49,Good,PM2.5
2023-05-16,"Austin, TX",Texas,37,Good,PM2.5
2023-05-17,"Austin, TX",Texas,64,Moderate,Ozone
2023-05-18,"Austin, TX",Texas,71,Moderate,Ozone
2023-05-19,"Austin, TX",Texas,48,Good,PM2.5
2023-05-20,"Austin, TX",Texas,60,Moderate,PM2.5
2023-05-21,"Austin, TX",Texas,79,Moderate,PM2.5
2023-05-22,"Austin, TX",Texas,90,Moderate,Ozone
2023-05-23,"Austin, TX",Texas,66,Moderate,PM2.5
2023-05-24,"Austin, TX",Texas,49,Good,Ozone
2023-05-25,"Austin, TX",Texas,65,Moderate,PM2.5
2023-05-26,"Austin, TX",Texas,70,Moderate,PM2.5
2023-05-27,"Austin, TX",Texas,80,Moderate,Ozone
2023-05-28,"Austin, TX",Texas,61,Moderate,PM2.5
2023-05-29,"Austin, TX",Texas,62,Moderate,PM2.5
2023-05-30,"Austin, TX",Texas,55,Moderate,PM2.5
2023-05-31,"Austin, TX",Texas,53,Moderate,PM2.5
2023-06-01,"Austin, TX",Texas,58,Moderate,PM2.5
2023-06-02,"Austin, TX",Texas,57,Moderate,PM2.5
2023-06-03,"Austin, TX",Texas,67,Moderate,Ozone
2023-06-04,"Austin, TX",Texas,44,Good,Ozone
2023-06-05,"Austin, TX",Texas,51,Moderate,PM2.5
2023-06-06,"Austin, TX",Texas,67,Moderate,Ozone
2023-06-07,"Austin, TX",Texas,112,Unhealthy for Sensitive Groups,Ozone
2023-06-08,"Austin, TX",Texas,71,Moderate,Ozone
2023-06-09,"Austin, TX",Texas,67,Moderate,Ozone
2023-06-10,"Austin, TX",Texas,48,Good,Ozone
2023-06-11,"Austin, TX",Texas,53,Moderate,PM2.5
2023-06-12,"Austin, TX",Texas,65,Moderate,PM2.5
2023-06-13,"Austin, TX",Texas,99,Moderate,PM2.5
2023-06-14,"Austin, TX",Texas,88,Moderate,PM2.5
2023-06-15,"Austin, TX",Texas,91,Moderate,PM2.5
2023-06-16,"Austin, TX",Texas,85,Moderate,PM2.5
2023-06-17,"Austin, TX",Texas,75,Moderate,PM2.5
2023-06-18,"Austin, TX",Texas,70,Moderate,PM2.5
2023-06-19,"Austin, TX",Texas,68,Moderate,PM2.5
2023-06-20,"Austin, TX",Texas,79,Moderate,PM2.5
2023-06-21,"Austin, TX",Texas,73,Moderate,PM2.5
2023-06-22,"Austin, TX",Texas,71,Moderate,Ozone
2023-06-23,"Austin, TX",Texas,69,Moderate,PM2.5
2023-06-24,"Austin, TX",Texas,51,Moderate,PM2.5
2023-06-25,"Austin, TX",Texas,52,Moderate,PM2.5
2023-06-26,"Austin, TX",Texas,51,Moderate,PM2.5
2023-06-27,"Austin, TX",Texas,57,Moderate,PM2.5
2023-06-28,"Austin, TX",Texas,54,Moderate,PM2.5
2023-06-29,"Austin, TX",Texas,51,Moderate,PM2.5
2023-06-30,"Austin, TX",Texas,47,Good,PM2.5
2023-07-01,"Austin, TX",Texas,45,Good,PM2.5
2023-07-02,"Austin, TX",Texas,51,Moderate,PM2.5
2023-07-03,"Austin, TX",Texas,48,Good,PM2.5
2023-07-04,"Austin, TX",Texas,52,Moderate,PM2.5
2023-07-05,"Austin, TX",Texas,49,Good,PM2.5
2023-07-06,"Austin, TX",Texas,31,Good,PM2.5
2023-07-07,"Austin, TX",Texas,51,Moderate,PM2.5
2023-07-08,"Austin, TX",Texas,50,Good,PM2.5
2023-07-09,"Austin, TX",Texas,49,Good,PM2.5
2023-07-10,"Austin, TX",Texas,61,Moderate,PM2.5
2023-07-11,"Austin, TX",Texas,60,Moderate,PM2.5
2023-07-12,"Austin, TX",Texas,57,Moderate,PM2.5
2023-07-13,"Austin, TX",Texas,58,Moderate,PM2.5
2023-07-14,"Austin, TX",Texas,64,Moderate,PM2.5
2023-07-15,"Austin, TX",Texas,71,Moderate,PM2.5
2023-07-16,"Austin, TX",Texas,80,Moderate,PM2.5
2023-07-17,"Austin, TX",Texas,74,Moderate,PM2.5
2023-07-18,"Austin, TX",Texas,63,Moderate,PM2.5
2023-07-19,"Austin, TX",Texas,70,Moderate,PM2.5
2023-07-20,"Austin, TX",Texas,68,Moderate,PM2.5
2023-07-21,"Austin, TX",Texas,67,Moderate,Ozone
2023-07-22,"Austin, TX",Texas,62,Moderate,PM2.5
2023-07-23,"Austin, TX",Texas,90,Moderate,Ozone
2023-07-24,"Austin, TX",Texas,80,Moderate,Ozone
2023-07-25,"Austin, TX",Texas,62,Moderate,PM2.5
2023-07-26,"Austin, TX",Texas,81,Moderate,PM2.5
2023-07-27,"Austin, TX",Texas,82,Moderate,PM2.5
2023-07-28,"Austin, TX",Texas,78,Moderate,PM2.5
2023-07-29,"Austin, TX",Texas,75,Moderate,PM2.5
2023-07-30,"Austin, TX",Texas,61,Moderate,PM2.5
2023-07-31,"Austin, TX",Texas,56,Moderate,PM2.5
2023-08-01,"Austin, TX",Texas,54,Moderate,PM2.5
2023-08-02,"Austin, TX",Texas,52,Moderate,PM2.5
2023-08-03,"Austin, TX",Texas,50,Good,PM2.5
2023-08-04,"Austin, TX",Texas,45,Good,PM2.5
2023-08-05,"Austin, TX",Texas,59,Moderate,PM2.5
2023-08-06,"Austin, TX",Texas,48,Good,PM2.5
2023-08-07,"Austin, TX",Texas,54,Moderate,PM2.5
2023-08-08,"Austin, TX",Texas,52,Moderate,PM2.5
2023-08-09,"Austin, TX",Texas,49,Good,PM2.5
2023-08-10,"Austin, TX",Texas,54,Moderate,PM2.5
2023-08-11,"Austin, TX",Texas,55,Moderate,PM2.5
2023-08-12,"Austin, TX",Texas,58,Moderate,PM2.5
2023-08-13,"Austin, TX",Texas,54,Moderate,PM2.5
2023-08-14,"Austin, TX",Texas,61,Moderate,PM2.5
2023-08-15,"Austin, TX",Texas,80,Moderate,Ozone
2023-08-16,"Austin, TX",Texas,112,Unhealthy for Sensitive Groups,Ozone
2023-08-17,"Austin, TX",Texas,90,Moderate,Ozone
2023-08-18,"Austin, TX",Texas,87,Moderate,Ozone
2023-08-19,"Austin, TX",Texas,49,Good,PM2.5
2023-08-20,"Austin, TX",Texas,63,Moderate,PM2.5
2023-08-21,"Austin, TX",Texas,67,Moderate,Ozone
2023-08-22,"Austin, TX",Texas,56,Moderate,PM2.5
2023-08-23,"Austin, TX",Texas,60,Moderate,PM2.5
2023-08-24,"Austin, TX",Texas,87,Moderate,Ozone
2023-08-25,"Austin, TX",Texas,97,Moderate,Ozone
2023-08-26,"Austin, TX",Texas,71,Moderate,Ozone
2023-08-27,"Austin, TX",Texas,64,Moderate,Ozone
2023-08-28,"Austin, TX",Texas,115,Unhealthy for Sensitive Groups,Ozone
2023-08-29,"Austin, TX",Texas,93,Moderate,Ozone
2023-08-30,"Austin, TX",Texas,93,Moderate,Ozone
2023-08-31,"Austin, TX",Texas,105,Unhealthy for Sensitive Groups,Ozone
2023-09-01,"Austin, TX",Texas,119,Unhealthy for Sensitive Groups,Ozone
2023-09-02,"Austin, TX",Texas,119,Unhealthy for Sensitive Groups,Ozone
2023-09-03,"Austin, TX",Texas,71,Moderate,Ozone
2023-09-04,"Austin, TX",Texas,52,Moderate,PM2.5
2023-09-05,"Austin, TX",Texas,51,Moderate,PM2.5
2023-09-06,"Austin, TX",Texas,47,Good,PM2.5
2023-09-07,"Austin, TX",Texas,49,Good,Ozone
2023-09-08,"Austin, TX",Texas,58,Moderate,Ozone
2023-09-09,"Austin, TX",Texas,44,Good,Ozone
2023-09-10,"Austin, TX",Texas,71,Moderate,Ozone
2023-09-11,"Austin, TX",Texas,101,Unhealthy for Sensitive Groups,Ozone
2023-09-12,"Austin, TX",Texas,54,Moderate,Ozone
2023-09-13,"Austin, TX",Texas,59,Moderate,PM2.5
2023-09-14,"Austin, TX",Texas,57,Moderate,PM2.5
2023-09-15,"Austin, TX",Texas,52,Moderate,PM2.5
2023-09-16,"Austin, TX",Texas,37,Good,Ozone
2023-09-17,"Austin, TX",Texas,58,Moderate,Ozone
2023-09-18,"Austin, TX",Texas,112,Unhealthy for Sensitive Groups,Ozone
2023-09-19,"Austin, TX",Texas,112,Unhealthy for Sensitive Groups,Ozone
2023-09-20,"Austin, TX",Texas,77,Moderate,Ozone
2023-09-21,"Austin, TX",Texas,42,Good,Ozone
2023-09-22,"Austin, TX",Texas,37,Good,PM2.5
2023-09-23,"Austin, TX",Texas,37,Good,PM2.5
2023-09-24,"Austin, TX",Texas,35,Good,PM2.5
2023-09-25,"Austin, TX",Texas,45,Good,Ozone
2023-09-26,"Austin, TX",Texas,51,Moderate,PM2.5
2023-09-27,"Austin, TX",Texas,84,Moderate,Ozone
2023-09-28,"Austin, TX",Texas,53,Moderate,PM2.5
2023-09-29,"Austin, TX",Texas,60,Moderate,PM2.5
2023-09-30,"Austin, TX",Texas,45,Good,Ozone
2023-10-01,"Austin, TX",Texas,48,Good,Ozone
2023-10-02,"Austin, TX",Texas,54,Moderate,Ozone
2023-10-03,"Austin, TX",Texas,45,Good,Ozone
2023-10-04,"Austin, TX",Texas,38,Good,PM2.5
2023-10-05,"Austin, TX",Texas,31,Good,Ozone
2023-10-06,"Austin, TX",Texas,45,Good,Ozone
2023-10-07,"Austin, TX",Texas,38,Good,Ozone
2023-10-08,"Austin, TX",Texas,49,Good,Ozone
2023-10-09,"Austin, TX",Texas,48,Good,Ozone
2023-10-10,"Austin, TX",Texas,39,Good,Ozone
2023-10-11,"Austin, TX",Texas,47,Good,PM2.5
2023-10-12,"Austin, TX",Texas,45,Good,PM2.5
2023-10-13,"Austin, TX",Texas,36,Good,Ozone
2023-10-14,"Austin, TX",Texas,34,Good,Ozone
2023-10-15,"Austin, TX",Texas,30,Good,Ozone
2023-10-16,"Austin, TX",Texas,32,Good,NO2
2023-10-17,"Austin, TX",Texas,44,Good,Ozone
2023-10-18,"Austin, TX",Texas,50,Good,Ozone
2023-10-19,"Austin, TX",Texas,64,Moderate,Ozone
2023-10-20,"Austin, TX",Texas,45,Good,NO2
2023-10-21,"Austin, TX",Texas,77,Moderate,Ozone
2023-10-22,"Austin, TX",Texas,34,Good,Ozone
2023-10-23,"Austin, TX",Texas,37,Good,PM2.5
2023-10-24,"Austin, TX",Texas,47,Good,PM2.5
2023-10-25,"Austin, TX",Texas,50,Good,PM2.5
2023-10-26,"Austin, TX",Texas,42,Good,PM2.5
2023-10-27,"Austin, TX",Texas,48,Good,PM2.5
2023-10-28,"Austin, TX",Texas,36,Good,PM2.5
2023-10-29,"Austin, TX",Texas,19,Good,Ozone
2023-10-30,"Austin, TX",Texas,27,Good,Ozone
2023-10-31,"Austin, TX",Texas,34,Good,PM2.5
2023-11-01,"Austin, TX",Texas,53,Moderate,PM2.5
2023-11-02,"Austin, TX",Texas,63,Moderate,PM2.5
2023-11-03,"Austin, TX",Texas,61,Moderate,PM2.5
2023-11-04,"Austin, TX",Texas,59,Moderate,PM2.5
2023-11-05,"Austin, TX",Texas,48,Good,PM2.5
2023-11-06,"Austin, TX",Texas,36,Good,PM2.5
2023-11-07,"Austin, TX",Texas,37,Good,PM2.5
2023-11-08,"Austin, TX",Texas,40,Good,PM2.5
2023-11-09,"Austin, TX",Texas,31,Good,PM2.5
2023-11-10,"Austin, TX",Texas,26,Good,PM2.5
2023-11-11,"Austin, TX",Texas,48,Good,PM2.5
2023-11-12,"Austin, TX",Texas,50,Good,PM2.5
2023-11-13,"Austin, TX",Texas,52,Moderate,PM2.5
2023-11-14,"Austin, TX",Texas,49,Good,PM2.5
2023-11-15,"Austin, TX",Texas,57,Moderate,PM2.5
2023-11-16,"Austin, TX",Texas,68,Moderate,PM2.5
2023-11-17,"Austin, TX",Texas,65,Moderate,PM2.5
2023-11-18,"Austin, TX",Texas,56,Moderate,PM2.5
2023-11-19,"Austin, TX",Texas,66,Moderate,PM2.5
2023-11-20,"Austin, TX",Texas,50,Good,PM2.5
2023-11-21,"Austin, TX",Texas,28,Good,Ozone
2023-11-22,"Austin, TX",Texas,41,Good,PM2.5
2023-11-23,"Austin, TX",Texas,59,Moderate,PM2.5
2023-11-24,"Austin, TX",Texas,50,Good,PM2.5
2023-11-25,"Austin, TX",Texas,55,Moderate,PM2.5
2023-11-26,"Austin, TX",Texas,37,Good,PM2.5
2023-11-27,"Austin, TX",Texas,28,Good,NO2
2023-11-28,"Austin, TX",Texas,41,Good,PM2.5
2023-11-29,"Austin, TX",Texas,55,Moderate,PM2.5
2023-11-30,"Austin, TX",Texas,34,Good,PM2.5
2023-12-01,"Austin, TX",Texas,35,Good,PM2.5
2023-12-02,"Austin, TX",Texas,57,Moderate,PM2.5
2023-12-03,"Austin, TX",Texas,36,Good,Ozone
2023-12-04,"Austin, TX",Texas,34,Good,NO2
2023-12-05,"Austin, TX",Texas,58,Moderate,PM2.5
2023-12-06,"Austin, TX",Texas,58,Moderate,PM2.5
2023-12-07,"Austin, TX",Texas,49,Good,PM2.5
2023-12-08,"Austin, TX",Texas,40,Good,PM2.5
2023-12-09,"Austin, TX",Texas,36,Good,PM2.5
2023-12-10,"Austin, TX",Texas,41,Good,PM2.5
2023-12-11,"Austin, TX",Texas,62,Moderate,PM2.5
2023-12-12,"Austin, TX",Texas,48,Good,PM2.5
2023-12-13,"Austin, TX",Texas,55,Moderate,PM2.5
2023-12-14,"Austin, TX",Texas,59,Moderate,PM2.5
2023-12-15,"Austin, TX",Texas,65,Moderate,PM2.5
2023-12-16,"Austin, TX",Texas,36,Good,PM2.5
2023-12-17,"Austin, TX",Texas,57,Moderate,PM2.5
2023-12-18,"Austin, TX",Texas,51,Moderate,PM2.5
2023-12-19,"Austin, TX",Texas,49,Good,PM2.5
2023-12-20,"Austin, TX",Texas,41,Good,PM2.5
2023-12-21,"Austin, TX",Texas,44,Good,PM2.5
2023-12-22,"Austin, TX",Texas,64,Moderate,PM2.5
2023-12-23,"Austin, TX",Texas,44,Good,PM2.5
2023-12-24,"Austin, TX",Texas,30,Good,Ozone
2023-12-25,"Austin, TX",Texas,34,Good,PM2.5
2023-12-26,"Austin, TX",Texas,37,Good,PM2.5
2023-12-27,"Austin, TX",Texas,31,Good,Ozone
2023-12-28,"Austin, TX",Texas,28,Good,Ozone
2023-12-29,"Austin, TX",Texas,32,Good,PM2.5
2023-12-30,"Austin, TX",Texas,52,Moderate,PM2.5
2023-12-31,"Austin, TX",Texas,84,Moderate,PM2.5
2024-01-01,"Austin, TX",Texas,95,Moderate,PM2.5
2024-01-02,"Austin, TX",Texas,53,Moderate,PM2.5
2024-01-03,"Austin, TX",Texas,52,Moderate,PM2.5
2024-01-04,"Austin, TX",Texas,58,Moderate,PM2.5
2024-01-05,"Austin, TX",Texas,51,Moderate,PM2.5
2024-01-06,"Austin, TX",Texas,54,Moderate,PM2.5
2024-01-07,"Austin, TX",Texas,61,Moderate,PM2.5
2024-01-08,"Austin, TX",Texas,60,Moderate,PM10
2024-01-09,"Austin, TX",Texas,31,Good,Ozone
2024-01-10,"Austin, TX",Texas,60,Moderate,PM2.5
2024-01-11,"Austin, TX",Texas,64,Moderate,PM2.5
2024-01-12,"Austin, TX",Texas,61,Moderate,PM2.5
2024-01-13,"Austin, TX",Texas,55,Moderate,PM2.5
2024-01-14,"Austin, TX",Texas,52,Moderate,PM2.5
2024-01-15,"Austin, TX",Texas,46,Good,PM2.5
2024-01-16,"Austin, TX",Texas,29,Good,Ozone
2024-01-17,"Austin, TX",Texas,47,Good,PM2.5
2024-01-18,"Austin, TX",Texas,55,Moderate,PM2.5
2024-01-19,"Austin, TX",Texas,57,Moderate,PM2.5
2024-01-20,"Austin, TX",Texas,34,Good,PM2.5
2024-01-21,"Austin, TX",Texas,61,Moderate,PM2.5
2024-01-22,"Austin, TX",Texas,50,Good,PM2.5
2024-01-23,"Austin, TX",Texas,51,Moderate,PM2.5
2024-01-24,"Austin, TX",Texas,31,Good,PM2.5
2024-01-25,"Austin, TX",Texas,46,Good,PM2.5
2024-01-26,"Austin, TX",Texas,59,Moderate,PM2.5
2024-01-27,"Austin, TX",Texas,29,Good,Ozone
2024-01-28,"Austin, TX",Texas,33,Good,PM2.5
2024-01-29,"Austin, TX",Texas,39,Good,Ozone
2024-01-30,"Austin, TX",Texas,53,Moderate,PM2.5
2024-01-31,"Austin, TX",Texas,54,Moderate,PM2.5
2024-02-01,"Austin, TX",Texas,54,Moderate,PM2.5
2024-02-02,"Austin, TX",Texas,34,Good,PM2.5
2024-02-03,"Austin, TX",Texas,34,Good,Ozone
2024-02-04,"Austin, TX",Texas,56,Moderate,PM10
2024-02-05,"Austin, TX",Texas,39,Good,PM2.5
2024-02-06,"Austin, TX",Texas,58,Moderate,PM2.5
2024-02-07,"Austin, TX",Texas,59,Moderate,PM2.5
2024-02-08,"Austin, TX",Texas,52,Moderate,PM2.5
2024-02-09,"Austin, TX",Texas,73,Moderate,PM2.5
2024-02-10,"Austin, TX",Texas,46,Good,PM2.5
2024-02-11,"Austin, TX",Texas,24,Good,PM2.5
2024-02-12,"Austin, TX",Texas,29,Good,Ozone
2024-02-13,"Austin, TX",Texas,55,Moderate,PM2.5
2024-02-14,"Austin, TX",Texas,41,Good,PM2.5
2024-02-15,"Austin, TX",Texas,53,Moderate,PM2.5
2024-02-16,"Austin, TX",Texas,38,Good,PM2.5
2024-02-17,"Austin, TX",Texas,41,Good,PM2.5
2024-02-18,"Austin, TX",Texas,35,Good,Ozone
2024-02-19,"Austin, TX",Texas,58,Moderate,PM2.5
2024-02-20,"Austin, TX",Texas,58,Moderate,PM2.5
2024-02-21,"Austin, TX",Texas,41,Good,PM2.5
2024-02-22,"Austin, TX",Texas,42,Good,PM2.5
2024-02-23,"Austin, TX",Texas,42,Good,Ozone
2024-02-24,"Austin, TX",Texas,45,Good,Ozone
2024-02-25,"Austin, TX",Texas,55,Moderate,PM2.5
2024-02-26,"Austin, TX",Texas,65,Moderate,PM2.5
2024-02-27,"Austin, TX",Texas,82,Moderate,PM2.5
2024-02-28,"Austin, TX",Texas,53,Moderate,PM2.5
2024-02-29,"Austin, TX",Texas,52,Moderate,PM2.5
2024-03-01,"Austin, TX",Texas,65,Moderate,PM2.5
2024-03-02,"Austin, TX",Texas,63,Moderate,PM2.5
2024-03-03,"Austin, TX",Texas,60,Moderate,PM2.5
2024-03-04,"Austin, TX",Texas,70,Moderate,PM2.5
2024-03-05,"Austin, TX",Texas,62,Moderate,PM2.5
2024-03-06,"Austin, TX",Texas,66,Moderate,PM2.5
2024-03-07,"Austin, TX",Texas,60,Moderate,PM2.5
2024-03-08,"Austin, TX",Texas,51,Moderate,PM2.5
2024-03-09,"Austin, TX",Texas,33,Good,Ozone
2024-03-10,"Austin, TX",Texas,46,Good,Ozone
2024-03-11,"Austin, TX",Texas,49,Good,Ozone
2024-03-12,"Austin, TX",Texas,54,Moderate,PM2.5
2024-03-13,"Austin, TX",Texas,53,Moderate,PM2.5
2024-03-14,"Austin, TX",Texas,74,Moderate,PM2.5
2024-03-15,"Austin, TX",Texas,65,Moderate,PM2.5
2024-03-16,"Austin, TX",Texas,57,Moderate,PM2.5
2024-03-17,"Austin, TX",Texas,42,Good,PM2.5
2024-03-18,"Austin, TX",Texas,41,Good,PM2.5
2024-03-19,"Austin, TX",Texas,40,Good,Ozone
2024-03-20,"Austin, TX",Texas,44,Good,PM2.5
2024-03-21,"Austin, TX",Texas,47,Good,PM2.5
2024-03-22,"Austin, TX",Texas,38,Good,Ozone
2024-03-23,"Austin, TX",Texas,60,Moderate,PM2.5
2024-03-24,"Austin, TX",Texas,65,Moderate,PM2.5
2024-03-25,"Austin, TX",Texas,67,Moderate,PM2.5
2024-03-26,"Austin, TX",Texas,39,Good,Ozone
2024-03-27,"Austin, TX",Texas,39,Good,PM2.5
2024-03-28,"Austin, TX",Texas,58,Moderate,Ozone
2024-03-29,"Austin, TX",Texas,47,Good,PM2.5
2024-03-30,"Austin, TX",Texas,45,Good,PM2.5
2024-03-31,"Austin, TX",Texas,65,Moderate,PM2.5
2024-04-01,"Austin, TX",Texas,98,Moderate,PM2.5
2024-04-02,"Austin, TX",Texas,60,Moderate,PM2.5
2024-04-03,"Austin, TX",Texas,46,Good,Ozone
2024-04-04,"Austin, TX",Texas,84,Moderate,Ozone
2024-04-05,"Austin, TX",Texas,54,Moderate,Ozone
2024-04-06,"Austin, TX",Texas,52,Moderate,PM2.5
2024-04-07,"Austin, TX",Texas,58,Moderate,Ozone
2024-04-08,"Austin, TX",Texas,74,Moderate,PM2.5
2024-04-09,"Austin, TX",Texas,70,Moderate,PM2.5
2024-04-10,"Austin, TX",Texas,40,Good,Ozone
2024-04-11,"Austin, TX",Texas,44,Good,Ozone
2024-04-12,"Austin, TX",Texas,74,Moderate,Ozone
2024-04-13,"Austin, TX",Texas,50,Good,Ozone
2024-04-14,"Austin, TX",Texas,52,Moderate,PM2.5
2024-04-15,"Austin, TX",Texas,63,Moderate,PM2.5
2024-04-16,"Austin, TX",Texas,75,Moderate,PM2.5
2024-04-17,"Austin, TX",Texas,78,Moderate,PM2.5
2024-04-18,"Austin, TX",Texas,80,Moderate,PM2.5
2024-04-19,"Austin, TX",Texas,60,Moderate,PM2.5
2024-04-20,"Austin, TX",Texas,55,Moderate,PM2.5
2024-04-21,"Austin, TX",Texas,41,Good,Ozone
2024-04-22,"Austin, TX",Texas,46,Good,Ozone
2024-04-23,"Austin, TX",Texas,53,Moderate,PM2.5
2024-04-24,"Austin, TX",Texas,56,Moderate,PM2.5
2024-04-25,"Austin, TX",Texas,68,Moderate,PM2.5
2024-04-26,"Austin, TX",Texas,78,Moderate,PM2.5
2024-04-27,"Austin, TX",Texas,90,Moderate,PM2.5
2024-04-28,"Austin, TX",Texas,63,Moderate,PM2.5
2024-04-29,"Austin, TX",Texas,71,Moderate,PM2.5
2024-04-30,"Austin, TX",Texas,64,Moderate,PM2.5
2024-05-01,"Austin, TX",Texas,61,Moderate,PM2.5
2024-05-02,"Austin, TX",Texas,52,Moderate,PM2.5
2024-05-03,"Austin, TX",Texas,57,Moderate,PM2.5
2024-05-04,"Austin, TX",Texas,61,Moderate,PM2.5
2024-05-05,"Austin, TX",Texas,48,Good,PM2.5
2024-05-06,"Austin, TX",Texas,74,Moderate,PM2.5
2024-05-07,"Austin, TX",Texas,87,Moderate,PM2.5
2024-05-08,"Austin, TX",Texas,141,Unhealthy for Sensitive Groups,PM2.5
2024-05-09,"Austin, TX",Texas,101,Unhealthy for Sensitive Groups,PM2.5
2024-05-10,"Austin, TX",Texas,48,Good,Ozone
2024-05-11,"Austin, TX",Texas,43,Good,Ozone
2024-05-12,"Austin, TX",Texas,60,Moderate,PM2.5
2024-05-13,"Austin, TX",Texas,57,Moderate,PM2.5
2024-05-14,"Austin, TX",Texas,67,Moderate,Ozone
2024-05-15,"Austin, TX",Texas,77,Moderate,Ozone
2024-05-16,"Austin, TX",Texas,58,Moderate,PM2.5
2024-05-17,"Austin, TX",Texas,46,Good,Ozone
2024-05-18,"Austin, TX",Texas,80,Moderate,Ozone
2024-05-19,"Austin, TX",Texas,75,Moderate,PM2.5
2024-05-20,"Austin, TX",Texas,71,Moderate,PM2.5
2024-05-21,"Austin, TX",Texas,92,Moderate,PM2.5
2024-05-22,"Austin, TX",Texas,93,Moderate,PM2.5
2024-05-23,"Austin, TX",Texas,81,Moderate,PM2.5
2024-05-24,"Austin, TX",Texas,98,Moderate,PM2.5
2024-05-25,"Austin, TX",Texas,95,Moderate,PM2.5
2024-05-26,"Austin, TX",Texas,101,Unhealthy for Sensitive Groups,PM2.5
2024-05-27,"Austin, TX",Texas,116,Unhealthy for Sensitive Groups,PM2.5
2024-05-28,"Austin, TX",Texas,75,Moderate,PM2.5
2024-05-29,"Austin, TX",Texas,61,Moderate,Ozone
2024-05-30,"Austin, TX",Texas,64,Moderate,PM2.5
2024-05-31,"Austin, TX",Texas,61,Moderate,Ozone
2024-06-01,"Austin, TX",Texas,64,Moderate,PM2.5
2024-06-02,"Austin, TX",Texas,66,Moderate,PM2.5
2024-06-03,"Austin, TX",Texas,77,Moderate,PM2.5
2024-06-04,"Austin, TX",Texas,94,Moderate,PM2.5
2024-06-05,"Austin, TX",Texas,71,Moderate,Ozone
2024-06-06,"Austin, TX",Texas,84,Moderate,Ozone
2024-06-07,"Austin, TX",Texas,97,Moderate,Ozone
2024-06-08,"Austin, TX",Texas,54,Moderate,PM2.5
2024-06-09,"Austin, TX",Texas,56,Moderate,PM2.5
2024-06-10,"Austin, TX",Texas,56,Moderate,PM2.5
2024-06-11,"Austin, TX",Texas,51,Moderate,PM2.5
2024-06-12,"Austin, TX",Texas,44,Good,Ozone
2024-06-13,"Austin, TX",Texas,61,Moderate,Ozone
2024-06-14,"Austin, TX",Texas,71,Moderate,Ozone
2024-06-15,"Austin, TX",Texas,74,Moderate,Ozone
2024-06-16,"Austin, TX",Texas,54,Moderate,PM2.5
2024-06-17,"Austin, TX",Texas,45,Good,PM2.5
2024-06-18,"Austin, TX",Texas,48,Good,PM2.5
2024-06-19,"Austin, TX",Texas,53,Moderate,PM2.5
2024-06-20,"Austin, TX",Texas,53,Moderate,PM2.5
2024-06-21,"Austin, TX",Texas,48,Good,PM2.5
2024-06-22,"Austin, TX",Texas,53,Moderate,PM2.5
2024-06-23,"Austin, TX",Texas,52,Moderate,PM2.5
2024-06-24,"Austin, TX",Texas,39,Good,PM2.5
2024-06-25,"Austin, TX",Texas,39,Good,PM2.5
2024-06-26,"Austin, TX",Texas,38,Good,PM2.5
2024-06-27,"Austin, TX",Texas,45,Good,PM2.5
2024-06-28,"Austin, TX",Texas,58,Moderate,PM2.5
2024-06-29,"Austin, TX",Texas,57,Moderate,PM2.5
2024-06-30,"Austin, TX",Texas,58,Moderate,PM2.5
2024-07-01,"Austin, TX",Texas,68,Moderate,PM2.5
2024-07-02,"Austin, TX",Texas,75,Moderate,PM2.5
2024-07-03,"Austin, TX",Texas,61,Moderate,PM2.5
2024-07-04,"Austin, TX",Texas,53,Moderate,PM2.5
2024-07-05,"Austin, TX",Texas,62,Moderate,PM2.5
2024-07-06,"Austin, TX",Texas,49,Good,PM2.5
2024-07-07,"Austin, TX",Texas,45,Good,PM2.5
2024-07-08,"Austin, TX",Texas,42,Good,PM2.5
2024-07-09,"Austin, TX",Texas,64,Moderate,Ozone
2024-07-10,"Austin, TX",Texas,97,Moderate,Ozone
2024-07-11,"Austin, TX",Texas,100,Moderate,Ozone
2024-07-12,"Austin, TX",Texas,52,Moderate,PM2.5
2024-07-13,"Austin, TX",Texas,56,Moderate,PM2.5
2024-07-14,"Austin, TX",Texas,61,Moderate,PM2.5
2024-07-15,"Austin, TX",Texas,63,Moderate,PM2.5
2024-07-16,"Austin, TX",Texas,60,Moderate,PM2.5
2024-07-17,"Austin, TX",Texas,54,Moderate,PM2.5
2024-07-18,"Austin, TX",Texas,46,Good,PM2.5
2024-07-19,"Austin, TX",Texas,64,Moderate,Ozone
2024-07-20,"Austin, TX",Texas,77,Moderate,Ozone
2024-07-21,"Austin, TX",Texas,52,Moderate,PM2.5
2024-07-22,"Austin, TX",Texas,49,Good,PM2.5
2024-07-23,"Austin, TX",Texas,32,Good,PM2.5
2024-07-24,"Austin, TX",Texas,41,Good,Ozone
2024-07-25,"Austin, TX",Texas,44,Good,PM2.5
2024-07-26,"Austin, TX",Texas,58,Moderate,PM2.5
2024-07-27,"Austin, TX",Texas,50,Good,PM2.5
2024-07-28,"Austin, TX",Texas,32,Good,PM2.5
2024-07-29,"Austin, TX",Texas,53,Moderate,PM2.5
2024-07-30,"Austin, TX",Texas,66,Moderate,PM2.5
2024-07-31,"Austin, TX",Texas,106,Unhealthy for Sensitive Groups,PM2.5
2024-08-01,"Austin, TX",Texas,88,Moderate,PM2.5
2024-08-02,"Austin, TX",Texas,49,Good,PM2.5
2024-08-03,"Austin, TX",Texas,48,Good,Ozone
2024-08-04,"Austin, TX",Texas,53,Moderate,PM2.5
2024-08-05,"Austin, TX",Texas,77,Moderate,Ozone
2024-08-06,"Austin, TX",Texas,122,Unhealthy for Sensitive Groups,Ozone
2024-08-07,"Austin, TX",Texas,71,Moderate,Ozone
2024-08-08,"Austin, TX",Texas,100,Moderate,Ozone
2024-08-09,"Austin, TX",Texas,67,Moderate,Ozone
2024-08-10,"Austin, TX",Texas,67,Moderate,Ozone
2024-08-11,"Austin, TX",Texas,80,Moderate,Ozone
2024-08-12,"Austin, TX",Texas,49,Good,PM2.5
2024-08-13,"Austin, TX",Texas,55,Moderate,PM2.5
2024-08-14,"Austin, TX",Texas,39,Good,PM2.5
2024-08-15,"Austin, TX",Texas,48,Good,PM2.5
2024-08-16,"Austin, TX",Texas,44,Good,PM2.5
2024-08-17,"Austin, TX",Texas,35,Good,PM2.5
2024-08-18,"Austin, TX",Texas,44,Good,Ozone
2024-08-19,"Austin, TX",Texas,58,Moderate,Ozone
2024-08-20,"Austin, TX",Texas,90,Moderate,Ozone
2024-08-21,"Austin, TX",Texas,97,Moderate,Ozone
2024-08-22,"Austin, TX",Texas,80,Moderate,Ozone
2024-08-23,"Austin, TX",Texas,52,Moderate,PM2.5
2024-08-24,"Austin, TX",Texas,61,Moderate,Ozone
2024-08-25,"Austin, TX",Texas,49,Good,Ozone
2024-08-26,"Austin, TX",Texas,40,Good,Ozone
2024-08-27,"Austin, TX",Texas,41,Good,Ozone
2024-08-28,"Austin, TX",Texas,48,Good,PM2.5
2024-08-29,"Austin, TX",Texas,44,Good,Ozone
2024-08-30,"Austin, TX",Texas,41,Good,PM2.5
2024-08-31,"Austin, TX",Texas,34,Good,Ozone
2024-09-01,"Austin, TX",Texas,32,Good,Ozone
2024-09-02,"Austin, TX",Texas,29,Good,Ozone
2024-09-03,"Austin, TX",Texas,52,Moderate,PM2.5
2024-09-04,"Austin, TX",Texas,60,Moderate,PM2.5
2024-09-05,"Austin, TX",Texas,54,Moderate,PM2.5
2024-09-06,"Austin, TX",Texas,41,Good,Ozone
2024-09-07,"Austin, TX",Texas,51,Moderate,PM2.5
2024-09-08,"Austin, TX",Texas,45,Good,Ozone
2024-09-09,"Austin, TX",Texas,54,Moderate,Ozone
2024-09-10,"Austin, TX",Texas,47,Good,PM2.5
2024-09-11,"Austin, TX",Texas,38,Good,Ozone
2024-09-12,"Austin, TX",Texas,36,Good,Ozone
2024-09-13,"Austin, TX",Texas,47,Good,Ozone
2024-09-14,"Austin, TX",Texas,44,Good,PM2.5
2024-09-15,"Austin, TX",Texas,48,Good,Ozone
2024-09-16,"Austin, TX",Texas,71,Moderate,Ozone
2024-09-17,"Austin, TX",Texas,67,Moderate,Ozone
2024-09-18,"Austin, TX",Texas,34,Good,PM2.5
2024-09-19,"Austin, TX",Texas,32,Good,Ozone
2024-09-20,"Austin, TX",Texas,33,Good,Ozone
2024-09-21,"Austin, TX",Texas,37,Good,Ozone
2024-09-22,"Austin, TX",Texas,39,Good,PM2.5
2024-09-23,"Austin, TX",Texas,44,Good,Ozone
2024-09-24,"Austin, TX",Texas,58,Moderate,Ozone
2024-09-25,"Austin, TX",Texas,50,Good,Ozone
2024-09-26,"Austin, TX",Texas,48,Good,Ozone
2024-09-27,"Austin, TX",Texas,61,Moderate,Ozone
2024-09-28,"Austin, TX",Texas,71,Moderate,Ozone
2024-09-29,"Austin, TX",Texas,61,Moderate,Ozone
2024-09-30,"Austin, TX",Texas,84,Moderate,Ozone
2024-10-01,"Austin, TX",Texas,93,Moderate,Ozone
2024-10-02,"Austin, TX",Texas,51,Moderate,PM2.5
2024-10-03,"Austin, TX",Texas,84,Moderate,Ozone
2024-10-04,"Austin, TX",Texas,80,Moderate,Ozone
2024-10-05,"Austin, TX",Texas,53,Moderate,PM2.5
2024-10-06,"Austin, TX",Texas,41,Good,PM2.5
2024-10-07,"Austin, TX",Texas,57,Moderate,PM2.5
2024-10-08,"Austin, TX",Texas,80,Moderate,Ozone
2024-10-09,"Austin, TX",Texas,84,Moderate,Ozone
2024-10-10,"Austin, TX",Texas,136,Unhealthy for Sensitive Groups,Ozone
2024-10-11,"Austin, TX",Texas,93,Moderate,Ozone
2024-10-12,"Austin, TX",Texas,57,Moderate,PM2.5
2024-10-13,"Austin, TX",Texas,54,Moderate,PM2.5
2024-10-14,"Austin, TX",Texas,64,Moderate,Ozone
2024-10-15,"Austin, TX",Texas,80,Moderate,Ozone
2024-10-16,"Austin, TX",Texas,55,Moderate,PM2.5
2024-10-17,"Austin, TX",Texas,44,Good,Ozone
2024-10-18,"Austin, TX",Texas,44,Good,Ozone
2024-10-19,"Austin, TX",Texas,45,Good,Ozone
2024-10-20,"Austin, TX",Texas,50,Good,Ozone
2024-10-21,"Austin, TX",Texas,45,Good,Ozone
2024-10-22,"Austin, TX",Texas,42,Good,Ozone
2024-10-23,"Austin, TX",Texas,43,Good,Ozone
2024-10-24,"Austin, TX",Texas,40,Good,Ozone
2024-10-25,"Austin, TX",Texas,40,Good,Ozone
2024-10-26,"Austin, TX",Texas,36,Good,Ozone
2024-10-27,"Austin, TX",Texas,40,Good,Ozone
2024-10-28,"Austin, TX",Texas,41,Good,Ozone
2024-10-29,"Austin, TX",Texas,44,Good,PM2.5
2024-10-30,"Austin, TX",Texas,40,Good,PM2.5
2024-10-31,"Austin, TX",Texas,48,Good,PM2.5
2024-11-01,"Austin, TX",Texas,53,Moderate,PM2.5
2024-11-02,"Austin, TX",Texas,52,Moderate,PM2.5
2024-11-03,"Austin, TX",Texas,34,Good,PM2.5
2024-11-04,"Austin, TX",Texas,51,Moderate,PM2.5
2024-11-05,"Austin, TX",Texas,29,Good,Ozone
2024-11-06,"Austin, TX",Texas,43,Good,Ozone
2024-11-07,"Austin, TX",Texas,57,Moderate,PM2.5
2024-11-08,"Austin, TX",Texas,36,Good,PM2.5
2024-11-09,"Austin, TX",Texas,41,Good,Ozone
2024-11-10,"Austin, TX",Texas,40,Good,Ozone
2024-11-11,"Austin, TX",Texas,51,Moderate,Ozone
2024-11-12,"Austin, TX",Texas,64,Moderate,Ozone
2024-11-13,"Austin, TX",Texas,49,Good,PM2.5
2024-11-14,"Austin, TX",Texas,38,Good,NO2
2024-11-15,"Austin, TX",Texas,51,Moderate,PM2.5
2024-11-16,"Austin, TX",Texas,44,Good,Ozone
2024-11-17,"Austin, TX",Texas,32,Good,Ozone
2024-11-18,"Austin, TX",Texas,36,Good,Ozone
2024-11-19,"Austin, TX",Texas,38,Good,Ozone
2024-11-20,"Austin, TX",Texas,36,Good,Ozone
2024-11-21,"Austin, TX",Texas,37,Good,NO2
2024-11-22,"Austin, TX",Texas,57,Moderate,PM2.5
2024-11-23,"Austin, TX",Texas,57,Moderate,PM2.5
2024-11-24,"Austin, TX",Texas,40,Good,Ozone
2024-11-25,"Austin, TX",Texas,31,Good,PM2.5
2024-11-26,"Austin, TX",Texas,46,Good,PM2.5
2024-11-27,"Austin, TX",Texas,62,Moderate,PM2.5
2024-11-28,"Austin, TX",Texas,28,Good,Ozone
2024-11-29,"Austin, TX",Texas,32,Good,PM2.5
2024-11-30,"Austin, TX",Texas,44,Good,PM2.5
2024-12-01,"Austin, TX",Texas,56,Moderate,PM2.5
2024-12-02,"Austin, TX",Texas,51,Moderate,PM2.5
2024-12-03,"Austin, TX",Texas,46,Good,PM2.5
2024-12-04,"Austin, TX",Texas,50,Good,PM2.5
2024-12-05,"Austin, TX",Texas,45,Good,PM2.5
2024-12-06,"Austin, TX",Texas,30,Good,PM2.5
2024-12-07,"Austin, TX",Texas,40,Good,PM2.5
2024-12-08,"Austin, TX",Texas,55,Moderate,PM2.5
2024-12-09,"Austin, TX",Texas,55,Moderate,PM2.5
2024-12-10,"Austin, TX",Texas,29,Good,PM2.5
2024-12-11,"Austin, TX",Texas,34,Good,NO2
2024-12-12,"Austin, TX",Texas,51,Moderate,PM2.5
2024-12-13,"Austin, TX",Texas,32,Good,PM2.5
2024-12-14,"Austin, TX",Texas,25,Good,Ozone
2024-12-15,"Austin, TX",Texas,38,Good,PM2.5
2024-12-16,"Austin, TX",Texas,45,Good,PM2.5
2024-12-17,"Austin, TX",Texas,38,Good,PM2.5
2024-12-18,"Austin, TX",Texas,29,Good,PM2.5
2024-12-19,"Austin, TX",Texas,43,Good,PM2.5
2024-12-20,"Austin, TX",Texas,50,Good,PM2.5
2024-12-21,"Austin, TX",Texas,51,Moderate,PM2.5
2024-12-22,"Austin, TX",Texas,47,Good,PM2.5
2024-12-23,"Austin, TX",Texas,35,Good,Ozone
2024-12-24,"Austin, TX",Texas,37,Good,PM2.5
2024-12-25,"Austin, TX",Texas,34,Good,PM2.5
2024-12-26,"Austin, TX",Texas,51,Moderate,PM2.5
2024-12-27,"Austin, TX",Texas,51,Moderate,PM2.5
2024-12-28,"Austin, TX",Texas,58,Moderate,PM2.5
2024-12-29,"Austin, TX",Texas,40,Good,Ozone
2024-12-30,"Austin, TX",Texas,52,Moderate,PM2.5
2024-12-31,"Austin, TX",Texas,32,Good,Ozone
2023-01-01,"Boston, MA",Massachusetts,28,Good,Ozone
2023-01-02,"Boston, MA",Massachusetts,52,Moderate,PM2.5
2023-01-03,"Boston, MA",Massachusetts,59,Moderate,PM2.5
2023-01-04,"Boston, MA",Massachusetts,57,Moderate,PM2.5
2023-01-05,"Boston, MA",Massachusetts,21,Good,PM2.5
2023-01-06,"Boston, MA",Massachusetts,49,Good,PM2.5
2023-01-07,"Boston, MA",Massachusetts,40,Good,PM2.5
2023-01-08,"Boston, MA",Massachusetts,33,Good,PM2.5
2023-01-09,"Boston, MA",Massachusetts,56,Moderate,PM2.5
2023-01-10,"Boston, MA",Massachusetts,36,Good,PM2.5
2023-01-11,"Boston, MA",Massachusetts,42,Good,PM2.5
2023-01-12,"Boston, MA",Massachusetts,53,Moderate,PM2.5
2023-01-13,"Boston, MA",Massachusetts,39,Good,Ozone
2023-01-14,"Boston, MA",Massachusetts,33,Good,PM2.5
2023-01-15,"Boston, MA",Massachusetts,34,Good,Ozone
2023-01-16,"Boston, MA",Massachusetts,34,Good,PM2.5
2023-01-17,"Boston, MA",Massachusetts,45,Good,PM2.5
2023-01-18,"Boston, MA",Massachusetts,36,Good,PM2.5
2023-01-19,"Boston, MA",Massachusetts,36,Good,PM2.5
2023-01-20,"Boston, MA",Massachusetts,34,Good,PM2.5
2023-01-21,"Boston, MA",Massachusetts,37,Good,PM2.5
2023-01-22,"Boston, MA",Massachusetts,54,Moderate,PM2.5
2023-01-23,"Boston, MA",Massachusetts,37,Good,PM2.5
2023-01-24,"Boston, MA",Massachusetts,43,Good,PM2.5
2023-01-25,"Boston, MA",Massachusetts,50,Good,PM2.5
2023-01-26,"Boston, MA",Massachusetts,32,Good,Ozone
2023-01-27,"Boston, MA",Massachusetts,33,Good,NO2
2023-01-28,"Boston, MA",Massachusetts,51,Moderate,PM2.5
2023-01-29,"Boston, MA",Massachusetts,53,Moderate,PM2.5
2023-01-30,"Boston, MA",Massachusetts,54,Moderate,PM2.5
2023-01-31,"Boston, MA",Massachusetts,37,Good,PM2.5
2023-02-01,"Boston, MA",Massachusetts,31,Good,Ozone
2023-02-02,"Boston, MA",Massachusetts,52,Moderate,PM2.5
2023-02-03,"Boston, MA",Massachusetts,38,Good,PM2.5
2023-02-04,"Boston, MA",Massachusetts,29,Good,Ozone
2023-02-05,"Boston, MA",Massachusetts,43,Good,PM2.5
2023-02-06,"Boston, MA",Massachusetts,57,Moderate,PM2.5
2023-02-07,"Boston, MA",Massachusetts,38,Good,PM2.5
2023-02-08,"Boston, MA",Massachusetts,58,Moderate,PM2.5
2023-02-09,"Boston, MA",Massachusetts,55,Moderate,PM2.5
2023-02-10,"Boston, MA",Massachusetts,52,Moderate,PM2.5
2023-02-11,"Boston, MA",Massachusetts,37,Good,NO2
2023-02-12,"Boston, MA",Massachusetts,43,Good,PM2.5
2023-02-13,"Boston, MA",Massachusetts,51,Moderate,PM2.5
2023-02-14,"Boston, MA",Massachusetts,47,Good,PM2.5
2023-02-15,"Boston, MA",Massachusetts,49,Good,PM2.5
2023-02-16,"Boston, MA",Massachusetts,55,Moderate,PM2.5
2023-02-17,"Boston, MA",Massachusetts,53,Moderate,PM2.5
2023-02-18,"Boston, MA",Massachusetts,37,Good,Ozone
2023-02-19,"Boston, MA",Massachusetts,51,Moderate,PM2.5
2023-02-20,"Boston, MA",Massachusetts,46,Good,PM2.5
2023-02-21,"Boston, MA",Massachusetts,35,Good,PM2.5
2023-02-22,"Boston, MA",Massachusetts,37,Good,PM2.5
2023-02-23,"Boston, MA",Massachusetts,45,Good,PM2.5
2023-02-24,"Boston, MA",Massachusetts,46,Good,PM2.5
2023-02-25,"Boston, MA",Massachusetts,37,Good,PM2.5
2023-02-26,"Boston, MA",Massachusetts,70,Moderate,PM2.5
2023-02-27,"Boston, MA",Massachusetts,55,Moderate,PM2.5
2023-02-28,"Boston, MA",Massachusetts,40,Good,PM2.5
2023-03-01,"Boston, MA",Massachusetts,47,Good,PM2.5
2023-03-02,"Boston, MA",Massachusetts,38,Good,PM2.5
2023-03-03,"Boston, MA",Massachusetts,39,Good,Ozone
2023-03-04,"Boston, MA",Massachusetts,40,Good,Ozone
2023-03-05,"Boston, MA",Massachusetts,34,Good,Ozone
2023-03-06,"Boston, MA",Massachusetts,39,Good,Ozone
2023-03-07,"Boston, MA",Massachusetts,38,Good,Ozone
2023-03-08,"Boston, MA",Massachusetts,33,Good,Ozone
2023-03-09,"Boston, MA",Massachusetts,33,Good,Ozone
2023-03-10,"Boston, MA",Massachusetts,38,Good,PM2.5
2023-03-11,"Boston, MA",Massachusetts,36,Good,PM2.5
2023-03-12,"Boston, MA",Massachusetts,39,Good,Ozone
2023-03-13,"Boston, MA",Massachusetts,54,Moderate,PM2.5
2023-03-14,"Boston, MA",Massachusetts,45,Good,PM2.5
2023-03-15,"Boston, MA",Massachusetts,22,Good,PM2.5
2023-03-16,"Boston, MA",Massachusetts,29,Good,PM2.5
2023-03-17,"Boston, MA",Massachusetts,59,Moderate,PM2.5
2023-03-18,"Boston, MA",Massachusetts,54,Moderate,PM2.5
2023-03-19,"Boston, MA",Massachusetts,23,Good,PM2.5
2023-03-20,"Boston, MA",Massachusetts,39,Good,PM2.5
2023-03-21,"Boston, MA",Massachusetts,56,Moderate,PM2.5
2023-03-22,"Boston, MA",Massachusetts,55,Moderate,PM2.5
2023-03-23,"Boston, MA",Massachusetts,54,Moderate,PM2.5
2023-03-24,"Boston, MA",Massachusetts,36,Good,PM2.5
2023-03-25,"Boston, MA",Massachusetts,42,Good,PM2.5
2023-03-26,"Boston, MA",Massachusetts,37,Good,PM2.5
2023-03-27,"Boston, MA",Massachusetts,44,Good,NO2
2023-03-28,"Boston, MA",Massachusetts,40,Good,NO2
2023-03-29,"Boston, MA",Massachusetts,45,Good,PM2.5
2023-03-30,"Boston, MA",Massachusetts,38,Good,Ozone
2023-03-31,"Boston, MA",Massachusetts,41,Good,NO2
2023-04-01,"Boston, MA",Massachusetts,60,Moderate,PM2.5
2023-04-02,"Boston, MA",Massachusetts,44,Good,Ozone
2023-04-03,"Boston, MA",Massachusetts,46,Good,NO2
2023-04-04,"Boston, MA",Massachusetts,52,Moderate,PM2.5
2023-04-05,"Boston, MA",Massachusetts,53,Moderate,PM2.5
2023-04-06,"Boston, MA",Massachusetts,56,Moderate,PM2.5
2023-04-07,"Boston, MA",Massachusetts,43,Good,Ozone
2023-04-08,"Boston, MA",Massachusetts,44,Good,Ozone
2023-04-09,"Boston, MA",Massachusetts,43,Good,Ozone
2023-04-10,"Boston, MA",Massachusetts,47,Good,Ozone
2023-04-11,"Boston, MA",Massachusetts,50,Good,Ozone
2023-04-12,"Boston, MA",Massachusetts,49,Good,PM2.5
2023-04-13,"Boston, MA",Massachusetts,84,Moderate,Ozone
2023-04-14,"Boston, MA",Massachusetts,77,Moderate,Ozone
2023-04-15,"Boston, MA",Massachusetts,60,Moderate,PM2.5
2023-04-16,"Boston, MA",Massachusetts,43,Good,PM2.5
2023-04-17,"Boston, MA",Massachusetts,45,Good,PM2.5
2023-04-18,"Boston, MA",Massachusetts,42,Good,PM2.5
2023-04-19,"Boston, MA",Massachusetts,31,Good,Ozone
2023-04-20,"Boston, MA",Massachusetts,40,Good,Ozone
2023-04-21,"Boston, MA",Massachusetts,37,Good,PM2.5
2023-04-22,"Boston, MA",Massachusetts,48,Good,PM2.5
2023-04-23,"Boston, MA",Massachusetts,60,Moderate,PM2.5
2023-04-24,"Boston, MA",Massachusetts,35,Good,PM2.5
2023-04-25,"Boston, MA",Massachusetts,43,Good,PM2.5
2023-04-26,"Boston, MA",Massachusetts,42,Good,Ozone
2023-04-27,"Boston, MA",Massachusetts,53,Moderate,PM2.5
2023-04-28,"Boston, MA",Massachusetts,54,Moderate,PM2.5
2023-04-29,"Boston, MA",Massachusetts,52,Moderate,PM2.5
2023-04-30,"Boston, MA",Massachusetts,46,Good,PM2.5
2023-05-01,"Boston, MA",Massachusetts,44,Good,Ozone
2023-05-02,"Boston, MA",Massachusetts,36,Good,PM2.5
2023-05-03,"Boston, MA",Massachusetts,38,Good,PM2.5
2023-05-04,"Boston, MA",Massachusetts,32,Good,Ozone
2023-05-05,"Boston, MA",Massachusetts,29,Good,Ozone
2023-05-06,"Boston, MA",Massachusetts,39,Good,Ozone
2023-05-07,"Boston, MA",Massachusetts,40,Good,Ozone
2023-05-08,"Boston, MA",Massachusetts,47,Good,Ozone
2023-05-09,"Boston, MA",Massachusetts,44,Good,PM2.5
2023-05-10,"Boston, MA",Massachusetts,44,Good,Ozone
2023-05-11,"Boston, MA",Massachusetts,60,Moderate,PM2.5
2023-05-12,"Boston, MA",Massachusetts,58,Moderate,Ozone
2023-05-13,"Boston, MA",Massachusetts,52,Moderate,PM2.5
2023-05-14,"Boston, MA",Massachusetts,38,Good,Ozone
2023-05-15,"Boston, MA",Massachusetts,47,Good,PM2.5
2023-05-16,"Boston, MA",Massachusetts,64,Moderate,Ozone
2023-05-17,"Boston, MA",Massachusetts,40,Good,Ozone
2023-05-18,"Boston, MA",Massachusetts,40,Good,Ozone
2023-05-19,"Boston, MA",Massachusetts,43,Good,Ozone
2023-05-20,"Boston, MA",Massachusetts,55,Moderate,PM2.5
2023-05-21,"Boston, MA",Massachusetts,59,Moderate,PM2.5
2023-05-22,"Boston, MA",Massachusetts,53,Moderate,PM2.5
2023-05-23,"Boston, MA",Massachusetts,40,Good,PM2.5
2023-05-24,"Boston, MA",Massachusetts,44,Good,Ozone
2023-05-25,"Boston, MA",Massachusetts,29,Good,Ozone
2023-05-26,"Boston, MA",Massachusetts,32,Good,Ozone
2023-05-27,"Boston, MA",Massachusetts,46,Good,Ozone
2023-05-28,"Boston, MA",Massachusetts,58,Moderate,Ozone
2023-05-29,"Boston, MA",Massachusetts,44,Good,Ozone
2023-05-30,"Boston, MA",Massachusetts,44,Good,PM2.5
2023-05-31,"Boston, MA",Massachusetts,59,Moderate,PM2.5
2023-06-01,"Boston, MA",Massachusetts,84,Moderate,Ozone
2023-06-02,"Boston, MA",Massachusetts,87,Moderate,Ozone
2023-06-03,"Boston, MA",Massachusetts,52,Moderate,PM2.5
2023-06-04,"Boston, MA",Massachusetts,23,Good,PM2.5
2023-06-05,"Boston, MA",Massachusetts,28,Good,PM2.5
2023-06-06,"Boston, MA",Massachusetts,86,Moderate,PM2.5
2023-06-07,"Boston, MA",Massachusetts,68,Moderate,PM2.5
2023-06-08,"Boston, MA",Massachusetts,70,Moderate,PM2.5
2023-06-09,"Boston, MA",Massachusetts,62,Moderate,PM2.5
2023-06-10,"Boston, MA",Massachusetts,61,Moderate,PM2.5
2023-06-11,"Boston, MA",Massachusetts,60,Moderate,PM2.5
2023-06-12,"Boston, MA",Massachusetts,91,Moderate,PM2.5
2023-06-13,"Boston, MA",Massachusetts,66,Moderate,PM2.5
2023-06-14,"Boston, MA",Massachusetts,56,Moderate,PM2.5
2023-06-15,"Boston, MA",Massachusetts,52,Moderate,PM2.5
2023-06-16,"Boston, MA",Massachusetts,63,Moderate,PM2.5
2023-06-17,"Boston, MA",Massachusetts,55,Moderate,PM2.5
2023-06-18,"Boston, MA",Massachusetts,28,Good,Ozone
2023-06-19,"Boston, MA",Massachusetts,22,Good,Ozone
2023-06-20,"Boston, MA",Massachusetts,31,Good,PM2.5
2023-06-21,"Boston, MA",Massachusetts,25,Good,Ozone
2023-06-22,"Boston, MA",Massachusetts,27,Good,PM2.5
2023-06-23,"Boston, MA",Massachusetts,47,Good,PM2.5
2023-06-24,"Boston, MA",Massachusetts,32,Good,Ozone
2023-06-25,"Boston, MA",Massachusetts,41,Good,PM2.5
2023-06-26,"Boston, MA",Massachusetts,55,Moderate,PM2.5
2023-06-27,"Boston, MA",Massachusetts,49,Good,Ozone
2023-06-28,"Boston, MA",Massachusetts,46,Good,PM2.5
2023-06-29,"Boston, MA",Massachusetts,59,Moderate,PM2.5
2023-06-30,"Boston, MA",Massachusetts,66,Moderate,PM2.5
2023-07-01,"Boston, MA",Massachusetts,97,Moderate,PM2.5
2023-07-02,"Boston, MA",Massachusetts,99,Moderate,PM2.5
2023-07-03,"Boston, MA",Massachusetts,49,Good,PM2.5
2023-07-04,"Boston, MA",Massachusetts,52,Moderate,PM2.5
2023-07-05,"Boston, MA",Massachusetts,61,Moderate,PM2.5
2023-07-06,"Boston, MA",Massachusetts,60,Moderate,PM2.5
2023-07-07,"Boston, MA",Massachusetts,47,Good,PM2.5
2023-07-08,"Boston, MA",Massachusetts,53,Moderate,PM2.5
2023-07-09,"Boston, MA",Massachusetts,36,Good,PM2.5
2023-07-10,"Boston, MA",Massachusetts,28,Good,PM2.5
2023-07-11,"Boston, MA",Massachusetts,53,Moderate,PM2.5
2023-07-12,"Boston, MA",Massachusetts,71,Moderate,Ozone
2023-07-13,"Boston, MA",Massachusetts,80,Moderate,Ozone
2023-07-14,"Boston, MA",Massachusetts,51,Moderate,PM2.5
2023-07-15,"Boston, MA",Massachusetts,52,Moderate,PM2.5
2023-07-16,"Boston, MA",Massachusetts,37,Good,PM2.5
2023-07-17,"Boston, MA",Massachusetts,86,Moderate,PM2.5
2023-07-18,"Boston, MA",Massachusetts,62,Moderate,PM2.5
2023-07-19,"Boston, MA",Massachusetts,70,Moderate,PM2.5
2023-07-20,"Boston, MA",Massachusetts,54,Moderate,PM2.5
2023-07-21,"Boston, MA",Massachusetts,54,Moderate,PM2.5
2023-07-22,"Boston, MA",Massachusetts,49,Good,PM2.5
2023-07-23,"Boston, MA",Massachusetts,59,Moderate,PM2.5
2023-07-24,"Boston, MA",Massachusetts,61,Moderate,Ozone
2023-07-25,"Boston, MA",Massachusetts,53,Moderate,PM2.5
2023-07-26,"Boston, MA",Massachusetts,77,Moderate,PM2.5
2023-07-27,"Boston, MA",Massachusetts,59,Moderate,PM2.5
2023-07-28,"Boston, MA",Massachusetts,55,Moderate,PM2.5
2023-07-29,"Boston, MA",Massachusetts,64,Moderate,PM2.5
2023-07-30,"Boston, MA",Massachusetts,28,Good,PM2.5
2023-07-31,"Boston, MA",Massachusetts,31,Good,Ozone
2023-08-01,"Boston, MA",Massachusetts,28,Good,Ozone
2023-08-02,"Boston, MA",Massachusetts,33,Good,Ozone
2023-08-03,"Boston, MA",Massachusetts,44,Good,Ozone
2023-08-04,"Boston, MA",Massachusetts,53,Moderate,PM2.5
2023-08-05,"Boston, MA",Massachusetts,62,Moderate,PM2.5
2023-08-06,"Boston, MA",Massachusetts,56,Moderate,PM2.5
2023-08-07,"Boston, MA",Massachusetts,63,Moderate,PM2.5
2023-08-08,"Boston, MA",Massachusetts,44,Good,PM2.5
2023-08-09,"Boston, MA",Massachusetts,53,Moderate,PM2.5
2023-08-10,"Boston, MA",Massachusetts,60,Moderate,PM2.5
2023-08-11,"Boston, MA",Massachusetts,42,Good,PM2.5
2023-08-12,"Boston, MA",Massachusetts,47,Good,Ozone
2023-08-13,"Boston, MA",Massachusetts,44,Good,Ozone
2023-08-14,"Boston, MA",Massachusetts,31,Good,Ozone
2023-08-15,"Boston, MA",Massachusetts,31,Good,PM2.5
2023-08-16,"Boston, MA",Massachusetts,49,Good,PM2.5
2023-08-17,"Boston, MA",Massachusetts,27,Good,Ozone
2023-08-18,"Boston, MA",Massachusetts,34,Good,Ozone
2023-08-19,"Boston, MA",Massachusetts,53,Moderate,PM2.5
2023-08-20,"Boston, MA",Massachusetts,65,Moderate,PM2.5
2023-08-21,"Boston, MA",Massachusetts,66,Moderate,PM2.5
2023-08-22,"Boston, MA",Massachusetts,53,Moderate,PM2.5
2023-08-23,"Boston, MA",Massachusetts,34,Good,Ozone
2023-08-24,"Boston, MA",Massachusetts,41,Good,Ozone
2023-08-25,"Boston, MA",Massachusetts,50,Good,PM2.5
2023-08-26,"Boston, MA",Massachusetts,44,Good,PM2.5
2023-08-27,"Boston, MA",Massachusetts,34,Good,PM2.5
2023-08-28,"Boston, MA",Massachusetts,34,Good,PM2.5
2023-08-29,"Boston, MA",Massachusetts,24,Good,NO2
2023-08-30,"Boston, MA",Massachusetts,30,Good,Ozone
2023-08-31,"Boston, MA",Massachusetts,29,Good,Ozone
2023-09-01,"Boston, MA",Massachusetts,27,Good,Ozone
2023-09-02,"Boston, MA",Massachusetts,43,Good,Ozone
2023-09-03,"Boston, MA",Massachusetts,57,Moderate,NO2
2023-09-04,"Boston, MA",Massachusetts,62,Moderate,PM2.5
2023-09-05,"Boston, MA",Massachusetts,68,Moderate,PM2.5
2023-09-06,"Boston, MA",Massachusetts,81,Moderate,PM2.5
2023-09-07,"Boston, MA",Massachusetts,67,Moderate,PM2.5
2023-09-08,"Boston, MA",Massachusetts,63,Moderate,PM2.5
2023-09-09,"Boston, MA",Massachusetts,59,Moderate,PM2.5
2023-09-10,"Boston, MA",Massachusetts,49,Good,PM2.5
2023-09-11,"Boston, MA",Massachusetts,31,Good,PM2.5
2023-09-12,"Boston, MA",Massachusetts,47,Good,PM2.5
2023-09-13,"Boston, MA",Massachusetts,38,Good,PM2.5
2023-09-14,"Boston, MA",Massachusetts,31,Good,Ozone
2023-09-15,"Boston, MA",Massachusetts,37,Good,PM2.5
2023-09-16,"Boston, MA",Massachusetts,31,Good,PM2.5
2023-09-17,"Boston, MA",Massachusetts,34,Good,PM2.5
2023-09-18,"Boston, MA",Massachusetts,56,Moderate,PM2.5
2023-09-19,"Boston, MA",Massachusetts,28,Good,Ozone
2023-09-20,"Boston, MA",Massachusetts,33,Good,PM2.5
2023-09-21,"Boston, MA",Massachusetts,56,Moderate,PM2.5
2023-09-22,"Boston, MA",Massachusetts,32,Good,PM2.5
2023-09-23,"Boston, MA",Massachusetts,27,Good,Ozone
2023-09-24,"Boston, MA",Massachusetts,41,Good,PM2.5
2023-09-25,"Boston, MA",Massachusetts,55,Moderate,PM2.5
2023-09-26,"Boston, MA",Massachusetts,53,Moderate,PM2.5
2023-09-27,"Boston, MA",Massachusetts,51,Moderate,PM2.5
2023-09-28,"Boston, MA",Massachusetts,46,Good,PM2.5
2023-09-29,"Boston, MA",Massachusetts,62,Moderate,PM2.5
2023-09-30,"Boston, MA",Massachusetts,71,Moderate,PM2.5
2023-10-01,"Boston, MA",Massachusetts,95,Moderate,PM2.5
2023-10-02,"Boston, MA",Massachusetts,58,Moderate,PM2.5
2023-10-03,"Boston, MA",Massachusetts,59,Moderate,PM2.5
2023-10-04,"Boston, MA",Massachusetts,60,Moderate,PM2.5
2023-10-05,"Boston, MA",Massachusetts,59,Moderate,PM2.5
2023-10-06,"Boston, MA",Massachusetts,52,Moderate,PM2.5
2023-10-07,"Boston, MA",Massachusetts,51,Moderate,PM2.5
2023-10-08,"Boston, MA",Massachusetts,26,Good,Ozone
2023-10-09,"Boston, MA",Massachusetts,33,Good,PM2.5
2023-10-10,"Boston, MA",Massachusetts,32,Good,PM2.5
2023-10-11,"Boston, MA",Massachusetts,48,Good,PM2.5
2023-10-12,"Boston, MA",Massachusetts,52,Moderate,PM2.5
2023-10-13,"Boston, MA",Massachusetts,24,Good,PM2.5
2023-10-14,"Boston, MA",Massachusetts,29,Good,PM2.5
2023-10-15,"Boston, MA",Massachusetts,27,Good,PM2.5
2023-10-16,"Boston, MA",Massachusetts,20,Good,PM2.5
2023-10-17,"Boston, MA",Massachusetts,20,Good,PM2.5
2023-10-18,"Boston, MA",Massachusetts,44,Good,PM2.5
2023-10-19,"Boston, MA",Massachusetts,29,Good,Ozone
2023-10-20,"Boston, MA",Massachusetts,23,Good,NO2
2023-10-21,"Boston, MA",Massachusetts,31,Good,NO2
2023-10-22,"Boston, MA",Massachusetts,16,Good,Ozone
2023-10-23,"Boston, MA",Massachusetts,16,Good,PM2.5
2023-10-24,"Boston, MA",Massachusetts,24,Good,Ozone
2023-10-25,"Boston, MA",Massachusetts,36,Good,PM2.5
2023-10-26,"Boston, MA",Massachusetts,53,Moderate,PM2.5
2023-10-27,"Boston, MA",Massachusetts,59,Moderate,PM2.5
2023-10-28,"Boston, MA",Massachusetts,43,Good,PM2.5
2023-10-29,"Boston, MA",Massachusetts,25,Good,Ozone
2023-10-30,"Boston, MA",Massachusetts,25,Good,Ozone
2023-10-31,"Boston, MA",Massachusetts,26,Good,Ozone
2023-11-01,"Boston, MA",Massachusetts,29,Good,PM2.5
2023-11-02,"Boston, MA",Massachusetts,38,Good,PM2.5
2023-11-03,"Boston, MA",Massachusetts,36,Good,PM2.5
2023-11-04,"Boston, MA",Massachusetts,47,Good,PM2.5
2023-11-05,"Boston, MA",Massachusetts,60,Moderate,PM2.5
2023-11-06,"Boston, MA",Massachusetts,33,Good,PM2.5
2023-11-07,"Boston, MA",Massachusetts,52,Moderate,PM2.5
2023-11-08,"Boston, MA",Massachusetts,26,Good,Ozone
2023-11-09,"Boston, MA",Massachusetts,46,Good,PM2.5
2023-11-10,"Boston, MA",Massachusetts,34,Good,PM2.5
2023-11-11,"Boston, MA",Massachusetts,28,Good,PM2.5
2023-11-12,"Boston, MA",Massachusetts,36,Good,PM2.5
2023-11-13,"Boston, MA",Massachusetts,36,Good,PM2.5
2023-11-14,"Boston, MA",Massachusetts,43,Good,PM2.5
2023-11-15,"Boston, MA",Massachusetts,34,Good,PM2.5
2023-11-16,"Boston, MA",Massachusetts,58,Moderate,PM2.5
2023-11-17,"Boston, MA",Massachusetts,56,Moderate,PM2.5
2023-11-18,"Boston, MA",Massachusetts,26,Good,Ozone
2023-11-19,"Boston, MA",Massachusetts,30,Good,Ozone
2023-11-20,"Boston, MA",Massachusetts,25,Good,Ozone
2023-11-21,"Boston, MA",Massachusetts,29,Good,NO2
2023-11-22,"Boston, MA",Massachusetts,26,Good,Ozone
2023-11-23,"Boston, MA",Massachusetts,23,Good,PM2.5
2023-11-24,"Boston, MA",Massachusetts,31,Good,PM2.5
2023-11-25,"Boston, MA",Massachusetts,35,Good,NO2
2023-11-26,"Boston, MA",Massachusetts,44,Good,PM2.5
2023-11-27,"Boston, MA",Massachusetts,29,Good,Ozone
2023-11-28,"Boston, MA",Massachusetts,27,Good,Ozone
2023-11-29,"Boston, MA",Massachusetts,31,Good,NO2
2023-11-30,"Boston, MA",Massachusetts,56,Moderate,PM2.5
2023-12-01,"Boston, MA",Massachusetts,53,Moderate,PM2.5
2023-12-02,"Boston, MA",Massachusetts,64,Moderate,PM2.5
2023-12-03,"Boston, MA",Massachusetts,43,Good,PM2.5
2023-12-04,"Boston, MA",Massachusetts,31,Good,PM2.5
2023-12-05,"Boston, MA",Massachusetts,29,Good,PM2.5
2023-12-06,"Boston, MA",Massachusetts,36,Good,PM2.5
2023-12-07,"Boston, MA",Massachusetts,37,Good,PM2.5
2023-12-08,"Boston, MA",Massachusetts,57,Moderate,PM2.5
2023-12-09,"Boston, MA",Massachusetts,48,Good,PM2.5
2023-12-10,"Boston, MA",Massachusetts,55,Moderate,PM2.5
2023-12-11,"Boston, MA",Massachusetts,28,Good,Ozone
2023-12-12,"Boston, MA",Massachusetts,33,Good,NO2
2023-12-13,"Boston, MA",Massachusetts,36,Good,PM2.5
2023-12-14,"Boston, MA",Massachusetts,34,Good,NO2
2023-12-15,"Boston, MA",Massachusetts,48,Good,PM2.5
2023-12-16,"Boston, MA",Massachusetts,47,Good,PM2.5
2023-12-17,"Boston, MA",Massachusetts,52,Moderate,PM2.5
2023-12-18,"Boston, MA",Massachusetts,37,Good,Ozone
2023-12-19,"Boston, MA",Massachusetts,20,Good,Ozone
2023-12-20,"Boston, MA",Massachusetts,26,Good,Ozone
2023-12-21,"Boston, MA",Massachusetts,27,Good,Ozone
2023-12-22,"Boston, MA",Massachusetts,39,Good,NO2
2023-12-23,"Boston, MA",Massachusetts,50,Good,PM2.5
2023-12-24,"Boston, MA",Massachusetts,32,Good,NO2
2023-12-25,"Boston, MA",Massachusetts,55,Moderate,PM2.5
2023-12-26,"Boston, MA",Massachusetts,71,Moderate,PM2.5
2023-12-27,"Boston, MA",Massachusetts,52,Moderate,PM2.5
2023-12-28,"Boston, MA",Massachusetts,20,Good,PM2.5
2023-12-29,"Boston, MA",Massachusetts,26,Good,PM2.5
2023-12-30,"Boston, MA",Massachusetts,25,Good,PM2.5
2023-12-31,"Boston, MA",Massachusetts,23,Good,Ozone
2024-01-01,"Boston, MA",Massachusetts,28,Good,PM2.5
2024-01-02,"Boston, MA",Massachusetts,35,Good,PM2.5
2024-01-03,"Boston, MA",Massachusetts,43,Good,PM2.5
2024-01-04,"Boston, MA",Massachusetts,30,Good,PM2.5
2024-01-05,"Boston, MA",Massachusetts,28,Good,NO2
2024-01-06,"Boston, MA",Massachusetts,40,Good,PM2.5
2024-01-07,"Boston, MA",Massachusetts,31,Good,Ozone
2024-01-08,"Boston, MA",Massachusetts,47,Good,PM2.5
2024-01-09,"Boston, MA",Massachusetts,51,Moderate,PM2.5
2024-01-10,"Boston, MA",Massachusetts,31,Good,Ozone
2024-01-11,"Boston, MA",Massachusetts,27,Good,Ozone
2024-01-12,"Boston, MA",Massachusetts,34,Good,PM2.5
2024-01-13,"Boston, MA",Massachusetts,43,Good,PM2.5
2024-01-14,"Boston, MA",Massachusetts,30,Good,Ozone
2024-01-15,"Boston, MA",Massachusetts,43,Good,PM2.5
2024-01-16,"Boston, MA",Massachusetts,43,Good,PM2.5
2024-01-17,"Boston, MA",Massachusetts,61,Moderate,PM2.5
2024-01-18,"Boston, MA",Massachusetts,56,Moderate,PM2.5
2024-01-19,"Boston, MA",Massachusetts,53,Moderate,PM2.5
2024-01-20,"Boston, MA",Massachusetts,30,Good,PM2.5
2024-01-21,"Boston, MA",Massachusetts,61,Moderate,PM10
2024-01-22,"Boston, MA",Massachusetts,59,Moderate,PM10
2024-01-23,"Boston, MA",Massachusetts,56,Moderate,PM2.5
2024-01-24,"Boston, MA",Massachusetts,63,Moderate,PM2.5
2024-01-25,"Boston, MA",Massachusetts,31,Good,PM2.5
2024-01-26,"Boston, MA",Massachusetts,26,Good,PM2.5
2024-01-27,"Boston, MA",Massachusetts,31,Good,PM2.5
2024-01-28,"Boston, MA",Massachusetts,28,Good,PM2.5
2024-01-29,"Boston, MA",Massachusetts,24,Good,Ozone
2024-01-30,"Boston, MA",Massachusetts,31,Good,Ozone
2024-01-31,"Boston, MA",Massachusetts,56,Moderate,PM2.5
2024-02-01,"Boston, MA",Massachusetts,62,Moderate,PM2.5
2024-02-02,"Boston, MA",Massachusetts,63,Moderate,PM2.5
2024-02-03,"Boston, MA",Massachusetts,30,Good,Ozone
2024-02-04,"Boston, MA",Massachusetts,33,Good,Ozone
2024-02-05,"Boston, MA",Massachusetts,37,Good,Ozone
2024-02-06,"Boston, MA",Massachusetts,30,Good,NO2
2024-02-07,"Boston, MA",Massachusetts,38,Good,NO2
2024-02-08,"Boston, MA",Massachusetts,47,Good,PM2.5
2024-02-09,"Boston, MA",Massachusetts,46,Good,PM2.5
2024-02-10,"Boston, MA",Massachusetts,58,Moderate,PM2.5
2024-02-11,"Boston, MA",Massachusetts,31,Good,PM2.5
2024-02-12,"Boston, MA",Massachusetts,27,Good,PM2.5
2024-02-13,"Boston, MA",Massachusetts,29,Good,PM2.5
2024-02-14,"Boston, MA",Massachusetts,31,Good,Ozone
2024-02-15,"Boston, MA",Massachusetts,31,Good,Ozone
2024-02-16,"Boston, MA",Massachusetts,34,Good,PM2.5
2024-02-17,"Boston, MA",Massachusetts,27,Good,Ozone
2024-02-18,"Boston, MA",Massachusetts,34,Good,Ozone
2024-02-19,"Boston, MA",Massachusetts,32,Good,Ozone
2024-02-20,"Boston, MA",Massachusetts,29,Good,NO2
2024-02-21,"Boston, MA",Massachusetts,40,Good,NO2
2024-02-22,"Boston, MA",Massachusetts,45,Good,PM2.5
2024-02-23,"Boston, MA",Massachusetts,60,Moderate,PM2.5
2024-02-24,"Boston, MA",Massachusetts,49,Good,PM2.5
2024-02-25,"Boston, MA",Massachusetts,34,Good,Ozone
2024-02-26,"Boston, MA",Massachusetts,38,Good,PM2.5
2024-02-27,"Boston, MA",Massachusetts,53,Moderate,PM2.5
2024-02-28,"Boston, MA",Massachusetts,44,Good,Ozone
2024-02-29,"Boston, MA",Massachusetts,33,Good,Ozone
2024-03-01,"Boston, MA",Massachusetts,32,Good,Ozone
2024-03-02,"Boston, MA",Massachusetts,36,Good,PM2.5
2024-03-03,"Boston, MA",Massachusetts,33,Good,NO2
2024-03-04,"Boston, MA",Massachusetts,32,Good,NO2
2024-03-05,"Boston, MA",Massachusetts,26,Good,Ozone
2024-03-06,"Boston, MA",Massachusetts,37,Good,PM2.5
2024-03-07,"Boston, MA",Massachusetts,31,Good,Ozone
2024-03-08,"Boston, MA",Massachusetts,38,Good,NO2
2024-03-09,"Boston, MA",Massachusetts,45,Good,PM2.5
2024-03-10,"Boston, MA",Massachusetts,35,Good,Ozone
2024-03-11,"Boston, MA",Massachusetts,31,Good,Ozone
2024-03-12,"Boston, MA",Massachusetts,36,Good,Ozone
2024-03-13,"Boston, MA",Massachusetts,41,Good,PM2.5
2024-03-14,"Boston, MA",Massachusetts,40,Good,NO2
2024-03-15,"Boston, MA",Massachusetts,34,Good,PM2.5
2024-03-16,"Boston, MA",Massachusetts,37,Good,Ozone
2024-03-17,"Boston, MA",Massachusetts,36,Good,Ozone
2024-03-18,"Boston, MA",Massachusetts,31,Good,Ozone
2024-03-19,"Boston, MA",Massachusetts,31,Good,Ozone
2024-03-20,"Boston, MA",Massachusetts,42,Good,PM2.5
2024-03-21,"Boston, MA",Massachusetts,32,Good,Ozone
2024-03-22,"Boston, MA",Massachusetts,37,Good,PM2.5
2024-03-23,"Boston, MA",Massachusetts,29,Good,PM2.5
2024-03-24,"Boston, MA",Massachusetts,23,Good,PM2.5
2024-03-25,"Boston, MA",Massachusetts,34,Good,PM2.5
2024-03-26,"Boston, MA",Massachusetts,37,Good,PM2.5
2024-03-27,"Boston, MA",Massachusetts,60,Moderate,PM2.5
2024-03-28,"Boston, MA",Massachusetts,40,Good,PM2.5
2024-03-29,"Boston, MA",Massachusetts,35,Good,Ozone
2024-03-30,"Boston, MA",Massachusetts,37,Good,Ozone
2024-03-31,"Boston, MA",Massachusetts,38,Good,Ozone
2024-04-01,"Boston, MA",Massachusetts,45,Good,NO2
2024-04-02,"Boston, MA",Massachusetts,42,Good,PM2.5
2024-04-03,"Boston, MA",Massachusetts,40,Good,PM2.5
2024-04-04,"Boston, MA",Massachusetts,38,Good,Ozone
2024-04-05,"Boston, MA",Massachusetts,30,Good,Ozone
2024-04-06,"Boston, MA",Massachusetts,30,Good,Ozone
2024-04-07,"Boston, MA",Massachusetts,37,Good,NO2
2024-04-08,"Boston, MA",Massachusetts,41,Good,Ozone
2024-04-09,"Boston, MA",Massachusetts,39,Good,NO2
2024-04-10,"Boston, MA",Massachusetts,41,Good,PM2.5
2024-04-11,"Boston, MA",Massachusetts,53,Moderate,PM2.5
2024-04-12,"Boston, MA",Massachusetts,51,Moderate,PM2.5
2024-04-13,"Boston, MA",Massachusetts,32,Good,Ozone
2024-04-14,"Boston, MA",Massachusetts,42,Good,Ozone
2024-04-15,"Boston, MA",Massachusetts,44,Good,Ozone
2024-04-16,"Boston, MA",Massachusetts,40,Good,Ozone
2024-04-17,"Boston, MA",Massachusetts,31,Good,Ozone
2024-04-18,"Boston, MA",Massachusetts,26,Good,Ozone
2024-04-19,"Boston, MA",Massachusetts,33,Good,Ozone
2024-04-20,"Boston, MA",Massachusetts,36,Good,Ozone
2024-04-21,"Boston, MA",Massachusetts,31,Good,Ozone
2024-04-22,"Boston, MA",Massachusetts,41,Good,Ozone
2024-04-23,"Boston, MA",Massachusetts,46,Good,PM2.5
2024-04-24,"Boston, MA",Massachusetts,42,Good,PM2.5
2024-04-25,"Boston, MA",Massachusetts,34,Good,Ozone
2024-04-26,"Boston, MA",Massachusetts,35,Good,Ozone
2024-04-27,"Boston, MA",Massachusetts,44,Good,Ozone
2024-04-28,"Boston, MA",Massachusetts,38,Good,Ozone
2024-04-29,"Boston, MA",Massachusetts,33,Good,PM2.5
2024-04-30,"Boston, MA",Massachusetts,32,Good,PM2.5
2024-05-01,"Boston, MA",Massachusetts,30,Good,Ozone
2024-05-02,"Boston, MA",Massachusetts,33,Good,Ozone
2024-05-03,"Boston, MA",Massachusetts,29,Good,Ozone
2024-05-04,"Boston, MA",Massachusetts,32,Good,Ozone
2024-05-05,"Boston, MA",Massachusetts,35,Good,Ozone
2024-05-06,"Boston, MA",Massachusetts,39,Good,Ozone
2024-05-07,"Boston, MA",Massachusetts,34,Good,Ozone
2024-05-08,"Boston, MA",Massachusetts,48,Good,PM2.5
2024-05-09,"Boston, MA",Massachusetts,23,Good,PM2.5
2024-05-10,"Boston, MA",Massachusetts,28,Good,Ozone
2024-05-11,"Boston, MA",Massachusetts,28,Good,Ozone
2024-05-12,"Boston, MA",Massachusetts,31,Good,Ozone
2024-05-13,"Boston, MA",Massachusetts,35,Good,Ozone
2024-05-14,"Boston, MA",Massachusetts,43,Good,Ozone
2024-05-15,"Boston, MA",Massachusetts,36,Good,Ozone
2024-05-16,"Boston, MA",Massachusetts,35,Good,Ozone
2024-05-17,"Boston, MA",Massachusetts,32,Good,Ozone
2024-05-18,"Boston, MA",Massachusetts,29,Good,Ozone
2024-05-19,"Boston, MA",Massachusetts,22,Good,Ozone
2024-05-20,"Boston, MA",Massachusetts,23,Good,Ozone
2024-05-21,"Boston, MA",Massachusetts,43,Good,Ozone
2024-05-22,"Boston, MA",Massachusetts,64,Moderate,Ozone
2024-05-23,"Boston, MA",Massachusetts,47,Good,PM2.5
2024-05-24,"Boston, MA",Massachusetts,54,Moderate,Ozone
2024-05-25,"Boston, MA",Massachusetts,31,Good,Ozone
2024-05-26,"Boston, MA",Massachusetts,53,Moderate,PM2.5
2024-05-27,"Boston, MA",Massachusetts,44,Good,PM2.5
2024-05-28,"Boston, MA",Massachusetts,40,Good,Ozone
2024-05-29,"Boston, MA",Massachusetts,32,Good,Ozone
2024-05-30,"Boston, MA",Massachusetts,43,Good,PM2.5
2024-05-31,"Boston, MA",Massachusetts,37,Good,Ozone
2024-06-01,"Boston, MA",Massachusetts,43,Good,Ozone
2024-06-02,"Boston, MA",Massachusetts,52,Moderate,PM2.5
2024-06-03,"Boston, MA",Massachusetts,43,Good,Ozone
2024-06-04,"Boston, MA",Massachusetts,29,Good,Ozone
2024-06-05,"Boston, MA",Massachusetts,52,Moderate,PM2.5
2024-06-06,"Boston, MA",Massachusetts,40,Good,PM2.5
2024-06-07,"Boston, MA",Massachusetts,32,Good,PM2.5
2024-06-08,"Boston, MA",Massachusetts,28,Good,Ozone
2024-06-09,"Boston, MA",Massachusetts,33,Good,Ozone
2024-06-10,"Boston, MA",Massachusetts,27,Good,Ozone
2024-06-11,"Boston, MA",Massachusetts,23,Good,PM2.5
2024-06-12,"Boston, MA",Massachusetts,33,Good,PM2.5
2024-06-13,"Boston, MA",Massachusetts,58,Moderate,Ozone
2024-06-14,"Boston, MA",Massachusetts,52,Moderate,PM2.5
2024-06-15,"Boston, MA",Massachusetts,38,Good,PM2.5
2024-06-16,"Boston, MA",Massachusetts,32,Good,Ozone
2024-06-17,"Boston, MA",Massachusetts,52,Moderate,PM2.5
2024-06-18,"Boston, MA",Massachusetts,71,Moderate,Ozone
2024-06-19,"Boston, MA",Massachusetts,57,Moderate,PM2.5
2024-06-20,"Boston, MA",Massachusetts,61,Moderate,Ozone
2024-06-21,"Boston, MA",Massachusetts,46,Good,PM2.5
2024-06-22,"Boston, MA",Massachusetts,53,Moderate,PM2.5
2024-06-23,"Boston, MA",Massachusetts,57,Moderate,PM2.5
2024-06-24,"Boston, MA",Massachusetts,35,Good,Ozone
2024-06-25,"Boston, MA",Massachusetts,55,Moderate,PM2.5
2024-06-26,"Boston, MA",Massachusetts,61,Moderate,Ozone
2024-06-27,"Boston, MA",Massachusetts,42,Good,Ozone
2024-06-28,"Boston, MA",Massachusetts,36,Good,Ozone
2024-06-29,"Boston, MA",Massachusetts,41,Good,PM2.5
2024-06-30,"Boston, MA",Massachusetts,35,Good,PM2.5
2024-07-01,"Boston, MA",Massachusetts,26,Good,PM2.5
2024-07-02,"Boston, MA",Massachusetts,33,Good,PM2.5
2024-07-03,"Boston, MA",Massachusetts,44,Good,PM2.5
2024-07-04,"Boston, MA",Massachusetts,52,Moderate,PM2.5
2024-07-05,"Boston, MA",Massachusetts,58,Moderate,PM2.5
2024-07-06,"Boston, MA",Massachusetts,41,Good,PM2.5
2024-07-07,"Boston, MA",Massachusetts,51,Moderate,PM2.5
2024-07-08,"Boston, MA",Massachusetts,58,Moderate,Ozone
2024-07-09,"Boston, MA",Massachusetts,53,Moderate,PM2.5
2024-07-10,"Boston, MA",Massachusetts,49,Good,PM2.5
2024-07-11,"Boston, MA",Massachusetts,49,Good,Ozone
2024-07-12,"Boston, MA",Massachusetts,41,Good,Ozone
2024-07-13,"Boston, MA",Massachusetts,27,Good,Ozone
2024-07-14,"Boston, MA",Massachusetts,53,Moderate,PM2.5
2024-07-15,"Boston, MA",Massachusetts,57,Moderate,PM2.5
2024-07-16,"Boston, MA",Massachusetts,61,Moderate,Ozone
2024-07-17,"Boston, MA",Massachusetts,64,Moderate,Ozone
2024-07-18,"Boston, MA",Massachusetts,43,Good,PM2.5
2024-07-19,"Boston, MA",Massachusetts,39,Good,Ozone
2024-07-20,"Boston, MA",Massachusetts,44,Good,Ozone
2024-07-21,"Boston, MA",Massachusetts,52,Moderate,PM2.5
2024-07-22,"Boston, MA",Massachusetts,52,Moderate,PM2.5
2024-07-23,"Boston, MA",Massachusetts,49,Good,PM2.5
2024-07-24,"Boston, MA",Massachusetts,33,Good,PM2.5
2024-07-25,"Boston, MA",Massachusetts,41,Good,PM2.5
2024-07-26,"Boston, MA",Massachusetts,42,Good,PM2.5
2024-07-27,"Boston, MA",Massachusetts,78,Moderate,PM2.5
2024-07-28,"Boston, MA",Massachusetts,77,Moderate,PM2.5
2024-07-29,"Boston, MA",Massachusetts,65,Moderate,PM2.5
2024-07-30,"Boston, MA",Massachusetts,61,Moderate,PM2.5
2024-07-31,"Boston, MA",Massachusetts,46,Good,PM2.5
2024-08-01,"Boston, MA",Massachusetts,57,Moderate,PM2.5
2024-08-02,"Boston, MA",Massachusetts,65,Moderate,PM2.5
2024-08-03,"Boston, MA",Massachusetts,46,Good,PM2.5
2024-08-04,"Boston, MA",Massachusetts,52,Moderate,PM2.5
2024-08-05,"Boston, MA",Massachusetts,53,Moderate,PM2.5
2024-08-06,"Boston, MA",Massachusetts,37,Good,PM2.5
2024-08-07,"Boston, MA",Massachusetts,29,Good,Ozone
2024-08-08,"Boston, MA",Massachusetts,30,Good,Ozone
2024-08-09,"Boston, MA",Massachusetts,40,Good,PM2.5
2024-08-10,"Boston, MA",Massachusetts,34,Good,Ozone
2024-08-11,"Boston, MA",Massachusetts,34,Good,Ozone
2024-08-12,"Boston, MA",Massachusetts,26,Good,Ozone
2024-08-13,"Boston, MA",Massachusetts,54,Moderate,PM2.5
2024-08-14,"Boston, MA",Massachusetts,70,Moderate,PM2.5
2024-08-15,"Boston, MA",Massachusetts,75,Moderate,PM2.5
2024-08-16,"Boston, MA",Massachusetts,74,Moderate,PM2.5
2024-08-17,"Boston, MA",Massachusetts,72,Moderate,PM2.5
2024-08-18,"Boston, MA",Massachusetts,70,Moderate,PM2.5
2024-08-19,"Boston, MA",Massachusetts,53,Moderate,PM2.5
2024-08-20,"Boston, MA",Massachusetts,17,Good,Ozone
2024-08-21,"Boston, MA",Massachusetts,25,Good,Ozone
2024-08-22,"Boston, MA",Massachusetts,34,Good,PM2.5
2024-08-23,"Boston, MA",Massachusetts,47,Good,PM2.5
2024-08-24,"Boston, MA",Massachusetts,54,Moderate,PM2.5
2024-08-25,"Boston, MA",Massachusetts,57,Moderate,PM2.5
2024-08-26,"Boston, MA",Massachusetts,59,Moderate,PM2.5
2024-08-27,"Boston, MA",Massachusetts,58,Moderate,PM2.5
2024-08-28,"Boston, MA",Massachusetts,52,Moderate,PM2.5
2024-08-29,"Boston, MA",Massachusetts,22,Good,PM2.5
2024-08-30,"Boston, MA",Massachusetts,21,Good,PM2.5
2024-08-31,"Boston, MA",Massachusetts,31,Good,Ozone
2024-09-01,"Boston, MA",Massachusetts,39,Good,PM2.5
2024-09-02,"Boston, MA",Massachusetts,29,Good,PM2.5
2024-09-03,"Boston, MA",Massachusetts,31,Good,Ozone
2024-09-04,"Boston, MA",Massachusetts,31,Good,PM2.5
2024-09-05,"Boston, MA",Massachusetts,29,Good,PM2.5
2024-09-06,"Boston, MA",Massachusetts,34,Good,PM2.5
2024-09-07,"Boston, MA",Massachusetts,31,Good,PM2.5
2024-09-08,"Boston, MA",Massachusetts,28,Good,Ozone
2024-09-09,"Boston, MA",Massachusetts,30,Good,Ozone
2024-09-10,"Boston, MA",Massachusetts,33,Good,Ozone
2024-09-11,"Boston, MA",Massachusetts,31,Good,Ozone
2024-09-12,"Boston, MA",Massachusetts,41,Good,Ozone
2024-09-13,"Boston, MA",Massachusetts,47,Good,Ozone
2024-09-14,"Boston, MA",Massachusetts,55,Moderate,PM2.5
2024-09-15,"Boston, MA",Massachusetts,50,Good,PM2.5
2024-09-16,"Boston, MA",Massachusetts,31,Good,Ozone
2024-09-17,"Boston, MA",Massachusetts,38,Good,PM2.5
2024-09-18,"Boston, MA",Massachusetts,46,Good,PM2.5
2024-09-19,"Boston, MA",Massachusetts,27,Good,Ozone
2024-09-20,"Boston, MA",Massachusetts,36,Good,PM2.5
2024-09-21,"Boston, MA",Massachusetts,33,Good,PM2.5
2024-09-22,"Boston, MA",Massachusetts,32,Good,PM2.5
2024-09-23,"Boston, MA",Massachusetts,29,Good,PM2.5
2024-09-24,"Boston, MA",Massachusetts,27,Good,Ozone
2024-09-25,"Boston, MA",Massachusetts,27,Good,PM2.5
2024-09-26,"Boston, MA",Massachusetts,25,Good,PM2.5
2024-09-27,"Boston, MA",Massachusetts,33,Good,PM2.5
2024-09-28,"Boston, MA",Massachusetts,31,Good,PM2.5
2024-09-29,"Boston, MA",Massachusetts,24,Good,Ozone
2024-09-30,"Boston, MA",Massachusetts,38,Good,NO2
2024-10-01,"Boston, MA",Massachusetts,33,Good,PM2.5
2024-10-02,"Boston, MA",Massachusetts,29,Good,PM2.5
2024-10-03,"Boston, MA",Massachusetts,36,Good,PM2.5
2024-10-04,"Boston, MA",Massachusetts,39,Good,PM2.5
2024-10-05,"Boston, MA",Massachusetts,33,Good,PM2.5
2024-10-06,"Boston, MA",Massachusetts,32,Good,PM2.5
2024-10-07,"Boston, MA",Massachusetts,32,Good,PM2.5
2024-10-08,"Boston, MA",Massachusetts,28,Good,Ozone
2024-10-09,"Boston, MA",Massachusetts,31,Good,Ozone
2024-10-10,"Boston, MA",Massachusetts,19,Good,Ozone
2024-10-11,"Boston, MA",Massachusetts,24,Good,Ozone
2024-10-12,"Boston, MA",Massachusetts,35,Good,Ozone
2024-10-13,"Boston, MA",Massachusetts,28,Good,Ozone
2024-10-14,"Boston, MA",Massachusetts,28,Good,Ozone
2024-10-15,"Boston, MA",Massachusetts,21,Good,PM2.5
2024-10-16,"Boston, MA",Massachusetts,23,Good,Ozone
2024-10-17,"Boston, MA",Massachusetts,32,Good,NO2
2024-10-18,"Boston, MA",Massachusetts,34,Good,PM2.5
2024-10-19,"Boston, MA",Massachusetts,39,Good,PM2.5
2024-10-20,"Boston, MA",Massachusetts,39,Good,Ozone
2024-10-21,"Boston, MA",Massachusetts,53,Moderate,PM2.5
2024-10-22,"Boston, MA",Massachusetts,59,Moderate,PM2.5
2024-10-23,"Boston, MA",Massachusetts,55,Moderate,PM2.5
2024-10-24,"Boston, MA",Massachusetts,42,Good,PM2.5
2024-10-25,"Boston, MA",Massachusetts,26,Good,PM2.5
2024-10-26,"Boston, MA",Massachusetts,35,Good,Ozone
2024-10-27,"Boston, MA",Massachusetts,29,Good,Ozone
2024-10-28,"Boston, MA",Massachusetts,50,Good,PM2.5
2024-10-29,"Boston, MA",Massachusetts,35,Good,PM2.5
2024-10-30,"Boston, MA",Massachusetts,45,Good,PM2.5
2024-10-31,"Boston, MA",Massachusetts,60,Moderate,PM2.5
2024-11-01,"Boston, MA",Massachusetts,44,Good,PM2.5
2024-11-02,"Boston, MA",Massachusetts,26,Good,PM2.5
2024-11-03,"Boston, MA",Massachusetts,37,Good,PM2.5
2024-11-04,"Boston, MA",Massachusetts,50,Good,PM2.5
2024-11-05,"Boston, MA",Massachusetts,42,Good,PM2.5
2024-11-06,"Boston, MA",Massachusetts,37,Good,PM2.5
2024-11-07,"Boston, MA",Massachusetts,31,Good,Ozone
2024-11-08,"Boston, MA",Massachusetts,31,Good,Ozone
2024-11-09,"Boston, MA",Massachusetts,31,Good,Ozone
2024-11-10,"Boston, MA",Massachusetts,35,Good,PM2.5
2024-11-11,"Boston, MA",Massachusetts,28,Good,Ozone
2024-11-12,"Boston, MA",Massachusetts,29,Good,Ozone
2024-11-13,"Boston, MA",Massachusetts,31,Good,Ozone
2024-11-14,"Boston, MA",Massachusetts,38,Good,NO2
2024-11-15,"Boston, MA",Massachusetts,34,Good,NO2
2024-11-16,"Boston, MA",Massachusetts,33,Good,Ozone
2024-11-17,"Boston, MA",Massachusetts,36,Good,Ozone
2024-11-18,"Boston, MA",Massachusetts,36,Good,NO2
2024-11-19,"Boston, MA",Massachusetts,24,Good,PM2.5
2024-11-20,"Boston, MA",Massachusetts,28,Good,PM2.5
2024-11-21,"Boston, MA",Massachusetts,28,Good,Ozone
2024-11-22,"Boston, MA",Massachusetts,26,Good,PM2.5
2024-11-23,"Boston, MA",Massachusetts,25,Good,NO2
2024-11-24,"Boston, MA",Massachusetts,26,Good,Ozone
2024-11-25,"Boston, MA",Massachusetts,24,Good,NO2
2024-11-26,"Boston, MA",Massachusetts,31,Good,PM2.5
2024-11-27,"Boston, MA",Massachusetts,33,Good,PM2.5
2024-11-28,"Boston, MA",Massachusetts,36,Good,PM2.5
2024-11-29,"Boston, MA",Massachusetts,32,Good,NO2
2024-11-30,"Boston, MA",Massachusetts,27,Good,PM2.5
2024-12-01,"Boston, MA",Massachusetts,39,Good,PM2.5
2024-12-02,"Boston, MA",Massachusetts,34,Good,PM2.5
2024-12-03,"Boston, MA",Massachusetts,24,Good,NO2
2024-12-04,"Boston, MA",Massachusetts,27,Good,Ozone
2024-12-05,"Boston, MA",Massachusetts,42,Good,PM2.5
2024-12-06,"Boston, MA",Massachusetts,29,Good,Ozone
2024-12-07,"Boston, MA",Massachusetts,31,Good,PM2.5
2024-12-08,"Boston, MA",Massachusetts,49,Good,PM2.5
2024-12-09,"Boston, MA",Massachusetts,37,Good,PM2.5
2024-12-10,"Boston, MA",Massachusetts,47,Good,PM2.5
2024-12-11,"Boston, MA",Massachusetts,36,Good,PM2.5
2024-12-12,"Boston, MA",Massachusetts,27,Good,Ozone
2024-12-13,"Boston, MA",Massachusetts,26,Good,PM2.5
2024-12-14,"Boston, MA",Massachusetts,27,Good,PM2.5
2024-12-15,"Boston, MA",Massachusetts,32,Good,PM2.5
2024-12-16,"Boston, MA",Massachusetts,30,Good,Ozone
2024-12-17,"Boston, MA",Massachusetts,31,Good,Ozone
2024-12-18,"Boston, MA",Massachusetts,39,Good,PM2.5
2024-12-19,"Boston, MA",Massachusetts,30,Good,PM2.5
2024-12-20,"Boston, MA",Massachusetts,34,Good,PM2.5
2024-12-21,"Boston, MA",Massachusetts,31,Good,Ozone
2024-12-22,"Boston, MA",Massachusetts,39,Good,PM2.5
2024-12-23,"Boston, MA",Massachusetts,58,Moderate,PM2.5
2024-12-24,"Boston, MA",Massachusetts,55,Moderate,PM2.5
2024-12-25,"Boston, MA",Massachusetts,52,Moderate,PM2.5
2024-12-26,"Boston, MA",Massachusetts,57,Moderate,PM2.5
2024-12-27,"Boston, MA",Massachusetts,66,Moderate,PM2.5
2024-12-28,"Boston, MA",Massachusetts,64,Moderate,PM2.5
2024-12-29,"Boston, MA",Massachusetts,71,Moderate,PM2.5
2024-12-30,"Boston, MA",Massachusetts,34,Good,Ozone
2024-12-31,"Boston, MA",Massachusetts,29,Good,NO2
2023-01-01,"Chicago, IL",Illinois,77,Moderate,PM2.5
2023-01-02,"Chicago, IL",Illinois,75,Moderate,PM2.5
2023-01-03,"Chicago, IL",Illinois,59,Moderate,PM2.5
2023-01-04,"Chicago, IL",Illinois,49,Good,PM2.5
2023-01-05,"Chicago, IL",Illinois,58,Moderate,PM2.5
2023-01-06,"Chicago, IL",Illinois,58,Moderate,PM2.5
2023-01-07,"Chicago, IL",Illinois,56,Moderate,PM2.5
2023-01-08,"Chicago, IL",Illinois,62,Moderate,PM2.5
2023-01-09,"Chicago, IL",Illinois,79,Moderate,PM2.5
2023-01-10,"Chicago, IL",Illinois,70,Moderate,PM2.5
2023-01-11,"Chicago, IL",Illinois,84,Moderate,PM2.5
2023-01-12,"Chicago, IL",Illinois,61,Moderate,PM2.5
2023-01-13,"Chicago, IL",Illinois,34,Good,PM2.5
2023-01-14,"Chicago, IL",Illinois,54,Moderate,PM2.5
2023-01-15,"Chicago, IL",Illinois,54,Moderate,PM2.5
2023-01-16,"Chicago, IL",Illinois,49,Good,PM2.5
2023-01-17,"Chicago, IL",Illinois,56,Moderate,PM2.5
2023-01-18,"Chicago, IL",Illinois,54,Moderate,PM2.5
2023-01-19,"Chicago, IL",Illinois,37,Good,PM2.5
2023-01-20,"Chicago, IL",Illinois,37,Good,PM2.5
2023-01-21,"Chicago, IL",Illinois,52,Moderate,PM2.5
2023-01-22,"Chicago, IL",Illinois,58,Moderate,PM2.5
2023-01-23,"Chicago, IL",Illinois,58,Moderate,PM2.5
2023-01-24,"Chicago, IL",Illinois,76,Moderate,PM2.5
2023-01-25,"Chicago, IL",Illinois,65,Moderate,PM2.5
2023-01-26,"Chicago, IL",Illinois,60,Moderate,PM2.5
2023-01-27,"Chicago, IL",Illinois,52,Moderate,PM2.5
2023-01-28,"Chicago, IL",Illinois,55,Moderate,PM2.5
2023-01-29,"Chicago, IL",Illinois,45,Good,PM2.5
2023-01-30,"Chicago, IL",Illinois,56,Moderate,PM2.5
2023-01-31,"Chicago, IL",Illinois,58,Moderate,PM2.5
2023-02-01,"Chicago, IL",Illinois,57,Moderate,PM2.5
2023-02-02,"Chicago, IL",Illinois,59,Moderate,PM2.5
2023-02-03,"Chicago, IL",Illinois,39,Good,NO2
2023-02-04,"Chicago, IL",Illinois,51,Moderate,PM2.5
2023-02-05,"Chicago, IL",Illinois,58,Moderate,PM2.5
2023-02-06,"Chicago, IL",Illinois,76,Moderate,NO2
2023-02-07,"Chicago, IL",Illinois,57,Moderate,PM2.5
2023-02-08,"Chicago, IL",Illinois,69,Moderate,PM2.5
2023-02-09,"Chicago, IL",Illinois,55,Moderate,PM2.5
2023-02-10,"Chicago, IL",Illinois,56,Moderate,PM2.5
2023-02-11,"Chicago, IL",Illinois,41,Good,PM2.5
2023-02-12,"Chicago, IL",Illinois,44,Good,PM2.5
2023-02-13,"Chicago, IL",Illinois,48,Good,PM2.5
2023-02-14,"Chicago, IL",Illinois,55,Moderate,PM2.5
2023-02-15,"Chicago, IL",Illinois,39,Good,PM2.5
2023-02-16,"Chicago, IL",Illinois,36,Good,PM2.5
2023-02-17,"Chicago, IL",Illinois,33,Good,Ozone
2023-02-18,"Chicago, IL",Illinois,37,Good,PM2.5
2023-02-19,"Chicago, IL",Illinois,44,Good,PM2.5
2023-02-20,"Chicago, IL",Illinois,62,Moderate,PM2.5
2023-02-21,"Chicago, IL",Illinois,53,Moderate,PM2.5
2023-02-22,"Chicago, IL",Illinois,48,Good,PM2.5
2023-02-23,"Chicago, IL",Illinois,44,Good,PM2.5
2023-02-24,"Chicago, IL",Illinois,42,Good,PM2.5
2023-02-25,"Chicago, IL",Illinois,57,Moderate,PM2.5
2023-02-26,"Chicago, IL",Illinois,66,Moderate,PM2.5
2023-02-27,"Chicago, IL",Illinois,65,Moderate,PM2.5
2023-02-28,"Chicago, IL",Illinois,54,Moderate,PM2.5
2023-03-01,"Chicago, IL",Illinois,64,Moderate,PM2.5
2023-03-02,"Chicago, IL",Illinois,41,Good,Ozone
2023-03-03,"Chicago, IL",Illinois,59,Moderate,PM2.5
2023-03-04,"Chicago, IL",Illinois,73,Moderate,PM2.5
2023-03-05,"Chicago, IL",Illinois,60,Moderate,PM2.5
2023-03-06,"Chicago, IL",Illinois,56,Moderate,PM2.5
2023-03-07,"Chicago, IL",Illinois,42,Good,Ozone
2023-03-08,"Chicago, IL",Illinois,45,Good,PM2.5
2023-03-09,"Chicago, IL",Illinois,45,Good,PM2.5
2023-03-10,"Chicago, IL",Illinois,39,Good,Ozone
2023-03-11,"Chicago, IL",Illinois,42,Good,Ozone
2023-03-12,"Chicago, IL",Illinois,52,Moderate,PM2.5
2023-03-13,"Chicago, IL",Illinois,38,Good,Ozone
2023-03-14,"Chicago, IL",Illinois,46,Good,NO2
2023-03-15,"Chicago, IL",Illinois,55,Moderate,PM2.5
2023-03-16,"Chicago, IL",Illinois,62,Moderate,PM2.5
2023-03-17,"Chicago, IL",Illinois,36,Good,Ozone
2023-03-18,"Chicago, IL",Illinois,38,Good,PM2.5
2023-03-19,"Chicago, IL",Illinois,40,Good,Ozone
2023-03-20,"Chicago, IL",Illinois,54,Moderate,PM2.5
2023-03-21,"Chicago, IL",Illinois,61,Moderate,PM2.5
2023-03-22,"Chicago, IL",Illinois,69,Moderate,PM2.5
2023-03-23,"Chicago, IL",Illinois,57,Moderate,PM2.5
2023-03-24,"Chicago, IL",Illinois,55,Moderate,PM2.5
2023-03-25,"Chicago, IL",Illinois,47,Good,Ozone
2023-03-26,"Chicago, IL",Illinois,54,Moderate,PM2.5
2023-03-27,"Chicago, IL",Illinois,48,Good,Ozone
2023-03-28,"Chicago, IL",Illinois,82,Moderate,NO2
2023-03-29,"Chicago, IL",Illinois,55,Moderate,PM2.5
2023-03-30,"Chicago, IL",Illinois,56,Moderate,PM2.5
2023-03-31,"Chicago, IL",Illinois,58,Moderate,PM2.5
2023-04-01,"Chicago, IL",Illinois,43,Good,Ozone
2023-04-02,"Chicago, IL",Illinois,46,Good,NO2
2023-04-03,"Chicago, IL",Illinois,54,Moderate,PM2.5
2023-04-04,"Chicago, IL",Illinois,60,Moderate,PM2.5
2023-04-05,"Chicago, IL",Illinois,49,Good,PM2.5
2023-04-06,"Chicago, IL",Illinois,44,Good,Ozone
2023-04-07,"Chicago, IL",Illinois,48,Good,Ozone
2023-04-08,"Chicago, IL",Illinois,61,Moderate,PM2.5
2023-04-09,"Chicago, IL",Illinois,65,Moderate,PM2.5
2023-04-10,"Chicago, IL",Illinois,77,Moderate,Ozone
2023-04-11,"Chicago, IL",Illinois,59,Moderate,PM2.5
2023-04-12,"Chicago, IL",Illinois,77,Moderate,PM10
2023-04-13,"Chicago, IL",Illinois,71,Moderate,Ozone
2023-04-14,"Chicago, IL",Illinois,143,Unhealthy for Sensitive Groups,Ozone
2023-04-15,"Chicago, IL",Illinois,56,Moderate,PM2.5
2023-04-16,"Chicago, IL",Illinois,37,Good,PM2.5
2023-04-17,"Chicago, IL",Illinois,43,Good,Ozone
2023-04-18,"Chicago, IL",Illinois,55,Moderate,PM2.5
2023-04-19,"Chicago, IL",Illinois,61,Moderate,PM2.5
2023-04-20,"Chicago, IL",Illinois,54,Moderate,PM2.5
2023-04-21,"Chicago, IL",Illinois,43,Good,Ozone
2023-04-22,"Chicago, IL",Illinois,39,Good,Ozone
2023-04-23,"Chicago, IL",Illinois,32,Good,Ozone
2023-04-24,"Chicago, IL",Illinois,55,Moderate,PM2.5
2023-04-25,"Chicago, IL",Illinois,59,Moderate,PM2.5
2023-04-26,"Chicago, IL",Illinois,58,Moderate,NO2
2023-04-27,"Chicago, IL",Illinois,61,Moderate,Ozone
2023-04-28,"Chicago, IL",Illinois,62,Moderate,PM2.5
2023-04-29,"Chicago, IL",Illinois,56,Moderate,PM2.5
2023-04-30,"Chicago, IL",Illinois,29,Good,Ozone
2023-05-01,"Chicago, IL",Illinois,32,Good,Ozone
2023-05-02,"Chicago, IL",Illinois,36,Good,Ozone
2023-05-03,"Chicago, IL",Illinois,46,Good,PM2.5
2023-05-04,"Chicago, IL",Illinois,54,Moderate,PM2.5
2023-05-05,"Chicago, IL",Illinois,74,Moderate,Ozone
2023-05-06,"Chicago, IL",Illinois,55,Moderate,PM2.5
2023-05-07,"Chicago, IL",Illinois,61,Moderate,PM2.5
2023-05-08,"Chicago, IL",Illinois,56,Moderate,PM2.5
2023-05-09,"Chicago, IL",Illinois,43,Good,PM2.5
2023-05-10,"Chicago, IL",Illinois,87,Moderate,Ozone
2023-05-11,"Chicago, IL",Illinois,115,Unhealthy for Sensitive Groups,Ozone
2023-05-12,"Chicago, IL",Illinois,77,Moderate,PM2.5
2023-05-13,"Chicago, IL",Illinois,77,Moderate,PM2.5
2023-05-14,"Chicago, IL",Illinois,54,Moderate,PM2.5
2023-05-15,"Chicago, IL",Illinois,49,Good,NO2
2023-05-16,"Chicago, IL",Illinois,67,Moderate,Ozone
2023-05-17,"Chicago, IL",Illinois,41,Good,Ozone
2023-05-18,"Chicago, IL",Illinois,71,Moderate,Ozone
2023-05-19,"Chicago, IL",Illinois,85,Moderate,PM2.5
2023-05-20,"Chicago, IL",Illinois,55,Moderate,PM2.5
2023-05-21,"Chicago, IL",Illinois,80,Moderate,Ozone
2023-05-22,"Chicago, IL",Illinois,101,Unhealthy for Sensitive Groups,Ozone
2023-05-23,"Chicago, IL",Illinois,133,Unhealthy for Sensitive Groups,Ozone
2023-05-24,"Chicago, IL",Illinois,68,Moderate,PM2.5
2023-05-25,"Chicago, IL",Illinois,45,Good,Ozone
2023-05-26,"Chicago, IL",Illinois,61,Moderate,Ozone
2023-05-27,"Chicago, IL",Illinois,84,Moderate,Ozone
2023-05-28,"Chicago, IL",Illinois,87,Moderate,Ozone
2023-05-29,"Chicago, IL",Illinois,112,Unhealthy for Sensitive Groups,Ozone
2023-05-30,"Chicago, IL",Illinois,133,Unhealthy for Sensitive Groups,Ozone
2023-05-31,"Chicago, IL",Illinois,84,Moderate,Ozone
2023-06-01,"Chicago, IL",Illinois,126,Unhealthy for Sensitive Groups,Ozone
2023-06-02,"Chicago, IL",Illinois,150,Unhealthy for Sensitive Groups,Ozone
2023-06-03,"Chicago, IL",Illinois,136,Unhealthy for Sensitive Groups,Ozone
2023-06-04,"Chicago, IL",Illinois,83,Moderate,PM2.5
2023-06-05,"Chicago, IL",Illinois,90,Moderate,Ozone
2023-06-06,"Chicago, IL",Illinois,90,Moderate,PM2.5
2023-06-07,"Chicago, IL",Illinois,77,Moderate,PM2.5
2023-06-08,"Chicago, IL",Illinois,84,Moderate,PM2.5
2023-06-09,"Chicago, IL",Illinois,84,Moderate,Ozone
2023-06-10,"Chicago, IL",Illinois,151,Unhealthy,Ozone
2023-06-11,"Chicago, IL",Illinois,47,Good,PM2.5
2023-06-12,"Chicago, IL",Illinois,48,Good,PM2.5
2023-06-13,"Chicago, IL",Illinois,58,Moderate,PM2.5
2023-06-14,"Chicago, IL",Illinois,63,Moderate,PM2.5
2023-06-15,"Chicago, IL",Illinois,71,Moderate,PM2.5
2023-06-16,"Chicago, IL",Illinois,60,Moderate,PM2.5
2023-06-17,"Chicago, IL",Illinois,108,Unhealthy for Sensitive Groups,Ozone
2023-06-18,"Chicago, IL",Illinois,143,Unhealthy for Sensitive Groups,Ozone
2023-06-19,"Chicago, IL",Illinois,136,Unhealthy for Sensitive Groups,Ozone
2023-06-20,"Chicago, IL",Illinois,108,Unhealthy for Sensitive Groups,Ozone
2023-06-21,"Chicago, IL",Illinois,133,Unhealthy for Sensitive Groups,Ozone
2023-06-22,"Chicago, IL",Illinois,105,Unhealthy for Sensitive Groups,Ozone
2023-06-23,"Chicago, IL",Illinois,112,Unhealthy for Sensitive Groups,Ozone
2023-06-24,"Chicago, IL",Illinois,143,Unhealthy for Sensitive Groups,Ozone
2023-06-25,"Chicago, IL",Illinois,55,Moderate,PM2.5
2023-06-26,"Chicago, IL",Illinois,102,Unhealthy for Sensitive Groups,PM2.5
2023-06-27,"Chicago, IL",Illinois,223,Very Unhealthy,PM2.5
2023-06-28,"Chicago, IL",Illinois,213,Very Unhealthy,PM2.5
2023-06-29,"Chicago, IL",Illinois,161,Unhealthy,PM2.5
2023-06-30,"Chicago, IL",Illinois,101,Unhealthy for Sensitive Groups,Ozone
2023-07-01,"Chicago, IL",Illinois,101,Unhealthy for Sensitive Groups,Ozone
2023-07-02,"Chicago, IL",Illinois,97,Moderate,Ozone
2023-07-03,"Chicago, IL",Illinois,63,Moderate,PM2.5
2023-07-04,"Chicago, IL",Illinois,129,Unhealthy for Sensitive Groups,Ozone
2023-07-05,"Chicago, IL",Illinois,87,Moderate,Ozone
2023-07-06,"Chicago, IL",Illinois,57,Moderate,PM2.5
2023-07-07,"Chicago, IL",Illinois,71,Moderate,Ozone
2023-07-08,"Chicago, IL",Illinois,50,Good,PM2.5
2023-07-09,"Chicago, IL",Illinois,87,Moderate,Ozone
2023-07-10,"Chicago, IL",Illinois,74,Moderate,Ozone
2023-07-11,"Chicago, IL",Illinois,53,Moderate,PM2.5
2023-07-12,"Chicago, IL",Illinois,44,Good,PM2.5
2023-07-13,"Chicago, IL",Illinois,67,Moderate,Ozone
2023-07-14,"Chicago, IL",Illinois,61,Moderate,Ozone
2023-07-15,"Chicago, IL",Illinois,77,Moderate,PM2.5
2023-07-16,"Chicago, IL",Illinois,151,Unhealthy,PM2.5
2023-07-17,"Chicago, IL",Illinois,85,Moderate,PM2.5
2023-07-18,"Chicago, IL",Illinois,54,Moderate,Ozone
2023-07-19,"Chicago, IL",Illinois,77,Moderate,Ozone
2023-07-20,"Chicago, IL",Illinois,56,Moderate,PM2.5
2023-07-21,"Chicago, IL",Illinois,49,Good,PM2.5
2023-07-22,"Chicago, IL",Illinois,61,Moderate,Ozone
2023-07-23,"Chicago, IL",Illinois,115,Unhealthy for Sensitive Groups,Ozone
2023-07-24,"Chicago, IL",Illinois,116,Unhealthy for Sensitive Groups,PM2.5
2023-07-25,"Chicago, IL",Illinois,185,Unhealthy,Ozone
2023-07-26,"Chicago, IL",Illinois,73,Moderate,PM2.5
2023-07-27,"Chicago, IL",Illinois,143,Unhealthy for Sensitive Groups,Ozone
2023-07-28,"Chicago, IL",Illinois,105,Unhealthy for Sensitive Groups,Ozone
2023-07-29,"Chicago, IL",Illinois,46,Good,Ozone
2023-07-30,"Chicago, IL",Illinois,45,Good,PM2.5
2023-07-31,"Chicago, IL",Illinois,52,Moderate,PM2.5
2023-08-01,"Chicago, IL",Illinois,74,Moderate,Ozone
2023-08-02,"Chicago, IL",Illinois,108,Unhealthy for Sensitive Groups,Ozone
2023-08-03,"Chicago, IL",Illinois,166,Unhealthy,Ozone
2023-08-04,"Chicago, IL",Illinois,67,Moderate,PM2.5
2023-08-05,"Chicago, IL",Illinois,72,Moderate,PM2.5
2023-08-06,"Chicago, IL",Illinois,59,Moderate,PM2.5
2023-08-07,"Chicago, IL",Illinois,61,Moderate,PM2.5
2023-08-08,"Chicago, IL",Illinois,66,Moderate,PM2.5
2023-08-09,"Chicago, IL",Illinois,70,Moderate,PM2.5
2023-08-10,"Chicago, IL",Illinois,70,Moderate,PM2.5
2023-08-11,"Chicago, IL",Illinois,56,Moderate,PM10
2023-08-12,"Chicago, IL",Illinois,45,Good,Ozone
2023-08-13,"Chicago, IL",Illinois,34,Good,Ozone
2023-08-14,"Chicago, IL",Illinois,38,Good,Ozone
2023-08-15,"Chicago, IL",Illinois,61,Moderate,PM2.5
2023-08-16,"Chicago, IL",Illinois,62,Moderate,PM2.5
2023-08-17,"Chicago, IL",Illinois,59,Moderate,PM2.5
2023-08-18,"Chicago, IL",Illinois,80,Moderate,PM2.5
2023-08-19,"Chicago, IL",Illinois,72,Moderate,PM2.5
2023-08-20,"Chicago, IL",Illinois,115,Unhealthy for Sensitive Groups,Ozone
2023-08-21,"Chicago, IL",Illinois,79,Moderate,PM2.5
2023-08-22,"Chicago, IL",Illinois,79,Moderate,PM2.5
2023-08-23,"Chicago, IL",Illinois,74,Moderate,PM2.5
2023-08-24,"Chicago, IL",Illinois,73,Moderate,PM2.5
2023-08-25,"Chicago, IL",Illinois,42,Good,PM2.5
2023-08-26,"Chicago, IL",Illinois,44,Good,PM2.5
2023-08-27,"Chicago, IL",Illinois,44,Good,PM2.5
2023-08-28,"Chicago, IL",Illinois,67,Moderate,PM2.5
2023-08-29,"Chicago, IL",Illinois,62,Moderate,PM2.5
2023-08-30,"Chicago, IL",Illinois,37,Good,Ozone
2023-08-31,"Chicago, IL",Illinois,50,Good,Ozone
2023-09-01,"Chicago, IL",Illinois,71,Moderate,Ozone
2023-09-02,"Chicago, IL",Illinois,87,Moderate,Ozone
2023-09-03,"Chicago, IL",Illinois,64,Moderate,Ozone
2023-09-04,"Chicago, IL",Illinois,52,Moderate,PM2.5
2023-09-05,"Chicago, IL",Illinois,45,Good,Ozone
2023-09-06,"Chicago, IL",Illinois,62,Moderate,PM2.5
2023-09-07,"Chicago, IL",Illinois,25,Good,PM2.5
2023-09-08,"Chicago, IL",Illinois,44,Good,PM2.5
2023-09-09,"Chicago, IL",Illinois,56,Moderate,PM2.5
2023-09-10,"Chicago, IL",Illinois,80,Moderate,Ozone
2023-09-11,"Chicago, IL",Illinois,56,Moderate,PM2.5
2023-09-12,"Chicago, IL",Illinois,51,Moderate,PM2.5
2023-09-13,"Chicago, IL",Illinois,47,Good,PM2.5
2023-09-14,"Chicago, IL",Illinois,49,Good,PM2.5
2023-09-15,"Chicago, IL",Illinois,77,Moderate,Ozone
2023-09-16,"Chicago, IL",Illinois,60,Moderate,PM2.5
2023-09-17,"Chicago, IL",Illinois,54,Moderate,PM2.5
2023-09-18,"Chicago, IL",Illinois,43,Good,PM2.5
2023-09-19,"Chicago, IL",Illinois,55,Moderate,PM2.5
2023-09-20,"Chicago, IL",Illinois,74,Moderate,Ozone
2023-09-21,"Chicago, IL",Illinois,73,Moderate,PM2.5
2023-09-22,"Chicago, IL",Illinois,63,Moderate,PM2.5
2023-09-23,"Chicago, IL",Illinois,58,Moderate,Ozone
2023-09-24,"Chicago, IL",Illinois,56,Moderate,PM2.5
2023-09-25,"Chicago, IL",Illinois,53,Moderate,PM2.5
2023-09-26,"Chicago, IL",Illinois,52,Moderate,PM2.5
2023-09-27,"Chicago, IL",Illinois,53,Moderate,PM2.5
2023-09-28,"Chicago, IL",Illinois,39,Good,PM2.5
2023-09-29,"Chicago, IL",Illinois,62,Moderate,PM2.5
2023-09-30,"Chicago, IL",Illinois,61,Moderate,Ozone
2023-10-01,"Chicago, IL",Illinois,84,Moderate,Ozone
2023-10-02,"Chicago, IL",Illinois,93,Moderate,Ozone
2023-10-03,"Chicago, IL",Illinois,100,Moderate,Ozone
2023-10-04,"Chicago, IL",Illinois,71,Moderate,PM2.5
2023-10-05,"Chicago, IL",Illinois,66,Moderate,PM2.5
2023-10-06,"Chicago, IL",Illinois,33,Good,PM2.5
2023-10-07,"Chicago, IL",Illinois,34,Good,PM2.5
2023-10-08,"Chicago, IL",Illinois,43,Good,PM2.5
2023-10-09,"Chicago, IL",Illinois,46,Good,PM2.5
2023-10-10,"Chicago, IL",Illinois,44,Good,PM2.5
2023-10-11,"Chicago, IL",Illinois,55,Moderate,PM2.5
2023-10-12,"Chicago, IL",Illinois,55,Moderate,PM2.5
2023-10-13,"Chicago, IL",Illinois,49,Good,PM2.5
2023-10-14,"Chicago, IL",Illinois,29,Good,Ozone
2023-10-15,"Chicago, IL",Illinois,32,Good,Ozone
2023-10-16,"Chicago, IL",Illinois,39,Good,PM2.5
2023-10-17,"Chicago, IL",Illinois,60,Moderate,PM10
2023-10-18,"Chicago, IL",Illinois,56,Moderate,PM2.5
2023-10-19,"Chicago, IL",Illinois,64,Moderate,PM2.5
2023-10-20,"Chicago, IL",Illinois,48,Good,NO2
2023-10-21,"Chicago, IL",Illinois,52,Moderate,PM2.5
2023-10-22,"Chicago, IL",Illinois,34,Good,Ozone
2023-10-23,"Chicago, IL",Illinois,43,Good,PM2.5
2023-10-24,"Chicago, IL",Illinois,62,Moderate,PM10
2023-10-25,"Chicago, IL",Illinois,65,Moderate,PM2.5
2023-10-26,"Chicago, IL",Illinois,57,Moderate,PM2.5
2023-10-27,"Chicago, IL",Illinois,57,Moderate,PM2.5
2023-10-28,"Chicago, IL",Illinois,33,Good,PM2.5
2023-10-29,"Chicago, IL",Illinois,44,Good,PM2.5
2023-10-30,"Chicago, IL",Illinois,53,Moderate,PM2.5
2023-10-31,"Chicago, IL",Illinois,53,Moderate,PM2.5
2023-11-01,"Chicago, IL",Illinois,51,Moderate,PM2.5
2023-11-02,"Chicago, IL",Illinois,54,Moderate,PM2.5
2023-11-03,"Chicago, IL",Illinois,61,Moderate,PM10
2023-11-04,"Chicago, IL",Illinois,65,Moderate,PM2.5
2023-11-05,"Chicago, IL",Illinois,77,Moderate,PM2.5
2023-11-06,"Chicago, IL",Illinois,51,Moderate,PM2.5
2023-11-07,"Chicago, IL",Illinois,42,Good,PM2.5
2023-11-08,"Chicago, IL",Illinois,54,Moderate,PM2.5
2023-11-09,"Chicago, IL",Illinois,43,Good,PM2.5
2023-11-10,"Chicago, IL",Illinois,50,Good,PM2.5
2023-11-11,"Chicago, IL",Illinois,56,Moderate,PM2.5
2023-11-12,"Chicago, IL",Illinois,47,Good,PM2.5
2023-11-13,"Chicago, IL",Illinois,52,Moderate,PM2.5
2023-11-14,"Chicago, IL",Illinois,70,Moderate,PM10
2023-11-15,"Chicago, IL",Illinois,66,Moderate,PM10
2023-11-16,"Chicago, IL",Illinois,69,Moderate,PM10
2023-11-17,"Chicago, IL",Illinois,48,Good,PM2.5
2023-11-18,"Chicago, IL",Illinois,58,Moderate,PM2.5
2023-11-19,"Chicago, IL",Illinois,53,Moderate,PM2.5
2023-11-20,"Chicago, IL",Illinois,49,Good,PM2.5
2023-11-21,"Chicago, IL",Illinois,47,Good,PM2.5
2023-11-22,"Chicago, IL",Illinois,54,Moderate,PM2.5
2023-11-23,"Chicago, IL",Illinois,53,Moderate,PM2.5
2023-11-24,"Chicago, IL",Illinois,37,Good,PM2.5
2023-11-25,"Chicago, IL",Illinois,54,Moderate,PM2.5
2023-11-26,"Chicago, IL",Illinois,62,Moderate,PM2.5
2023-11-27,"Chicago, IL",Illinois,30,Good,Ozone
2023-11-28,"Chicago, IL",Illinois,39,Good,PM2.5
2023-11-29,"Chicago, IL",Illinois,62,Moderate,PM2.5
2023-11-30,"Chicago, IL",Illinois,62,Moderate,PM2.5
2023-12-01,"Chicago, IL",Illinois,56,Moderate,PM2.5
2023-12-02,"Chicago, IL",Illinois,44,Good,PM2.5
2023-12-03,"Chicago, IL",Illinois,55,Moderate,PM2.5
2023-12-04,"Chicago, IL",Illinois,53,Moderate,PM2.5
2023-12-05,"Chicago, IL",Illinois,55,Moderate,PM2.5
2023-12-06,"Chicago, IL",Illinois,61,Moderate,PM2.5
2023-12-07,"Chicago, IL",Illinois,58,Moderate,PM2.5
2023-12-08,"Chicago, IL",Illinois,56,Moderate,PM2.5
2023-12-09,"Chicago, IL",Illinois,44,Good,PM2.5
2023-12-10,"Chicago, IL",Illinois,41,Good,PM2.5
2023-12-11,"Chicago, IL",Illinois,61,Moderate,PM2.5
2023-12-12,"Chicago, IL",Illinois,51,Moderate,PM2.5
2023-12-13,"Chicago, IL",Illinois,51,Moderate,PM2.5
2023-12-14,"Chicago, IL",Illinois,63,Moderate,PM2.5
2023-12-15,"Chicago, IL",Illinois,68,Moderate,PM2.5
2023-12-16,"Chicago, IL",Illinois,55,Moderate,PM2.5
2023-12-17,"Chicago, IL",Illinois,54,Moderate,PM2.5
2023-12-18,"Chicago, IL",Illinois,36,Good,PM2.5
2023-12-19,"Chicago, IL",Illinois,39,Good,PM2.5
2023-12-20,"Chicago, IL",Illinois,56,Moderate,PM2.5
2023-12-21,"Chicago, IL",Illinois,69,Moderate,PM2.5
2023-12-22,"Chicago, IL",Illinois,68,Moderate,PM2.5
2023-12-23,"Chicago, IL",Illinois,71,Moderate,PM2.5
2023-12-24,"Chicago, IL",Illinois,67,Moderate,PM2.5
2023-12-25,"Chicago, IL",Illinois,47,Good,PM2.5
2023-12-26,"Chicago, IL",Illinois,34,Good,PM2.5
2023-12-27,"Chicago, IL",Illinois,53,Moderate,PM2.5
2023-12-28,"Chicago, IL",Illinois,39,Good,PM2.5
2023-12-29,"Chicago, IL",Illinois,38,Good,PM2.5
2023-12-30,"Chicago, IL",Illinois,61,Moderate,PM2.5
2023-12-31,"Chicago, IL",Illinois,52,Moderate,PM2.5
2024-01-01,"Chicago, IL",Illinois,46,Good,PM2.5
2024-01-02,"Chicago, IL",Illinois,55,Moderate,PM2.5
2024-01-03,"Chicago, IL",Illinois,57,Moderate,PM2.5
2024-01-04,"Chicago, IL",Illinois,51,Moderate,PM2.5
2024-01-05,"Chicago, IL",Illinois,63,Moderate,PM2.5
2024-01-06,"Chicago, IL",Illinois,81,Moderate,PM2.5
2024-01-07,"Chicago, IL",Illinois,76,Moderate,PM2.5
2024-01-08,"Chicago, IL",Illinois,61,Moderate,PM2.5
2024-01-09,"Chicago, IL",Illinois,52,Moderate,PM2.5
2024-01-10,"Chicago, IL",Illinois,54,Moderate,PM2.5
2024-01-11,"Chicago, IL",Illinois,64,Moderate,PM2.5
2024-01-12,"Chicago, IL",Illinois,57,Moderate,PM2.5
2024-01-13,"Chicago, IL",Illinois,41,Good,PM2.5
2024-01-14,"Chicago, IL",Illinois,52,Moderate,PM2.5
2024-01-15,"Chicago, IL",Illinois,57,Moderate,PM2.5
2024-01-16,"Chicago, IL",Illinois,42,Good,PM2.5
2024-01-17,"Chicago, IL",Illinois,42,Good,PM2.5
2024-01-18,"Chicago, IL",Illinois,63,Moderate,PM2.5
2024-01-19,"Chicago, IL",Illinois,55,Moderate,PM2.5
2024-01-20,"Chicago, IL",Illinois,48,Good,PM2.5
2024-01-21,"Chicago, IL",Illinois,54,Moderate,PM2.5
2024-01-22,"Chicago, IL",Illinois,53,Moderate,PM2.5
2024-01-23,"Chicago, IL",Illinois,67,Moderate,PM2.5
2024-01-24,"Chicago, IL",Illinois,66,Moderate,PM2.5
2024-01-25,"Chicago, IL",Illinois,55,Moderate,PM2.5
2024-01-26,"Chicago, IL",Illinois,47,Good,PM2.5
2024-01-27,"Chicago, IL",Illinois,52,Moderate,PM2.5
2024-01-28,"Chicago, IL",Illinois,51,Moderate,PM2.5
2024-01-29,"Chicago, IL",Illinois,59,Moderate,PM2.5
2024-01-30,"Chicago, IL",Illinois,60,Moderate,PM2.5
2024-01-31,"Chicago, IL",Illinois,55,Moderate,PM2.5
2024-02-01,"Chicago, IL",Illinois,56,Moderate,PM2.5
2024-02-02,"Chicago, IL",Illinois,43,Good,PM2.5
2024-02-03,"Chicago, IL",Illinois,66,Moderate,PM2.5
2024-02-04,"Chicago, IL",Illinois,64,Moderate,PM2.5
2024-02-05,"Chicago, IL",Illinois,54,Moderate,PM2.5
2024-02-06,"Chicago, IL",Illinois,75,Moderate,PM2.5
2024-02-07,"Chicago, IL",Illinois,79,Moderate,PM2.5
2024-02-08,"Chicago, IL",Illinois,54,Moderate,PM2.5
2024-02-09,"Chicago, IL",Illinois,30,Good,PM2.5
2024-02-10,"Chicago, IL",Illinois,47,Good,PM2.5
2024-02-11,"Chicago, IL",Illinois,54,Moderate,PM2.5
2024-02-12,"Chicago, IL",Illinois,61,Moderate,PM2.5
2024-02-13,"Chicago, IL",Illinois,56,Moderate,PM2.5
2024-02-14,"Chicago, IL",Illinois,63,Moderate,NO2
2024-02-15,"Chicago, IL",Illinois,42,Good,PM2.5
2024-02-16,"Chicago, IL",Illinois,39,Good,PM2.5
2024-02-17,"Chicago, IL",Illinois,31,Good,Ozone
2024-02-18,"Chicago, IL",Illinois,45,Good,NO2
2024-02-19,"Chicago, IL",Illinois,64,Moderate,NO2
2024-02-20,"Chicago, IL",Illinois,73,Moderate,PM2.5
2024-02-21,"Chicago, IL",Illinois,77,Moderate,PM2.5
2024-02-22,"Chicago, IL",Illinois,79,Moderate,PM2.5
2024-02-23,"Chicago, IL",Illinois,51,Moderate,PM2.5
2024-02-24,"Chicago, IL",Illinois,35,Good,Ozone
2024-02-25,"Chicago, IL",Illinois,56,Moderate,PM2.5
2024-02-26,"Chicago, IL",Illinois,61,Moderate,PM2.5
2024-02-27,"Chicago, IL",Illinois,67,Moderate,PM2.5
2024-02-28,"Chicago, IL",Illinois,41,Good,PM2.5
2024-02-29,"Chicago, IL",Illinois,33,Good,NO2
2024-03-01,"Chicago, IL",Illinois,51,Moderate,PM2.5
2024-03-02,"Chicago, IL",Illinois,67,Moderate,PM2.5
2024-03-03,"Chicago, IL",Illinois,56,Moderate,PM2.5
2024-03-04,"Chicago, IL",Illinois,55,Moderate,PM2.5
2024-03-05,"Chicago, IL",Illinois,41,Good,Ozone
2024-03-06,"Chicago, IL",Illinois,52,Moderate,PM2.5
2024-03-07,"Chicago, IL",Illinois,55,Moderate,PM2.5
2024-03-08,"Chicago, IL",Illinois,52,Moderate,PM2.5
2024-03-09,"Chicago, IL",Illinois,36,Good,PM2.5
2024-03-10,"Chicago, IL",Illinois,45,Good,NO2
2024-03-11,"Chicago, IL",Illinois,53,Moderate,NO2
2024-03-12,"Chicago, IL",Illinois,51,Moderate,PM2.5
2024-03-13,"Chicago, IL",Illinois,68,Moderate,PM2.5
2024-03-14,"Chicago, IL",Illinois,47,Good,PM2.5
2024-03-15,"Chicago, IL",Illinois,54,Moderate,PM2.5
2024-03-16,"Chicago, IL",Illinois,38,Good,PM2.5
2024-03-17,"Chicago, IL",Illinois,35,Good,Ozone
2024-03-18,"Chicago, IL",Illinois,36,Good,PM2.5
2024-03-19,"Chicago, IL",Illinois,49,Good,PM10
2024-03-20,"Chicago, IL",Illinois,41,Good,Ozone
2024-03-21,"Chicago, IL",Illinois,52,Moderate,NO2
2024-03-22,"Chicago, IL",Illinois,55,Moderate,PM2.5
2024-03-23,"Chicago, IL",Illinois,45,Good,Ozone
2024-03-24,"Chicago, IL",Illinois,44,Good,Ozone
2024-03-25,"Chicago, IL",Illinois,51,Moderate,PM2.5
2024-03-26,"Chicago, IL",Illinois,43,Good,Ozone
2024-03-27,"Chicago, IL",Illinois,38,Good,PM2.5
2024-03-28,"Chicago, IL",Illinois,54,Moderate,PM2.5
2024-03-29,"Chicago, IL",Illinois,56,Moderate,PM2.5
2024-03-30,"Chicago, IL",Illinois,55,Moderate,PM2.5
2024-03-31,"Chicago, IL",Illinois,46,Good,PM2.5
2024-04-01,"Chicago, IL",Illinois,59,Moderate,PM2.5
2024-04-02,"Chicago, IL",Illinois,45,Good,PM2.5
2024-04-03,"Chicago, IL",Illinois,35,Good,Ozone
2024-04-04,"Chicago, IL",Illinois,37,Good,Ozone
2024-04-05,"Chicago, IL",Illinois,45,Good,NO2
2024-04-06,"Chicago, IL",Illinois,49,Good,NO2
2024-04-07,"Chicago, IL",Illinois,47,Good,PM2.5
2024-04-08,"Chicago, IL",Illinois,47,Good,PM10
2024-04-09,"Chicago, IL",Illinois,41,Good,Ozone
2024-04-10,"Chicago, IL",Illinois,48,Good,NO2
2024-04-11,"Chicago, IL",Illinois,50,Good,Ozone
2024-04-12,"Chicago, IL",Illinois,44,Good,Ozone
2024-04-13,"Chicago, IL",Illinois,54,Moderate,Ozone
2024-04-14,"Chicago, IL",Illinois,71,Moderate,Ozone
2024-04-15,"Chicago, IL",Illinois,58,Moderate,Ozone
2024-04-16,"Chicago, IL",Illinois,50,Good,Ozone
2024-04-17,"Chicago, IL",Illinois,36,Good,Ozone
2024-04-18,"Chicago, IL",Illinois,38,Good,Ozone
2024-04-19,"Chicago, IL",Illinois,44,Good,Ozone
2024-04-20,"Chicago, IL",Illinois,33,Good,Ozone
2024-04-21,"Chicago, IL",Illinois,48,Good,Ozone
2024-04-22,"Chicago, IL",Illinois,64,Moderate,Ozone
2024-04-23,"Chicago, IL",Illinois,40,Good,Ozone
2024-04-24,"Chicago, IL",Illinois,42,Good,PM2.5
2024-04-25,"Chicago, IL",Illinois,53,Moderate,PM2.5
2024-04-26,"Chicago, IL",Illinois,55,Moderate,PM2.5
2024-04-27,"Chicago, IL",Illinois,52,Moderate,PM2.5
2024-04-28,"Chicago, IL",Illinois,52,Moderate,PM2.5
2024-04-29,"Chicago, IL",Illinois,50,Good,Ozone
2024-04-30,"Chicago, IL",Illinois,44,Good,Ozone
2024-05-01,"Chicago, IL",Illinois,67,Moderate,Ozone
2024-05-02,"Chicago, IL",Illinois,64,Moderate,Ozone
2024-05-03,"Chicago, IL",Illinois,49,Good,PM2.5
2024-05-04,"Chicago, IL",Illinois,64,Moderate,Ozone
2024-05-05,"Chicago, IL",Illinois,42,Good,Ozone
2024-05-06,"Chicago, IL",Illinois,50,Good,Ozone
2024-05-07,"Chicago, IL",Illinois,49,Good,Ozone
2024-05-08,"Chicago, IL",Illinois,58,Moderate,Ozone
2024-05-09,"Chicago, IL",Illinois,44,Good,PM2.5
2024-05-10,"Chicago, IL",Illinois,38,Good,Ozone
2024-05-11,"Chicago, IL",Illinois,42,Good,Ozone
2024-05-12,"Chicago, IL",Illinois,64,Moderate,Ozone
2024-05-13,"Chicago, IL",Illinois,52,Moderate,PM2.5
2024-05-14,"Chicago, IL",Illinois,58,Moderate,PM2.5
2024-05-15,"Chicago, IL",Illinois,49,Good,PM2.5
2024-05-16,"Chicago, IL",Illinois,56,Moderate,PM2.5
2024-05-17,"Chicago, IL",Illinois,74,Moderate,Ozone
2024-05-18,"Chicago, IL",Illinois,90,Moderate,Ozone
2024-05-19,"Chicago, IL",Illinois,50,Good,Ozone
2024-05-20,"Chicago, IL",Illinois,67,Moderate,Ozone
2024-05-21,"Chicago, IL",Illinois,80,Moderate,Ozone
2024-05-22,"Chicago, IL",Illinois,61,Moderate,PM10
2024-05-23,"Chicago, IL",Illinois,93,Moderate,Ozone
2024-05-24,"Chicago, IL",Illinois,54,Moderate,Ozone
2024-05-25,"Chicago, IL",Illinois,48,Good,Ozone
2024-05-26,"Chicago, IL",Illinois,55,Moderate,PM2.5
2024-05-27,"Chicago, IL",Illinois,44,Good,Ozone
2024-05-28,"Chicago, IL",Illinois,46,Good,Ozone
2024-05-29,"Chicago, IL",Illinois,44,Good,Ozone
2024-05-30,"Chicago, IL",Illinois,56,Moderate,PM2.5
2024-05-31,"Chicago, IL",Illinois,87,Moderate,Ozone
2024-06-01,"Chicago, IL",Illinois,52,Moderate,PM2.5
2024-06-02,"Chicago, IL",Illinois,67,Moderate,Ozone
2024-06-03,"Chicago, IL",Illinois,84,Moderate,Ozone
2024-06-04,"Chicago, IL",Illinois,84,Moderate,Ozone
2024-06-05,"Chicago, IL",Illinois,48,Good,Ozone
2024-06-06,"Chicago, IL",Illinois,48,Good,PM10
2024-06-07,"Chicago, IL",Illinois,45,Good,NO2
2024-06-08,"Chicago, IL",Illinois,69,Moderate,PM2.5
2024-06-09,"Chicago, IL",Illinois,48,Good,Ozone
2024-06-10,"Chicago, IL",Illinois,39,Good,Ozone
2024-06-11,"Chicago, IL",Illinois,58,Moderate,Ozone
2024-06-12,"Chicago, IL",Illinois,129,Unhealthy for Sensitive Groups,Ozone
2024-06-13,"Chicago, IL",Illinois,87,Moderate,Ozone
2024-06-14,"Chicago, IL",Illinois,84,Moderate,Ozone
2024-06-15,"Chicago, IL",Illinois,97,Moderate,Ozone
2024-06-16,"Chicago, IL",Illinois,87,Moderate,Ozone
2024-06-17,"Chicago, IL",Illinois,66,Moderate,PM2.5
2024-06-18,"Chicago, IL",Illinois,56,Moderate,PM10
2024-06-19,"Chicago, IL",Illinois,87,Moderate,Ozone
2024-06-20,"Chicago, IL",Illinois,84,Moderate,Ozone
2024-06-21,"Chicago, IL",Illinois,101,Unhealthy for Sensitive Groups,Ozone
2024-06-22,"Chicago, IL",Illinois,54,Moderate,PM2.5
2024-06-23,"Chicago, IL",Illinois,36,Good,NO2
2024-06-24,"Chicago, IL",Illinois,84,Moderate,Ozone
2024-06-25,"Chicago, IL",Illinois,48,Good,Ozone
2024-06-26,"Chicago, IL",Illinois,71,Moderate,Ozone
2024-06-27,"Chicago, IL",Illinois,33,Good,Ozone
2024-06-28,"Chicago, IL",Illinois,51,Moderate,PM2.5
2024-06-29,"Chicago, IL",Illinois,54,Moderate,PM2.5
2024-06-30,"Chicago, IL",Illinois,34,Good,Ozone
2024-07-01,"Chicago, IL",Illinois,41,Good,Ozone
2024-07-02,"Chicago, IL",Illinois,71,Moderate,Ozone
2024-07-03,"Chicago, IL",Illinois,74,Moderate,Ozone
2024-07-04,"Chicago, IL",Illinois,98,Moderate,PM2.5
2024-07-05,"Chicago, IL",Illinois,74,Moderate,PM2.5
2024-07-06,"Chicago, IL",Illinois,54,Moderate,PM2.5
2024-07-07,"Chicago, IL",Illinois,64,Moderate,PM2.5
2024-07-08,"Chicago, IL",Illinois,61,Moderate,Ozone
2024-07-09,"Chicago, IL",Illinois,52,Moderate,PM2.5
2024-07-10,"Chicago, IL",Illinois,54,Moderate,PM2.5
2024-07-11,"Chicago, IL",Illinois,56,Moderate,PM2.5
2024-07-12,"Chicago, IL",Illinois,77,Moderate,Ozone
2024-07-13,"Chicago, IL",Illinois,87,Moderate,Ozone
2024-07-14,"Chicago, IL",Illinois,47,Good,Ozone
2024-07-15,"Chicago, IL",Illinois,101,Unhealthy for Sensitive Groups,Ozone
2024-07-16,"Chicago, IL",Illinois,84,Moderate,Ozone
2024-07-17,"Chicago, IL",Illinois,54,Moderate,PM2.5
2024-07-18,"Chicago, IL",Illinois,36,Good,Ozone
2024-07-19,"Chicago, IL",Illinois,61,Moderate,Ozone
2024-07-20,"Chicago, IL",Illinois,84,Moderate,Ozone
2024-07-21,"Chicago, IL",Illinois,77,Moderate,Ozone
2024-07-22,"Chicago, IL",Illinois,100,Moderate,Ozone
2024-07-23,"Chicago, IL",Illinois,74,Moderate,PM2.5
2024-07-24,"Chicago, IL",Illinois,58,Moderate,PM2.5
2024-07-25,"Chicago, IL",Illinois,38,Good,PM2.5
2024-07-26,"Chicago, IL",Illinois,53,Moderate,PM2.5
2024-07-27,"Chicago, IL",Illinois,84,Moderate,Ozone
2024-07-28,"Chicago, IL",Illinois,56,Moderate,PM2.5
2024-07-29,"Chicago, IL",Illinois,50,Good,Ozone
2024-07-30,"Chicago, IL",Illinois,90,Moderate,Ozone
2024-07-31,"Chicago, IL",Illinois,122,Unhealthy for Sensitive Groups,Ozone
2024-08-01,"Chicago, IL",Illinois,54,Moderate,Ozone
2024-08-02,"Chicago, IL",Illinois,62,Moderate,PM2.5
2024-08-03,"Chicago, IL",Illinois,65,Moderate,PM2.5
2024-08-04,"Chicago, IL",Illinois,67,Moderate,Ozone
2024-08-05,"Chicago, IL",Illinois,57,Moderate,PM2.5
2024-08-06,"Chicago, IL",Illinois,58,Moderate,PM2.5
2024-08-07,"Chicago, IL",Illinois,36,Good,Ozone
2024-08-08,"Chicago, IL",Illinois,122,Unhealthy for Sensitive Groups,Ozone
2024-08-09,"Chicago, IL",Illinois,31,Good,Ozone
2024-08-10,"Chicago, IL",Illinois,32,Good,Ozone
2024-08-11,"Chicago, IL",Illinois,38,Good,PM2.5
2024-08-12,"Chicago, IL",Illinois,61,Moderate,Ozone
2024-08-13,"Chicago, IL",Illinois,67,Moderate,Ozone
2024-08-14,"Chicago, IL",Illinois,64,Moderate,PM2.5
2024-08-15,"Chicago, IL",Illinois,58,Moderate,PM2.5
2024-08-16,"Chicago, IL",Illinois,55,Moderate,PM2.5
2024-08-17,"Chicago, IL",Illinois,53,Moderate,PM2.5
2024-08-18,"Chicago, IL",Illinois,56,Moderate,PM2.5
2024-08-19,"Chicago, IL",Illinois,59,Moderate,PM2.5
2024-08-20,"Chicago, IL",Illinois,51,Moderate,PM2.5
2024-08-21,"Chicago, IL",Illinois,50,Good,PM2.5
2024-08-22,"Chicago, IL",Illinois,77,Moderate,Ozone
2024-08-23,"Chicago, IL",Illinois,97,Moderate,Ozone
2024-08-24,"Chicago, IL",Illinois,112,Unhealthy for Sensitive Groups,Ozone
2024-08-25,"Chicago, IL",Illinois,74,Moderate,Ozone
2024-08-26,"Chicago, IL",Illinois,119,Unhealthy for Sensitive Groups,Ozone
2024-08-27,"Chicago, IL",Illinois,166,Unhealthy,Ozone
2024-08-28,"Chicago, IL",Illinois,50,Good,Ozone
2024-08-29,"Chicago, IL",Illinois,58,Moderate,Ozone
2024-08-30,"Chicago, IL",Illinois,52,Moderate,NO2
2024-08-31,"Chicago, IL",Illinois,74,Moderate,Ozone
2024-09-01,"Chicago, IL",Illinois,48,Good,PM2.5
2024-09-02,"Chicago, IL",Illinois,39,Good,PM2.5
2024-09-03,"Chicago, IL",Illinois,48,Good,Ozone
2024-09-04,"Chicago, IL",Illinois,90,Moderate,Ozone
2024-09-05,"Chicago, IL",Illinois,77,Moderate,Ozone
2024-09-06,"Chicago, IL",Illinois,27,Good,Ozone
2024-09-07,"Chicago, IL",Illinois,41,Good,NO2
2024-09-08,"Chicago, IL",Illinois,47,Good,PM2.5
2024-09-09,"Chicago, IL",Illinois,45,Good,NO2
2024-09-10,"Chicago, IL",Illinois,67,Moderate,PM10
2024-09-11,"Chicago, IL",Illinois,100,Moderate,Ozone
2024-09-12,"Chicago, IL",Illinois,105,Unhealthy for Sensitive Groups,Ozone
2024-09-13,"Chicago, IL",Illinois,93,Moderate,Ozone
2024-09-14,"Chicago, IL",Illinois,54,Moderate,Ozone
2024-09-15,"Chicago, IL",Illinois,58,Moderate,Ozone
2024-09-16,"Chicago, IL",Illinois,93,Moderate,Ozone
2024-09-17,"Chicago, IL",Illinois,77,Moderate,Ozone
2024-09-18,"Chicago, IL",Illinois,101,Unhealthy for Sensitive Groups,Ozone
2024-09-19,"Chicago, IL",Illinois,115,Unhealthy for Sensitive Groups,Ozone
2024-09-20,"Chicago, IL",Illinois,90,Moderate,Ozone
2024-09-21,"Chicago, IL",Illinois,80,Moderate,Ozone
2024-09-22,"Chicago, IL",Illinois,38,Good,PM2.5
2024-09-23,"Chicago, IL",Illinois,35,Good,Ozone
2024-09-24,"Chicago, IL",Illinois,43,Good,PM2.5
2024-09-25,"Chicago, IL",Illinois,42,Good,NO2
2024-09-26,"Chicago, IL",Illinois,51,Moderate,PM2.5
2024-09-27,"Chicago, IL",Illinois,47,Good,PM2.5
2024-09-28,"Chicago, IL",Illinois,36,Good,PM2.5
2024-09-29,"Chicago, IL",Illinois,34,Good,PM2.5
2024-09-30,"Chicago, IL",Illinois,43,Good,PM2.5
2024-10-01,"Chicago, IL",Illinois,46,Good,PM2.5
2024-10-02,"Chicago, IL",Illinois,54,Moderate,PM10
2024-10-03,"Chicago, IL",Illinois,71,Moderate,PM10
2024-10-04,"Chicago, IL",Illinois,42,Good,NO2
2024-10-05,"Chicago, IL",Illinois,71,Moderate,Ozone
2024-10-06,"Chicago, IL",Illinois,56,Moderate,PM2.5
2024-10-07,"Chicago, IL",Illinois,51,Moderate,NO2
2024-10-08,"Chicago, IL",Illinois,52,Moderate,PM2.5
2024-10-09,"Chicago, IL",Illinois,45,Good,PM2.5
2024-10-10,"Chicago, IL",Illinois,51,Moderate,PM2.5
2024-10-11,"Chicago, IL",Illinois,67,Moderate,PM10
2024-10-12,"Chicago, IL",Illinois,48,Good,PM2.5
2024-10-13,"Chicago, IL",Illinois,34,Good,PM2.5
2024-10-14,"Chicago, IL",Illinois,29,Good,Ozone
2024-10-15,"Chicago, IL",Illinois,29,Good,Ozone
2024-10-16,"Chicago, IL",Illinois,39,Good,NO2
2024-10-17,"Chicago, IL",Illinois,61,Moderate,PM10
2024-10-18,"Chicago, IL",Illinois,53,Moderate,PM2.5
2024-10-19,"Chicago, IL",Illinois,59,Moderate,PM2.5
2024-10-20,"Chicago, IL",Illinois,63,Moderate,PM2.5
2024-10-21,"Chicago, IL",Illinois,92,Moderate,PM10
2024-10-22,"Chicago, IL",Illinois,64,Moderate,PM10
2024-10-23,"Chicago, IL",Illinois,55,Moderate,PM2.5
2024-10-24,"Chicago, IL",Illinois,59,Moderate,PM10
2024-10-25,"Chicago, IL",Illinois,54,Moderate,PM2.5
2024-10-26,"Chicago, IL",Illinois,55,Moderate,PM2.5
2024-10-27,"Chicago, IL",Illinois,61,Moderate,PM2.5
2024-10-28,"Chicago, IL",Illinois,54,Moderate,PM2.5
2024-10-29,"Chicago, IL",Illinois,72,Moderate,PM10
2024-10-30,"Chicago, IL",Illinois,73,Moderate,PM2.5
2024-10-31,"Chicago, IL",Illinois,31,Good,Ozone
2024-11-01,"Chicago, IL",Illinois,52,Moderate,PM2.5
2024-11-02,"Chicago, IL",Illinois,59,Moderate,PM2.5
2024-11-03,"Chicago, IL",Illinois,52,Moderate,PM2.5
2024-11-04,"Chicago, IL",Illinois,36,Good,PM2.5
2024-11-05,"Chicago, IL",Illinois,28,Good,PM2.5
2024-11-06,"Chicago, IL",Illinois,29,Good,PM2.5
2024-11-07,"Chicago, IL",Illinois,47,Good,PM2.5
2024-11-08,"Chicago, IL",Illinois,52,Moderate,PM2.5
2024-11-09,"Chicago, IL",Illinois,59,Moderate,PM2.5
2024-11-10,"Chicago, IL",Illinois,34,Good,PM2.5
2024-11-11,"Chicago, IL",Illinois,29,Good,PM2.5
2024-11-12,"Chicago, IL",Illinois,41,Good,PM2.5
2024-11-13,"Chicago, IL",Illinois,53,Moderate,PM2.5
2024-11-14,"Chicago, IL",Illinois,40,Good,PM2.5
2024-11-15,"Chicago, IL",Illinois,60,Moderate,PM2.5
2024-11-16,"Chicago, IL",Illinois,62,Moderate,PM2.5
2024-11-17,"Chicago, IL",Illinois,59,Moderate,PM2.5
2024-11-18,"Chicago, IL",Illinois,68,Moderate,PM2.5
2024-11-19,"Chicago, IL",Illinois,33,Good,PM2.5
2024-11-20,"Chicago, IL",Illinois,34,Good,PM2.5
2024-11-21,"Chicago, IL",Illinois,45,Good,PM2.5
2024-11-22,"Chicago, IL",Illinois,39,Good,PM2.5
2024-11-23,"Chicago, IL",Illinois,55,Moderate,PM2.5
2024-11-24,"Chicago, IL",Illinois,64,Moderate,PM2.5
2024-11-25,"Chicago, IL",Illinois,54,Moderate,PM2.5
2024-11-26,"Chicago, IL",Illinois,51,Moderate,PM2.5
2024-11-27,"Chicago, IL",Illinois,61,Moderate,PM2.5
2024-11-28,"Chicago, IL",Illinois,44,Good,PM2.5
2024-11-29,"Chicago, IL",Illinois,42,Good,PM2.5
2024-11-30,"Chicago, IL",Illinois,39,Good,PM2.5
2024-12-01,"Chicago, IL",Illinois,40,Good,PM2.5
2024-12-02,"Chicago, IL",Illinois,52,Moderate,PM2.5
2024-12-03,"Chicago, IL",Illinois,55,Moderate,PM2.5
2024-12-04,"Chicago, IL",Illinois,56,Moderate,PM2.5
2024-12-05,"Chicago, IL",Illinois,34,Good,NO2
2024-12-06,"Chicago, IL",Illinois,37,Good,PM10
2024-12-07,"Chicago, IL",Illinois,51,Moderate,PM2.5
2024-12-08,"Chicago, IL",Illinois,45,Good,PM2.5
2024-12-09,"Chicago, IL",Illinois,49,Good,PM2.5
2024-12-10,"Chicago, IL",Illinois,51,Moderate,PM2.5
2024-12-11,"Chicago, IL",Illinois,39,Good,PM2.5
2024-12-12,"Chicago, IL",Illinois,33,Good,PM2.5
2024-12-13,"Chicago, IL",Illinois,53,Moderate,PM2.5
2024-12-14,"Chicago, IL",Illinois,65,Moderate,PM2.5
2024-12-15,"Chicago, IL",Illinois,55,Moderate,PM2.5
2024-12-16,"Chicago, IL",Illinois,52,Moderate,PM2.5
2024-12-17,"Chicago, IL",Illinois,56,Moderate,PM2.5
2024-12-18,"Chicago, IL",Illinois,56,Moderate,PM2.5
2024-12-19,"Chicago, IL",Illinois,62,Moderate,PM2.5
2024-12-20,"Chicago, IL",Illinois,56,Moderate,PM2.5
2024-12-21,"Chicago, IL",Illinois,48,Good,PM2.5
2024-12-22,"Chicago, IL",Illinois,62,Moderate,PM2.5
2024-12-23,"Chicago, IL",Illinois,54,Moderate,PM2.5
2024-12-24,"Chicago, IL",Illinois,59,Moderate,PM2.5
2024-12-25,"Chicago, IL",Illinois,69,Moderate,PM2.5
2024-12-26,"Chicago, IL",Illinois,71,Moderate,PM2.5
2024-12-27,"Chicago, IL",Illinois,60,Moderate,PM2.5
2024-12-28,"Chicago, IL",Illinois,52,Moderate,PM2.5
2024-12-29,"Chicago, IL",Illinois,56,Moderate,PM2.5
2024-12-30,"Chicago, IL",Illinois,59,Moderate,PM2.5
2024-12-31,"Chicago, IL",Illinois,53,Moderate,PM2.5
2023-01-01,"Cleveland, OH",Ohio,62,Moderate,PM2.5
2023-01-02,"Cleveland, OH",Ohio,63,Moderate,PM2.5
2023-01-03,"Cleveland, OH",Ohio,61,Moderate,PM2.5
2023-01-04,"Cleveland, OH",Ohio,52,Moderate,PM2.5
2023-01-05,"Cleveland, OH",Ohio,41,Good,PM2.5
2023-01-06,"Cleveland, OH",Ohio,53,Moderate,PM2.5
2023-01-07,"Cleveland, OH",Ohio,54,Moderate,PM2.5
2023-01-08,"Cleveland, OH",Ohio,48,Good,PM2.5
2023-01-09,"Cleveland, OH",Ohio,66,Moderate,PM2.5
2023-01-10,"Cleveland, OH",Ohio,80,Moderate,PM2.5
2023-01-11,"Cleveland, OH",Ohio,72,Moderate,PM2.5
2023-01-12,"Cleveland, OH",Ohio,74,Moderate,PM2.5
2023-01-13,"Cleveland, OH",Ohio,36,Good,PM2.5
2023-01-14,"Cleveland, OH",Ohio,35,Good,Ozone
2023-01-15,"Cleveland, OH",Ohio,62,Moderate,PM2.5
2023-01-16,"Cleveland, OH",Ohio,69,Moderate,PM2.5
2023-01-17,"Cleveland, OH",Ohio,56,Moderate,PM2.5
2023-01-18,"Cleveland, OH",Ohio,57,Moderate,PM2.5
2023-01-19,"Cleveland, OH",Ohio,52,Moderate,PM2.5
2023-01-20,"Cleveland, OH",Ohio,31,Good,PM2.5
2023-01-21,"Cleveland, OH",Ohio,42,Good,PM2.5
2023-01-22,"Cleveland, OH",Ohio,54,Moderate,PM2.5
2023-01-23,"Cleveland, OH",Ohio,56,Moderate,PM2.5
2023-01-24,"Cleveland, OH",Ohio,69,Moderate,PM2.5
2023-01-25,"Cleveland, OH",Ohio,63,Moderate,PM2.5
2023-01-26,"Cleveland, OH",Ohio,57,Moderate,PM2.5
2023-01-27,"Cleveland, OH",Ohio,55,Moderate,PM2.5
2023-01-28,"Cleveland, OH",Ohio,55,Moderate,PM2.5
2023-01-29,"Cleveland, OH",Ohio,54,Moderate,PM2.5
2023-01-30,"Cleveland, OH",Ohio,53,Moderate,PM2.5
2023-01-31,"Cleveland, OH",Ohio,51,Moderate,PM2.5
2023-02-01,"Cleveland, OH",Ohio,65,Moderate,PM2.5
2023-02-02,"Cleveland, OH",Ohio,57,Moderate,PM2.5
2023-02-03,"Cleveland, OH",Ohio,34,Good,Ozone
2023-02-04,"Cleveland, OH",Ohio,54,Moderate,PM2.5
2023-02-05,"Cleveland, OH",Ohio,73,Moderate,PM2.5
2023-02-06,"Cleveland, OH",Ohio,60,Moderate,PM2.5
2023-02-07,"Cleveland, OH",Ohio,67,Moderate,PM2.5
2023-02-08,"Cleveland, OH",Ohio,73,Moderate,PM2.5
2023-02-09,"Cleveland, OH",Ohio,64,Moderate,PM2.5
2023-02-10,"Cleveland, OH",Ohio,45,Good,PM2.5
2023-02-11,"Cleveland, OH",Ohio,43,Good,PM2.5
2023-02-12,"Cleveland, OH",Ohio,74,Moderate,PM2.5
2023-02-13,"Cleveland, OH",Ohio,48,Good,PM2.5
2023-02-14,"Cleveland, OH",Ohio,68,Moderate,PM2.5
2023-02-15,"Cleveland, OH",Ohio,41,Good,Ozone
2023-02-16,"Cleveland, OH",Ohio,59,Moderate,PM2.5
2023-02-17,"Cleveland, OH",Ohio,39,Good,PM2.5
2023-02-18,"Cleveland, OH",Ohio,49,Good,PM2.5
2023-02-19,"Cleveland, OH",Ohio,42,Good,PM2.5
2023-02-20,"Cleveland, OH",Ohio,52,Moderate,PM2.5
2023-02-21,"Cleveland, OH",Ohio,56,Moderate,PM2.5
2023-02-22,"Cleveland, OH",Ohio,56,Moderate,PM2.5
2023-02-23,"Cleveland, OH",Ohio,57,Moderate,PM2.5
2023-02-24,"Cleveland, OH",Ohio,32,Good,Ozone
2023-02-25,"Cleveland, OH",Ohio,56,Moderate,PM2.5
2023-02-26,"Cleveland, OH",Ohio,63,Moderate,PM2.5
2023-02-27,"Cleveland, OH",Ohio,59,Moderate,PM2.5
2023-02-28,"Cleveland, OH",Ohio,49,Good,PM2.5
2023-03-01,"Cleveland, OH",Ohio,71,Moderate,PM2.5
2023-03-02,"Cleveland, OH",Ohio,77,Moderate,PM2.5
2023-03-03,"Cleveland, OH",Ohio,58,Moderate,PM2.5
2023-03-04,"Cleveland, OH",Ohio,53,Moderate,PM2.5
2023-03-05,"Cleveland, OH",Ohio,64,Moderate,PM2.5
2023-03-06,"Cleveland, OH",Ohio,57,Moderate,PM2.5
2023-03-07,"Cleveland, OH",Ohio,41,Good,Ozone
2023-03-08,"Cleveland, OH",Ohio,41,Good,Ozone
2023-03-09,"Cleveland, OH",Ohio,40,Good,Ozone
2023-03-10,"Cleveland, OH",Ohio,52,Moderate,PM2.5
2023-03-11,"Cleveland, OH",Ohio,40,Good,Ozone
2023-03-12,"Cleveland, OH",Ohio,45,Good,PM2.5
2023-03-13,"Cleveland, OH",Ohio,59,Moderate,PM2.5
2023-03-14,"Cleveland, OH",Ohio,44,Good,Ozone
2023-03-15,"Cleveland, OH",Ohio,44,Good,Ozone
2023-03-16,"Cleveland, OH",Ohio,58,Moderate,PM2.5
2023-03-17,"Cleveland, OH",Ohio,54,Moderate,PM2.5
2023-03-18,"Cleveland, OH",Ohio,40,Good,PM2.5
2023-03-19,"Cleveland, OH",Ohio,47,Good,PM2.5
2023-03-20,"Cleveland, OH",Ohio,46,Good,PM2.5
2023-03-21,"Cleveland, OH",Ohio,59,Moderate,PM2.5
2023-03-22,"Cleveland, OH",Ohio,66,Moderate,PM2.5
2023-03-23,"Cleveland, OH",Ohio,57,Moderate,PM2.5
2023-03-24,"Cleveland, OH",Ohio,42,Good,PM2.5
2023-03-25,"Cleveland, OH",Ohio,47,Good,Ozone
2023-03-26,"Cleveland, OH",Ohio,48,Good,PM2.5
2023-03-27,"Cleveland, OH",Ohio,63,Moderate,PM2.5
2023-03-28,"Cleveland, OH",Ohio,52,Moderate,PM2.5
2023-03-29,"Cleveland, OH",Ohio,53,Moderate,PM2.5
2023-03-30,"Cleveland, OH",Ohio,52,Moderate,PM2.5
2023-03-31,"Cleveland, OH",Ohio,66,Moderate,PM2.5
2023-04-01,"Cleveland, OH",Ohio,44,Good,Ozone
2023-04-02,"Cleveland, OH",Ohio,43,Good,Ozone
2023-04-03,"Cleveland, OH",Ohio,54,Moderate,PM2.5
2023-04-04,"Cleveland, OH",Ohio,58,Moderate,PM2.5
2023-04-05,"Cleveland, OH",Ohio,60,Moderate,PM2.5
2023-04-06,"Cleveland, OH",Ohio,49,Good,PM2.5
2023-04-07,"Cleveland, OH",Ohio,44,Good,Ozone
2023-04-08,"Cleveland, OH",Ohio,45,Good,Ozone
2023-04-09,"Cleveland, OH",Ohio,58,Moderate,PM2.5
2023-04-10,"Cleveland, OH",Ohio,67,Moderate,PM2.5
2023-04-11,"Cleveland, OH",Ohio,80,Moderate,Ozone
2023-04-12,"Cleveland, OH",Ohio,59,Moderate,PM2.5
2023-04-13,"Cleveland, OH",Ohio,93,Moderate,Ozone
2023-04-14,"Cleveland, OH",Ohio,115,Unhealthy for Sensitive Groups,Ozone
2023-04-15,"Cleveland, OH",Ohio,64,Moderate,Ozone
2023-04-16,"Cleveland, OH",Ohio,56,Moderate,PM2.5
2023-04-17,"Cleveland, OH",Ohio,35,Good,Ozone
2023-04-18,"Cleveland, OH",Ohio,43,Good,PM2.5
2023-04-19,"Cleveland, OH",Ohio,43,Good,Ozone
2023-04-20,"Cleveland, OH",Ohio,90,Moderate,Ozone
2023-04-21,"Cleveland, OH",Ohio,58,Moderate,PM2.5
2023-04-22,"Cleveland, OH",Ohio,44,Good,Ozone
2023-04-23,"Cleveland, OH",Ohio,35,Good,Ozone
2023-04-24,"Cleveland, OH",Ohio,46,Good,PM2.5
2023-04-25,"Cleveland, OH",Ohio,65,Moderate,PM2.5
2023-04-26,"Cleveland, OH",Ohio,63,Moderate,PM2.5
2023-04-27,"Cleveland, OH",Ohio,59,Moderate,PM2.5
2023-04-28,"Cleveland, OH",Ohio,43,Good,PM2.5
2023-04-29,"Cleveland, OH",Ohio,44,Good,Ozone
2023-04-30,"Cleveland, OH",Ohio,44,Good,Ozone
2023-05-01,"Cleveland, OH",Ohio,29,Good,Ozone
2023-05-02,"Cleveland, OH",Ohio,33,Good,Ozone
2023-05-03,"Cleveland, OH",Ohio,42,Good,PM2.5
2023-05-04,"Cleveland, OH",Ohio,38,Good,Ozone
2023-05-05,"Cleveland, OH",Ohio,51,Moderate,PM2.5
2023-05-06,"Cleveland, OH",Ohio,56,Moderate,PM2.5
2023-05-07,"Cleveland, OH",Ohio,53,Moderate,PM2.5
2023-05-08,"Cleveland, OH",Ohio,55,Moderate,PM2.5
2023-05-09,"Cleveland, OH",Ohio,44,Good,Ozone
2023-05-10,"Cleveland, OH",Ohio,67,Moderate,PM10
2023-05-11,"Cleveland, OH",Ohio,90,Moderate,Ozone
2023-05-12,"Cleveland, OH",Ohio,97,Moderate,Ozone
2023-05-13,"Cleveland, OH",Ohio,62,Moderate,PM2.5
2023-05-14,"Cleveland, OH",Ohio,42,Good,Ozone
2023-05-15,"Cleveland, OH",Ohio,48,Good,Ozone
2023-05-16,"Cleveland, OH",Ohio,61,Moderate,Ozone
2023-05-17,"Cleveland, OH",Ohio,42,Good,Ozone
2023-05-18,"Cleveland, OH",Ohio,57,Moderate,PM2.5
2023-05-19,"Cleveland, OH",Ohio,77,Moderate,Ozone
2023-05-20,"Cleveland, OH",Ohio,72,Moderate,PM2.5
2023-05-21,"Cleveland, OH",Ohio,55,Moderate,PM2.5
2023-05-22,"Cleveland, OH",Ohio,63,Moderate,PM2.5
2023-05-23,"Cleveland, OH",Ohio,72,Moderate,PM2.5
2023-05-24,"Cleveland, OH",Ohio,82,Moderate,PM2.5
2023-05-25,"Cleveland, OH",Ohio,67,Moderate,PM2.5
2023-05-26,"Cleveland, OH",Ohio,44,Good,Ozone
2023-05-27,"Cleveland, OH",Ohio,56,Moderate,PM2.5
2023-05-28,"Cleveland, OH",Ohio,84,Moderate,Ozone
2023-05-29,"Cleveland, OH",Ohio,84,Moderate,Ozone
2023-05-30,"Cleveland, OH",Ohio,84,Moderate,Ozone
2023-05-31,"Cleveland, OH",Ohio,87,Moderate,Ozone
2023-06-01,"Cleveland, OH",Ohio,133,Unhealthy for Sensitive Groups,Ozone
2023-06-02,"Cleveland, OH",Ohio,129,Unhealthy for Sensitive Groups,Ozone
2023-06-03,"Cleveland, OH",Ohio,77,Moderate,Ozone
2023-06-04,"Cleveland, OH",Ohio,56,Moderate,PM2.5
2023-06-05,"Cleveland, OH",Ohio,83,Moderate,PM2.5
2023-06-06,"Cleveland, OH",Ohio,127,Unhealthy for Sensitive Groups,PM2.5
2023-06-07,"Cleveland, OH",Ohio,148,Unhealthy for Sensitive Groups,PM2.5
2023-06-08,"Cleveland, OH",Ohio,115,Unhealthy for Sensitive Groups,PM2.5
2023-06-09,"Cleveland, OH",Ohio,92,Moderate,PM2.5
2023-06-10,"Cleveland, OH",Ohio,90,Moderate,Ozone
2023-06-11,"Cleveland, OH",Ohio,93,Moderate,Ozone
2023-06-12,"Cleveland, OH",Ohio,54,Moderate,PM2.5
2023-06-13,"Cleveland, OH",Ohio,58,Moderate,PM2.5
2023-06-14,"Cleveland, OH",Ohio,79,Moderate,PM2.5
2023-06-15,"Cleveland, OH",Ohio,64,Moderate,Ozone
2023-06-16,"Cleveland, OH",Ohio,84,Moderate,PM2.5
2023-06-17,"Cleveland, OH",Ohio,118,Unhealthy for Sensitive Groups,PM2.5
2023-06-18,"Cleveland, OH",Ohio,83,Moderate,PM2.5
2023-06-19,"Cleveland, OH",Ohio,82,Moderate,PM2.5
2023-06-20,"Cleveland, OH",Ohio,90,Moderate,PM2.5
2023-06-21,"Cleveland, OH",Ohio,72,Moderate,PM2.5
2023-06-22,"Cleveland, OH",Ohio,38,Good,Ozone
2023-06-23,"Cleveland, OH",Ohio,36,Good,PM2.5
2023-06-24,"Cleveland, OH",Ohio,42,Good,Ozone
2023-06-25,"Cleveland, OH",Ohio,80,Moderate,Ozone
2023-06-26,"Cleveland, OH",Ohio,61,Moderate,PM2.5
2023-06-27,"Cleveland, OH",Ohio,153,Unhealthy,PM2.5
2023-06-28,"Cleveland, OH",Ohio,234,Very Unhealthy,PM2.5
2023-06-29,"Cleveland, OH",Ohio,173,Unhealthy,PM2.5
2023-06-30,"Cleveland, OH",Ohio,99,Moderate,PM2.5
2023-07-01,"Cleveland, OH",Ohio,63,Moderate,PM2.5
2023-07-02,"Cleveland, OH",Ohio,67,Moderate,PM2.5
2023-07-03,"Cleveland, OH",Ohio,74,Moderate,Ozone
2023-07-04,"Cleveland, OH",Ohio,78,Moderate,PM2.5
2023-07-05,"Cleveland, OH",Ohio,115,Unhealthy for Sensitive Groups,Ozone
2023-07-06,"Cleveland, OH",Ohio,61,Moderate,PM2.5
2023-07-07,"Cleveland, OH",Ohio,38,Good,Ozone
2023-07-08,"Cleveland, OH",Ohio,71,Moderate,PM2.5
2023-07-09,"Cleveland, OH",Ohio,46,Good,Ozone
2023-07-10,"Cleveland, OH",Ohio,84,Moderate,Ozone
2023-07-11,"Cleveland, OH",Ohio,67,Moderate,Ozone
2023-07-12,"Cleveland, OH",Ohio,59,Moderate,PM2.5
2023-07-13,"Cleveland, OH",Ohio,45,Good,Ozone
2023-07-14,"Cleveland, OH",Ohio,97,Moderate,Ozone
2023-07-15,"Cleveland, OH",Ohio,53,Moderate,PM2.5
2023-07-16,"Cleveland, OH",Ohio,111,Unhealthy for Sensitive Groups,PM2.5
2023-07-17,"Cleveland, OH",Ohio,157,Unhealthy,PM2.5
2023-07-18,"Cleveland, OH",Ohio,73,Moderate,CO
2023-07-19,"Cleveland, OH",Ohio,61,Moderate,CO
2023-07-20,"Cleveland, OH",Ohio,64,Moderate,PM2.5
2023-07-21,"Cleveland, OH",Ohio,51,Moderate,PM2.5
2023-07-22,"Cleveland, OH",Ohio,80,Moderate,PM10
2023-07-23,"Cleveland, OH",Ohio,69,Moderate,PM2.5
2023-07-24,"Cleveland, OH",Ohio,80,Moderate,Ozone
2023-07-25,"Cleveland, OH",Ohio,100,Moderate,Ozone
2023-07-26,"Cleveland, OH",Ohio,89,Moderate,PM2.5
2023-07-27,"Cleveland, OH",Ohio,64,Moderate,Ozone
2023-07-28,"Cleveland, OH",Ohio,60,Moderate,PM2.5
2023-07-29,"Cleveland, OH",Ohio,58,Moderate,PM2.5
2023-07-30,"Cleveland, OH",Ohio,36,Good,Ozone
2023-07-31,"Cleveland, OH",Ohio,54,Moderate,PM2.5
2023-08-01,"Cleveland, OH",Ohio,67,Moderate,PM2.5
2023-08-02,"Cleveland, OH",Ohio,66,Moderate,PM2.5
2023-08-03,"Cleveland, OH",Ohio,92,Moderate,PM2.5
2023-08-04,"Cleveland, OH",Ohio,80,Moderate,PM2.5
2023-08-05,"Cleveland, OH",Ohio,79,Moderate,PM2.5
2023-08-06,"Cleveland, OH",Ohio,64,Moderate,PM2.5
2023-08-07,"Cleveland, OH",Ohio,48,Good,PM2.5
2023-08-08,"Cleveland, OH",Ohio,54,Moderate,PM2.5
2023-08-09,"Cleveland, OH",Ohio,77,Moderate,Ozone
2023-08-10,"Cleveland, OH",Ohio,71,Moderate,Ozone
2023-08-11,"Cleveland, OH",Ohio,62,Moderate,PM2.5
2023-08-12,"Cleveland, OH",Ohio,42,Good,PM2.5
2023-08-13,"Cleveland, OH",Ohio,46,Good,PM2.5
2023-08-14,"Cleveland, OH",Ohio,38,Good,PM2.5
2023-08-15,"Cleveland, OH",Ohio,40,Good,Ozone
2023-08-16,"Cleveland, OH",Ohio,76,Moderate,PM2.5
2023-08-17,"Cleveland, OH",Ohio,68,Moderate,PM2.5
2023-08-18,"Cleveland, OH",Ohio,66,Moderate,PM2.5
2023-08-19,"Cleveland, OH",Ohio,82,Moderate,PM2.5
2023-08-20,"Cleveland, OH",Ohio,76,Moderate,PM2.5
2023-08-21,"Cleveland, OH",Ohio,69,Moderate,PM2.5
2023-08-22,"Cleveland, OH",Ohio,53,Moderate,PM2.5
2023-08-23,"Cleveland, OH",Ohio,56,Moderate,PM2.5
2023-08-24,"Cleveland, OH",Ohio,43,Good,Ozone
2023-08-25,"Cleveland, OH",Ohio,48,Good,PM2.5
2023-08-26,"Cleveland, OH",Ohio,54,Moderate,PM2.5
2023-08-27,"Cleveland, OH",Ohio,32,Good,Ozone
2023-08-28,"Cleveland, OH",Ohio,56,Moderate,PM2.5
2023-08-29,"Cleveland, OH",Ohio,61,Moderate,PM2.5
2023-08-30,"Cleveland, OH",Ohio,28,Good,PM2.5
2023-08-31,"Cleveland, OH",Ohio,38,Good,Ozone
2023-09-01,"Cleveland, OH",Ohio,53,Moderate,PM2.5
2023-09-02,"Cleveland, OH",Ohio,68,Moderate,PM2.5
2023-09-03,"Cleveland, OH",Ohio,59,Moderate,PM2.5
2023-09-04,"Cleveland, OH",Ohio,55,Moderate,PM10
2023-09-05,"Cleveland, OH",Ohio,71,Moderate,Ozone
2023-09-06,"Cleveland, OH",Ohio,66,Moderate,PM2.5
2023-09-07,"Cleveland, OH",Ohio,58,Moderate,PM2.5
2023-09-08,"Cleveland, OH",Ohio,23,Good,Ozone
2023-09-09,"Cleveland, OH",Ohio,48,Good,PM2.5
2023-09-10,"Cleveland, OH",Ohio,40,Good,PM2.5
2023-09-11,"Cleveland, OH",Ohio,49,Good,PM2.5
2023-09-12,"Cleveland, OH",Ohio,56,Moderate,PM2.5
2023-09-13,"Cleveland, OH",Ohio,33,Good,PM2.5
2023-09-14,"Cleveland, OH",Ohio,55,Moderate,PM2.5
2023-09-15,"Cleveland, OH",Ohio,60,Moderate,PM2.5
2023-09-16,"Cleveland, OH",Ohio,62,Moderate,PM2.5
2023-09-17,"Cleveland, OH",Ohio,58,Moderate,Ozone
2023-09-18,"Cleveland, OH",Ohio,46,Good,PM2.5
2023-09-19,"Cleveland, OH",Ohio,38,Good,PM2.5
2023-09-20,"Cleveland, OH",Ohio,57,Moderate,PM2.5
2023-09-21,"Cleveland, OH",Ohio,77,Moderate,Ozone
2023-09-22,"Cleveland, OH",Ohio,55,Moderate,PM2.5
2023-09-23,"Cleveland, OH",Ohio,54,Moderate,PM2.5
2023-09-24,"Cleveland, OH",Ohio,33,Good,Ozone
2023-09-25,"Cleveland, OH",Ohio,34,Good,PM2.5
2023-09-26,"Cleveland, OH",Ohio,29,Good,PM2.5
2023-09-27,"Cleveland, OH",Ohio,44,Good,PM2.5
2023-09-28,"Cleveland, OH",Ohio,48,Good,PM2.5
2023-09-29,"Cleveland, OH",Ohio,57,Moderate,PM2.5
2023-09-30,"Cleveland, OH",Ohio,63,Moderate,PM2.5
2023-10-01,"Cleveland, OH",Ohio,68,Moderate,PM2.5
2023-10-02,"Cleveland, OH",Ohio,65,Moderate,PM2.5
2023-10-03,"Cleveland, OH",Ohio,87,Moderate,Ozone
2023-10-04,"Cleveland, OH",Ohio,70,Moderate,PM2.5
2023-10-05,"Cleveland, OH",Ohio,61,Moderate,PM2.5
2023-10-06,"Cleveland, OH",Ohio,51,Moderate,PM2.5
2023-10-07,"Cleveland, OH",Ohio,26,Good,PM2.5
2023-10-08,"Cleveland, OH",Ohio,31,Good,Ozone
2023-10-09,"Cleveland, OH",Ohio,32,Good,PM2.5
2023-10-10,"Cleveland, OH",Ohio,32,Good,Ozone
2023-10-11,"Cleveland, OH",Ohio,49,Good,PM2.5
2023-10-12,"Cleveland, OH",Ohio,68,Moderate,PM2.5
2023-10-13,"Cleveland, OH",Ohio,29,Good,PM2.5
2023-10-14,"Cleveland, OH",Ohio,23,Good,Ozone
2023-10-15,"Cleveland, OH",Ohio,35,Good,PM2.5
2023-10-16,"Cleveland, OH",Ohio,25,Good,Ozone
2023-10-17,"Cleveland, OH",Ohio,49,Good,PM2.5
2023-10-18,"Cleveland, OH",Ohio,60,Moderate,PM2.5
2023-10-19,"Cleveland, OH",Ohio,67,Moderate,PM2.5
2023-10-20,"Cleveland, OH",Ohio,49,Good,PM2.5
2023-10-21,"Cleveland, OH",Ohio,29,Good,PM2.5
2023-10-22,"Cleveland, OH",Ohio,30,Good,Ozone
2023-10-23,"Cleveland, OH",Ohio,63,Moderate,PM2.5
2023-10-24,"Cleveland, OH",Ohio,67,Moderate,PM2.5
2023-10-25,"Cleveland, OH",Ohio,63,Moderate,PM2.5
2023-10-26,"Cleveland, OH",Ohio,63,Moderate,PM2.5
2023-10-27,"Cleveland, OH",Ohio,56,Moderate,PM2.5
2023-10-28,"Cleveland, OH",Ohio,31,Good,PM2.5
2023-10-29,"Cleveland, OH",Ohio,23,Good,PM2.5
2023-10-30,"Cleveland, OH",Ohio,31,Good,Ozone
2023-10-31,"Cleveland, OH",Ohio,52,Moderate,PM2.5
2023-11-01,"Cleveland, OH",Ohio,29,Good,PM2.5
2023-11-02,"Cleveland, OH",Ohio,55,Moderate,PM2.5
2023-11-03,"Cleveland, OH",Ohio,52,Moderate,PM2.5
2023-11-04,"Cleveland, OH",Ohio,64,Moderate,PM2.5
2023-11-05,"Cleveland, OH",Ohio,86,Moderate,PM2.5
2023-11-06,"Cleveland, OH",Ohio,72,Moderate,PM2.5
2023-11-07,"Cleveland, OH",Ohio,43,Good,PM2.5
2023-11-08,"Cleveland, OH",Ohio,38,Good,PM2.5
2023-11-09,"Cleveland, OH",Ohio,55,Moderate,PM2.5
2023-11-10,"Cleveland, OH",Ohio,54,Moderate,PM2.5
2023-11-11,"Cleveland, OH",Ohio,36,Good,PM2.5
2023-11-12,"Cleveland, OH",Ohio,69,Moderate,PM2.5
2023-11-13,"Cleveland, OH",Ohio,59,Moderate,PM2.5
2023-11-14,"Cleveland, OH",Ohio,47,Good,PM2.5
2023-11-15,"Cleveland, OH",Ohio,66,Moderate,PM2.5
2023-11-16,"Cleveland, OH",Ohio,78,Moderate,PM10
2023-11-17,"Cleveland, OH",Ohio,59,Moderate,PM2.5
2023-11-18,"Cleveland, OH",Ohio,34,Good,PM2.5
2023-11-19,"Cleveland, OH",Ohio,55,Moderate,PM2.5
2023-11-20,"Cleveland, OH",Ohio,53,Moderate,PM2.5
2023-11-21,"Cleveland, OH",Ohio,53,Moderate,PM2.5
2023-11-22,"Cleveland, OH",Ohio,46,Good,PM2.5
2023-11-23,"Cleveland, OH",Ohio,62,Moderate,PM2.5
2023-11-24,"Cleveland, OH",Ohio,34,Good,Ozone
2023-11-25,"Cleveland, OH",Ohio,46,Good,PM2.5
2023-11-26,"Cleveland, OH",Ohio,69,Moderate,PM2.5
2023-11-27,"Cleveland, OH",Ohio,52,Moderate,PM2.5
2023-11-28,"Cleveland, OH",Ohio,41,Good,PM2.5
2023-11-29,"Cleveland, OH",Ohio,62,Moderate,PM2.5
2023-11-30,"Cleveland, OH",Ohio,69,Moderate,PM2.5
2023-12-01,"Cleveland, OH",Ohio,64,Moderate,PM2.5
2023-12-02,"Cleveland, OH",Ohio,61,Moderate,PM2.5
2023-12-03,"Cleveland, OH",Ohio,55,Moderate,PM2.5
2023-12-04,"Cleveland, OH",Ohio,42,Good,PM2.5
2023-12-05,"Cleveland, OH",Ohio,52,Moderate,PM2.5
2023-12-06,"Cleveland, OH",Ohio,50,Good,PM2.5
2023-12-07,"Cleveland, OH",Ohio,66,Moderate,PM2.5
2023-12-08,"Cleveland, OH",Ohio,66,Moderate,PM2.5
2023-12-09,"Cleveland, OH",Ohio,71,Moderate,PM2.5
2023-12-10,"Cleveland, OH",Ohio,33,Good,PM2.5
2023-12-11,"Cleveland, OH",Ohio,38,Good,PM2.5
2023-12-12,"Cleveland, OH",Ohio,54,Moderate,PM2.5
2023-12-13,"Cleveland, OH",Ohio,57,Moderate,PM2.5
2023-12-14,"Cleveland, OH",Ohio,56,Moderate,PM2.5
2023-12-15,"Cleveland, OH",Ohio,66,Moderate,PM2.5
2023-12-16,"Cleveland, OH",Ohio,74,Moderate,PM2.5
2023-12-17,"Cleveland, OH",Ohio,55,Moderate,PM2.5
2023-12-18,"Cleveland, OH",Ohio,40,Good,PM2.5
2023-12-19,"Cleveland, OH",Ohio,31,Good,Ozone
2023-12-20,"Cleveland, OH",Ohio,67,Moderate,PM2.5
2023-12-21,"Cleveland, OH",Ohio,67,Moderate,PM2.5
2023-12-22,"Cleveland, OH",Ohio,84,Moderate,PM2.5
2023-12-23,"Cleveland, OH",Ohio,80,Moderate,PM2.5
2023-12-24,"Cleveland, OH",Ohio,94,Moderate,PM2.5
2023-12-25,"Cleveland, OH",Ohio,72,Moderate,PM2.5
2023-12-26,"Cleveland, OH",Ohio,44,Good,PM2.5
2023-12-27,"Cleveland, OH",Ohio,43,Good,PM2.5
2023-12-28,"Cleveland, OH",Ohio,50,Good,PM2.5
2023-12-29,"Cleveland, OH",Ohio,59,Moderate,PM2.5
2023-12-30,"Cleveland, OH",Ohio,33,Good,PM2.5
2023-12-31,"Cleveland, OH",Ohio,62,Moderate,PM2.5
2024-01-01,"Cleveland, OH",Ohio,47,Good,PM2.5
2024-01-02,"Cleveland, OH",Ohio,50,Good,PM2.5
2024-01-03,"Cleveland, OH",Ohio,63,Moderate,PM2.5
2024-01-04,"Cleveland, OH",Ohio,32,Good,Ozone
2024-01-05,"Cleveland, OH",Ohio,63,Moderate,PM2.5
2024-01-06,"Cleveland, OH",Ohio,69,Moderate,PM2.5
2024-01-07,"Cleveland, OH",Ohio,71,Moderate,PM2.5
2024-01-08,"Cleveland, OH",Ohio,74,Moderate,PM2.5
2024-01-09,"Cleveland, OH",Ohio,40,Good,PM2.5
2024-01-10,"Cleveland, OH",Ohio,28,Good,Ozone
2024-01-11,"Cleveland, OH",Ohio,60,Moderate,PM2.5
2024-01-12,"Cleveland, OH",Ohio,55,Moderate,PM2.5
2024-01-13,"Cleveland, OH",Ohio,49,Good,PM2.5
2024-01-14,"Cleveland, OH",Ohio,44,Good,PM10
2024-01-15,"Cleveland, OH",Ohio,51,Moderate,PM2.5
2024-01-16,"Cleveland, OH",Ohio,53,Moderate,PM2.5
2024-01-17,"Cleveland, OH",Ohio,52,Moderate,PM2.5
2024-01-18,"Cleveland, OH",Ohio,57,Moderate,PM2.5
2024-01-19,"Cleveland, OH",Ohio,73,Moderate,PM2.5
2024-01-20,"Cleveland, OH",Ohio,32,Good,Ozone
2024-01-21,"Cleveland, OH",Ohio,51,Moderate,PM2.5
2024-01-22,"Cleveland, OH",Ohio,73,Moderate,PM2.5
2024-01-23,"Cleveland, OH",Ohio,64,Moderate,PM2.5
2024-01-24,"Cleveland, OH",Ohio,64,Moderate,PM2.5
2024-01-25,"Cleveland, OH",Ohio,60,Moderate,PM2.5
2024-01-26,"Cleveland, OH",Ohio,38,Good,PM2.5
2024-01-27,"Cleveland, OH",Ohio,52,Moderate,PM2.5
2024-01-28,"Cleveland, OH",Ohio,24,Good,Ozone
2024-01-29,"Cleveland, OH",Ohio,33,Good,PM2.5
2024-01-30,"Cleveland, OH",Ohio,66,Moderate,PM2.5
2024-01-31,"Cleveland, OH",Ohio,70,Moderate,PM2.5
2024-02-01,"Cleveland, OH",Ohio,66,Moderate,PM2.5
2024-02-02,"Cleveland, OH",Ohio,49,Good,PM2.5
2024-02-03,"Cleveland, OH",Ohio,58,Moderate,PM2.5
2024-02-04,"Cleveland, OH",Ohio,71,Moderate,PM2.5
2024-02-05,"Cleveland, OH",Ohio,64,Moderate,PM2.5
2024-02-06,"Cleveland, OH",Ohio,53,Moderate,PM2.5
2024-02-07,"Cleveland, OH",Ohio,66,Moderate,PM2.5
2024-02-08,"Cleveland, OH",Ohio,72,Moderate,PM10
2024-02-09,"Cleveland, OH",Ohio,62,Moderate,PM2.5
2024-02-10,"Cleveland, OH",Ohio,63,Moderate,PM2.5
2024-02-11,"Cleveland, OH",Ohio,55,Moderate,PM2.5
2024-02-12,"Cleveland, OH",Ohio,69,Moderate,PM2.5
2024-02-13,"Cleveland, OH",Ohio,58,Moderate,PM2.5
2024-02-14,"Cleveland, OH",Ohio,36,Good,NO2
2024-02-15,"Cleveland, OH",Ohio,56,Moderate,PM2.5
2024-02-16,"Cleveland, OH",Ohio,33,Good,Ozone
2024-02-17,"Cleveland, OH",Ohio,33,Good,Ozone
2024-02-18,"Cleveland, OH",Ohio,52,Moderate,PM2.5
2024-02-19,"Cleveland, OH",Ohio,62,Moderate,PM2.5
2024-02-20,"Cleveland, OH",Ohio,87,Moderate,PM2.5
2024-02-21,"Cleveland, OH",Ohio,70,Moderate,PM2.5
2024-02-22,"Cleveland, OH",Ohio,88,Moderate,PM2.5
2024-02-23,"Cleveland, OH",Ohio,85,Moderate,PM2.5
2024-02-24,"Cleveland, OH",Ohio,34,Good,Ozone
2024-02-25,"Cleveland, OH",Ohio,52,Moderate,PM10
2024-02-26,"Cleveland, OH",Ohio,67,Moderate,PM2.5
2024-02-27,"Cleveland, OH",Ohio,82,Moderate,PM2.5
2024-02-28,"Cleveland, OH",Ohio,53,Moderate,PM2.5
2024-02-29,"Cleveland, OH",Ohio,47,Good,PM2.5
2024-03-01,"Cleveland, OH",Ohio,65,Moderate,PM2.5
2024-03-02,"Cleveland, OH",Ohio,69,Moderate,PM2.5
2024-03-03,"Cleveland, OH",Ohio,69,Moderate,PM2.5
2024-03-04,"Cleveland, OH",Ohio,74,Moderate,PM2.5
2024-03-05,"Cleveland, OH",Ohio,55,Moderate,PM2.5
2024-03-06,"Cleveland, OH",Ohio,38,Good,PM2.5
2024-03-07,"Cleveland, OH",Ohio,41,Good,PM2.5
2024-03-08,"Cleveland, OH",Ohio,54,Moderate,PM2.5
2024-03-09,"Cleveland, OH",Ohio,36,Good,PM2.5
2024-03-10,"Cleveland, OH",Ohio,37,Good,Ozone
2024-03-11,"Cleveland, OH",Ohio,40,Good,Ozone
2024-03-12,"Cleveland, OH",Ohio,54,Moderate,PM2.5
2024-03-13,"Cleveland, OH",Ohio,83,Moderate,PM2.5
2024-03-14,"Cleveland, OH",Ohio,88,Moderate,PM2.5
2024-03-15,"Cleveland, OH",Ohio,54,Moderate,PM2.5
2024-03-16,"Cleveland, OH",Ohio,55,Moderate,PM2.5
2024-03-17,"Cleveland, OH",Ohio,38,Good,Ozone
2024-03-18,"Cleveland, OH",Ohio,36,Good,Ozone
2024-03-19,"Cleveland, OH",Ohio,44,Good,PM2.5
2024-03-20,"Cleveland, OH",Ohio,38,Good,Ozone
2024-03-21,"Cleveland, OH",Ohio,34,Good,Ozone
2024-03-22,"Cleveland, OH",Ohio,36,Good,PM2.5
2024-03-23,"Cleveland, OH",Ohio,39,Good,Ozone
2024-03-24,"Cleveland, OH",Ohio,41,Good,Ozone
2024-03-25,"Cleveland, OH",Ohio,58,Moderate,PM2.5
2024-03-26,"Cleveland, OH",Ohio,56,Moderate,PM2.5
2024-03-27,"Cleveland, OH",Ohio,43,Good,PM2.5
2024-03-28,"Cleveland, OH",Ohio,62,Moderate,PM2.5
2024-03-29,"Cleveland, OH",Ohio,52,Moderate,PM2.5
2024-03-30,"Cleveland, OH",Ohio,63,Moderate,PM2.5
2024-03-31,"Cleveland, OH",Ohio,61,Moderate,PM2.5
2024-04-01,"Cleveland, OH",Ohio,56,Moderate,PM2.5
2024-04-02,"Cleveland, OH",Ohio,49,Good,PM2.5
2024-04-03,"Cleveland, OH",Ohio,39,Good,PM2.5
2024-04-04,"Cleveland, OH",Ohio,36,Good,Ozone
2024-04-05,"Cleveland, OH",Ohio,41,Good,Ozone
2024-04-06,"Cleveland, OH",Ohio,43,Good,Ozone
2024-04-07,"Cleveland, OH",Ohio,42,Good,Ozone
2024-04-08,"Cleveland, OH",Ohio,53,Moderate,PM2.5
2024-04-09,"Cleveland, OH",Ohio,87,Moderate,PM10
2024-04-10,"Cleveland, OH",Ohio,42,Good,PM2.5
2024-04-11,"Cleveland, OH",Ohio,50,Good,PM2.5
2024-04-12,"Cleveland, OH",Ohio,41,Good,Ozone
2024-04-13,"Cleveland, OH",Ohio,46,Good,Ozone
2024-04-14,"Cleveland, OH",Ohio,51,Moderate,Ozone
2024-04-15,"Cleveland, OH",Ohio,48,Good,Ozone
2024-04-16,"Cleveland, OH",Ohio,54,Moderate,Ozone
2024-04-17,"Cleveland, OH",Ohio,56,Moderate,PM2.5
2024-04-18,"Cleveland, OH",Ohio,44,Good,Ozone
2024-04-19,"Cleveland, OH",Ohio,45,Good,PM2.5
2024-04-20,"Cleveland, OH",Ohio,38,Good,Ozone
2024-04-21,"Cleveland, OH",Ohio,37,Good,Ozone
2024-04-22,"Cleveland, OH",Ohio,53,Moderate,PM2.5
2024-04-23,"Cleveland, OH",Ohio,64,Moderate,PM10
2024-04-24,"Cleveland, OH",Ohio,38,Good,Ozone
2024-04-25,"Cleveland, OH",Ohio,40,Good,Ozone
2024-04-26,"Cleveland, OH",Ohio,52,Moderate,PM2.5
2024-04-27,"Cleveland, OH",Ohio,59,Moderate,PM2.5
2024-04-28,"Cleveland, OH",Ohio,59,Moderate,PM2.5
2024-04-29,"Cleveland, OH",Ohio,48,Good,Ozone
2024-04-30,"Cleveland, OH",Ohio,49,Good,Ozone
2024-05-01,"Cleveland, OH",Ohio,64,Moderate,Ozone
2024-05-02,"Cleveland, OH",Ohio,47,Good,PM10
2024-05-03,"Cleveland, OH",Ohio,64,Moderate,PM2.5
2024-05-04,"Cleveland, OH",Ohio,55,Moderate,PM2.5
2024-05-05,"Cleveland, OH",Ohio,51,Moderate,PM2.5
2024-05-06,"Cleveland, OH",Ohio,39,Good,Ozone
2024-05-07,"Cleveland, OH",Ohio,48,Good,Ozone
2024-05-08,"Cleveland, OH",Ohio,54,Moderate,Ozone
2024-05-09,"Cleveland, OH",Ohio,30,Good,Ozone
2024-05-10,"Cleveland, OH",Ohio,34,Good,Ozone
2024-05-11,"Cleveland, OH",Ohio,50,Good,PM2.5
2024-05-12,"Cleveland, OH",Ohio,51,Moderate,PM2.5
2024-05-13,"Cleveland, OH",Ohio,71,Moderate,Ozone
2024-05-14,"Cleveland, OH",Ohio,57,Moderate,PM2.5
2024-05-15,"Cleveland, OH",Ohio,62,Moderate,PM2.5
2024-05-16,"Cleveland, OH",Ohio,56,Moderate,PM2.5
2024-05-17,"Cleveland, OH",Ohio,57,Moderate,PM2.5
2024-05-18,"Cleveland, OH",Ohio,71,Moderate,PM2.5
2024-05-19,"Cleveland, OH",Ohio,80,Moderate,Ozone
2024-05-20,"Cleveland, OH",Ohio,115,Unhealthy for Sensitive Groups,Ozone
2024-05-21,"Cleveland, OH",Ohio,97,Moderate,Ozone
2024-05-22,"Cleveland, OH",Ohio,80,Moderate,PM10
2024-05-23,"Cleveland, OH",Ohio,64,Moderate,Ozone
2024-05-24,"Cleveland, OH",Ohio,97,Moderate,Ozone
2024-05-25,"Cleveland, OH",Ohio,77,Moderate,Ozone
2024-05-26,"Cleveland, OH",Ohio,56,Moderate,PM2.5
2024-05-27,"Cleveland, OH",Ohio,44,Good,Ozone
2024-05-28,"Cleveland, OH",Ohio,44,Good,Ozone
2024-05-29,"Cleveland, OH",Ohio,38,Good,Ozone
2024-05-30,"Cleveland, OH",Ohio,52,Moderate,PM2.5
2024-05-31,"Cleveland, OH",Ohio,77,Moderate,Ozone
2024-06-01,"Cleveland, OH",Ohio,87,Moderate,Ozone
2024-06-02,"Cleveland, OH",Ohio,57,Moderate,PM2.5
2024-06-03,"Cleveland, OH",Ohio,53,Moderate,PM2.5
2024-06-04,"Cleveland, OH",Ohio,61,Moderate,PM2.5
2024-06-05,"Cleveland, OH",Ohio,92,Moderate,PM2.5
2024-06-06,"Cleveland, OH",Ohio,58,Moderate,Ozone
2024-06-07,"Cleveland, OH",Ohio,48,Good,PM10
2024-06-08,"Cleveland, OH",Ohio,55,Moderate,PM2.5
2024-06-09,"Cleveland, OH",Ohio,44,Good,Ozone
2024-06-10,"Cleveland, OH",Ohio,33,Good,Ozone
2024-06-11,"Cleveland, OH",Ohio,75,Moderate,PM2.5
2024-06-12,"Cleveland, OH",Ohio,93,Moderate,Ozone
2024-06-13,"Cleveland, OH",Ohio,100,Moderate,Ozone
2024-06-14,"Cleveland, OH",Ohio,52,Moderate,PM2.5
2024-06-15,"Cleveland, OH",Ohio,34,Good,Ozone
2024-06-16,"Cleveland, OH",Ohio,64,Moderate,Ozone
2024-06-17,"Cleveland, OH",Ohio,91,Moderate,PM2.5
2024-06-18,"Cleveland, OH",Ohio,65,Moderate,PM2.5
2024-06-19,"Cleveland, OH",Ohio,90,Moderate,Ozone
2024-06-20,"Cleveland, OH",Ohio,112,Unhealthy for Sensitive Groups,Ozone
2024-06-21,"Cleveland, OH",Ohio,97,Moderate,Ozone
2024-06-22,"Cleveland, OH",Ohio,105,Unhealthy for Sensitive Groups,Ozone
2024-06-23,"Cleveland, OH",Ohio,54,Moderate,PM2.5
2024-06-24,"Cleveland, OH",Ohio,44,Good,PM2.5
2024-06-25,"Cleveland, OH",Ohio,60,Moderate,PM2.5
2024-06-26,"Cleveland, OH",Ohio,59,Moderate,PM2.5
2024-06-27,"Cleveland, OH",Ohio,33,Good,Ozone
2024-06-28,"Cleveland, OH",Ohio,54,Moderate,PM2.5
2024-06-29,"Cleveland, OH",Ohio,74,Moderate,PM2.5
2024-06-30,"Cleveland, OH",Ohio,39,Good,PM2.5
2024-07-01,"Cleveland, OH",Ohio,31,Good,Ozone
2024-07-02,"Cleveland, OH",Ohio,84,Moderate,PM2.5
2024-07-03,"Cleveland, OH",Ohio,61,Moderate,PM2.5
2024-07-04,"Cleveland, OH",Ohio,85,Moderate,PM2.5
2024-07-05,"Cleveland, OH",Ohio,120,Unhealthy for Sensitive Groups,PM2.5
2024-07-06,"Cleveland, OH",Ohio,51,Moderate,Ozone
2024-07-07,"Cleveland, OH",Ohio,59,Moderate,PM2.5
2024-07-08,"Cleveland, OH",Ohio,97,Moderate,Ozone
2024-07-09,"Cleveland, OH",Ohio,71,Moderate,Ozone
2024-07-10,"Cleveland, OH",Ohio,41,Good,Ozone
2024-07-11,"Cleveland, OH",Ohio,57,Moderate,PM2.5
2024-07-12,"Cleveland, OH",Ohio,64,Moderate,Ozone
2024-07-13,"Cleveland, OH",Ohio,67,Moderate,Ozone
2024-07-14,"Cleveland, OH",Ohio,69,Moderate,PM2.5
2024-07-15,"Cleveland, OH",Ohio,80,Moderate,Ozone
2024-07-16,"Cleveland, OH",Ohio,74,Moderate,Ozone
2024-07-17,"Cleveland, OH",Ohio,64,Moderate,PM2.5
2024-07-18,"Cleveland, OH",Ohio,31,Good,Ozone
2024-07-19,"Cleveland, OH",Ohio,38,Good,Ozone
2024-07-20,"Cleveland, OH",Ohio,64,Moderate,Ozone
2024-07-21,"Cleveland, OH",Ohio,84,Moderate,Ozone
2024-07-22,"Cleveland, OH",Ohio,61,Moderate,PM2.5
2024-07-23,"Cleveland, OH",Ohio,87,Moderate,Ozone
2024-07-24,"Cleveland, OH",Ohio,60,Moderate,PM2.5
2024-07-25,"Cleveland, OH",Ohio,46,Good,PM2.5
2024-07-26,"Cleveland, OH",Ohio,56,Moderate,PM2.5
2024-07-27,"Cleveland, OH",Ohio,57,Moderate,PM2.5
2024-07-28,"Cleveland, OH",Ohio,93,Moderate,Ozone
2024-07-29,"Cleveland, OH",Ohio,75,Moderate,PM2.5
2024-07-30,"Cleveland, OH",Ohio,53,Moderate,PM2.5
2024-07-31,"Cleveland, OH",Ohio,101,Unhealthy for Sensitive Groups,Ozone
2024-08-01,"Cleveland, OH",Ohio,87,Moderate,Ozone
2024-08-02,"Cleveland, OH",Ohio,45,Good,Ozone
2024-08-03,"Cleveland, OH",Ohio,47,Good,Ozone
2024-08-04,"Cleveland, OH",Ohio,72,Moderate,PM2.5
2024-08-05,"Cleveland, OH",Ohio,65,Moderate,PM2.5
2024-08-06,"Cleveland, OH",Ohio,52,Moderate,PM2.5
2024-08-07,"Cleveland, OH",Ohio,51,Moderate,PM2.5
2024-08-08,"Cleveland, OH",Ohio,44,Good,PM2.5
2024-08-09,"Cleveland, OH",Ohio,46,Good,Ozone
2024-08-10,"Cleveland, OH",Ohio,53,Moderate,PM2.5
2024-08-11,"Cleveland, OH",Ohio,41,Good,PM2.5
2024-08-12,"Cleveland, OH",Ohio,41,Good,PM2.5
2024-08-13,"Cleveland, OH",Ohio,67,Moderate,PM2.5
2024-08-14,"Cleveland, OH",Ohio,75,Moderate,PM2.5
2024-08-15,"Cleveland, OH",Ohio,73,Moderate,PM2.5
2024-08-16,"Cleveland, OH",Ohio,71,Moderate,PM2.5
2024-08-17,"Cleveland, OH",Ohio,56,Moderate,PM2.5
2024-08-18,"Cleveland, OH",Ohio,41,Good,PM2.5
2024-08-19,"Cleveland, OH",Ohio,51,Moderate,PM2.5
2024-08-20,"Cleveland, OH",Ohio,33,Good,Ozone
2024-08-21,"Cleveland, OH",Ohio,42,Good,PM2.5
2024-08-22,"Cleveland, OH",Ohio,61,Moderate,PM2.5
2024-08-23,"Cleveland, OH",Ohio,77,Moderate,Ozone
2024-08-24,"Cleveland, OH",Ohio,122,Unhealthy for Sensitive Groups,Ozone
2024-08-25,"Cleveland, OH",Ohio,79,Moderate,PM2.5
2024-08-26,"Cleveland, OH",Ohio,75,Moderate,PM2.5
2024-08-27,"Cleveland, OH",Ohio,87,Moderate,Ozone
2024-08-28,"Cleveland, OH",Ohio,57,Moderate,PM2.5
2024-08-29,"Cleveland, OH",Ohio,52,Moderate,PM2.5
2024-08-30,"Cleveland, OH",Ohio,62,Moderate,PM2.5
2024-08-31,"Cleveland, OH",Ohio,55,Moderate,PM2.5
2024-09-01,"Cleveland, OH",Ohio,56,Moderate,PM2.5
2024-09-02,"Cleveland, OH",Ohio,31,Good,Ozone
2024-09-03,"Cleveland, OH",Ohio,55,Moderate,PM2.5
2024-09-04,"Cleveland, OH",Ohio,53,Moderate,PM2.5
2024-09-05,"Cleveland, OH",Ohio,74,Moderate,Ozone
2024-09-06,"Cleveland, OH",Ohio,68,Moderate,PM2.5
2024-09-07,"Cleveland, OH",Ohio,31,Good,Ozone
2024-09-08,"Cleveland, OH",Ohio,37,Good,Ozone
2024-09-09,"Cleveland, OH",Ohio,52,Moderate,PM2.5
2024-09-10,"Cleveland, OH",Ohio,59,Moderate,PM2.5
2024-09-11,"Cleveland, OH",Ohio,68,Moderate,PM2.5
2024-09-12,"Cleveland, OH",Ohio,84,Moderate,Ozone
2024-09-13,"Cleveland, OH",Ohio,61,Moderate,PM2.5
2024-09-14,"Cleveland, OH",Ohio,56,Moderate,PM2.5
2024-09-15,"Cleveland, OH",Ohio,69,Moderate,PM2.5
2024-09-16,"Cleveland, OH",Ohio,64,Moderate,PM2.5
2024-09-17,"Cleveland, OH",Ohio,54,Moderate,PM2.5
2024-09-18,"Cleveland, OH",Ohio,58,Moderate,PM2.5
2024-09-19,"Cleveland, OH",Ohio,52,Moderate,PM2.5
2024-09-20,"Cleveland, OH",Ohio,67,Moderate,PM2.5
2024-09-21,"Cleveland, OH",Ohio,71,Moderate,Ozone
2024-09-22,"Cleveland, OH",Ohio,66,Moderate,PM2.5
2024-09-23,"Cleveland, OH",Ohio,46,Good,PM2.5
2024-09-24,"Cleveland, OH",Ohio,54,Moderate,PM2.5
2024-09-25,"Cleveland, OH",Ohio,49,Good,PM2.5
2024-09-26,"Cleveland, OH",Ohio,36,Good,Ozone
2024-09-27,"Cleveland, OH",Ohio,34,Good,PM2.5
2024-09-28,"Cleveland, OH",Ohio,25,Good,PM2.5
2024-09-29,"Cleveland, OH",Ohio,26,Good,PM2.5
2024-09-30,"Cleveland, OH",Ohio,30,Good,PM2.5
2024-10-01,"Cleveland, OH",Ohio,39,Good,PM2.5
2024-10-02,"Cleveland, OH",Ohio,35,Good,Ozone
2024-10-03,"Cleveland, OH",Ohio,56,Moderate,PM2.5
2024-10-04,"Cleveland, OH",Ohio,59,Moderate,PM2.5
2024-10-05,"Cleveland, OH",Ohio,39,Good,PM2.5
2024-10-06,"Cleveland, OH",Ohio,69,Moderate,PM2.5
2024-10-07,"Cleveland, OH",Ohio,72,Moderate,PM10
2024-10-08,"Cleveland, OH",Ohio,47,Good,PM2.5
2024-10-09,"Cleveland, OH",Ohio,37,Good,Ozone
2024-10-10,"Cleveland, OH",Ohio,41,Good,PM2.5
2024-10-11,"Cleveland, OH",Ohio,51,Moderate,PM10
2024-10-12,"Cleveland, OH",Ohio,40,Good,PM2.5
2024-10-13,"Cleveland, OH",Ohio,51,Moderate,PM2.5
2024-10-14,"Cleveland, OH",Ohio,26,Good,Ozone
2024-10-15,"Cleveland, OH",Ohio,25,Good,Ozone
2024-10-16,"Cleveland, OH",Ohio,29,Good,Ozone
2024-10-17,"Cleveland, OH",Ohio,42,Good,PM2.5
2024-10-18,"Cleveland, OH",Ohio,70,Moderate,PM2.5
2024-10-19,"Cleveland, OH",Ohio,61,Moderate,PM2.5
2024-10-20,"Cleveland, OH",Ohio,68,Moderate,PM2.5
2024-10-21,"Cleveland, OH",Ohio,72,Moderate,PM2.5
2024-10-22,"Cleveland, OH",Ohio,63,Moderate,PM10
2024-10-23,"Cleveland, OH",Ohio,53,Moderate,PM2.5
2024-10-24,"Cleveland, OH",Ohio,38,Good,PM2.5
2024-10-25,"Cleveland, OH",Ohio,52,Moderate,PM2.5
2024-10-26,"Cleveland, OH",Ohio,35,Good,Ozone
2024-10-27,"Cleveland, OH",Ohio,57,Moderate,PM2.5
2024-10-28,"Cleveland, OH",Ohio,60,Moderate,PM10
2024-10-29,"Cleveland, OH",Ohio,62,Moderate,PM2.5
2024-10-30,"Cleveland, OH",Ohio,77,Moderate,PM2.5
2024-10-31,"Cleveland, OH",Ohio,61,Moderate,PM10
2024-11-01,"Cleveland, OH",Ohio,31,Good,Ozone
2024-11-02,"Cleveland, OH",Ohio,56,Moderate,PM2.5
2024-11-03,"Cleveland, OH",Ohio,38,Good,Ozone
2024-11-04,"Cleveland, OH",Ohio,64,Moderate,PM10
2024-11-05,"Cleveland, OH",Ohio,71,Moderate,PM10
2024-11-06,"Cleveland, OH",Ohio,39,Good,PM2.5
2024-11-07,"Cleveland, OH",Ohio,26,Good,NO2
2024-11-08,"Cleveland, OH",Ohio,43,Good,PM2.5
2024-11-09,"Cleveland, OH",Ohio,28,Good,Ozone
2024-11-10,"Cleveland, OH",Ohio,57,Moderate,PM2.5
2024-11-11,"Cleveland, OH",Ohio,24,Good,PM2.5
2024-11-12,"Cleveland, OH",Ohio,47,Good,CO
2024-11-13,"Cleveland, OH",Ohio,48,Good,CO
2024-11-14,"Cleveland, OH",Ohio,47,Good,PM2.5
2024-11-15,"Cleveland, OH",Ohio,53,Moderate,PM2.5
2024-11-16,"Cleveland, OH",Ohio,30,Good,PM2.5
2024-11-17,"Cleveland, OH",Ohio,57,Moderate,PM2.5
2024-11-18,"Cleveland, OH",Ohio,66,Moderate,PM2.5
2024-11-19,"Cleveland, OH",Ohio,59,Moderate,PM2.5
2024-11-20,"Cleveland, OH",Ohio,71,Moderate,PM2.5
2024-11-21,"Cleveland, OH",Ohio,23,Good,PM2.5
2024-11-22,"Cleveland, OH",Ohio,23,Good,PM2.5
2024-11-23,"Cleveland, OH",Ohio,22,Good,Ozone
2024-11-24,"Cleveland, OH",Ohio,52,Moderate,PM2.5
2024-11-25,"Cleveland, OH",Ohio,61,Moderate,PM2.5
2024-11-26,"Cleveland, OH",Ohio,68,Moderate,PM2.5
2024-11-27,"Cleveland, OH",Ohio,42,Good,PM2.5
2024-11-28,"Cleveland, OH",Ohio,36,Good,PM2.5
2024-11-29,"Cleveland, OH",Ohio,45,Good,PM2.5
2024-11-30,"Cleveland, OH",Ohio,48,Good,PM2.5
2024-12-01,"Cleveland, OH",Ohio,41,Good,PM2.5
2024-12-02,"Cleveland, OH",Ohio,53,Moderate,PM2.5
2024-12-03,"Cleveland, OH",Ohio,56,Moderate,PM2.5
2024-12-04,"Cleveland, OH",Ohio,58,Moderate,PM2.5
2024-12-05,"Cleveland, OH",Ohio,32,Good,Ozone
2024-12-06,"Cleveland, OH",Ohio,36,Good,PM2.5
2024-12-07,"Cleveland, OH",Ohio,42,Good,PM2.5
2024-12-08,"Cleveland, OH",Ohio,52,Moderate,PM2.5
2024-12-09,"Cleveland, OH",Ohio,37,Good,PM2.5
2024-12-10,"Cleveland, OH",Ohio,62,Moderate,PM2.5
2024-12-11,"Cleveland, OH",Ohio,52,Moderate,PM2.5
2024-12-12,"Cleveland, OH",Ohio,34,Good,PM2.5
2024-12-13,"Cleveland, OH",Ohio,46,Good,PM2.5
2024-12-14,"Cleveland, OH",Ohio,58,Moderate,PM2.5
2024-12-15,"Cleveland, OH",Ohio,56,Moderate,PM2.5
2024-12-16,"Cleveland, OH",Ohio,39,Good,PM2.5
2024-12-17,"Cleveland, OH",Ohio,56,Moderate,PM2.5
2024-12-18,"Cleveland, OH",Ohio,73,Moderate,PM2.5
2024-12-19,"Cleveland, OH",Ohio,40,Good,PM2.5
2024-12-20,"Cleveland, OH",Ohio,52,Moderate,PM2.5
2024-12-21,"Cleveland, OH",Ohio,35,Good,Ozone
2024-12-22,"Cleveland, OH",Ohio,35,Good,Ozone
2024-12-23,"Cleveland, OH",Ohio,59,Moderate,PM2.5
2024-12-24,"Cleveland, OH",Ohio,61,Moderate,PM2.5
2024-12-25,"Cleveland, OH",Ohio,63,Moderate,PM2.5
2024-12-26,"Cleveland, OH",Ohio,56,Moderate,PM2.5
2024-12-27,"Cleveland, OH",Ohio,61,Moderate,PM2.5
2024-12-28,"Cleveland, OH",Ohio,36,Good,PM2.5
2024-12-29,"Cleveland, OH",Ohio,36,Good,PM2.5
2024-12-30,"Cleveland, OH",Ohio,26,Good,PM2.5
2024-12-31,"Cleveland, OH",Ohio,44,Good,PM2.5
2023-01-01,"Denver, CO",Colorado,62,Moderate,PM2.5
2023-01-02,"Denver, CO",Colorado,55,Moderate,PM2.5
2023-01-03,"Denver, CO",Colorado,49,Good,PM2.5
2023-01-04,"Denver, CO",Colorado,64,Moderate,PM2.5
2023-01-05,"Denver, CO",Colorado,75,Moderate,PM2.5
2023-01-06,"Denver, CO",Colorado,87,Moderate,PM2.5
2023-01-07,"Denver, CO",Colorado,63,Moderate,PM2.5
2023-01-08,"Denver, CO",Colorado,54,Moderate,NO2
2023-01-09,"Denver, CO",Colorado,60,Moderate,NO2
2023-01-10,"Denver, CO",Colorado,55,Moderate,PM2.5
2023-01-11,"Denver, CO",Colorado,58,Moderate,PM2.5
2023-01-12,"Denver, CO",Colorado,62,Moderate,PM2.5
2023-01-13,"Denver, CO",Colorado,83,Moderate,PM2.5
2023-01-14,"Denver, CO",Colorado,54,Moderate,PM2.5
2023-01-15,"Denver, CO",Colorado,54,Moderate,PM2.5
2023-01-16,"Denver, CO",Colorado,60,Moderate,PM2.5
2023-01-17,"Denver, CO",Colorado,79,Moderate,PM2.5
2023-01-18,"Denver, CO",Colorado,41,Good,PM2.5
2023-01-19,"Denver, CO",Colorado,57,Moderate,PM2.5
2023-01-20,"Denver, CO",Colorado,62,Moderate,PM2.5
2023-01-21,"Denver, CO",Colorado,60,Moderate,PM2.5
2023-01-22,"Denver, CO",Colorado,46,Good,NO2
2023-01-23,"Denver, CO",Colorado,75,Moderate,PM2.5
2023-01-24,"Denver, CO",Colorado,77,Moderate,PM2.5
2023-01-25,"Denver, CO",Colorado,52,Moderate,PM2.5
2023-01-26,"Denver, CO",Colorado,50,Good,NO2
2023-01-27,"Denver, CO",Colorado,46,Good,NO2
2023-01-28,"Denver, CO",Colorado,46,Good,NO2
2023-01-29,"Denver, CO",Colorado,46,Good,PM2.5
2023-01-30,"Denver, CO",Colorado,54,Moderate,PM2.5
2023-01-31,"Denver, CO",Colorado,67,Moderate,PM2.5
2023-02-01,"Denver, CO",Colorado,66,Moderate,NO2
2023-02-02,"Denver, CO",Colorado,64,Moderate,NO2
2023-02-03,"Denver, CO",Colorado,65,Moderate,NO2
2023-02-04,"Denver, CO",Colorado,47,Good,NO2
2023-02-05,"Denver, CO",Colorado,63,Moderate,PM2.5
2023-02-06,"Denver, CO",Colorado,55,Moderate,NO2
2023-02-07,"Denver, CO",Colorado,45,Good,NO2
2023-02-08,"Denver, CO",Colorado,49,Good,PM2.5
2023-02-09,"Denver, CO",Colorado,36,Good,Ozone
2023-02-10,"Denver, CO",Colorado,51,Moderate,PM2.5
2023-02-11,"Denver, CO",Colorado,75,Moderate,PM2.5
2023-02-12,"Denver, CO",Colorado,54,Moderate,PM2.5
2023-02-13,"Denver, CO",Colorado,47,Good,NO2
2023-02-14,"Denver, CO",Colorado,45,Good,NO2
2023-02-15,"Denver, CO",Colorado,30,Good,Ozone
2023-02-16,"Denver, CO",Colorado,46,Good,NO2
2023-02-17,"Denver, CO",Colorado,61,Moderate,NO2
2023-02-18,"Denver, CO",Colorado,53,Moderate,NO2
2023-02-19,"Denver, CO",Colorado,56,Moderate,NO2
2023-02-20,"Denver, CO",Colorado,37,Good,NO2
2023-02-21,"Denver, CO",Colorado,43,Good,NO2
2023-02-22,"Denver, CO",Colorado,31,Good,PM2.5
2023-02-23,"Denver, CO",Colorado,38,Good,PM2.5
2023-02-24,"Denver, CO",Colorado,76,Moderate,PM2.5
2023-02-25,"Denver, CO",Colorado,73,Moderate,NO2
2023-02-26,"Denver, CO",Colorado,60,Moderate,NO2
2023-02-27,"Denver, CO",Colorado,53,Moderate,NO2
2023-02-28,"Denver, CO",Colorado,44,Good,NO2
2023-03-01,"Denver, CO",Colorado,55,Moderate,NO2
2023-03-02,"Denver, CO",Colorado,62,Moderate,PM2.5
2023-03-03,"Denver, CO",Colorado,52,Moderate,NO2
2023-03-04,"Denver, CO",Colorado,58,Moderate,PM2.5
2023-03-05,"Denver, CO",Colorado,51,Moderate,PM2.5
2023-03-06,"Denver, CO",Colorado,43,Good,NO2
2023-03-07,"Denver, CO",Colorado,58,Moderate,PM2.5
2023-03-08,"Denver, CO",Colorado,63,Moderate,PM2.5
2023-03-09,"Denver, CO",Colorado,48,Good,PM2.5
2023-03-10,"Denver, CO",Colorado,66,Moderate,PM2.5
2023-03-11,"Denver, CO",Colorado,45,Good,Ozone
2023-03-12,"Denver, CO",Colorado,39,Good,Ozone
2023-03-13,"Denver, CO",Colorado,54,Moderate,PM2.5
2023-03-14,"Denver, CO",Colorado,46,Good,Ozone
2023-03-15,"Denver, CO",Colorado,60,Moderate,NO2
2023-03-16,"Denver, CO",Colorado,39,Good,Ozone
2023-03-17,"Denver, CO",Colorado,45,Good,Ozone
2023-03-18,"Denver, CO",Colorado,50,Good,NO2
2023-03-19,"Denver, CO",Colorado,49,Good,Ozone
2023-03-20,"Denver, CO",Colorado,47,Good,NO2
2023-03-21,"Denver, CO",Colorado,46,Good,NO2
2023-03-22,"Denver, CO",Colorado,61,Moderate,PM2.5
2023-03-23,"Denver, CO",Colorado,61,Moderate,NO2
2023-03-24,"Denver, CO",Colorado,47,Good,Ozone
2023-03-25,"Denver, CO",Colorado,48,Good,Ozone
2023-03-26,"Denver, CO",Colorado,49,Good,Ozone
2023-03-27,"Denver, CO",Colorado,43,Good,Ozone
2023-03-28,"Denver, CO",Colorado,48,Good,NO2
2023-03-29,"Denver, CO",Colorado,68,Moderate,PM2.5
2023-03-30,"Denver, CO",Colorado,65,Moderate,PM2.5
2023-03-31,"Denver, CO",Colorado,46,Good,Ozone
2023-04-01,"Denver, CO",Colorado,49,Good,Ozone
2023-04-02,"Denver, CO",Colorado,47,Good,Ozone
2023-04-03,"Denver, CO",Colorado,42,Good,Ozone
2023-04-04,"Denver, CO",Colorado,41,Good,Ozone
2023-04-05,"Denver, CO",Colorado,42,Good,Ozone
2023-04-06,"Denver, CO",Colorado,50,Good,Ozone
2023-04-07,"Denver, CO",Colorado,49,Good,NO2
2023-04-08,"Denver, CO",Colorado,50,Good,Ozone
2023-04-09,"Denver, CO",Colorado,64,Moderate,Ozone
2023-04-10,"Denver, CO",Colorado,54,Moderate,Ozone
2023-04-11,"Denver, CO",Colorado,93,Moderate,Ozone
2023-04-12,"Denver, CO",Colorado,67,Moderate,Ozone
2023-04-13,"Denver, CO",Colorado,71,Moderate,Ozone
2023-04-14,"Denver, CO",Colorado,43,Good,PM2.5
2023-04-15,"Denver, CO",Colorado,51,Moderate,Ozone
2023-04-16,"Denver, CO",Colorado,71,Moderate,Ozone
2023-04-17,"Denver, CO",Colorado,80,Moderate,Ozone
2023-04-18,"Denver, CO",Colorado,71,Moderate,Ozone
2023-04-19,"Denver, CO",Colorado,46,Good,Ozone
2023-04-20,"Denver, CO",Colorado,48,Good,Ozone
2023-04-21,"Denver, CO",Colorado,51,Moderate,Ozone
2023-04-22,"Denver, CO",Colorado,55,Moderate,PM2.5
2023-04-23,"Denver, CO",Colorado,97,Moderate,Ozone
2023-04-24,"Denver, CO",Colorado,74,Moderate,Ozone
2023-04-25,"Denver, CO",Colorado,52,Moderate,PM2.5
2023-04-26,"Denver, CO",Colorado,62,Moderate,PM2.5
2023-04-27,"Denver, CO",Colorado,47,Good,Ozone
2023-04-28,"Denver, CO",Colorado,51,Moderate,Ozone
2023-04-29,"Denver, CO",Colorado,47,Good,Ozone
2023-04-30,"Denver, CO",Colorado,49,Good,Ozone
2023-05-01,"Denver, CO",Colorado,52,Moderate,PM2.5
2023-05-02,"Denver, CO",Colorado,59,Moderate,PM2.5
2023-05-03,"Denver, CO",Colorado,74,Moderate,Ozone
2023-05-04,"Denver, CO",Colorado,64,Moderate,Ozone
2023-05-05,"Denver, CO",Colorado,77,Moderate,Ozone
2023-05-06,"Denver, CO",Colorado,71,Moderate,Ozone
2023-05-07,"Denver, CO",Colorado,67,Moderate,Ozone
2023-05-08,"Denver, CO",Colorado,51,Moderate,Ozone
2023-05-09,"Denver, CO",Colorado,67,Moderate,Ozone
2023-05-10,"Denver, CO",Colorado,61,Moderate,PM2.5
2023-05-11,"Denver, CO",Colorado,47,Good,Ozone
2023-05-12,"Denver, CO",Colorado,44,Good,Ozone
2023-05-13,"Denver, CO",Colorado,44,Good,Ozone
2023-05-14,"Denver, CO",Colorado,33,Good,Ozone
2023-05-15,"Denver, CO",Colorado,51,Moderate,PM2.5
2023-05-16,"Denver, CO",Colorado,71,Moderate,Ozone
2023-05-17,"Denver, CO",Colorado,77,Moderate,Ozone
2023-05-18,"Denver, CO",Colorado,53,Moderate,PM2.5
2023-05-19,"Denver, CO",Colorado,179,Unhealthy,PM2.5
2023-05-20,"Denver, CO",Colorado,155,Unhealthy,PM2.5
2023-05-21,"Denver, CO",Colorado,87,Moderate,Ozone
2023-05-22,"Denver, CO",Colorado,108,Unhealthy for Sensitive Groups,Ozone
2023-05-23,"Denver, CO",Colorado,100,Moderate,Ozone
2023-05-24,"Denver, CO",Colorado,68,Moderate,PM2.5
2023-05-25,"Denver, CO",Colorado,55,Moderate,PM2.5
2023-05-26,"Denver, CO",Colorado,54,Moderate,PM2.5
2023-05-27,"Denver, CO",Colorado,51,Moderate,Ozone
2023-05-28,"Denver, CO",Colorado,67,Moderate,Ozone
2023-05-29,"Denver, CO",Colorado,71,Moderate,Ozone
2023-05-30,"Denver, CO",Colorado,54,Moderate,Ozone
2023-05-31,"Denver, CO",Colorado,54,Moderate,Ozone
2023-06-01,"Denver, CO",Colorado,48,Good,Ozone
2023-06-02,"Denver, CO",Colorado,67,Moderate,Ozone
2023-06-03,"Denver, CO",Colorado,51,Moderate,Ozone
2023-06-04,"Denver, CO",Colorado,44,Good,Ozone
2023-06-05,"Denver, CO",Colorado,48,Good,Ozone
2023-06-06,"Denver, CO",Colorado,77,Moderate,Ozone
2023-06-07,"Denver, CO",Colorado,67,Moderate,Ozone
2023-06-08,"Denver, CO",Colorado,100,Moderate,Ozone
2023-06-09,"Denver, CO",Colorado,67,Moderate,Ozone
2023-06-10,"Denver, CO",Colorado,80,Moderate,Ozone
2023-06-11,"Denver, CO",Colorado,49,Good,Ozone
2023-06-12,"Denver, CO",Colorado,46,Good,Ozone
2023-06-13,"Denver, CO",Colorado,55,Moderate,PM2.5
2023-06-14,"Denver, CO",Colorado,71,Moderate,Ozone
2023-06-15,"Denver, CO",Colorado,49,Good,Ozone
2023-06-16,"Denver, CO",Colorado,40,Good,PM2.5
2023-06-17,"Denver, CO",Colorado,61,Moderate,Ozone
2023-06-18,"Denver, CO",Colorado,51,Moderate,Ozone
2023-06-19,"Denver, CO",Colorado,71,Moderate,Ozone
2023-06-20,"Denver, CO",Colorado,77,Moderate,Ozone
2023-06-21,"Denver, CO",Colorado,67,Moderate,Ozone
2023-06-22,"Denver, CO",Colorado,43,Good,Ozone
2023-06-23,"Denver, CO",Colorado,74,Moderate,Ozone
2023-06-24,"Denver, CO",Colorado,80,Moderate,Ozone
2023-06-25,"Denver, CO",Colorado,51,Moderate,Ozone
2023-06-26,"Denver, CO",Colorado,58,Moderate,Ozone
2023-06-27,"Denver, CO",Colorado,53,Moderate,PM2.5
2023-06-28,"Denver, CO",Colorado,77,Moderate,Ozone
2023-06-29,"Denver, CO",Colorado,53,Moderate,PM2.5
2023-06-30,"Denver, CO",Colorado,44,Good,Ozone
2023-07-01,"Denver, CO",Colorado,64,Moderate,Ozone
2023-07-02,"Denver, CO",Colorado,64,Moderate,Ozone
2023-07-03,"Denver, CO",Colorado,77,Moderate,Ozone
2023-07-04,"Denver, CO",Colorado,48,Good,Ozone
2023-07-05,"Denver, CO",Colorado,58,Moderate,PM2.5
2023-07-06,"Denver, CO",Colorado,69,Moderate,PM2.5
2023-07-07,"Denver, CO",Colorado,58,Moderate,Ozone
2023-07-08,"Denver, CO",Colorado,61,Moderate,Ozone
2023-07-09,"Denver, CO",Colorado,67,Moderate,Ozone
2023-07-10,"Denver, CO",Colorado,58,Moderate,Ozone
2023-07-11,"Denver, CO",Colorado,87,Moderate,Ozone
2023-07-12,"Denver, CO",Colorado,93,Moderate,Ozone
2023-07-13,"Denver, CO",Colorado,84,Moderate,Ozone
2023-07-14,"Denver, CO",Colorado,64,Moderate,Ozone
2023-07-15,"Denver, CO",Colorado,90,Moderate,Ozone
2023-07-16,"Denver, CO",Colorado,90,Moderate,Ozone
2023-07-17,"Denver, CO",Colorado,74,Moderate,Ozone
2023-07-18,"Denver, CO",Colorado,46,Good,PM2.5
2023-07-19,"Denver, CO",Colorado,46,Good,Ozone
2023-07-20,"Denver, CO",Colorado,67,Moderate,Ozone
2023-07-21,"Denver, CO",Colorado,87,Moderate,Ozone
2023-07-22,"Denver, CO",Colorado,58,Moderate,Ozone
2023-07-23,"Denver, CO",Colorado,58,Moderate,Ozone
2023-07-24,"Denver, CO",Colorado,87,Moderate,Ozone
2023-07-25,"Denver, CO",Colorado,61,Moderate,Ozone
2023-07-26,"Denver, CO",Colorado,61,Moderate,Ozone
2023-07-27,"Denver, CO",Colorado,51,Moderate,Ozone
2023-07-28,"Denver, CO",Colorado,61,Moderate,Ozone
2023-07-29,"Denver, CO",Colorado,90,Moderate,Ozone
2023-07-30,"Denver, CO",Colorado,87,Moderate,Ozone
2023-07-31,"Denver, CO",Colorado,100,Moderate,Ozone
2023-08-01,"Denver, CO",Colorado,80,Moderate,Ozone
2023-08-02,"Denver, CO",Colorado,108,Unhealthy for Sensitive Groups,Ozone
2023-08-03,"Denver, CO",Colorado,50,Good,Ozone
2023-08-04,"Denver, CO",Colorado,97,Moderate,Ozone
2023-08-05,"Denver, CO",Colorado,67,Moderate,Ozone
2023-08-06,"Denver, CO",Colorado,55,Moderate,PM2.5
2023-08-07,"Denver, CO",Colorado,64,Moderate,Ozone
2023-08-08,"Denver, CO",Colorado,90,Moderate,Ozone
2023-08-09,"Denver, CO",Colorado,101,Unhealthy for Sensitive Groups,Ozone
2023-08-10,"Denver, CO",Colorado,77,Moderate,Ozone
2023-08-11,"Denver, CO",Colorado,74,Moderate,Ozone
2023-08-12,"Denver, CO",Colorado,46,Good,Ozone
2023-08-13,"Denver, CO",Colorado,45,Good,Ozone
2023-08-14,"Denver, CO",Colorado,77,Moderate,Ozone
2023-08-15,"Denver, CO",Colorado,100,Moderate,Ozone
2023-08-16,"Denver, CO",Colorado,53,Moderate,PM2.5
2023-08-17,"Denver, CO",Colorado,93,Moderate,Ozone
2023-08-18,"Denver, CO",Colorado,58,Moderate,Ozone
2023-08-19,"Denver, CO",Colorado,64,Moderate,Ozone
2023-08-20,"Denver, CO",Colorado,64,Moderate,Ozone
2023-08-21,"Denver, CO",Colorado,44,Good,Ozone
2023-08-22,"Denver, CO",Colorado,61,Moderate,Ozone
2023-08-23,"Denver, CO",Colorado,71,Moderate,Ozone
2023-08-24,"Denver, CO",Colorado,112,Unhealthy for Sensitive Groups,Ozone
2023-08-25,"Denver, CO",Colorado,41,Good,PM2.5
2023-08-26,"Denver, CO",Colorado,58,Moderate,Ozone
2023-08-27,"Denver, CO",Colorado,52,Moderate,PM2.5
2023-08-28,"Denver, CO",Colorado,64,Moderate,Ozone
2023-08-29,"Denver, CO",Colorado,64,Moderate,Ozone
2023-08-30,"Denver, CO",Colorado,61,Moderate,Ozone
2023-08-31,"Denver, CO",Colorado,48,Good,Ozone
2023-09-01,"Denver, CO",Colorado,52,Moderate,PM2.5
2023-09-02,"Denver, CO",Colorado,64,Moderate,Ozone
2023-09-03,"Denver, CO",Colorado,46,Good,Ozone
2023-09-04,"Denver, CO",Colorado,43,Good,Ozone
2023-09-05,"Denver, CO",Colorado,47,Good,Ozone
2023-09-06,"Denver, CO",Colorado,59,Moderate,PM2.5
2023-09-07,"Denver, CO",Colorado,54,Moderate,Ozone
2023-09-08,"Denver, CO",Colorado,61,Moderate,Ozone
2023-09-09,"Denver, CO",Colorado,61,Moderate,Ozone
2023-09-10,"Denver, CO",Colorado,70,Moderate,PM2.5
2023-09-11,"Denver, CO",Colorado,53,Moderate,PM2.5
2023-09-12,"Denver, CO",Colorado,54,Moderate,PM2.5
2023-09-13,"Denver, CO",Colorado,61,Moderate,Ozone
2023-09-14,"Denver, CO",Colorado,49,Good,PM2.5
2023-09-15,"Denver, CO",Colorado,47,Good,PM2.5
2023-09-16,"Denver, CO",Colorado,64,Moderate,Ozone
2023-09-17,"Denver, CO",Colorado,50,Good,Ozone
2023-09-18,"Denver, CO",Colorado,47,Good,Ozone
2023-09-19,"Denver, CO",Colorado,45,Good,Ozone
2023-09-20,"Denver, CO",Colorado,40,Good,Ozone
2023-09-21,"Denver, CO",Colorado,38,Good,Ozone
2023-09-22,"Denver, CO",Colorado,52,Moderate,PM2.5
2023-09-23,"Denver, CO",Colorado,54,Moderate,Ozone
2023-09-24,"Denver, CO",Colorado,58,Moderate,Ozone
2023-09-25,"Denver, CO",Colorado,67,Moderate,Ozone
2023-09-26,"Denver, CO",Colorado,67,Moderate,Ozone
2023-09-27,"Denver, CO",Colorado,55,Moderate,PM2.5
2023-09-28,"Denver, CO",Colorado,54,Moderate,PM2.5
2023-09-29,"Denver, CO",Colorado,53,Moderate,PM2.5
2023-09-30,"Denver, CO",Colorado,47,Good,PM2.5
2023-10-01,"Denver, CO",Colorado,37,Good,Ozone
2023-10-02,"Denver, CO",Colorado,38,Good,Ozone
2023-10-03,"Denver, CO",Colorado,43,Good,Ozone
2023-10-04,"Denver, CO",Colorado,46,Good,NO2
2023-10-05,"Denver, CO",Colorado,39,Good,Ozone
2023-10-06,"Denver, CO",Colorado,45,Good,PM2.5
2023-10-07,"Denver, CO",Colorado,52,Moderate,PM2.5
2023-10-08,"Denver, CO",Colorado,43,Good,NO2
2023-10-09,"Denver, CO",Colorado,48,Good,PM2.5
2023-10-10,"Denver, CO",Colorado,53,Moderate,PM2.5
2023-10-11,"Denver, CO",Colorado,40,Good,NO2
2023-10-12,"Denver, CO",Colorado,34,Good,NO2
2023-10-13,"Denver, CO",Colorado,39,Good,Ozone
2023-10-14,"Denver, CO",Colorado,39,Good,PM2.5
2023-10-15,"Denver, CO",Colorado,45,Good,PM2.5
2023-10-16,"Denver, CO",Colorado,48,Good,NO2
2023-10-17,"Denver, CO",Colorado,38,Good,NO2
2023-10-18,"Denver, CO",Colorado,42,Good,NO2
2023-10-19,"Denver, CO",Colorado,53,Moderate,NO2
2023-10-20,"Denver, CO",Colorado,49,Good,NO2
2023-10-21,"Denver, CO",Colorado,42,Good,Ozone
2023-10-22,"Denver, CO",Colorado,51,Moderate,PM2.5
2023-10-23,"Denver, CO",Colorado,58,Moderate,PM2.5
2023-10-24,"Denver, CO",Colorado,62,Moderate,PM2.5
2023-10-25,"Denver, CO",Colorado,78,Moderate,PM2.5
2023-10-26,"Denver, CO",Colorado,66,Moderate,PM2.5
2023-10-27,"Denver, CO",Colorado,61,Moderate,PM2.5
2023-10-28,"Denver, CO",Colorado,58,Moderate,PM2.5
2023-10-29,"Denver, CO",Colorado,63,Moderate,PM2.5
2023-10-30,"Denver, CO",Colorado,65,Moderate,PM2.5
2023-10-31,"Denver, CO",Colorado,69,Moderate,PM2.5
2023-11-01,"Denver, CO",Colorado,55,Moderate,PM2.5
2023-11-02,"Denver, CO",Colorado,48,Good,PM2.5
2023-11-03,"Denver, CO",Colorado,41,Good,NO2
2023-11-04,"Denver, CO",Colorado,42,Good,NO2
2023-11-05,"Denver, CO",Colorado,41,Good,NO2
2023-11-06,"Denver, CO",Colorado,58,Moderate,PM2.5
2023-11-07,"Denver, CO",Colorado,49,Good,PM2.5
2023-11-08,"Denver, CO",Colorado,41,Good,NO2
2023-11-09,"Denver, CO",Colorado,48,Good,PM2.5
2023-11-10,"Denver, CO",Colorado,52,Moderate,PM2.5
2023-11-11,"Denver, CO",Colorado,44,Good,NO2
2023-11-12,"Denver, CO",Colorado,42,Good,NO2
2023-11-13,"Denver, CO",Colorado,62,Moderate,PM2.5
2023-11-14,"Denver, CO",Colorado,56,Moderate,PM2.5
2023-11-15,"Denver, CO",Colorado,52,Moderate,PM2.5
2023-11-16,"Denver, CO",Colorado,41,Good,NO2
2023-11-17,"Denver, CO",Colorado,56,Moderate,PM2.5
2023-11-18,"Denver, CO",Colorado,59,Moderate,PM2.5
2023-11-19,"Denver, CO",Colorado,35,Good,NO2
2023-11-20,"Denver, CO",Colorado,34,Good,NO2
2023-11-21,"Denver, CO",Colorado,42,Good,NO2
2023-11-22,"Denver, CO",Colorado,52,Moderate,PM2.5
2023-11-23,"Denver, CO",Colorado,37,Good,NO2
2023-11-24,"Denver, CO",Colorado,33,Good,PM2.5
2023-11-25,"Denver, CO",Colorado,56,Moderate,PM2.5
2023-11-26,"Denver, CO",Colorado,56,Moderate,PM2.5
2023-11-27,"Denver, CO",Colorado,60,Moderate,PM2.5
2023-11-28,"Denver, CO",Colorado,58,Moderate,PM2.5
2023-11-29,"Denver, CO",Colorado,67,Moderate,PM2.5
2023-11-30,"Denver, CO",Colorado,53,Moderate,PM2.5
2023-12-01,"Denver, CO",Colorado,69,Moderate,PM2.5
2023-12-02,"Denver, CO",Colorado,51,Moderate,PM2.5
2023-12-03,"Denver, CO",Colorado,38,Good,NO2
2023-12-04,"Denver, CO",Colorado,46,Good,NO2
2023-12-05,"Denver, CO",Colorado,51,Moderate,PM2.5
2023-12-06,"Denver, CO",Colorado,55,Moderate,PM2.5
2023-12-07,"Denver, CO",Colorado,53,Moderate,NO2
2023-12-08,"Denver, CO",Colorado,34,Good,NO2
2023-12-09,"Denver, CO",Colorado,55,Moderate,PM2.5
2023-12-10,"Denver, CO",Colorado,42,Good,Ozone
2023-12-11,"Denver, CO",Colorado,39,Good,NO2
2023-12-12,"Denver, CO",Colorado,53,Moderate,PM2.5
2023-12-13,"Denver, CO",Colorado,75,Moderate,PM2.5
2023-12-14,"Denver, CO",Colorado,88,Moderate,PM2.5
2023-12-15,"Denver, CO",Colorado,61,Moderate,PM2.5
2023-12-16,"Denver, CO",Colorado,41,Good,NO2
2023-12-17,"Denver, CO",Colorado,46,Good,PM2.5
2023-12-18,"Denver, CO",Colorado,67,Moderate,PM2.5
2023-12-19,"Denver, CO",Colorado,56,Moderate,NO2
2023-12-20,"Denver, CO",Colorado,58,Moderate,PM2.5
2023-12-21,"Denver, CO",Colorado,49,Good,PM2.5
2023-12-22,"Denver, CO",Colorado,49,Good,NO2
2023-12-23,"Denver, CO",Colorado,53,Moderate,PM2.5
2023-12-24,"Denver, CO",Colorado,31,Good,Ozone
2023-12-25,"Denver, CO",Colorado,37,Good,PM2.5
2023-12-26,"Denver, CO",Colorado,61,Moderate,PM2.5
2023-12-27,"Denver, CO",Colorado,47,Good,NO2
2023-12-28,"Denver, CO",Colorado,49,Good,NO2
2023-12-29,"Denver, CO",Colorado,53,Moderate,PM2.5
2023-12-30,"Denver, CO",Colorado,47,Good,PM2.5
2023-12-31,"Denver, CO",Colorado,63,Moderate,PM2.5
2024-01-01,"Denver, CO",Colorado,65,Moderate,PM2.5
2024-01-02,"Denver, CO",Colorado,56,Moderate,PM2.5
2024-01-03,"Denver, CO",Colorado,55,Moderate,PM2.5
2024-01-04,"Denver, CO",Colorado,66,Moderate,PM2.5
2024-01-05,"Denver, CO",Colorado,58,Moderate,PM2.5
2024-01-06,"Denver, CO",Colorado,43,Good,NO2
2024-01-07,"Denver, CO",Colorado,44,Good,NO2
2024-01-08,"Denver, CO",Colorado,42,Good,NO2
2024-01-09,"Denver, CO",Colorado,55,Moderate,NO2
2024-01-10,"Denver, CO",Colorado,32,Good,NO2
2024-01-11,"Denver, CO",Colorado,42,Good,NO2
2024-01-12,"Denver, CO",Colorado,47,Good,PM2.5
2024-01-13,"Denver, CO",Colorado,36,Good,PM2.5
2024-01-14,"Denver, CO",Colorado,52,Moderate,PM2.5
2024-01-15,"Denver, CO",Colorado,53,Moderate,PM2.5
2024-01-16,"Denver, CO",Colorado,60,Moderate,NO2
2024-01-17,"Denver, CO",Colorado,60,Moderate,NO2
2024-01-18,"Denver, CO",Colorado,49,Good,NO2
2024-01-19,"Denver, CO",Colorado,55,Moderate,PM2.5
2024-01-20,"Denver, CO",Colorado,77,Moderate,PM2.5
2024-01-21,"Denver, CO",Colorado,82,Moderate,PM2.5
2024-01-22,"Denver, CO",Colorado,68,Moderate,PM2.5
2024-01-23,"Denver, CO",Colorado,64,Moderate,PM2.5
2024-01-24,"Denver, CO",Colorado,65,Moderate,PM2.5
2024-01-25,"Denver, CO",Colorado,60,Moderate,PM2.5
2024-01-26,"Denver, CO",Colorado,65,Moderate,PM2.5
2024-01-27,"Denver, CO",Colorado,51,Moderate,PM2.5
2024-01-28,"Denver, CO",Colorado,41,Good,PM2.5
2024-01-29,"Denver, CO",Colorado,49,Good,PM2.5
2024-01-30,"Denver, CO",Colorado,54,Moderate,PM2.5
2024-01-31,"Denver, CO",Colorado,57,Moderate,PM2.5
2024-02-01,"Denver, CO",Colorado,42,Good,NO2
2024-02-02,"Denver, CO",Colorado,63,Moderate,PM2.5
2024-02-03,"Denver, CO",Colorado,53,Moderate,PM2.5
2024-02-04,"Denver, CO",Colorado,57,Moderate,PM2.5
2024-02-05,"Denver, CO",Colorado,67,Moderate,PM2.5
2024-02-06,"Denver, CO",Colorado,77,Moderate,PM2.5
2024-02-07,"Denver, CO",Colorado,51,Moderate,NO2
2024-02-08,"Denver, CO",Colorado,48,Good,NO2
2024-02-09,"Denver, CO",Colorado,42,Good,NO2
2024-02-10,"Denver, CO",Colorado,44,Good,PM2.5
2024-02-11,"Denver, CO",Colorado,54,Moderate,PM2.5
2024-02-12,"Denver, CO",Colorado,44,Good,PM2.5
2024-02-13,"Denver, CO",Colorado,44,Good,Ozone
2024-02-14,"Denver, CO",Colorado,44,Good,NO2
2024-02-15,"Denver, CO",Colorado,71,Moderate,PM2.5
2024-02-16,"Denver, CO",Colorado,46,Good,PM2.5
2024-02-17,"Denver, CO",Colorado,55,Moderate,PM2.5
2024-02-18,"Denver, CO",Colorado,51,Moderate,NO2
2024-02-19,"Denver, CO",Colorado,49,Good,NO2
2024-02-20,"Denver, CO",Colorado,45,Good,NO2
2024-02-21,"Denver, CO",Colorado,46,Good,Ozone
2024-02-22,"Denver, CO",Colorado,37,Good,NO2
2024-02-23,"Denver, CO",Colorado,47,Good,NO2
2024-02-24,"Denver, CO",Colorado,47,Good,Ozone
2024-02-25,"Denver, CO",Colorado,51,Moderate,Ozone
2024-02-26,"Denver, CO",Colorado,48,Good,Ozone
2024-02-27,"Denver, CO",Colorado,45,Good,NO2
2024-02-28,"Denver, CO",Colorado,43,Good,Ozone
2024-02-29,"Denver, CO",Colorado,48,Good,NO2
2024-03-01,"Denver, CO",Colorado,46,Good,NO2
2024-03-02,"Denver, CO",Colorado,46,Good,NO2
2024-03-03,"Denver, CO",Colorado,48,Good,Ozone
2024-03-04,"Denver, CO",Colorado,44,Good,Ozone
2024-03-05,"Denver, CO",Colorado,43,Good,NO2
2024-03-06,"Denver, CO",Colorado,44,Good,Ozone
2024-03-07,"Denver, CO",Colorado,41,Good,PM2.5
2024-03-08,"Denver, CO",Colorado,53,Moderate,PM2.5
2024-03-09,"Denver, CO",Colorado,54,Moderate,NO2
2024-03-10,"Denver, CO",Colorado,64,Moderate,NO2
2024-03-11,"Denver, CO",Colorado,56,Moderate,PM2.5
2024-03-12,"Denver, CO",Colorado,44,Good,Ozone
2024-03-13,"Denver, CO",Colorado,48,Good,PM2.5
2024-03-14,"Denver, CO",Colorado,33,Good,Ozone
2024-03-15,"Denver, CO",Colorado,61,Moderate,PM2.5
2024-03-16,"Denver, CO",Colorado,58,Moderate,PM2.5
2024-03-17,"Denver, CO",Colorado,37,Good,Ozone
2024-03-18,"Denver, CO",Colorado,64,Moderate,NO2
2024-03-19,"Denver, CO",Colorado,44,Good,NO2
2024-03-20,"Denver, CO",Colorado,52,Moderate,PM2.5
2024-03-21,"Denver, CO",Colorado,44,Good,Ozone
2024-03-22,"Denver, CO",Colorado,50,Good,Ozone
2024-03-23,"Denver, CO",Colorado,46,Good,PM2.5
2024-03-24,"Denver, CO",Colorado,62,Moderate,PM2.5
2024-03-25,"Denver, CO",Colorado,56,Moderate,PM2.5
2024-03-26,"Denver, CO",Colorado,73,Moderate,PM2.5
2024-03-27,"Denver, CO",Colorado,47,Good,Ozone
2024-03-28,"Denver, CO",Colorado,54,Moderate,Ozone
2024-03-29,"Denver, CO",Colorado,47,Good,PM2.5
2024-03-30,"Denver, CO",Colorado,62,Moderate,PM2.5
2024-03-31,"Denver, CO",Colorado,57,Moderate,PM2.5
2024-04-01,"Denver, CO",Colorado,44,Good,Ozone
2024-04-02,"Denver, CO",Colorado,50,Good,Ozone
2024-04-03,"Denver, CO",Colorado,51,Moderate,Ozone
2024-04-04,"Denver, CO",Colorado,67,Moderate,Ozone
2024-04-05,"Denver, CO",Colorado,58,Moderate,Ozone
2024-04-06,"Denver, CO",Colorado,64,Moderate,Ozone
2024-04-07,"Denver, CO",Colorado,54,Moderate,Ozone
2024-04-08,"Denver, CO",Colorado,58,Moderate,Ozone
2024-04-09,"Denver, CO",Colorado,54,Moderate,Ozone
2024-04-10,"Denver, CO",Colorado,44,Good,Ozone
2024-04-11,"Denver, CO",Colorado,48,Good,Ozone
2024-04-12,"Denver, CO",Colorado,54,Moderate,Ozone
2024-04-13,"Denver, CO",Colorado,80,Moderate,Ozone
2024-04-14,"Denver, CO",Colorado,90,Moderate,Ozone
2024-04-15,"Denver, CO",Colorado,101,Unhealthy for Sensitive Groups,Ozone
2024-04-16,"Denver, CO",Colorado,50,Good,Ozone
2024-04-17,"Denver, CO",Colorado,47,Good,Ozone
2024-04-18,"Denver, CO",Colorado,31,Good,Ozone
2024-04-19,"Denver, CO",Colorado,34,Good,PM2.5
2024-04-20,"Denver, CO",Colorado,58,Moderate,PM2.5
2024-04-21,"Denver, CO",Colorado,55,Moderate,PM2.5
2024-04-22,"Denver, CO",Colorado,46,Good,Ozone
2024-04-23,"Denver, CO",Colorado,44,Good,Ozone
2024-04-24,"Denver, CO",Colorado,67,Moderate,Ozone
2024-04-25,"Denver, CO",Colorado,55,Moderate,PM2.5
2024-04-26,"Denver, CO",Colorado,74,Moderate,Ozone
2024-04-27,"Denver, CO",Colorado,43,Good,Ozone
2024-04-28,"Denver, CO",Colorado,45,Good,Ozone
2024-04-29,"Denver, CO",Colorado,74,Moderate,Ozone
2024-04-30,"Denver, CO",Colorado,74,Moderate,Ozone
2024-05-01,"Denver, CO",Colorado,58,Moderate,Ozone
2024-05-02,"Denver, CO",Colorado,49,Good,Ozone
2024-05-03,"Denver, CO",Colorado,54,Moderate,Ozone
2024-05-04,"Denver, CO",Colorado,49,Good,Ozone
2024-05-05,"Denver, CO",Colorado,100,Moderate,Ozone
2024-05-06,"Denver, CO",Colorado,119,Unhealthy for Sensitive Groups,Ozone
2024-05-07,"Denver, CO",Colorado,71,Moderate,Ozone
2024-05-08,"Denver, CO",Colorado,49,Good,Ozone
2024-05-09,"Denver, CO",Colorado,41,Good,Ozone
2024-05-10,"Denver, CO",Colorado,47,Good,PM2.5
2024-05-11,"Denver, CO",Colorado,71,Moderate,Ozone
2024-05-12,"Denver, CO",Colorado,64,Moderate,Ozone
2024-05-13,"Denver, CO",Colorado,61,Moderate,Ozone
2024-05-14,"Denver, CO",Colorado,74,Moderate,Ozone
2024-05-15,"Denver, CO",Colorado,71,Moderate,Ozone
2024-05-16,"Denver, CO",Colorado,100,Moderate,Ozone
2024-05-17,"Denver, CO",Colorado,67,Moderate,Ozone
2024-05-18,"Denver, CO",Colorado,58,Moderate,Ozone
2024-05-19,"Denver, CO",Colorado,84,Moderate,Ozone
2024-05-20,"Denver, CO",Colorado,48,Good,Ozone
2024-05-21,"Denver, CO",Colorado,48,Good,Ozone
2024-05-22,"Denver, CO",Colorado,71,Moderate,Ozone
2024-05-23,"Denver, CO",Colorado,77,Moderate,Ozone
2024-05-24,"Denver, CO",Colorado,87,Moderate,Ozone
2024-05-25,"Denver, CO",Colorado,54,Moderate,Ozone
2024-05-26,"Denver, CO",Colorado,61,Moderate,Ozone
2024-05-27,"Denver, CO",Colorado,90,Moderate,Ozone
2024-05-28,"Denver, CO",Colorado,90,Moderate,Ozone
2024-05-29,"Denver, CO",Colorado,67,Moderate,Ozone
2024-05-30,"Denver, CO",Colorado,71,Moderate,Ozone
2024-05-31,"Denver, CO",Colorado,67,Moderate,Ozone
2024-06-01,"Denver, CO",Colorado,87,Moderate,Ozone
2024-06-02,"Denver, CO",Colorado,101,Unhealthy for Sensitive Groups,Ozone
2024-06-03,"Denver, CO",Colorado,58,Moderate,Ozone
2024-06-04,"Denver, CO",Colorado,51,Moderate,Ozone
2024-06-05,"Denver, CO",Colorado,36,Good,Ozone
2024-06-06,"Denver, CO",Colorado,67,Moderate,Ozone
2024-06-07,"Denver, CO",Colorado,45,Good,Ozone
2024-06-08,"Denver, CO",Colorado,80,Moderate,Ozone
2024-06-09,"Denver, CO",Colorado,64,Moderate,Ozone
2024-06-10,"Denver, CO",Colorado,67,Moderate,Ozone
2024-06-11,"Denver, CO",Colorado,97,Moderate,Ozone
2024-06-12,"Denver, CO",Colorado,50,Good,Ozone
2024-06-13,"Denver, CO",Colorado,97,Moderate,Ozone
2024-06-14,"Denver, CO",Colorado,67,Moderate,Ozone
2024-06-15,"Denver, CO",Colorado,77,Moderate,Ozone
2024-06-16,"Denver, CO",Colorado,90,Moderate,Ozone
2024-06-17,"Denver, CO",Colorado,112,Unhealthy for Sensitive Groups,Ozone
2024-06-18,"Denver, CO",Colorado,67,Moderate,Ozone
2024-06-19,"Denver, CO",Colorado,45,Good,Ozone
2024-06-20,"Denver, CO",Colorado,47,Good,Ozone
2024-06-21,"Denver, CO",Colorado,67,Moderate,Ozone
2024-06-22,"Denver, CO",Colorado,84,Moderate,Ozone
2024-06-23,"Denver, CO",Colorado,122,Unhealthy for Sensitive Groups,Ozone
2024-06-24,"Denver, CO",Colorado,84,Moderate,Ozone
2024-06-25,"Denver, CO",Colorado,93,Moderate,Ozone
2024-06-26,"Denver, CO",Colorado,136,Unhealthy for Sensitive Groups,Ozone
2024-06-27,"Denver, CO",Colorado,74,Moderate,Ozone
2024-06-28,"Denver, CO",Colorado,50,Good,Ozone
2024-06-29,"Denver, CO",Colorado,49,Good,Ozone
2024-06-30,"Denver, CO",Colorado,84,Moderate,Ozone
2024-07-01,"Denver, CO",Colorado,45,Good,Ozone
2024-07-02,"Denver, CO",Colorado,108,Unhealthy for Sensitive Groups,Ozone
2024-07-03,"Denver, CO",Colorado,122,Unhealthy for Sensitive Groups,Ozone
2024-07-04,"Denver, CO",Colorado,108,Unhealthy for Sensitive Groups,Ozone
2024-07-05,"Denver, CO",Colorado,77,Moderate,Ozone
2024-07-06,"Denver, CO",Colorado,74,Moderate,Ozone
2024-07-07,"Denver, CO",Colorado,61,Moderate,Ozone
2024-07-08,"Denver, CO",Colorado,101,Unhealthy for Sensitive Groups,Ozone
2024-07-09,"Denver, CO",Colorado,93,Moderate,Ozone
2024-07-10,"Denver, CO",Colorado,105,Unhealthy for Sensitive Groups,Ozone
2024-07-11,"Denver, CO",Colorado,105,Unhealthy for Sensitive Groups,Ozone
2024-07-12,"Denver, CO",Colorado,84,Moderate,Ozone
2024-07-13,"Denver, CO",Colorado,133,Unhealthy for Sensitive Groups,Ozone
2024-07-14,"Denver, CO",Colorado,74,Moderate,Ozone
2024-07-15,"Denver, CO",Colorado,67,Moderate,Ozone
2024-07-16,"Denver, CO",Colorado,77,Moderate,Ozone
2024-07-17,"Denver, CO",Colorado,133,Unhealthy for Sensitive Groups,Ozone
2024-07-18,"Denver, CO",Colorado,129,Unhealthy for Sensitive Groups,Ozone
2024-07-19,"Denver, CO",Colorado,71,Moderate,Ozone
2024-07-20,"Denver, CO",Colorado,112,Unhealthy for Sensitive Groups,Ozone
2024-07-21,"Denver, CO",Colorado,105,Unhealthy for Sensitive Groups,Ozone
2024-07-22,"Denver, CO",Colorado,151,Unhealthy,Ozone
2024-07-23,"Denver, CO",Colorado,172,Unhealthy,Ozone
2024-07-24,"Denver, CO",Colorado,156,Unhealthy,Ozone
2024-07-25,"Denver, CO",Colorado,140,Unhealthy for Sensitive Groups,Ozone
2024-07-26,"Denver, CO",Colorado,77,Moderate,Ozone
2024-07-27,"Denver, CO",Colorado,115,Unhealthy for Sensitive Groups,Ozone
2024-07-28,"Denver, CO",Colorado,84,Moderate,Ozone
2024-07-29,"Denver, CO",Colorado,87,Moderate,Ozone
2024-07-30,"Denver, CO",Colorado,93,Moderate,Ozone
2024-07-31,"Denver, CO",Colorado,143,Unhealthy for Sensitive Groups,Ozone
2024-08-01,"Denver, CO",Colorado,136,Unhealthy for Sensitive Groups,Ozone
2024-08-02,"Denver, CO",Colorado,147,Unhealthy for Sensitive Groups,Ozone
2024-08-03,"Denver, CO",Colorado,126,Unhealthy for Sensitive Groups,Ozone
2024-08-04,"Denver, CO",Colorado,105,Unhealthy for Sensitive Groups,Ozone
2024-08-05,"Denver, CO",Colorado,74,Moderate,Ozone
2024-08-06,"Denver, CO",Colorado,101,Unhealthy for Sensitive Groups,Ozone
2024-08-07,"Denver, CO",Colorado,100,Moderate,Ozone
2024-08-08,"Denver, CO",Colorado,52,Moderate,PM2.5
2024-08-09,"Denver, CO",Colorado,55,Moderate,PM2.5
2024-08-10,"Denver, CO",Colorado,62,Moderate,PM2.5
2024-08-11,"Denver, CO",Colorado,44,Good,Ozone
2024-08-12,"Denver, CO",Colorado,74,Moderate,Ozone
2024-08-13,"Denver, CO",Colorado,47,Good,Ozone
2024-08-14,"Denver, CO",Colorado,45,Good,Ozone
2024-08-15,"Denver, CO",Colorado,54,Moderate,Ozone
2024-08-16,"Denver, CO",Colorado,80,Moderate,Ozone
2024-08-17,"Denver, CO",Colorado,58,Moderate,Ozone
2024-08-18,"Denver, CO",Colorado,67,Moderate,Ozone
2024-08-19,"Denver, CO",Colorado,77,Moderate,Ozone
2024-08-20,"Denver, CO",Colorado,87,Moderate,Ozone
2024-08-21,"Denver, CO",Colorado,71,Moderate,Ozone
2024-08-22,"Denver, CO",Colorado,49,Good,Ozone
2024-08-23,"Denver, CO",Colorado,47,Good,Ozone
2024-08-24,"Denver, CO",Colorado,45,Good,Ozone
2024-08-25,"Denver, CO",Colorado,41,Good,Ozone
2024-08-26,"Denver, CO",Colorado,42,Good,Ozone
2024-08-27,"Denver, CO",Colorado,77,Moderate,Ozone
2024-08-28,"Denver, CO",Colorado,77,Moderate,Ozone
2024-08-29,"Denver, CO",Colorado,58,Moderate,Ozone
2024-08-30,"Denver, CO",Colorado,87,Moderate,Ozone
2024-08-31,"Denver, CO",Colorado,100,Moderate,Ozone
2024-09-01,"Denver, CO",Colorado,74,Moderate,Ozone
2024-09-02,"Denver, CO",Colorado,93,Moderate,Ozone
2024-09-03,"Denver, CO",Colorado,101,Unhealthy for Sensitive Groups,Ozone
2024-09-04,"Denver, CO",Colorado,50,Good,Ozone
2024-09-05,"Denver, CO",Colorado,47,Good,Ozone
2024-09-06,"Denver, CO",Colorado,84,Moderate,Ozone
2024-09-07,"Denver, CO",Colorado,77,Moderate,Ozone
2024-09-08,"Denver, CO",Colorado,71,Moderate,Ozone
2024-09-09,"Denver, CO",Colorado,64,Moderate,Ozone
2024-09-10,"Denver, CO",Colorado,61,Moderate,Ozone
2024-09-11,"Denver, CO",Colorado,51,Moderate,Ozone
2024-09-12,"Denver, CO",Colorado,49,Good,Ozone
2024-09-13,"Denver, CO",Colorado,58,Moderate,PM2.5
2024-09-14,"Denver, CO",Colorado,64,Moderate,Ozone
2024-09-15,"Denver, CO",Colorado,74,Moderate,Ozone
2024-09-16,"Denver, CO",Colorado,52,Moderate,NO2
2024-09-17,"Denver, CO",Colorado,43,Good,Ozone
2024-09-18,"Denver, CO",Colorado,58,Moderate,Ozone
2024-09-19,"Denver, CO",Colorado,61,Moderate,Ozone
2024-09-20,"Denver, CO",Colorado,50,Good,Ozone
2024-09-21,"Denver, CO",Colorado,44,Good,Ozone
2024-09-22,"Denver, CO",Colorado,44,Good,Ozone
2024-09-23,"Denver, CO",Colorado,64,Moderate,Ozone
2024-09-24,"Denver, CO",Colorado,45,Good,Ozone
2024-09-25,"Denver, CO",Colorado,44,Good,Ozone
2024-09-26,"Denver, CO",Colorado,51,Moderate,Ozone
2024-09-27,"Denver, CO",Colorado,58,Moderate,Ozone
2024-09-28,"Denver, CO",Colorado,67,Moderate,Ozone
2024-09-29,"Denver, CO",Colorado,58,Moderate,Ozone
2024-09-30,"Denver, CO",Colorado,52,Moderate,PM2.5
2024-10-01,"Denver, CO",Colorado,91,Moderate,PM2.5
2024-10-02,"Denver, CO",Colorado,54,Moderate,PM2.5
2024-10-03,"Denver, CO",Colorado,57,Moderate,PM2.5
2024-10-04,"Denver, CO",Colorado,61,Moderate,PM2.5
2024-10-05,"Denver, CO",Colorado,53,Moderate,PM2.5
2024-10-06,"Denver, CO",Colorado,74,Moderate,PM2.5
2024-10-07,"Denver, CO",Colorado,73,Moderate,PM2.5
2024-10-08,"Denver, CO",Colorado,66,Moderate,PM2.5
2024-10-09,"Denver, CO",Colorado,55,Moderate,PM2.5
2024-10-10,"Denver, CO",Colorado,58,Moderate,Ozone
2024-10-11,"Denver, CO",Colorado,76,Moderate,PM2.5
2024-10-12,"Denver, CO",Colorado,58,Moderate,PM2.5
2024-10-13,"Denver, CO",Colorado,63,Moderate,PM2.5
2024-10-14,"Denver, CO",Colorado,59,Moderate,PM2.5
2024-10-15,"Denver, CO",Colorado,58,Moderate,PM2.5
2024-10-16,"Denver, CO",Colorado,59,Moderate,PM2.5
2024-10-17,"Denver, CO",Colorado,39,Good,Ozone
2024-10-18,"Denver, CO",Colorado,52,Moderate,PM2.5
2024-10-19,"Denver, CO",Colorado,61,Moderate,PM2.5
2024-10-20,"Denver, CO",Colorado,53,Moderate,PM2.5
2024-10-21,"Denver, CO",Colorado,40,Good,Ozone
2024-10-22,"Denver, CO",Colorado,37,Good,NO2
2024-10-23,"Denver, CO",Colorado,41,Good,NO2
2024-10-24,"Denver, CO",Colorado,51,Moderate,PM2.5
2024-10-25,"Denver, CO",Colorado,57,Moderate,PM2.5
2024-10-26,"Denver, CO",Colorado,56,Moderate,PM2.5
2024-10-27,"Denver, CO",Colorado,46,Good,PM2.5
2024-10-28,"Denver, CO",Colorado,54,Moderate,PM2.5
2024-10-29,"Denver, CO",Colorado,54,Moderate,PM2.5
2024-10-30,"Denver, CO",Colorado,52,Moderate,PM2.5
2024-10-31,"Denver, CO",Colorado,55,Moderate,PM2.5
2024-11-01,"Denver, CO",Colorado,54,Moderate,PM2.5
2024-11-02,"Denver, CO",Colorado,57,Moderate,PM2.5
2024-11-03,"Denver, CO",Colorado,42,Good,Ozone
2024-11-04,"Denver, CO",Colorado,35,Good,NO2
2024-11-05,"Denver, CO",Colorado,40,Good,NO2
2024-11-06,"Denver, CO",Colorado,32,Good,PM2.5
2024-11-07,"Denver, CO",Colorado,57,Moderate,PM2.5
2024-11-08,"Denver, CO",Colorado,56,Moderate,PM2.5
2024-11-09,"Denver, CO",Colorado,40,Good,NO2
2024-11-10,"Denver, CO",Colorado,46,Good,NO2
2024-11-11,"Denver, CO",Colorado,58,Moderate,NO2
2024-11-12,"Denver, CO",Colorado,56,Moderate,PM2.5
2024-11-13,"Denver, CO",Colorado,43,Good,NO2
2024-11-14,"Denver, CO",Colorado,55,Moderate,PM2.5
2024-11-15,"Denver, CO",Colorado,65,Moderate,PM2.5
2024-11-16,"Denver, CO",Colorado,57,Moderate,PM2.5
2024-11-17,"Denver, CO",Colorado,49,Good,NO2
2024-11-18,"Denver, CO",Colorado,48,Good,NO2
2024-11-19,"Denver, CO",Colorado,41,Good,Ozone
2024-11-20,"Denver, CO",Colorado,45,Good,NO2
2024-11-21,"Denver, CO",Colorado,66,Moderate,PM2.5
2024-11-22,"Denver, CO",Colorado,71,Moderate,PM2.5
2024-11-23,"Denver, CO",Colorado,59,Moderate,PM2.5
2024-11-24,"Denver, CO",Colorado,54,Moderate,NO2
2024-11-25,"Denver, CO",Colorado,38,Good,PM2.5
2024-11-26,"Denver, CO",Colorado,51,Moderate,PM2.5
2024-11-27,"Denver, CO",Colorado,33,Good,Ozone
2024-11-28,"Denver, CO",Colorado,40,Good,NO2
2024-11-29,"Denver, CO",Colorado,42,Good,NO2
2024-11-30,"Denver, CO",Colorado,42,Good,NO2
2024-12-01,"Denver, CO",Colorado,48,Good,NO2
2024-12-02,"Denver, CO",Colorado,59,Moderate,PM2.5
2024-12-03,"Denver, CO",Colorado,52,Moderate,PM2.5
2024-12-04,"Denver, CO",Colorado,50,Good,NO2
2024-12-05,"Denver, CO",Colorado,58,Moderate,PM2.5
2024-12-06,"Denver, CO",Colorado,54,Moderate,PM2.5
2024-12-07,"Denver, CO",Colorado,48,Good,NO2
2024-12-08,"Denver, CO",Colorado,40,Good,PM2.5
2024-12-09,"Denver, CO",Colorado,49,Good,NO2
2024-12-10,"Denver, CO",Colorado,43,Good,NO2
2024-12-11,"Denver, CO",Colorado,49,Good,NO2
2024-12-12,"Denver, CO",Colorado,53,Moderate,PM2.5
2024-12-13,"Denver, CO",Colorado,46,Good,PM2.5
2024-12-14,"Denver, CO",Colorado,43,Good,NO2
2024-12-15,"Denver, CO",Colorado,50,Good,Ozone
2024-12-16,"Denver, CO",Colorado,42,Good,NO2
2024-12-17,"Denver, CO",Colorado,52,Moderate,PM2.5
2024-12-18,"Denver, CO",Colorado,61,Moderate,NO2
2024-12-19,"Denver, CO",Colorado,44,Good,NO2
2024-12-20,"Denver, CO",Colorado,52,Moderate,PM2.5
2024-12-21,"Denver, CO",Colorado,54,Moderate,NO2
2024-12-22,"Denver, CO",Colorado,52,Moderate,PM2.5
2024-12-23,"Denver, CO",Colorado,56,Moderate,PM2.5
2024-12-24,"Denver, CO",Colorado,49,Good,PM2.5
2024-12-25,"Denver, CO",Colorado,52,Moderate,PM2.5
2024-12-26,"Denver, CO",Colorado,36,Good,PM2.5
2024-12-27,"Denver, CO",Colorado,44,Good,NO2
2024-12-28,"Denver, CO",Colorado,43,Good,NO2
2024-12-29,"Denver, CO",Colorado,40,Good,NO2
2024-12-30,"Denver, CO",Colorado,42,Good,Ozone
2024-12-31,"Denver, CO",Colorado,42,Good,NO2
2023-01-01,"Detroit, MI",Michigan,71,Moderate,PM2.5
2023-01-02,"Detroit, MI",Michigan,83,Moderate,PM2.5
2023-01-03,"Detroit, MI",Michigan,63,Moderate,PM2.5
2023-01-04,"Detroit, MI",Michigan,59,Moderate,PM2.5
2023-01-05,"Detroit, MI",Michigan,55,Moderate,PM2.5
2023-01-06,"Detroit, MI",Michigan,64,Moderate,PM2.5
2023-01-07,"Detroit, MI",Michigan,50,Good,PM2.5
2023-01-08,"Detroit, MI",Michigan,66,Moderate,PM2.5
2023-01-09,"Detroit, MI",Michigan,72,Moderate,PM2.5
2023-01-10,"Detroit, MI",Michigan,87,Moderate,PM2.5
2023-01-11,"Detroit, MI",Michigan,86,Moderate,PM2.5
2023-01-12,"Detroit, MI",Michigan,78,Moderate,PM2.5
2023-01-13,"Detroit, MI",Michigan,34,Good,PM2.5
2023-01-14,"Detroit, MI",Michigan,54,Moderate,PM2.5
2023-01-15,"Detroit, MI",Michigan,68,Moderate,PM2.5
2023-01-16,"Detroit, MI",Michigan,70,Moderate,PM2.5
2023-01-17,"Detroit, MI",Michigan,63,Moderate,PM2.5
2023-01-18,"Detroit, MI",Michigan,50,Good,PM2.5
2023-01-19,"Detroit, MI",Michigan,53,Moderate,PM2.5
2023-01-20,"Detroit, MI",Michigan,38,Good,PM2.5
2023-01-21,"Detroit, MI",Michigan,52,Moderate,PM2.5
2023-01-22,"Detroit, MI",Michigan,61,Moderate,PM2.5
2023-01-23,"Detroit, MI",Michigan,59,Moderate,PM2.5
2023-01-24,"Detroit, MI",Michigan,69,Moderate,PM2.5
2023-01-25,"Detroit, MI",Michigan,64,Moderate,PM2.5
2023-01-26,"Detroit, MI",Michigan,59,Moderate,PM2.5
2023-01-27,"Detroit, MI",Michigan,61,Moderate,PM2.5
2023-01-28,"Detroit, MI",Michigan,62,Moderate,PM2.5
2023-01-29,"Detroit, MI",Michigan,61,Moderate,PM2.5
2023-01-30,"Detroit, MI",Michigan,54,Moderate,PM2.5
2023-01-31,"Detroit, MI",Michigan,59,Moderate,PM2.5
2023-02-01,"Detroit, MI",Michigan,80,Moderate,PM2.5
2023-02-02,"Detroit, MI",Michigan,63,Moderate,PM2.5
2023-02-03,"Detroit, MI",Michigan,39,Good,PM2.5
2023-02-04,"Detroit, MI",Michigan,61,Moderate,PM2.5
2023-02-05,"Detroit, MI",Michigan,58,Moderate,PM2.5
2023-02-06,"Detroit, MI",Michigan,56,Moderate,PM2.5
2023-02-07,"Detroit, MI",Michigan,68,Moderate,PM2.5
2023-02-08,"Detroit, MI",Michigan,81,Moderate,PM2.5
2023-02-09,"Detroit, MI",Michigan,64,Moderate,PM2.5
2023-02-10,"Detroit, MI",Michigan,36,Good,PM2.5
2023-02-11,"Detroit, MI",Michigan,44,Good,PM2.5
2023-02-12,"Detroit, MI",Michigan,61,Moderate,PM2.5
2023-02-13,"Detroit, MI",Michigan,60,Moderate,PM2.5
2023-02-14,"Detroit, MI",Michigan,73,Moderate,PM2.5
2023-02-15,"Detroit, MI",Michigan,51,Moderate,PM2.5
2023-02-16,"Detroit, MI",Michigan,57,Moderate,PM2.5
2023-02-17,"Detroit, MI",Michigan,38,Good,NO2
2023-02-18,"Detroit, MI",Michigan,58,Moderate,PM2.5
2023-02-19,"Detroit, MI",Michigan,52,Moderate,PM2.5
2023-02-20,"Detroit, MI",Michigan,66,Moderate,PM2.5
2023-02-21,"Detroit, MI",Michigan,59,Moderate,PM2.5
2023-02-22,"Detroit, MI",Michigan,54,Moderate,PM2.5
2023-02-23,"Detroit, MI",Michigan,56,Moderate,PM2.5
2023-02-24,"Detroit, MI",Michigan,29,Good,Ozone
2023-02-25,"Detroit, MI",Michigan,55,Moderate,PM2.5
2023-02-26,"Detroit, MI",Michigan,62,Moderate,PM2.5
2023-02-27,"Detroit, MI",Michigan,58,Moderate,PM2.5
2023-02-28,"Detroit, MI",Michigan,55,Moderate,PM2.5
2023-03-01,"Detroit, MI",Michigan,75,Moderate,PM2.5
2023-03-02,"Detroit, MI",Michigan,84,Moderate,PM2.5
2023-03-03,"Detroit, MI",Michigan,62,Moderate,PM2.5
2023-03-04,"Detroit, MI",Michigan,58,Moderate,PM2.5
2023-03-05,"Detroit, MI",Michigan,73,Moderate,PM2.5
2023-03-06,"Detroit, MI",Michigan,67,Moderate,PM2.5
2023-03-07,"Detroit, MI",Michigan,51,Moderate,PM2.5
2023-03-08,"Detroit, MI",Michigan,42,Good,Ozone
2023-03-09,"Detroit, MI",Michigan,49,Good,PM2.5
2023-03-10,"Detroit, MI",Michigan,63,Moderate,PM2.5
2023-03-11,"Detroit, MI",Michigan,43,Good,PM2.5
2023-03-12,"Detroit, MI",Michigan,58,Moderate,PM2.5
2023-03-13,"Detroit, MI",Michigan,64,Moderate,PM2.5
2023-03-14,"Detroit, MI",Michigan,49,Good,PM2.5
2023-03-15,"Detroit, MI",Michigan,56,Moderate,PM2.5
2023-03-16,"Detroit, MI",Michigan,64,Moderate,PM2.5
2023-03-17,"Detroit, MI",Michigan,56,Moderate,PM2.5
2023-03-18,"Detroit, MI",Michigan,54,Moderate,PM2.5
2023-03-19,"Detroit, MI",Michigan,48,Good,PM2.5
2023-03-20,"Detroit, MI",Michigan,62,Moderate,PM2.5
2023-03-21,"Detroit, MI",Michigan,70,Moderate,PM2.5
2023-03-22,"Detroit, MI",Michigan,84,Moderate,PM2.5
2023-03-23,"Detroit, MI",Michigan,80,Moderate,PM2.5
2023-03-24,"Detroit, MI",Michigan,57,Moderate,PM2.5
2023-03-25,"Detroit, MI",Michigan,61,Moderate,PM2.5
2023-03-26,"Detroit, MI",Michigan,56,Moderate,PM2.5
2023-03-27,"Detroit, MI",Michigan,64,Moderate,PM2.5
2023-03-28,"Detroit, MI",Michigan,66,Moderate,PM2.5
2023-03-29,"Detroit, MI",Michigan,63,Moderate,PM2.5
2023-03-30,"Detroit, MI",Michigan,61,Moderate,PM2.5
2023-03-31,"Detroit, MI",Michigan,75,Moderate,PM2.5
2023-04-01,"Detroit, MI",Michigan,53,Moderate,PM2.5
2023-04-02,"Detroit, MI",Michigan,55,Moderate,PM2.5
2023-04-03,"Detroit, MI",Michigan,56,Moderate,PM2.5
2023-04-04,"Detroit, MI",Michigan,59,Moderate,PM2.5
2023-04-05,"Detroit, MI",Michigan,58,Moderate,PM2.5
2023-04-06,"Detroit, MI",Michigan,53,Moderate,PM2.5
2023-04-07,"Detroit, MI",Michigan,52,Moderate,PM2.5
2023-04-08,"Detroit, MI",Michigan,57,Moderate,PM2.5
2023-04-09,"Detroit, MI",Michigan,64,Moderate,PM2.5
2023-04-10,"Detroit, MI",Michigan,74,Moderate,PM2.5
2023-04-11,"Detroit, MI",Michigan,69,Moderate,PM2.5
2023-04-12,"Detroit, MI",Michigan,62,Moderate,PM10
2023-04-13,"Detroit, MI",Michigan,71,Moderate,PM2.5
2023-04-14,"Detroit, MI",Michigan,93,Moderate,PM2.5
2023-04-15,"Detroit, MI",Michigan,102,Unhealthy for Sensitive Groups,PM2.5
2023-04-16,"Detroit, MI",Michigan,66,Moderate,PM2.5
2023-04-17,"Detroit, MI",Michigan,52,Moderate,PM2.5
2023-04-18,"Detroit, MI",Michigan,50,Good,PM2.5
2023-04-19,"Detroit, MI",Michigan,60,Moderate,PM2.5
2023-04-20,"Detroit, MI",Michigan,75,Moderate,PM2.5
2023-04-21,"Detroit, MI",Michigan,58,Moderate,PM2.5
2023-04-22,"Detroit, MI",Michigan,62,Moderate,PM2.5
2023-04-23,"Detroit, MI",Michigan,41,Good,PM2.5
2023-04-24,"Detroit, MI",Michigan,47,Good,PM2.5
2023-04-25,"Detroit, MI",Michigan,81,Moderate,PM2.5
2023-04-26,"Detroit, MI",Michigan,88,Moderate,PM2.5
2023-04-27,"Detroit, MI",Michigan,69,Moderate,PM2.5
2023-04-28,"Detroit, MI",Michigan,66,Moderate,PM2.5
2023-04-29,"Detroit, MI",Michigan,55,Moderate,PM2.5
2023-04-30,"Detroit, MI",Michigan,51,Moderate,PM2.5
2023-05-01,"Detroit, MI",Michigan,34,Good,PM2.5
2023-05-02,"Detroit, MI",Michigan,33,Good,PM2.5
2023-05-03,"Detroit, MI",Michigan,31,Good,PM2.5
2023-05-04,"Detroit, MI",Michigan,59,Moderate,PM2.5
2023-05-05,"Detroit, MI",Michigan,59,Moderate,PM2.5
2023-05-06,"Detroit, MI",Michigan,46,Good,PM2.5
2023-05-07,"Detroit, MI",Michigan,58,Moderate,PM2.5
2023-05-08,"Detroit, MI",Michigan,55,Moderate,PM2.5
2023-05-09,"Detroit, MI",Michigan,46,Good,PM2.5
2023-05-10,"Detroit, MI",Michigan,66,Moderate,PM2.5
2023-05-11,"Detroit, MI",Michigan,101,Unhealthy for Sensitive Groups,Ozone
2023-05-12,"Detroit, MI",Michigan,90,Moderate,Ozone
2023-05-13,"Detroit, MI",Michigan,73,Moderate,PM2.5
2023-05-14,"Detroit, MI",Michigan,53,Moderate,PM2.5
2023-05-15,"Detroit, MI",Michigan,61,Moderate,Ozone
2023-05-16,"Detroit, MI",Michigan,59,Moderate,PM2.5
2023-05-17,"Detroit, MI",Michigan,40,Good,Ozone
2023-05-18,"Detroit, MI",Michigan,61,Moderate,PM2.5
2023-05-19,"Detroit, MI",Michigan,73,Moderate,PM2.5
2023-05-20,"Detroit, MI",Michigan,69,Moderate,PM2.5
2023-05-21,"Detroit, MI",Michigan,57,Moderate,PM2.5
2023-05-22,"Detroit, MI",Michigan,66,Moderate,PM2.5
2023-05-23,"Detroit, MI",Michigan,67,Moderate,Ozone
2023-05-24,"Detroit, MI",Michigan,63,Moderate,PM2.5
2023-05-25,"Detroit, MI",Michigan,42,Good,PM2.5
2023-05-26,"Detroit, MI",Michigan,52,Moderate,PM2.5
2023-05-27,"Detroit, MI",Michigan,63,Moderate,PM2.5
2023-05-28,"Detroit, MI",Michigan,90,Moderate,Ozone
2023-05-29,"Detroit, MI",Michigan,133,Unhealthy for Sensitive Groups,Ozone
2023-05-30,"Detroit, MI",Michigan,87,Moderate,Ozone
2023-05-31,"Detroit, MI",Michigan,87,Moderate,Ozone
2023-06-01,"Detroit, MI",Michigan,101,Unhealthy for Sensitive Groups,Ozone
2023-06-02,"Detroit, MI",Michigan,115,Unhealthy for Sensitive Groups,Ozone
2023-06-03,"Detroit, MI",Michigan,144,Unhealthy for Sensitive Groups,PM2.5
2023-06-04,"Detroit, MI",Michigan,61,Moderate,PM2.5
2023-06-05,"Detroit, MI",Michigan,110,Unhealthy for Sensitive Groups,PM2.5
2023-06-06,"Detroit, MI",Michigan,142,Unhealthy for Sensitive Groups,PM2.5
2023-06-07,"Detroit, MI",Michigan,159,Unhealthy,PM2.5
2023-06-08,"Detroit, MI",Michigan,144,Unhealthy for Sensitive Groups,PM2.5
2023-06-09,"Detroit, MI",Michigan,111,Unhealthy for Sensitive Groups,PM2.5
2023-06-10,"Detroit, MI",Michigan,100,Moderate,Ozone
2023-06-11,"Detroit, MI",Michigan,74,Moderate,PM2.5
2023-06-12,"Detroit, MI",Michigan,58,Moderate,PM2.5
2023-06-13,"Detroit, MI",Michigan,61,Moderate,PM2.5
2023-06-14,"Detroit, MI",Michigan,61,Moderate,PM2.5
2023-06-15,"Detroit, MI",Michigan,66,Moderate,PM2.5
2023-06-16,"Detroit, MI",Michigan,105,Unhealthy for Sensitive Groups,PM2.5
2023-06-17,"Detroit, MI",Michigan,111,Unhealthy for Sensitive Groups,PM2.5
2023-06-18,"Detroit, MI",Michigan,79,Moderate,PM2.5
2023-06-19,"Detroit, MI",Michigan,112,Unhealthy for Sensitive Groups,Ozone
2023-06-20,"Detroit, MI",Michigan,90,Moderate,Ozone
2023-06-21,"Detroit, MI",Michigan,87,Moderate,Ozone
2023-06-22,"Detroit, MI",Michigan,59,Moderate,PM2.5
2023-06-23,"Detroit, MI",Michigan,37,Good,PM2.5
2023-06-24,"Detroit, MI",Michigan,52,Moderate,PM2.5
2023-06-25,"Detroit, MI",Michigan,90,Moderate,Ozone
2023-06-26,"Detroit, MI",Michigan,58,Moderate,PM2.5
2023-06-27,"Detroit, MI",Michigan,186,Unhealthy,PM2.5
2023-06-28,"Detroit, MI",Michigan,226,Very Unhealthy,PM2.5
2023-06-29,"Detroit, MI",Michigan,188,Unhealthy,PM2.5
2023-06-30,"Detroit, MI",Michigan,150,Unhealthy for Sensitive Groups,Ozone
2023-07-01,"Detroit, MI",Michigan,75,Moderate,PM2.5
2023-07-02,"Detroit, MI",Michigan,52,Moderate,PM2.5
2023-07-03,"Detroit, MI",Michigan,58,Moderate,PM2.5
2023-07-04,"Detroit, MI",Michigan,84,Moderate,PM2.5
2023-07-05,"Detroit, MI",Michigan,129,Unhealthy for Sensitive Groups,Ozone
2023-07-06,"Detroit, MI",Michigan,58,Moderate,PM2.5
2023-07-07,"Detroit, MI",Michigan,59,Moderate,PM2.5
2023-07-08,"Detroit, MI",Michigan,56,Moderate,PM2.5
2023-07-09,"Detroit, MI",Michigan,51,Moderate,PM2.5
2023-07-10,"Detroit, MI",Michigan,87,Moderate,Ozone
2023-07-11,"Detroit, MI",Michigan,64,Moderate,Ozone
2023-07-12,"Detroit, MI",Michigan,54,Moderate,PM2.5
2023-07-13,"Detroit, MI",Michigan,52,Moderate,PM2.5
2023-07-14,"Detroit, MI",Michigan,80,Moderate,Ozone
2023-07-15,"Detroit, MI",Michigan,53,Moderate,PM2.5
2023-07-16,"Detroit, MI",Michigan,92,Moderate,PM2.5
2023-07-17,"Detroit, MI",Michigan,88,Moderate,PM2.5
2023-07-18,"Detroit, MI",Michigan,51,Moderate,PM2.5
2023-07-19,"Detroit, MI",Michigan,90,Moderate,Ozone
2023-07-20,"Detroit, MI",Michigan,68,Moderate,PM2.5
2023-07-21,"Detroit, MI",Michigan,59,Moderate,PM2.5
2023-07-22,"Detroit, MI",Michigan,72,Moderate,PM2.5
2023-07-23,"Detroit, MI",Michigan,84,Moderate,PM2.5
2023-07-24,"Detroit, MI",Michigan,78,Moderate,PM2.5
2023-07-25,"Detroit, MI",Michigan,126,Unhealthy for Sensitive Groups,PM2.5
2023-07-26,"Detroit, MI",Michigan,111,Unhealthy for Sensitive Groups,PM2.5
2023-07-27,"Detroit, MI",Michigan,93,Moderate,Ozone
2023-07-28,"Detroit, MI",Michigan,65,Moderate,PM2.5
2023-07-29,"Detroit, MI",Michigan,39,Good,PM2.5
2023-07-30,"Detroit, MI",Michigan,42,Good,PM2.5
2023-07-31,"Detroit, MI",Michigan,70,Moderate,PM2.5
2023-08-01,"Detroit, MI",Michigan,73,Moderate,PM2.5
2023-08-02,"Detroit, MI",Michigan,79,Moderate,PM2.5
2023-08-03,"Detroit, MI",Michigan,100,Moderate,Ozone
2023-08-04,"Detroit, MI",Michigan,84,Moderate,PM2.5
2023-08-05,"Detroit, MI",Michigan,86,Moderate,PM2.5
2023-08-06,"Detroit, MI",Michigan,67,Moderate,PM2.5
2023-08-07,"Detroit, MI",Michigan,43,Good,PM2.5
2023-08-08,"Detroit, MI",Michigan,65,Moderate,PM2.5
2023-08-09,"Detroit, MI",Michigan,84,Moderate,PM2.5
2023-08-10,"Detroit, MI",Michigan,78,Moderate,PM2.5
2023-08-11,"Detroit, MI",Michigan,63,Moderate,PM2.5
2023-08-12,"Detroit, MI",Michigan,52,Moderate,PM2.5
2023-08-13,"Detroit, MI",Michigan,46,Good,PM2.5
2023-08-14,"Detroit, MI",Michigan,30,Good,PM2.5
2023-08-15,"Detroit, MI",Michigan,61,Moderate,PM2.5
2023-08-16,"Detroit, MI",Michigan,80,Moderate,PM2.5
2023-08-17,"Detroit, MI",Michigan,76,Moderate,PM2.5
2023-08-18,"Detroit, MI",Michigan,68,Moderate,PM2.5
2023-08-19,"Detroit, MI",Michigan,96,Moderate,PM2.5
2023-08-20,"Detroit, MI",Michigan,96,Moderate,PM2.5
2023-08-21,"Detroit, MI",Michigan,82,Moderate,PM2.5
2023-08-22,"Detroit, MI",Michigan,52,Moderate,PM2.5
2023-08-23,"Detroit, MI",Michigan,58,Moderate,PM2.5
2023-08-24,"Detroit, MI",Michigan,49,Good,PM2.5
2023-08-25,"Detroit, MI",Michigan,52,Moderate,PM2.5
2023-08-26,"Detroit, MI",Michigan,67,Moderate,PM2.5
2023-08-27,"Detroit, MI",Michigan,48,Good,PM2.5
2023-08-28,"Detroit, MI",Michigan,60,Moderate,PM2.5
2023-08-29,"Detroit, MI",Michigan,68,Moderate,PM2.5
2023-08-30,"Detroit, MI",Michigan,36,Good,PM2.5
2023-08-31,"Detroit, MI",Michigan,48,Good,PM2.5
2023-09-01,"Detroit, MI",Michigan,49,Good,PM2.5
2023-09-02,"Detroit, MI",Michigan,62,Moderate,PM2.5
2023-09-03,"Detroit, MI",Michigan,71,Moderate,PM2.5
2023-09-04,"Detroit, MI",Michigan,57,Moderate,PM2.5
2023-09-05,"Detroit, MI",Michigan,74,Moderate,Ozone
2023-09-06,"Detroit, MI",Michigan,56,Moderate,PM2.5
2023-09-07,"Detroit, MI",Michigan,64,Moderate,PM2.5
2023-09-08,"Detroit, MI",Michigan,31,Good,PM2.5
2023-09-09,"Detroit, MI",Michigan,52,Moderate,PM2.5
2023-09-10,"Detroit, MI",Michigan,56,Moderate,PM2.5
2023-09-11,"Detroit, MI",Michigan,67,Moderate,PM2.5
2023-09-12,"Detroit, MI",Michigan,39,Good,PM2.5
2023-09-13,"Detroit, MI",Michigan,50,Good,PM2.5
2023-09-14,"Detroit, MI",Michigan,56,Moderate,PM2.5
2023-09-15,"Detroit, MI",Michigan,65,Moderate,PM2.5
2023-09-16,"Detroit, MI",Michigan,77,Moderate,PM2.5
2023-09-17,"Detroit, MI",Michigan,73,Moderate,PM2.5
2023-09-18,"Detroit, MI",Michigan,59,Moderate,PM2.5
2023-09-19,"Detroit, MI",Michigan,57,Moderate,PM2.5
2023-09-20,"Detroit, MI",Michigan,60,Moderate,PM2.5
2023-09-21,"Detroit, MI",Michigan,71,Moderate,Ozone
2023-09-22,"Detroit, MI",Michigan,63,Moderate,PM2.5
2023-09-23,"Detroit, MI",Michigan,64,Moderate,PM2.5
2023-09-24,"Detroit, MI",Michigan,56,Moderate,PM2.5
2023-09-25,"Detroit, MI",Michigan,69,Moderate,PM2.5
2023-09-26,"Detroit, MI",Michigan,58,Moderate,PM2.5
2023-09-27,"Detroit, MI",Michigan,42,Good,PM2.5
2023-09-28,"Detroit, MI",Michigan,55,Moderate,PM2.5
2023-09-29,"Detroit, MI",Michigan,68,Moderate,PM2.5
2023-09-30,"Detroit, MI",Michigan,82,Moderate,PM2.5
2023-10-01,"Detroit, MI",Michigan,91,Moderate,PM2.5
2023-10-02,"Detroit, MI",Michigan,67,Moderate,PM2.5
2023-10-03,"Detroit, MI",Michigan,74,Moderate,PM2.5
2023-10-04,"Detroit, MI",Michigan,64,Moderate,Ozone
2023-10-05,"Detroit, MI",Michigan,73,Moderate,PM2.5
2023-10-06,"Detroit, MI",Michigan,52,Moderate,PM2.5
2023-10-07,"Detroit, MI",Michigan,23,Good,Ozone
2023-10-08,"Detroit, MI",Michigan,29,Good,Ozone
2023-10-09,"Detroit, MI",Michigan,32,Good,Ozone
2023-10-10,"Detroit, MI",Michigan,38,Good,PM2.5
2023-10-11,"Detroit, MI",Michigan,56,Moderate,PM2.5
2023-10-12,"Detroit, MI",Michigan,61,Moderate,PM2.5
2023-10-13,"Detroit, MI",Michigan,32,Good,PM2.5
2023-10-14,"Detroit, MI",Michigan,30,Good,PM2.5
2023-10-15,"Detroit, MI",Michigan,27,Good,Ozone
2023-10-16,"Detroit, MI",Michigan,25,Good,PM2.5
2023-10-17,"Detroit, MI",Michigan,57,Moderate,PM2.5
2023-10-18,"Detroit, MI",Michigan,72,Moderate,PM2.5
2023-10-19,"Detroit, MI",Michigan,73,Moderate,PM2.5
2023-10-20,"Detroit, MI",Michigan,52,Moderate,PM2.5
2023-10-21,"Detroit, MI",Michigan,32,Good,PM2.5
2023-10-22,"Detroit, MI",Michigan,49,Good,PM2.5
2023-10-23,"Detroit, MI",Michigan,78,Moderate,PM2.5
2023-10-24,"Detroit, MI",Michigan,72,Moderate,PM2.5
2023-10-25,"Detroit, MI",Michigan,80,Moderate,PM2.5
2023-10-26,"Detroit, MI",Michigan,77,Moderate,PM2.5
2023-10-27,"Detroit, MI",Michigan,64,Moderate,PM2.5
2023-10-28,"Detroit, MI",Michigan,29,Good,PM2.5
2023-10-29,"Detroit, MI",Michigan,49,Good,PM2.5
2023-10-30,"Detroit, MI",Michigan,40,Good,PM2.5
2023-10-31,"Detroit, MI",Michigan,63,Moderate,PM2.5
2023-11-01,"Detroit, MI",Michigan,43,Good,PM2.5
2023-11-02,"Detroit, MI",Michigan,68,Moderate,PM2.5
2023-11-03,"Detroit, MI",Michigan,72,Moderate,PM2.5
2023-11-04,"Detroit, MI",Michigan,79,Moderate,PM2.5
2023-11-05,"Detroit, MI",Michigan,120,Unhealthy for Sensitive Groups,PM2.5
2023-11-06,"Detroit, MI",Michigan,101,Unhealthy for Sensitive Groups,PM2.5
2023-11-07,"Detroit, MI",Michigan,43,Good,PM2.5
2023-11-08,"Detroit, MI",Michigan,39,Good,PM2.5
2023-11-09,"Detroit, MI",Michigan,46,Good,PM2.5
2023-11-10,"Detroit, MI",Michigan,56,Moderate,PM2.5
2023-11-11,"Detroit, MI",Michigan,38,Good,PM2.5
2023-11-12,"Detroit, MI",Michigan,56,Moderate,PM2.5
2023-11-13,"Detroit, MI",Michigan,55,Moderate,PM2.5
2023-11-14,"Detroit, MI",Michigan,53,Moderate,PM2.5
2023-11-15,"Detroit, MI",Michigan,78,Moderate,PM2.5
2023-11-16,"Detroit, MI",Michigan,89,Moderate,PM2.5
2023-11-17,"Detroit, MI",Michigan,53,Moderate,PM2.5
2023-11-18,"Detroit, MI",Michigan,58,Moderate,PM2.5
2023-11-19,"Detroit, MI",Michigan,59,Moderate,PM2.5
2023-11-20,"Detroit, MI",Michigan,43,Good,PM2.5
2023-11-21,"Detroit, MI",Michigan,55,Moderate,PM2.5
2023-11-22,"Detroit, MI",Michigan,42,Good,PM2.5
2023-11-23,"Detroit, MI",Michigan,59,Moderate,PM2.5
2023-11-24,"Detroit, MI",Michigan,39,Good,NO2
2023-11-25,"Detroit, MI",Michigan,72,Moderate,PM2.5
2023-11-26,"Detroit, MI",Michigan,75,Moderate,PM2.5
2023-11-27,"Detroit, MI",Michigan,57,Moderate,PM2.5
2023-11-28,"Detroit, MI",Michigan,45,Good,PM2.5
2023-11-29,"Detroit, MI",Michigan,69,Moderate,PM2.5
2023-11-30,"Detroit, MI",Michigan,83,Moderate,PM2.5
2023-12-01,"Detroit, MI",Michigan,77,Moderate,PM2.5
2023-12-02,"Detroit, MI",Michigan,49,Good,PM2.5
2023-12-03,"Detroit, MI",Michigan,49,Good,PM2.5
2023-12-04,"Detroit, MI",Michigan,43,Good,PM2.5
2023-12-05,"Detroit, MI",Michigan,66,Moderate,PM2.5
2023-12-06,"Detroit, MI",Michigan,59,Moderate,PM2.5
2023-12-07,"Detroit, MI",Michigan,73,Moderate,PM2.5
2023-12-08,"Detroit, MI",Michigan,69,Moderate,PM2.5
2023-12-09,"Detroit, MI",Michigan,60,Moderate,PM2.5
2023-12-10,"Detroit, MI",Michigan,36,Good,PM2.5
2023-12-11,"Detroit, MI",Michigan,38,Good,PM2.5
2023-12-12,"Detroit, MI",Michigan,61,Moderate,PM2.5
2023-12-13,"Detroit, MI",Michigan,62,Moderate,PM2.5
2023-12-14,"Detroit, MI",Michigan,80,Moderate,PM2.5
2023-12-15,"Detroit, MI",Michigan,77,Moderate,PM2.5
2023-12-16,"Detroit, MI",Michigan,77,Moderate,PM2.5
2023-12-17,"Detroit, MI",Michigan,52,Moderate,PM2.5
2023-12-18,"Detroit, MI",Michigan,31,Good,PM2.5
2023-12-19,"Detroit, MI",Michigan,37,Good,PM2.5
2023-12-20,"Detroit, MI",Michigan,70,Moderate,PM2.5
2023-12-21,"Detroit, MI",Michigan,64,Moderate,PM2.5
2023-12-22,"Detroit, MI",Michigan,72,Moderate,PM2.5
2023-12-23,"Detroit, MI",Michigan,79,Moderate,PM2.5
2023-12-24,"Detroit, MI",Michigan,77,Moderate,PM2.5
2023-12-25,"Detroit, MI",Michigan,67,Moderate,PM2.5
2023-12-26,"Detroit, MI",Michigan,53,Moderate,PM2.5
2023-12-27,"Detroit, MI",Michigan,54,Moderate,PM2.5
2023-12-28,"Detroit, MI",Michigan,36,Good,PM2.5
2023-12-29,"Detroit, MI",Michigan,53,Moderate,PM2.5
2023-12-30,"Detroit, MI",Michigan,42,Good,PM2.5
2023-12-31,"Detroit, MI",Michigan,67,Moderate,PM2.5
2024-01-01,"Detroit, MI",Michigan,40,Good,PM2.5
2024-01-02,"Detroit, MI",Michigan,55,Moderate,PM2.5
2024-01-03,"Detroit, MI",Michigan,62,Moderate,PM2.5
2024-01-04,"Detroit, MI",Michigan,35,Good,PM2.5
2024-01-05,"Detroit, MI",Michigan,74,Moderate,PM2.5
2024-01-06,"Detroit, MI",Michigan,71,Moderate,PM2.5
2024-01-07,"Detroit, MI",Michigan,85,Moderate,PM2.5
2024-01-08,"Detroit, MI",Michigan,71,Moderate,PM2.5
2024-01-09,"Detroit, MI",Michigan,56,Moderate,PM2.5
2024-01-10,"Detroit, MI",Michigan,33,Good,PM2.5
2024-01-11,"Detroit, MI",Michigan,60,Moderate,PM2.5
2024-01-12,"Detroit, MI",Michigan,58,Moderate,PM2.5
2024-01-13,"Detroit, MI",Michigan,48,Good,PM2.5
2024-01-14,"Detroit, MI",Michigan,58,Moderate,PM2.5
2024-01-15,"Detroit, MI",Michigan,70,Moderate,PM2.5
2024-01-16,"Detroit, MI",Michigan,69,Moderate,PM2.5
2024-01-17,"Detroit, MI",Michigan,65,Moderate,PM2.5
2024-01-18,"Detroit, MI",Michigan,70,Moderate,PM2.5
2024-01-19,"Detroit, MI",Michigan,55,Moderate,PM2.5
2024-01-20,"Detroit, MI",Michigan,51,Moderate,PM2.5
2024-01-21,"Detroit, MI",Michigan,61,Moderate,PM2.5
2024-01-22,"Detroit, MI",Michigan,80,Moderate,PM2.5
2024-01-23,"Detroit, MI",Michigan,72,Moderate,PM2.5
2024-01-24,"Detroit, MI",Michigan,68,Moderate,PM2.5
2024-01-25,"Detroit, MI",Michigan,66,Moderate,PM2.5
2024-01-26,"Detroit, MI",Michigan,46,Good,PM2.5
2024-01-27,"Detroit, MI",Michigan,54,Moderate,PM2.5
2024-01-28,"Detroit, MI",Michigan,47,Good,PM2.5
2024-01-29,"Detroit, MI",Michigan,50,Good,PM2.5
2024-01-30,"Detroit, MI",Michigan,67,Moderate,PM2.5
2024-01-31,"Detroit, MI",Michigan,61,Moderate,PM2.5
2024-02-01,"Detroit, MI",Michigan,70,Moderate,PM2.5
2024-02-02,"Detroit, MI",Michigan,34,Good,PM2.5
2024-02-03,"Detroit, MI",Michigan,57,Moderate,PM2.5
2024-02-04,"Detroit, MI",Michigan,82,Moderate,PM2.5
2024-02-05,"Detroit, MI",Michigan,56,Moderate,PM2.5
2024-02-06,"Detroit, MI",Michigan,57,Moderate,PM2.5
2024-02-07,"Detroit, MI",Michigan,67,Moderate,PM2.5
2024-02-08,"Detroit, MI",Michigan,70,Moderate,PM2.5
2024-02-09,"Detroit, MI",Michigan,77,Moderate,PM2.5
2024-02-10,"Detroit, MI",Michigan,55,Moderate,PM2.5
2024-02-11,"Detroit, MI",Michigan,54,Moderate,PM2.5
2024-02-12,"Detroit, MI",Michigan,69,Moderate,PM2.5
2024-02-13,"Detroit, MI",Michigan,66,Moderate,PM2.5
2024-02-14,"Detroit, MI",Michigan,43,Good,PM2.5
2024-02-15,"Detroit, MI",Michigan,53,Moderate,PM2.5
2024-02-16,"Detroit, MI",Michigan,39,Good,PM2.5
2024-02-17,"Detroit, MI",Michigan,41,Good,PM2.5
2024-02-18,"Detroit, MI",Michigan,53,Moderate,PM2.5
2024-02-19,"Detroit, MI",Michigan,58,Moderate,PM2.5
2024-02-20,"Detroit, MI",Michigan,70,Moderate,PM2.5
2024-02-21,"Detroit, MI",Michigan,83,Moderate,PM2.5
2024-02-22,"Detroit, MI",Michigan,107,Unhealthy for Sensitive Groups,PM2.5
2024-02-23,"Detroit, MI",Michigan,71,Moderate,PM2.5
2024-02-24,"Detroit, MI",Michigan,37,Good,PM2.5
2024-02-25,"Detroit, MI",Michigan,63,Moderate,PM2.5
2024-02-26,"Detroit, MI",Michigan,73,Moderate,PM2.5
2024-02-27,"Detroit, MI",Michigan,79,Moderate,PM2.5
2024-02-28,"Detroit, MI",Michigan,53,Moderate,PM2.5
2024-02-29,"Detroit, MI",Michigan,42,Good,PM2.5
2024-03-01,"Detroit, MI",Michigan,53,Moderate,PM2.5
2024-03-02,"Detroit, MI",Michigan,74,Moderate,PM2.5
2024-03-03,"Detroit, MI",Michigan,66,Moderate,PM2.5
2024-03-04,"Detroit, MI",Michigan,58,Moderate,PM2.5
2024-03-05,"Detroit, MI",Michigan,54,Moderate,PM2.5
2024-03-06,"Detroit, MI",Michigan,27,Good,Ozone
2024-03-07,"Detroit, MI",Michigan,32,Good,Ozone
2024-03-08,"Detroit, MI",Michigan,56,Moderate,PM2.5
2024-03-09,"Detroit, MI",Michigan,31,Good,Ozone
2024-03-10,"Detroit, MI",Michigan,36,Good,Ozone
2024-03-11,"Detroit, MI",Michigan,47,Good,PM2.5
2024-03-12,"Detroit, MI",Michigan,54,Moderate,PM2.5
2024-03-13,"Detroit, MI",Michigan,80,Moderate,PM2.5
2024-03-14,"Detroit, MI",Michigan,68,Moderate,PM2.5
2024-03-15,"Detroit, MI",Michigan,47,Good,PM2.5
2024-03-16,"Detroit, MI",Michigan,55,Moderate,PM2.5
2024-03-17,"Detroit, MI",Michigan,36,Good,Ozone
2024-03-18,"Detroit, MI",Michigan,34,Good,Ozone
2024-03-19,"Detroit, MI",Michigan,58,Moderate,PM2.5
2024-03-20,"Detroit, MI",Michigan,42,Good,PM2.5
2024-03-21,"Detroit, MI",Michigan,37,Good,PM2.5
2024-03-22,"Detroit, MI",Michigan,49,Good,PM2.5
2024-03-23,"Detroit, MI",Michigan,51,Moderate,PM2.5
2024-03-24,"Detroit, MI",Michigan,48,Good,PM2.5
2024-03-25,"Detroit, MI",Michigan,46,Good,PM2.5
2024-03-26,"Detroit, MI",Michigan,43,Good,Ozone
2024-03-27,"Detroit, MI",Michigan,54,Moderate,PM2.5
2024-03-28,"Detroit, MI",Michigan,62,Moderate,PM2.5
2024-03-29,"Detroit, MI",Michigan,52,Moderate,PM2.5
2024-03-30,"Detroit, MI",Michigan,67,Moderate,PM2.5
2024-03-31,"Detroit, MI",Michigan,62,Moderate,PM2.5
2024-04-01,"Detroit, MI",Michigan,51,Moderate,PM2.5
2024-04-02,"Detroit, MI",Michigan,38,Good,PM2.5
2024-04-03,"Detroit, MI",Michigan,36,Good,PM2.5
2024-04-04,"Detroit, MI",Michigan,40,Good,PM2.5
2024-04-05,"Detroit, MI",Michigan,40,Good,Ozone
2024-04-06,"Detroit, MI",Michigan,44,Good,Ozone
2024-04-07,"Detroit, MI",Michigan,53,Moderate,PM2.5
2024-04-08,"Detroit, MI",Michigan,52,Moderate,PM2.5
2024-04-09,"Detroit, MI",Michigan,66,Moderate,PM2.5
2024-04-10,"Detroit, MI",Michigan,47,Good,Ozone
2024-04-11,"Detroit, MI",Michigan,38,Good,Ozone
2024-04-12,"Detroit, MI",Michigan,52,Moderate,PM2.5
2024-04-13,"Detroit, MI",Michigan,45,Good,Ozone
2024-04-14,"Detroit, MI",Michigan,61,Moderate,Ozone
2024-04-15,"Detroit, MI",Michigan,47,Good,Ozone
2024-04-16,"Detroit, MI",Michigan,48,Good,Ozone
2024-04-17,"Detroit, MI",Michigan,44,Good,PM2.5
2024-04-18,"Detroit, MI",Michigan,43,Good,Ozone
2024-04-19,"Detroit, MI",Michigan,44,Good,Ozone
2024-04-20,"Detroit, MI",Michigan,35,Good,Ozone
2024-04-21,"Detroit, MI",Michigan,43,Good,Ozone
2024-04-22,"Detroit, MI",Michigan,53,Moderate,PM2.5
2024-04-23,"Detroit, MI",Michigan,50,Good,PM2.5
2024-04-24,"Detroit, MI",Michigan,37,Good,Ozone
2024-04-25,"Detroit, MI",Michigan,52,Moderate,PM2.5
2024-04-26,"Detroit, MI",Michigan,55,Moderate,PM2.5
2024-04-27,"Detroit, MI",Michigan,57,Moderate,PM2.5
2024-04-28,"Detroit, MI",Michigan,61,Moderate,PM2.5
2024-04-29,"Detroit, MI",Michigan,56,Moderate,PM2.5
2024-04-30,"Detroit, MI",Michigan,44,Good,Ozone
2024-05-01,"Detroit, MI",Michigan,74,Moderate,Ozone
2024-05-02,"Detroit, MI",Michigan,38,Good,Ozone
2024-05-03,"Detroit, MI",Michigan,47,Good,PM2.5
2024-05-04,"Detroit, MI",Michigan,58,Moderate,PM2.5
2024-05-05,"Detroit, MI",Michigan,51,Moderate,PM2.5
2024-05-06,"Detroit, MI",Michigan,38,Good,Ozone
2024-05-07,"Detroit, MI",Michigan,44,Good,Ozone
2024-05-08,"Detroit, MI",Michigan,47,Good,Ozone
2024-05-09,"Detroit, MI",Michigan,39,Good,PM2.5
2024-05-10,"Detroit, MI",Michigan,35,Good,Ozone
2024-05-11,"Detroit, MI",Michigan,43,Good,PM2.5
2024-05-12,"Detroit, MI",Michigan,40,Good,Ozone
2024-05-13,"Detroit, MI",Michigan,64,Moderate,Ozone
2024-05-14,"Detroit, MI",Michigan,59,Moderate,PM2.5
2024-05-15,"Detroit, MI",Michigan,58,Moderate,PM2.5
2024-05-16,"Detroit, MI",Michigan,57,Moderate,PM2.5
2024-05-17,"Detroit, MI",Michigan,58,Moderate,Ozone
2024-05-18,"Detroit, MI",Michigan,60,Moderate,PM2.5
2024-05-19,"Detroit, MI",Michigan,80,Moderate,Ozone
2024-05-20,"Detroit, MI",Michigan,74,Moderate,Ozone
2024-05-21,"Detroit, MI",Michigan,93,Moderate,Ozone
2024-05-22,"Detroit, MI",Michigan,71,Moderate,Ozone
2024-05-23,"Detroit, MI",Michigan,51,Moderate,Ozone
2024-05-24,"Detroit, MI",Michigan,80,Moderate,Ozone
2024-05-25,"Detroit, MI",Michigan,51,Moderate,Ozone
2024-05-26,"Detroit, MI",Michigan,64,Moderate,Ozone
2024-05-27,"Detroit, MI",Michigan,40,Good,Ozone
2024-05-28,"Detroit, MI",Michigan,37,Good,Ozone
2024-05-29,"Detroit, MI",Michigan,39,Good,Ozone
2024-05-30,"Detroit, MI",Michigan,47,Good,Ozone
2024-05-31,"Detroit, MI",Michigan,84,Moderate,Ozone
2024-06-01,"Detroit, MI",Michigan,90,Moderate,Ozone
2024-06-02,"Detroit, MI",Michigan,54,Moderate,PM2.5
2024-06-03,"Detroit, MI",Michigan,71,Moderate,PM2.5
2024-06-04,"Detroit, MI",Michigan,58,Moderate,Ozone
2024-06-05,"Detroit, MI",Michigan,55,Moderate,PM2.5
2024-06-06,"Detroit, MI",Michigan,46,Good,Ozone
2024-06-07,"Detroit, MI",Michigan,33,Good,Ozone
2024-06-08,"Detroit, MI",Michigan,42,Good,Ozone
2024-06-09,"Detroit, MI",Michigan,38,Good,Ozone
2024-06-10,"Detroit, MI",Michigan,38,Good,Ozone
2024-06-11,"Detroit, MI",Michigan,60,Moderate,PM2.5
2024-06-12,"Detroit, MI",Michigan,87,Moderate,Ozone
2024-06-13,"Detroit, MI",Michigan,80,Moderate,Ozone
2024-06-14,"Detroit, MI",Michigan,51,Moderate,Ozone
2024-06-15,"Detroit, MI",Michigan,52,Moderate,PM2.5
2024-06-16,"Detroit, MI",Michigan,71,Moderate,Ozone
2024-06-17,"Detroit, MI",Michigan,77,Moderate,Ozone
2024-06-18,"Detroit, MI",Michigan,67,Moderate,Ozone
2024-06-19,"Detroit, MI",Michigan,105,Unhealthy for Sensitive Groups,Ozone
2024-06-20,"Detroit, MI",Michigan,62,Moderate,PM2.5
2024-06-21,"Detroit, MI",Michigan,115,Unhealthy for Sensitive Groups,Ozone
2024-06-22,"Detroit, MI",Michigan,71,Moderate,Ozone
2024-06-23,"Detroit, MI",Michigan,58,Moderate,PM2.5
2024-06-24,"Detroit, MI",Michigan,58,Moderate,Ozone
2024-06-25,"Detroit, MI",Michigan,49,Good,Ozone
2024-06-26,"Detroit, MI",Michigan,53,Moderate,PM2.5
2024-06-27,"Detroit, MI",Michigan,35,Good,Ozone
2024-06-28,"Detroit, MI",Michigan,46,Good,PM2.5
2024-06-29,"Detroit, MI",Michigan,55,Moderate,PM2.5
2024-06-30,"Detroit, MI",Michigan,27,Good,Ozone
2024-07-01,"Detroit, MI",Michigan,39,Good,Ozone
2024-07-02,"Detroit, MI",Michigan,50,Good,Ozone
2024-07-03,"Detroit, MI",Michigan,58,Moderate,Ozone
2024-07-04,"Detroit, MI",Michigan,136,Unhealthy for Sensitive Groups,PM2.5
2024-07-05,"Detroit, MI",Michigan,181,Unhealthy,PM2.5
2024-07-06,"Detroit, MI",Michigan,44,Good,Ozone
2024-07-07,"Detroit, MI",Michigan,51,Moderate,Ozone
2024-07-08,"Detroit, MI",Michigan,105,Unhealthy for Sensitive Groups,Ozone
2024-07-09,"Detroit, MI",Michigan,58,Moderate,Ozone
2024-07-10,"Detroit, MI",Michigan,44,Good,Ozone
2024-07-11,"Detroit, MI",Michigan,53,Moderate,PM2.5
2024-07-12,"Detroit, MI",Michigan,57,Moderate,PM2.5
2024-07-13,"Detroit, MI",Michigan,74,Moderate,Ozone
2024-07-14,"Detroit, MI",Michigan,54,Moderate,PM2.5
2024-07-15,"Detroit, MI",Michigan,77,Moderate,Ozone
2024-07-16,"Detroit, MI",Michigan,61,Moderate,Ozone
2024-07-17,"Detroit, MI",Michigan,55,Moderate,PM2.5
2024-07-18,"Detroit, MI",Michigan,38,Good,PM2.5
2024-07-19,"Detroit, MI",Michigan,51,Moderate,Ozone
2024-07-20,"Detroit, MI",Michigan,55,Moderate,PM2.5
2024-07-21,"Detroit, MI",Michigan,77,Moderate,Ozone
2024-07-22,"Detroit, MI",Michigan,64,Moderate,PM2.5
2024-07-23,"Detroit, MI",Michigan,100,Moderate,Ozone
2024-07-24,"Detroit, MI",Michigan,58,Moderate,PM2.5
2024-07-25,"Detroit, MI",Michigan,42,Good,Ozone
2024-07-26,"Detroit, MI",Michigan,59,Moderate,PM2.5
2024-07-27,"Detroit, MI",Michigan,55,Moderate,PM2.5
2024-07-28,"Detroit, MI",Michigan,119,Unhealthy for Sensitive Groups,Ozone
2024-07-29,"Detroit, MI",Michigan,60,Moderate,PM2.5
2024-07-30,"Detroit, MI",Michigan,48,Good,PM2.5
2024-07-31,"Detroit, MI",Michigan,84,Moderate,Ozone
2024-08-01,"Detroit, MI",Michigan,93,Moderate,Ozone
2024-08-02,"Detroit, MI",Michigan,40,Good,Ozone
2024-08-03,"Detroit, MI",Michigan,62,Moderate,PM2.5
2024-08-04,"Detroit, MI",Michigan,74,Moderate,Ozone
2024-08-05,"Detroit, MI",Michigan,60,Moderate,PM2.5
2024-08-06,"Detroit, MI",Michigan,58,Moderate,PM2.5
2024-08-07,"Detroit, MI",Michigan,43,Good,PM2.5
2024-08-08,"Detroit, MI",Michigan,55,Moderate,PM2.5
2024-08-09,"Detroit, MI",Michigan,54,Moderate,PM2.5
2024-08-10,"Detroit, MI",Michigan,42,Good,PM2.5
2024-08-11,"Detroit, MI",Michigan,46,Good,PM2.5
2024-08-12,"Detroit, MI",Michigan,56,Moderate,PM2.5
2024-08-13,"Detroit, MI",Michigan,64,Moderate,PM2.5
2024-08-14,"Detroit, MI",Michigan,68,Moderate,PM2.5
2024-08-15,"Detroit, MI",Michigan,79,Moderate,PM2.5
2024-08-16,"Detroit, MI",Michigan,68,Moderate,PM2.5
2024-08-17,"Detroit, MI",Michigan,45,Good,PM2.5
2024-08-18,"Detroit, MI",Michigan,34,Good,Ozone
2024-08-19,"Detroit, MI",Michigan,44,Good,PM2.5
2024-08-20,"Detroit, MI",Michigan,40,Good,PM2.5
2024-08-21,"Detroit, MI",Michigan,53,Moderate,PM2.5
2024-08-22,"Detroit, MI",Michigan,61,Moderate,PM2.5
2024-08-23,"Detroit, MI",Michigan,74,Moderate,Ozone
2024-08-24,"Detroit, MI",Michigan,93,Moderate,Ozone
2024-08-25,"Detroit, MI",Michigan,82,Moderate,PM2.5
2024-08-26,"Detroit, MI",Michigan,101,Unhealthy for Sensitive Groups,Ozone
2024-08-27,"Detroit, MI",Michigan,69,Moderate,PM2.5
2024-08-28,"Detroit, MI",Michigan,60,Moderate,PM2.5
2024-08-29,"Detroit, MI",Michigan,55,Moderate,PM2.5
2024-08-30,"Detroit, MI",Michigan,93,Moderate,Ozone
2024-08-31,"Detroit, MI",Michigan,50,Good,PM2.5
2024-09-01,"Detroit, MI",Michigan,55,Moderate,PM2.5
2024-09-02,"Detroit, MI",Michigan,51,Moderate,PM2.5
2024-09-03,"Detroit, MI",Michigan,58,Moderate,PM2.5
2024-09-04,"Detroit, MI",Michigan,57,Moderate,PM2.5
2024-09-05,"Detroit, MI",Michigan,84,Moderate,Ozone
2024-09-06,"Detroit, MI",Michigan,52,Moderate,PM2.5
2024-09-07,"Detroit, MI",Michigan,44,Good,PM2.5
2024-09-08,"Detroit, MI",Michigan,51,Moderate,PM2.5
2024-09-09,"Detroit, MI",Michigan,55,Moderate,PM2.5
2024-09-10,"Detroit, MI",Michigan,58,Moderate,PM2.5
2024-09-11,"Detroit, MI",Michigan,84,Moderate,Ozone
2024-09-12,"Detroit, MI",Michigan,77,Moderate,Ozone
2024-09-13,"Detroit, MI",Michigan,59,Moderate,PM2.5
2024-09-14,"Detroit, MI",Michigan,54,Moderate,PM2.5
2024-09-15,"Detroit, MI",Michigan,64,Moderate,Ozone
2024-09-16,"Detroit, MI",Michigan,62,Moderate,PM2.5
2024-09-17,"Detroit, MI",Michigan,56,Moderate,PM2.5
2024-09-18,"Detroit, MI",Michigan,53,Moderate,PM2.5
2024-09-19,"Detroit, MI",Michigan,59,Moderate,PM2.5
2024-09-20,"Detroit, MI",Michigan,61,Moderate,PM2.5
2024-09-21,"Detroit, MI",Michigan,59,Moderate,PM2.5
2024-09-22,"Detroit, MI",Michigan,69,Moderate,PM2.5
2024-09-23,"Detroit, MI",Michigan,26,Good,Ozone
2024-09-24,"Detroit, MI",Michigan,42,Good,PM2.5
2024-09-25,"Detroit, MI",Michigan,46,Good,PM2.5
2024-09-26,"Detroit, MI",Michigan,33,Good,PM2.5
2024-09-27,"Detroit, MI",Michigan,36,Good,PM2.5
2024-09-28,"Detroit, MI",Michigan,26,Good,PM2.5
2024-09-29,"Detroit, MI",Michigan,43,Good,PM2.5
2024-09-30,"Detroit, MI",Michigan,38,Good,PM2.5
2024-10-01,"Detroit, MI",Michigan,49,Good,PM2.5
2024-10-02,"Detroit, MI",Michigan,39,Good,PM2.5
2024-10-03,"Detroit, MI",Michigan,58,Moderate,PM2.5
2024-10-04,"Detroit, MI",Michigan,60,Moderate,PM2.5
2024-10-05,"Detroit, MI",Michigan,35,Good,Ozone
2024-10-06,"Detroit, MI",Michigan,55,Moderate,PM2.5
2024-10-07,"Detroit, MI",Michigan,35,Good,Ozone
2024-10-08,"Detroit, MI",Michigan,42,Good,PM2.5
2024-10-09,"Detroit, MI",Michigan,36,Good,PM2.5
2024-10-10,"Detroit, MI",Michigan,49,Good,PM2.5
2024-10-11,"Detroit, MI",Michigan,58,Moderate,PM2.5
2024-10-12,"Detroit, MI",Michigan,45,Good,PM2.5
2024-10-13,"Detroit, MI",Michigan,42,Good,PM2.5
2024-10-14,"Detroit, MI",Michigan,26,Good,PM2.5
2024-10-15,"Detroit, MI",Michigan,33,Good,PM2.5
2024-10-16,"Detroit, MI",Michigan,38,Good,NO2
2024-10-17,"Detroit, MI",Michigan,55,Moderate,PM2.5
2024-10-18,"Detroit, MI",Michigan,72,Moderate,PM2.5
2024-10-19,"Detroit, MI",Michigan,83,Moderate,PM2.5
2024-10-20,"Detroit, MI",Michigan,74,Moderate,PM2.5
2024-10-21,"Detroit, MI",Michigan,66,Moderate,PM2.5
2024-10-22,"Detroit, MI",Michigan,74,Moderate,PM2.5
2024-10-23,"Detroit, MI",Michigan,55,Moderate,PM2.5
2024-10-24,"Detroit, MI",Michigan,38,Good,PM2.5
2024-10-25,"Detroit, MI",Michigan,55,Moderate,PM2.5
2024-10-26,"Detroit, MI",Michigan,52,Moderate,PM2.5
2024-10-27,"Detroit, MI",Michigan,69,Moderate,PM2.5
2024-10-28,"Detroit, MI",Michigan,59,Moderate,PM2.5
2024-10-29,"Detroit, MI",Michigan,65,Moderate,PM2.5
2024-10-30,"Detroit, MI",Michigan,68,Moderate,PM2.5
2024-10-31,"Detroit, MI",Michigan,52,Moderate,PM2.5
2024-11-01,"Detroit, MI",Michigan,32,Good,PM2.5
2024-11-02,"Detroit, MI",Michigan,55,Moderate,PM2.5
2024-11-03,"Detroit, MI",Michigan,58,Moderate,PM2.5
2024-11-04,"Detroit, MI",Michigan,51,Moderate,PM2.5
2024-11-05,"Detroit, MI",Michigan,56,Moderate,PM2.5
2024-11-06,"Detroit, MI",Michigan,30,Good,PM2.5
2024-11-07,"Detroit, MI",Michigan,37,Good,PM2.5
2024-11-08,"Detroit, MI",Michigan,47,Good,PM2.5
2024-11-09,"Detroit, MI",Michigan,41,Good,PM2.5
2024-11-10,"Detroit, MI",Michigan,51,Moderate,PM2.5
2024-11-11,"Detroit, MI",Michigan,43,Good,PM2.5
2024-11-12,"Detroit, MI",Michigan,38,Good,PM2.5
2024-11-13,"Detroit, MI",Michigan,52,Moderate,PM2.5
2024-11-14,"Detroit, MI",Michigan,63,Moderate,PM2.5
2024-11-15,"Detroit, MI",Michigan,53,Moderate,PM2.5
2024-11-16,"Detroit, MI",Michigan,53,Moderate,PM2.5
2024-11-17,"Detroit, MI",Michigan,56,Moderate,PM2.5
2024-11-18,"Detroit, MI",Michigan,69,Moderate,PM2.5
2024-11-19,"Detroit, MI",Michigan,57,Moderate,PM2.5
2024-11-20,"Detroit, MI",Michigan,55,Moderate,PM2.5
2024-11-21,"Detroit, MI",Michigan,52,Moderate,PM2.5
2024-11-22,"Detroit, MI",Michigan,44,Good,PM2.5
2024-11-23,"Detroit, MI",Michigan,33,Good,PM2.5
2024-11-24,"Detroit, MI",Michigan,66,Moderate,PM2.5
2024-11-25,"Detroit, MI",Michigan,67,Moderate,PM2.5
2024-11-26,"Detroit, MI",Michigan,46,Good,PM2.5
2024-11-27,"Detroit, MI",Michigan,61,Moderate,PM2.5
2024-11-28,"Detroit, MI",Michigan,49,Good,PM2.5
2024-11-29,"Detroit, MI",Michigan,52,Moderate,PM2.5
2024-11-30,"Detroit, MI",Michigan,60,Moderate,PM2.5
2024-12-01,"Detroit, MI",Michigan,59,Moderate,PM2.5
2024-12-02,"Detroit, MI",Michigan,55,Moderate,PM2.5
2024-12-03,"Detroit, MI",Michigan,63,Moderate,PM2.5
2024-12-04,"Detroit, MI",Michigan,66,Moderate,PM2.5
2024-12-05,"Detroit, MI",Michigan,39,Good,PM2.5
2024-12-06,"Detroit, MI",Michigan,57,Moderate,PM2.5
2024-12-07,"Detroit, MI",Michigan,53,Moderate,PM2.5
2024-12-08,"Detroit, MI",Michigan,56,Moderate,PM2.5
2024-12-09,"Detroit, MI",Michigan,62,Moderate,PM2.5
2024-12-10,"Detroit, MI",Michigan,72,Moderate,PM2.5
2024-12-11,"Detroit, MI",Michigan,55,Moderate,PM2.5
2024-12-12,"Detroit, MI",Michigan,60,Moderate,PM2.5
2024-12-13,"Detroit, MI",Michigan,68,Moderate,PM2.5
2024-12-14,"Detroit, MI",Michigan,62,Moderate,PM2.5
2024-12-15,"Detroit, MI",Michigan,68,Moderate,PM2.5
2024-12-16,"Detroit, MI",Michigan,55,Moderate,PM2.5
2024-12-17,"Detroit, MI",Michigan,55,Moderate,PM2.5
2024-12-18,"Detroit, MI",Michigan,60,Moderate,PM2.5
2024-12-19,"Detroit, MI",Michigan,41,Good,PM2.5
2024-12-20,"Detroit, MI",Michigan,53,Moderate,PM2.5
2024-12-21,"Detroit, MI",Michigan,38,Good,PM2.5
2024-12-22,"Detroit, MI",Michigan,54,Moderate,PM2.5
2024-12-23,"Detroit, MI",Michigan,60,Moderate,PM2.5
2024-12-24,"Detroit, MI",Michigan,62,Moderate,PM2.5
2024-12-25,"Detroit, MI",Michigan,68,Moderate,PM2.5
2024-12-26,"Detroit, MI",Michigan,70,Moderate,PM2.5
2024-12-27,"Detroit, MI",Michigan,65,Moderate,PM2.5
2024-12-28,"Detroit, MI",Michigan,51,Moderate,PM2.5
2024-12-29,"Detroit, MI",Michigan,56,Moderate,PM2.5
2024-12-30,"Detroit, MI",Michigan,44,Good,PM2.5
2024-12-31,"Detroit, MI",Michigan,53,Moderate,PM2.5
2023-01-01,"Houston, TX",Texas,97,Moderate,PM2.5
2023-01-02,"Houston, TX",Texas,53,Moderate,PM2.5
2023-01-03,"Houston, TX",Texas,64,Moderate,PM2.5
2023-01-04,"Houston, TX",Texas,104,Unhealthy for Sensitive Groups,PM10
2023-01-05,"Houston, TX",Texas,122,Unhealthy for Sensitive Groups,PM10
2023-01-06,"Houston, TX",Texas,95,Moderate,PM10
2023-01-07,"Houston, TX",Texas,53,Moderate,PM2.5
2023-01-08,"Houston, TX",Texas,52,Moderate,PM2.5
2023-01-09,"Houston, TX",Texas,63,Moderate,PM2.5
2023-01-10,"Houston, TX",Texas,61,Moderate,PM2.5
2023-01-11,"Houston, TX",Texas,55,Moderate,PM2.5
2023-01-12,"Houston, TX",Texas,48,Good,PM10
2023-01-13,"Houston, TX",Texas,65,Moderate,PM10
2023-01-14,"Houston, TX",Texas,68,Moderate,PM10
2023-01-15,"Houston, TX",Texas,52,Moderate,PM2.5
2023-01-16,"Houston, TX",Texas,63,Moderate,PM2.5
2023-01-17,"Houston, TX",Texas,66,Moderate,PM2.5
2023-01-18,"Houston, TX",Texas,60,Moderate,PM2.5
2023-01-19,"Houston, TX",Texas,66,Moderate,PM10
2023-01-20,"Houston, TX",Texas,47,Good,PM10
2023-01-21,"Houston, TX",Texas,52,Moderate,PM2.5
2023-01-22,"Houston, TX",Texas,50,Good,PM2.5
2023-01-23,"Houston, TX",Texas,63,Moderate,PM10
2023-01-24,"Houston, TX",Texas,39,Good,PM2.5
2023-01-25,"Houston, TX",Texas,33,Good,Ozone
2023-01-26,"Houston, TX",Texas,77,Moderate,PM10
2023-01-27,"Houston, TX",Texas,86,Moderate,PM2.5
2023-01-28,"Houston, TX",Texas,58,Moderate,PM2.5
2023-01-29,"Houston, TX",Texas,48,Good,PM2.5
2023-01-30,"Houston, TX",Texas,47,Good,PM2.5
2023-01-31,"Houston, TX",Texas,31,Good,PM2.5
2023-02-01,"Houston, TX",Texas,26,Good,PM2.5
2023-02-02,"Houston, TX",Texas,25,Good,PM2.5
2023-02-03,"Houston, TX",Texas,56,Moderate,PM10
2023-02-04,"Houston, TX",Texas,61,Moderate,PM2.5
2023-02-05,"Houston, TX",Texas,57,Moderate,PM2.5
2023-02-06,"Houston, TX",Texas,53,Moderate,PM2.5
2023-02-07,"Houston, TX",Texas,56,Moderate,PM2.5
2023-02-08,"Houston, TX",Texas,52,Moderate,PM2.5
2023-02-09,"Houston, TX",Texas,66,Moderate,PM2.5
2023-02-10,"Houston, TX",Texas,70,Moderate,PM10
2023-02-11,"Houston, TX",Texas,44,Good,PM2.5
2023-02-12,"Houston, TX",Texas,67,Moderate,Ozone
2023-02-13,"Houston, TX",Texas,79,Moderate,PM10
2023-02-14,"Houston, TX",Texas,63,Moderate,PM2.5
2023-02-15,"Houston, TX",Texas,64,Moderate,PM2.5
2023-02-16,"Houston, TX",Texas,41,Good,PM2.5
2023-02-17,"Houston, TX",Texas,38,Good,Ozone
2023-02-18,"Houston, TX",Texas,60,Moderate,PM2.5
2023-02-19,"Houston, TX",Texas,57,Moderate,PM2.5
2023-02-20,"Houston, TX",Texas,58,Moderate,PM2.5
2023-02-21,"Houston, TX",Texas,64,Moderate,PM2.5
2023-02-22,"Houston, TX",Texas,78,Moderate,PM2.5
2023-02-23,"Houston, TX",Texas,76,Moderate,PM2.5
2023-02-24,"Houston, TX",Texas,65,Moderate,PM2.5
2023-02-25,"Houston, TX",Texas,69,Moderate,PM2.5
2023-02-26,"Houston, TX",Texas,60,Moderate,PM2.5
2023-02-27,"Houston, TX",Texas,98,Moderate,PM2.5
2023-02-28,"Houston, TX",Texas,76,Moderate,PM2.5
2023-03-01,"Houston, TX",Texas,68,Moderate,PM2.5
2023-03-02,"Houston, TX",Texas,69,Moderate,PM2.5
2023-03-03,"Houston, TX",Texas,57,Moderate,PM2.5
2023-03-04,"Houston, TX",Texas,93,Moderate,Ozone
2023-03-05,"Houston, TX",Texas,100,Moderate,Ozone
2023-03-06,"Houston, TX",Texas,77,Moderate,PM2.5
2023-03-07,"Houston, TX",Texas,72,Moderate,PM2.5
2023-03-08,"Houston, TX",Texas,73,Moderate,PM2.5
2023-03-09,"Houston, TX",Texas,77,Moderate,PM2.5
2023-03-10,"Houston, TX",Texas,66,Moderate,PM2.5
2023-03-11,"Houston, TX",Texas,65,Moderate,PM2.5
2023-03-12,"Houston, TX",Texas,66,Moderate,PM2.5
2023-03-13,"Houston, TX",Texas,58,Moderate,PM2.5
2023-03-14,"Houston, TX",Texas,80,Moderate,PM2.5
2023-03-15,"Houston, TX",Texas,121,Unhealthy for Sensitive Groups,PM2.5
2023-03-16,"Houston, TX",Texas,61,Moderate,PM2.5
2023-03-17,"Houston, TX",Texas,36,Good,Ozone
2023-03-18,"Houston, TX",Texas,40,Good,Ozone
2023-03-19,"Houston, TX",Texas,55,Moderate,PM2.5
2023-03-20,"Houston, TX",Texas,58,Moderate,PM2.5
2023-03-21,"Houston, TX",Texas,59,Moderate,PM2.5
2023-03-22,"Houston, TX",Texas,55,Moderate,PM2.5
2023-03-23,"Houston, TX",Texas,61,Moderate,PM2.5
2023-03-24,"Houston, TX",Texas,62,Moderate,PM2.5
2023-03-25,"Houston, TX",Texas,93,Moderate,Ozone
2023-03-26,"Houston, TX",Texas,77,Moderate,PM2.5
2023-03-27,"Houston, TX",Texas,69,Moderate,PM2.5
2023-03-28,"Houston, TX",Texas,56,Moderate,PM2.5
2023-03-29,"Houston, TX",Texas,59,Moderate,PM2.5
2023-03-30,"Houston, TX",Texas,65,Moderate,PM2.5
2023-03-31,"Houston, TX",Texas,67,Moderate,PM2.5
2023-04-01,"Houston, TX",Texas,77,Moderate,Ozone
2023-04-02,"Houston, TX",Texas,70,Moderate,PM2.5
2023-04-03,"Houston, TX",Texas,71,Moderate,PM2.5
2023-04-04,"Houston, TX",Texas,72,Moderate,PM2.5
2023-04-05,"Houston, TX",Texas,64,Moderate,PM2.5
2023-04-06,"Houston, TX",Texas,36,Good,Ozone
2023-04-07,"Houston, TX",Texas,32,Good,Ozone
2023-04-08,"Houston, TX",Texas,44,Good,PM2.5
2023-04-09,"Houston, TX",Texas,42,Good,PM2.5
2023-04-10,"Houston, TX",Texas,55,Moderate,PM10
2023-04-11,"Houston, TX",Texas,64,Moderate,PM10
2023-04-12,"Houston, TX",Texas,76,Moderate,PM10
2023-04-13,"Houston, TX",Texas,71,Moderate,Ozone
2023-04-14,"Houston, TX",Texas,79,Moderate,PM10
2023-04-15,"Houston, TX",Texas,64,Moderate,PM2.5
2023-04-16,"Houston, TX",Texas,49,Good,Ozone
2023-04-17,"Houston, TX",Texas,93,Moderate,Ozone
2023-04-18,"Houston, TX",Texas,57,Moderate,PM2.5
2023-04-19,"Houston, TX",Texas,61,Moderate,Ozone
2023-04-20,"Houston, TX",Texas,59,Moderate,PM2.5
2023-04-21,"Houston, TX",Texas,74,Moderate,Ozone
2023-04-22,"Houston, TX",Texas,67,Moderate,Ozone
2023-04-23,"Houston, TX",Texas,46,Good,PM2.5
2023-04-24,"Houston, TX",Texas,51,Moderate,Ozone
2023-04-25,"Houston, TX",Texas,61,Moderate,Ozone
2023-04-26,"Houston, TX",Texas,61,Moderate,PM2.5
2023-04-27,"Houston, TX",Texas,55,Moderate,PM2.5
2023-04-28,"Houston, TX",Texas,80,Moderate,Ozone
2023-04-29,"Houston, TX",Texas,42,Good,Ozone
2023-04-30,"Houston, TX",Texas,90,Moderate,Ozone
2023-05-01,"Houston, TX",Texas,164,Unhealthy,Ozone
2023-05-02,"Houston, TX",Texas,87,Moderate,Ozone
2023-05-03,"Houston, TX",Texas,129,Unhealthy for Sensitive Groups,Ozone
2023-05-04,"Houston, TX",Texas,70,Moderate,PM10
2023-05-05,"Houston, TX",Texas,80,Moderate,PM2.5
2023-05-06,"Houston, TX",Texas,70,Moderate,PM2.5
2023-05-07,"Houston, TX",Texas,66,Moderate,PM2.5
2023-05-08,"Houston, TX",Texas,65,Moderate,PM2.5
2023-05-09,"Houston, TX",Texas,57,Moderate,PM2.5
2023-05-10,"Houston, TX",Texas,54,Moderate,PM2.5
2023-05-11,"Houston, TX",Texas,66,Moderate,PM2.5
2023-05-12,"Houston, TX",Texas,68,Moderate,PM2.5
2023-05-13,"Houston, TX",Texas,57,Moderate,PM2.5
2023-05-14,"Houston, TX",Texas,54,Moderate,PM2.5
2023-05-15,"Houston, TX",Texas,58,Moderate,PM2.5
2023-05-16,"Houston, TX",Texas,57,Moderate,PM2.5
2023-05-17,"Houston, TX",Texas,100,Moderate,Ozone
2023-05-18,"Houston, TX",Texas,205,Very Unhealthy,Ozone
2023-05-19,"Houston, TX",Texas,101,Unhealthy for Sensitive Groups,Ozone
2023-05-20,"Houston, TX",Texas,64,Moderate,Ozone
2023-05-21,"Houston, TX",Texas,70,Moderate,PM2.5
2023-05-22,"Houston, TX",Texas,112,Unhealthy for Sensitive Groups,Ozone
2023-05-23,"Houston, TX",Texas,150,Unhealthy for Sensitive Groups,Ozone
2023-05-24,"Houston, TX",Texas,88,Moderate,PM2.5
2023-05-25,"Houston, TX",Texas,68,Moderate,PM2.5
2023-05-26,"Houston, TX",Texas,122,Unhealthy for Sensitive Groups,Ozone
2023-05-27,"Houston, TX",Texas,150,Unhealthy for Sensitive Groups,Ozone
2023-05-28,"Houston, TX",Texas,105,Unhealthy for Sensitive Groups,Ozone
2023-05-29,"Houston, TX",Texas,58,Moderate,Ozone
2023-05-30,"Houston, TX",Texas,80,Moderate,Ozone
2023-05-31,"Houston, TX",Texas,140,Unhealthy for Sensitive Groups,Ozone
2023-06-01,"Houston, TX",Texas,97,Moderate,Ozone
2023-06-02,"Houston, TX",Texas,147,Unhealthy for Sensitive Groups,Ozone
2023-06-03,"Houston, TX",Texas,126,Unhealthy for Sensitive Groups,Ozone
2023-06-04,"Houston, TX",Texas,97,Moderate,Ozone
2023-06-05,"Houston, TX",Texas,64,Moderate,Ozone
2023-06-06,"Houston, TX",Texas,115,Unhealthy for Sensitive Groups,Ozone
2023-06-07,"Houston, TX",Texas,159,Unhealthy,Ozone
2023-06-08,"Houston, TX",Texas,129,Unhealthy for Sensitive Groups,Ozone
2023-06-09,"Houston, TX",Texas,197,Unhealthy,Ozone
2023-06-10,"Houston, TX",Texas,54,Moderate,PM2.5
2023-06-11,"Houston, TX",Texas,48,Good,Ozone
2023-06-12,"Houston, TX",Texas,55,Moderate,PM2.5
2023-06-13,"Houston, TX",Texas,55,Moderate,PM2.5
2023-06-14,"Houston, TX",Texas,75,Moderate,PM2.5
2023-06-15,"Houston, TX",Texas,71,Moderate,PM2.5
2023-06-16,"Houston, TX",Texas,71,Moderate,PM2.5
2023-06-17,"Houston, TX",Texas,76,Moderate,PM2.5
2023-06-18,"Houston, TX",Texas,57,Moderate,PM2.5
2023-06-19,"Houston, TX",Texas,71,Moderate,PM2.5
2023-06-20,"Houston, TX",Texas,73,Moderate,PM2.5
2023-06-21,"Houston, TX",Texas,75,Moderate,PM2.5
2023-06-22,"Houston, TX",Texas,105,Unhealthy for Sensitive Groups,Ozone
2023-06-23,"Houston, TX",Texas,69,Moderate,PM2.5
2023-06-24,"Houston, TX",Texas,53,Moderate,PM2.5
2023-06-25,"Houston, TX",Texas,52,Moderate,PM2.5
2023-06-26,"Houston, TX",Texas,55,Moderate,PM2.5
2023-06-27,"Houston, TX",Texas,67,Moderate,PM2.5
2023-06-28,"Houston, TX",Texas,56,Moderate,PM2.5
2023-06-29,"Houston, TX",Texas,55,Moderate,PM2.5
2023-06-30,"Houston, TX",Texas,54,Moderate,PM2.5
2023-07-01,"Houston, TX",Texas,55,Moderate,PM2.5
2023-07-02,"Houston, TX",Texas,57,Moderate,PM2.5
2023-07-03,"Houston, TX",Texas,58,Moderate,Ozone
2023-07-04,"Houston, TX",Texas,54,Moderate,PM2.5
2023-07-05,"Houston, TX",Texas,54,Moderate,PM2.5
2023-07-06,"Houston, TX",Texas,56,Moderate,PM2.5
2023-07-07,"Houston, TX",Texas,58,Moderate,PM2.5
2023-07-08,"Houston, TX",Texas,53,Moderate,PM2.5
2023-07-09,"Houston, TX",Texas,62,Moderate,PM2.5
2023-07-10,"Houston, TX",Texas,74,Moderate,PM2.5
2023-07-11,"Houston, TX",Texas,66,Moderate,PM2.5
2023-07-12,"Houston, TX",Texas,65,Moderate,PM2.5
2023-07-13,"Houston, TX",Texas,68,Moderate,PM2.5
2023-07-14,"Houston, TX",Texas,71,Moderate,PM2.5
2023-07-15,"Houston, TX",Texas,79,Moderate,PM2.5
2023-07-16,"Houston, TX",Texas,79,Moderate,PM2.5
2023-07-17,"Houston, TX",Texas,83,Moderate,PM2.5
2023-07-18,"Houston, TX",Texas,71,Moderate,PM2.5
2023-07-19,"Houston, TX",Texas,77,Moderate,PM2.5
2023-07-20,"Houston, TX",Texas,74,Moderate,PM2.5
2023-07-21,"Houston, TX",Texas,66,Moderate,PM2.5
2023-07-22,"Houston, TX",Texas,57,Moderate,PM2.5
2023-07-23,"Houston, TX",Texas,126,Unhealthy for Sensitive Groups,Ozone
2023-07-24,"Houston, TX",Texas,93,Moderate,Ozone
2023-07-25,"Houston, TX",Texas,61,Moderate,PM2.5
2023-07-26,"Houston, TX",Texas,82,Moderate,PM2.5
2023-07-27,"Houston, TX",Texas,89,Moderate,PM2.5
2023-07-28,"Houston, TX",Texas,84,Moderate,PM2.5
2023-07-29,"Houston, TX",Texas,80,Moderate,PM2.5
2023-07-30,"Houston, TX",Texas,74,Moderate,Ozone
2023-07-31,"Houston, TX",Texas,129,Unhealthy for Sensitive Groups,Ozone
2023-08-01,"Houston, TX",Texas,187,Unhealthy,Ozone
2023-08-02,"Houston, TX",Texas,115,Unhealthy for Sensitive Groups,Ozone
2023-08-03,"Houston, TX",Texas,53,Moderate,PM2.5
2023-08-04,"Houston, TX",Texas,56,Moderate,PM2.5
2023-08-05,"Houston, TX",Texas,58,Moderate,PM2.5
2023-08-06,"Houston, TX",Texas,53,Moderate,PM2.5
2023-08-07,"Houston, TX",Texas,57,Moderate,PM2.5
2023-08-08,"Houston, TX",Texas,55,Moderate,PM2.5
2023-08-09,"Houston, TX",Texas,57,Moderate,PM2.5
2023-08-10,"Houston, TX",Texas,58,Moderate,PM2.5
2023-08-11,"Houston, TX",Texas,62,Moderate,PM2.5
2023-08-12,"Houston, TX",Texas,64,Moderate,PM2.5
2023-08-13,"Houston, TX",Texas,61,Moderate,PM2.5
2023-08-14,"Houston, TX",Texas,71,Moderate,Ozone
2023-08-15,"Houston, TX",Texas,122,Unhealthy for Sensitive Groups,Ozone
2023-08-16,"Houston, TX",Texas,143,Unhealthy for Sensitive Groups,Ozone
2023-08-17,"Houston, TX",Texas,147,Unhealthy for Sensitive Groups,Ozone
2023-08-18,"Houston, TX",Texas,143,Unhealthy for Sensitive Groups,Ozone
2023-08-19,"Houston, TX",Texas,126,Unhealthy for Sensitive Groups,Ozone
2023-08-20,"Houston, TX",Texas,126,Unhealthy for Sensitive Groups,Ozone
2023-08-21,"Houston, TX",Texas,97,Moderate,Ozone
2023-08-22,"Houston, TX",Texas,72,Moderate,PM10
2023-08-23,"Houston, TX",Texas,80,Moderate,Ozone
2023-08-24,"Houston, TX",Texas,143,Unhealthy for Sensitive Groups,Ozone
2023-08-25,"Houston, TX",Texas,129,Unhealthy for Sensitive Groups,Ozone
2023-08-26,"Houston, TX",Texas,126,Unhealthy for Sensitive Groups,Ozone
2023-08-27,"Houston, TX",Texas,108,Unhealthy for Sensitive Groups,Ozone
2023-08-28,"Houston, TX",Texas,143,Unhealthy for Sensitive Groups,Ozone
2023-08-29,"Houston, TX",Texas,74,Moderate,Ozone
2023-08-30,"Houston, TX",Texas,100,Moderate,Ozone
2023-08-31,"Houston, TX",Texas,129,Unhealthy for Sensitive Groups,Ozone
2023-09-01,"Houston, TX",Texas,154,Unhealthy,Ozone
2023-09-02,"Houston, TX",Texas,140,Unhealthy for Sensitive Groups,Ozone
2023-09-03,"Houston, TX",Texas,80,Moderate,Ozone
2023-09-04,"Houston, TX",Texas,51,Moderate,PM2.5
2023-09-05,"Houston, TX",Texas,53,Moderate,PM2.5
2023-09-06,"Houston, TX",Texas,61,Moderate,Ozone
2023-09-07,"Houston, TX",Texas,77,Moderate,Ozone
2023-09-08,"Houston, TX",Texas,87,Moderate,Ozone
2023-09-09,"Houston, TX",Texas,150,Unhealthy for Sensitive Groups,Ozone
2023-09-10,"Houston, TX",Texas,97,Moderate,Ozone
2023-09-11,"Houston, TX",Texas,179,Unhealthy,Ozone
2023-09-12,"Houston, TX",Texas,161,Unhealthy,Ozone
2023-09-13,"Houston, TX",Texas,112,Unhealthy for Sensitive Groups,Ozone
2023-09-14,"Houston, TX",Texas,57,Moderate,PM2.5
2023-09-15,"Houston, TX",Texas,58,Moderate,PM2.5
2023-09-16,"Houston, TX",Texas,84,Moderate,Ozone
2023-09-17,"Houston, TX",Texas,97,Moderate,Ozone
2023-09-18,"Houston, TX",Texas,179,Unhealthy,Ozone
2023-09-19,"Houston, TX",Texas,159,Unhealthy,Ozone
2023-09-20,"Houston, TX",Texas,84,Moderate,Ozone
2023-09-21,"Houston, TX",Texas,54,Moderate,Ozone
2023-09-22,"Houston, TX",Texas,49,Good,PM2.5
2023-09-23,"Houston, TX",Texas,36,Good,Ozone
2023-09-24,"Houston, TX",Texas,38,Good,PM2.5
2023-09-25,"Houston, TX",Texas,53,Moderate,PM2.5
2023-09-26,"Houston, TX",Texas,133,Unhealthy for Sensitive Groups,Ozone
2023-09-27,"Houston, TX",Texas,119,Unhealthy for Sensitive Groups,Ozone
2023-09-28,"Houston, TX",Texas,133,Unhealthy for Sensitive Groups,Ozone
2023-09-29,"Houston, TX",Texas,60,Moderate,PM2.5
2023-09-30,"Houston, TX",Texas,48,Good,Ozone
2023-10-01,"Houston, TX",Texas,74,Moderate,Ozone
2023-10-02,"Houston, TX",Texas,71,Moderate,Ozone
2023-10-03,"Houston, TX",Texas,52,Moderate,PM2.5
2023-10-04,"Houston, TX",Texas,96,Moderate,PM2.5
2023-10-05,"Houston, TX",Texas,58,Moderate,PM2.5
2023-10-06,"Houston, TX",Texas,53,Moderate,PM2.5
2023-10-07,"Houston, TX",Texas,51,Moderate,PM2.5
2023-10-08,"Houston, TX",Texas,58,Moderate,Ozone
2023-10-09,"Houston, TX",Texas,84,Moderate,Ozone
2023-10-10,"Houston, TX",Texas,63,Moderate,PM10
2023-10-11,"Houston, TX",Texas,49,Good,PM2.5
2023-10-12,"Houston, TX",Texas,53,Moderate,PM2.5
2023-10-13,"Houston, TX",Texas,53,Moderate,PM10
2023-10-14,"Houston, TX",Texas,40,Good,PM10
2023-10-15,"Houston, TX",Texas,30,Good,Ozone
2023-10-16,"Houston, TX",Texas,48,Good,PM2.5
2023-10-17,"Houston, TX",Texas,67,Moderate,PM2.5
2023-10-18,"Houston, TX",Texas,67,Moderate,NO2
2023-10-19,"Houston, TX",Texas,79,Moderate,PM10
2023-10-20,"Houston, TX",Texas,101,Unhealthy for Sensitive Groups,Ozone
2023-10-21,"Houston, TX",Texas,64,Moderate,Ozone
2023-10-22,"Houston, TX",Texas,36,Good,Ozone
2023-10-23,"Houston, TX",Texas,48,Good,PM2.5
2023-10-24,"Houston, TX",Texas,53,Moderate,PM2.5
2023-10-25,"Houston, TX",Texas,60,Moderate,PM2.5
2023-10-26,"Houston, TX",Texas,57,Moderate,PM2.5
2023-10-27,"Houston, TX",Texas,53,Moderate,PM2.5
2023-10-28,"Houston, TX",Texas,65,Moderate,PM2.5
2023-10-29,"Houston, TX",Texas,52,Moderate,PM2.5
2023-10-30,"Houston, TX",Texas,53,Moderate,PM2.5
2023-10-31,"Houston, TX",Texas,62,Moderate,PM2.5
2023-11-01,"Houston, TX",Texas,56,Moderate,PM2.5
2023-11-02,"Houston, TX",Texas,59,Moderate,PM2.5
2023-11-03,"Houston, TX",Texas,68,Moderate,PM2.5
2023-11-04,"Houston, TX",Texas,58,Moderate,PM2.5
2023-11-05,"Houston, TX",Texas,52,Moderate,PM2.5
2023-11-06,"Houston, TX",Texas,49,Good,PM2.5
2023-11-07,"Houston, TX",Texas,44,Good,PM2.5
2023-11-08,"Houston, TX",Texas,41,Good,PM2.5
2023-11-09,"Houston, TX",Texas,55,Moderate,PM2.5
2023-11-10,"Houston, TX",Texas,20,Good,PM2.5
2023-11-11,"Houston, TX",Texas,40,Good,PM2.5
2023-11-12,"Houston, TX",Texas,55,Moderate,PM2.5
2023-11-13,"Houston, TX",Texas,52,Moderate,PM2.5
2023-11-14,"Houston, TX",Texas,53,Moderate,PM2.5
2023-11-15,"Houston, TX",Texas,55,Moderate,PM2.5
2023-11-16,"Houston, TX",Texas,52,Moderate,PM2.5
2023-11-17,"Houston, TX",Texas,55,Moderate,PM2.5
2023-11-18,"Houston, TX",Texas,70,Moderate,PM2.5
2023-11-19,"Houston, TX",Texas,74,Moderate,PM2.5
2023-11-20,"Houston, TX",Texas,53,Moderate,PM2.5
2023-11-21,"Houston, TX",Texas,33,Good,PM2.5
2023-11-22,"Houston, TX",Texas,70,Moderate,PM2.5
2023-11-23,"Houston, TX",Texas,94,Moderate,PM2.5
2023-11-24,"Houston, TX",Texas,63,Moderate,PM2.5
2023-11-25,"Houston, TX",Texas,58,Moderate,PM2.5
2023-11-26,"Houston, TX",Texas,51,Moderate,PM2.5
2023-11-27,"Houston, TX",Texas,41,Good,PM2.5
2023-11-28,"Houston, TX",Texas,66,Moderate,PM2.5
2023-11-29,"Houston, TX",Texas,75,Moderate,PM2.5
2023-11-30,"Houston, TX",Texas,53,Moderate,PM2.5
2023-12-01,"Houston, TX",Texas,63,Moderate,PM2.5
2023-12-02,"Houston, TX",Texas,71,Moderate,PM2.5
2023-12-03,"Houston, TX",Texas,60,Moderate,PM2.5
2023-12-04,"Houston, TX",Texas,58,Moderate,PM2.5
2023-12-05,"Houston, TX",Texas,77,Moderate,PM2.5
2023-12-06,"Houston, TX",Texas,75,Moderate,PM2.5
2023-12-07,"Houston, TX",Texas,73,Moderate,PM2.5
2023-12-08,"Houston, TX",Texas,52,Moderate,PM2.5
2023-12-09,"Houston, TX",Texas,52,Moderate,PM2.5
2023-12-10,"Houston, TX",Texas,57,Moderate,PM2.5
2023-12-11,"Houston, TX",Texas,70,Moderate,PM2.5
2023-12-12,"Houston, TX",Texas,62,Moderate,PM2.5
2023-12-13,"Houston, TX",Texas,61,Moderate,PM2.5
2023-12-14,"Houston, TX",Texas,66,Moderate,PM2.5
2023-12-15,"Houston, TX",Texas,70,Moderate,PM2.5
2023-12-16,"Houston, TX",Texas,42,Good,PM2.5
2023-12-17,"Houston, TX",Texas,80,Moderate,PM2.5
2023-12-18,"Houston, TX",Texas,80,Moderate,PM2.5
2023-12-19,"Houston, TX",Texas,56,Moderate,PM2.5
2023-12-20,"Houston, TX",Texas,55,Moderate,PM2.5
2023-12-21,"Houston, TX",Texas,66,Moderate,PM2.5
2023-12-22,"Houston, TX",Texas,66,Moderate,PM2.5
2023-12-23,"Houston, TX",Texas,61,Moderate,PM2.5
2023-12-24,"Houston, TX",Texas,57,Moderate,PM2.5
2023-12-25,"Houston, TX",Texas,32,Good,PM2.5
2023-12-26,"Houston, TX",Texas,48,Good,PM2.5
2023-12-27,"Houston, TX",Texas,58,Moderate,PM2.5
2023-12-28,"Houston, TX",Texas,39,Good,PM2.5
2023-12-29,"Houston, TX",Texas,55,Moderate,PM2.5
2023-12-30,"Houston, TX",Texas,80,Moderate,PM2.5
2023-12-31,"Houston, TX",Texas,93,Moderate,PM2.5
2024-01-01,"Houston, TX",Texas,184,Unhealthy,PM2.5
2024-01-02,"Houston, TX",Texas,54,Moderate,PM2.5
2024-01-03,"Houston, TX",Texas,54,Moderate,PM2.5
2024-01-04,"Houston, TX",Texas,57,Moderate,PM2.5
2024-01-05,"Houston, TX",Texas,53,Moderate,PM2.5
2024-01-06,"Houston, TX",Texas,67,Moderate,PM2.5
2024-01-07,"Houston, TX",Texas,59,Moderate,PM2.5
2024-01-08,"Houston, TX",Texas,53,Moderate,PM2.5
2024-01-09,"Houston, TX",Texas,46,Good,PM2.5
2024-01-10,"Houston, TX",Texas,59,Moderate,PM2.5
2024-01-11,"Houston, TX",Texas,55,Moderate,PM2.5
2024-01-12,"Houston, TX",Texas,59,Moderate,PM2.5
2024-01-13,"Houston, TX",Texas,82,Moderate,NO2
2024-01-14,"Houston, TX",Texas,56,Moderate,PM2.5
2024-01-15,"Houston, TX",Texas,55,Moderate,PM2.5
2024-01-16,"Houston, TX",Texas,34,Good,PM2.5
2024-01-17,"Houston, TX",Texas,56,Moderate,PM2.5
2024-01-18,"Houston, TX",Texas,72,Moderate,PM2.5
2024-01-19,"Houston, TX",Texas,54,Moderate,PM2.5
2024-01-20,"Houston, TX",Texas,52,Moderate,PM2.5
2024-01-21,"Houston, TX",Texas,56,Moderate,PM2.5
2024-01-22,"Houston, TX",Texas,57,Moderate,PM2.5
2024-01-23,"Houston, TX",Texas,55,Moderate,PM2.5
2024-01-24,"Houston, TX",Texas,40,Good,NO2
2024-01-25,"Houston, TX",Texas,51,Moderate,NO2
2024-01-26,"Houston, TX",Texas,57,Moderate,PM2.5
2024-01-27,"Houston, TX",Texas,29,Good,PM2.5
2024-01-28,"Houston, TX",Texas,53,Moderate,PM2.5
2024-01-29,"Houston, TX",Texas,66,Moderate,PM2.5
2024-01-30,"Houston, TX",Texas,62,Moderate,PM10
2024-01-31,"Houston, TX",Texas,75,Moderate,PM10
2024-02-01,"Houston, TX",Texas,86,Moderate,PM10
2024-02-02,"Houston, TX",Texas,65,Moderate,PM2.5
2024-02-03,"Houston, TX",Texas,37,Good,NO2
2024-02-04,"Houston, TX",Texas,54,Moderate,PM2.5
2024-02-05,"Houston, TX",Texas,34,Good,PM2.5
2024-02-06,"Houston, TX",Texas,71,Moderate,PM10
2024-02-07,"Houston, TX",Texas,63,Moderate,PM10
2024-02-08,"Houston, TX",Texas,52,Moderate,PM2.5
2024-02-09,"Houston, TX",Texas,52,Moderate,PM2.5
2024-02-10,"Houston, TX",Texas,53,Moderate,PM2.5
2024-02-11,"Houston, TX",Texas,46,Good,PM2.5
2024-02-12,"Houston, TX",Texas,34,Good,NO2
2024-02-13,"Houston, TX",Texas,60,Moderate,PM2.5
2024-02-14,"Houston, TX",Texas,59,Moderate,PM2.5
2024-02-15,"Houston, TX",Texas,63,Moderate,PM2.5
2024-02-16,"Houston, TX",Texas,41,Good,PM2.5
2024-02-17,"Houston, TX",Texas,43,Good,PM2.5
2024-02-18,"Houston, TX",Texas,63,Moderate,PM2.5
2024-02-19,"Houston, TX",Texas,76,Moderate,PM2.5
2024-02-20,"Houston, TX",Texas,68,Moderate,PM10
2024-02-21,"Houston, TX",Texas,46,Good,PM2.5
2024-02-22,"Houston, TX",Texas,61,Moderate,PM2.5
2024-02-23,"Houston, TX",Texas,60,Moderate,PM2.5
2024-02-24,"Houston, TX",Texas,64,Moderate,Ozone
2024-02-25,"Houston, TX",Texas,56,Moderate,PM2.5
2024-02-26,"Houston, TX",Texas,57,Moderate,PM2.5
2024-02-27,"Houston, TX",Texas,74,Moderate,PM2.5
2024-02-28,"Houston, TX",Texas,61,Moderate,PM2.5
2024-02-29,"Houston, TX",Texas,49,Good,PM2.5
2024-03-01,"Houston, TX",Texas,61,Moderate,PM2.5
2024-03-02,"Houston, TX",Texas,68,Moderate,PM2.5
2024-03-03,"Houston, TX",Texas,58,Moderate,PM2.5
2024-03-04,"Houston, TX",Texas,58,Moderate,PM2.5
2024-03-05,"Houston, TX",Texas,59,Moderate,PM2.5
2024-03-06,"Houston, TX",Texas,60,Moderate,PM2.5
2024-03-07,"Houston, TX",Texas,53,Moderate,PM2.5
2024-03-08,"Houston, TX",Texas,63,Moderate,PM2.5
2024-03-09,"Houston, TX",Texas,40,Good,PM2.5
2024-03-10,"Houston, TX",Texas,54,Moderate,PM2.5
2024-03-11,"Houston, TX",Texas,59,Moderate,PM2.5
2024-03-12,"Houston, TX",Texas,60,Moderate,PM10
2024-03-13,"Houston, TX",Texas,53,Moderate,PM2.5
2024-03-14,"Houston, TX",Texas,66,Moderate,PM2.5
2024-03-15,"Houston, TX",Texas,66,Moderate,PM2.5
2024-03-16,"Houston, TX",Texas,56,Moderate,PM2.5
2024-03-17,"Houston, TX",Texas,54,Moderate,PM2.5
2024-03-18,"Houston, TX",Texas,39,Good,Ozone
2024-03-19,"Houston, TX",Texas,44,Good,Ozone
2024-03-20,"Houston, TX",Texas,56,Moderate,PM2.5
2024-03-21,"Houston, TX",Texas,55,Moderate,PM2.5
2024-03-22,"Houston, TX",Texas,39,Good,Ozone
2024-03-23,"Houston, TX",Texas,90,Moderate,Ozone
2024-03-24,"Houston, TX",Texas,62,Moderate,PM2.5
2024-03-25,"Houston, TX",Texas,59,Moderate,PM2.5
2024-03-26,"Houston, TX",Texas,46,Good,PM2.5
2024-03-27,"Houston, TX",Texas,59,Moderate,PM2.5
2024-03-28,"Houston, TX",Texas,77,Moderate,Ozone
2024-03-29,"Houston, TX",Texas,49,Good,Ozone
2024-03-30,"Houston, TX",Texas,47,Good,PM2.5
2024-03-31,"Houston, TX",Texas,56,Moderate,PM2.5
2024-04-01,"Houston, TX",Texas,70,Moderate,PM2.5
2024-04-02,"Houston, TX",Texas,53,Moderate,PM2.5
2024-04-03,"Houston, TX",Texas,51,Moderate,NO2
2024-04-04,"Houston, TX",Texas,77,Moderate,Ozone
2024-04-05,"Houston, TX",Texas,67,Moderate,Ozone
2024-04-06,"Houston, TX",Texas,51,Moderate,PM2.5
2024-04-07,"Houston, TX",Texas,61,Moderate,PM2.5
2024-04-08,"Houston, TX",Texas,61,Moderate,PM2.5
2024-04-09,"Houston, TX",Texas,66,Moderate,PM2.5
2024-04-10,"Houston, TX",Texas,42,Good,Ozone
2024-04-11,"Houston, TX",Texas,49,Good,Ozone
2024-04-12,"Houston, TX",Texas,108,Unhealthy for Sensitive Groups,Ozone
2024-04-13,"Houston, TX",Texas,58,Moderate,Ozone
2024-04-14,"Houston, TX",Texas,47,Good,PM2.5
2024-04-15,"Houston, TX",Texas,55,Moderate,PM2.5
2024-04-16,"Houston, TX",Texas,67,Moderate,PM2.5
2024-04-17,"Houston, TX",Texas,66,Moderate,PM2.5
2024-04-18,"Houston, TX",Texas,64,Moderate,PM2.5
2024-04-19,"Houston, TX",Texas,75,Moderate,PM2.5
2024-04-20,"Houston, TX",Texas,58,Moderate,PM2.5
2024-04-21,"Houston, TX",Texas,37,Good,Ozone
2024-04-22,"Houston, TX",Texas,58,Moderate,Ozone
2024-04-23,"Houston, TX",Texas,59,Moderate,PM10
2024-04-24,"Houston, TX",Texas,54,Moderate,Ozone
2024-04-25,"Houston, TX",Texas,55,Moderate,PM2.5
2024-04-26,"Houston, TX",Texas,63,Moderate,PM2.5
2024-04-27,"Houston, TX",Texas,64,Moderate,PM2.5
2024-04-28,"Houston, TX",Texas,65,Moderate,PM2.5
2024-04-29,"Houston, TX",Texas,64,Moderate,Ozone
2024-04-30,"Houston, TX",Texas,105,Unhealthy for Sensitive Groups,Ozone
2024-05-01,"Houston, TX",Texas,57,Moderate,PM2.5
2024-05-02,"Houston, TX",Texas,53,Moderate,PM2.5
2024-05-03,"Houston, TX",Texas,51,Moderate,PM2.5
2024-05-04,"Houston, TX",Texas,56,Moderate,PM2.5
2024-05-05,"Houston, TX",Texas,52,Moderate,PM2.5
2024-05-06,"Houston, TX",Texas,58,Moderate,PM2.5
2024-05-07,"Houston, TX",Texas,77,Moderate,PM2.5
2024-05-08,"Houston, TX",Texas,86,Moderate,PM2.5
2024-05-09,"Houston, TX",Texas,124,Unhealthy for Sensitive Groups,PM2.5
2024-05-10,"Houston, TX",Texas,66,Moderate,PM2.5
2024-05-11,"Houston, TX",Texas,55,Moderate,PM2.5
2024-05-12,"Houston, TX",Texas,59,Moderate,PM2.5
2024-05-13,"Houston, TX",Texas,68,Moderate,PM2.5
2024-05-14,"Houston, TX",Texas,84,Moderate,Ozone
2024-05-15,"Houston, TX",Texas,182,Unhealthy,Ozone
2024-05-16,"Houston, TX",Texas,62,Moderate,PM2.5
2024-05-17,"Houston, TX",Texas,62,Moderate,PM2.5
2024-05-18,"Houston, TX",Texas,164,Unhealthy,Ozone
2024-05-19,"Houston, TX",Texas,105,Unhealthy for Sensitive Groups,Ozone
2024-05-20,"Houston, TX",Texas,90,Moderate,Ozone
2024-05-21,"Houston, TX",Texas,84,Moderate,PM2.5
2024-05-22,"Houston, TX",Texas,94,Moderate,PM2.5
2024-05-23,"Houston, TX",Texas,74,Moderate,PM2.5
2024-05-24,"Houston, TX",Texas,74,Moderate,PM2.5
2024-05-25,"Houston, TX",Texas,82,Moderate,PM2.5
2024-05-26,"Houston, TX",Texas,90,Moderate,PM2.5
2024-05-27,"Houston, TX",Texas,129,Unhealthy for Sensitive Groups,Ozone
2024-05-28,"Houston, TX",Texas,72,Moderate,PM2.5
2024-05-29,"Houston, TX",Texas,64,Moderate,PM2.5
2024-05-30,"Houston, TX",Texas,60,Moderate,PM2.5
2024-05-31,"Houston, TX",Texas,87,Moderate,Ozone
2024-06-01,"Houston, TX",Texas,70,Moderate,PM2.5
2024-06-02,"Houston, TX",Texas,66,Moderate,PM2.5
2024-06-03,"Houston, TX",Texas,70,Moderate,PM2.5
2024-06-04,"Houston, TX",Texas,76,Moderate,PM2.5
2024-06-05,"Houston, TX",Texas,68,Moderate,PM2.5
2024-06-06,"Houston, TX",Texas,143,Unhealthy for Sensitive Groups,Ozone
2024-06-07,"Houston, TX",Texas,201,Very Unhealthy,Ozone
2024-06-08,"Houston, TX",Texas,64,Moderate,PM2.5
2024-06-09,"Houston, TX",Texas,57,Moderate,PM2.5
2024-06-10,"Houston, TX",Texas,105,Unhealthy for Sensitive Groups,Ozone
2024-06-11,"Houston, TX",Texas,105,Unhealthy for Sensitive Groups,Ozone
2024-06-12,"Houston, TX",Texas,100,Moderate,Ozone
2024-06-13,"Houston, TX",Texas,136,Unhealthy for Sensitive Groups,Ozone
2024-06-14,"Houston, TX",Texas,161,Unhealthy,Ozone
2024-06-15,"Houston, TX",Texas,100,Moderate,Ozone
2024-06-16,"Houston, TX",Texas,67,Moderate,Ozone
2024-06-17,"Houston, TX",Texas,62,Moderate,PM10
2024-06-18,"Houston, TX",Texas,62,Moderate,PM10
2024-06-19,"Houston, TX",Texas,53,Moderate,PM2.5
2024-06-20,"Houston, TX",Texas,53,Moderate,PM2.5
2024-06-21,"Houston, TX",Texas,56,Moderate,PM2.5
2024-06-22,"Houston, TX",Texas,84,Moderate,Ozone
2024-06-23,"Houston, TX",Texas,51,Moderate,PM2.5
2024-06-24,"Houston, TX",Texas,44,Good,PM2.5
2024-06-25,"Houston, TX",Texas,43,Good,PM2.5
2024-06-26,"Houston, TX",Texas,46,Good,PM2.5
2024-06-27,"Houston, TX",Texas,67,Moderate,Ozone
2024-06-28,"Houston, TX",Texas,61,Moderate,PM2.5
2024-06-29,"Houston, TX",Texas,59,Moderate,PM2.5
2024-06-30,"Houston, TX",Texas,63,Moderate,PM2.5
2024-07-01,"Houston, TX",Texas,119,Unhealthy for Sensitive Groups,Ozone
2024-07-02,"Houston, TX",Texas,100,Moderate,Ozone
2024-07-03,"Houston, TX",Texas,69,Moderate,PM2.5
2024-07-04,"Houston, TX",Texas,57,Moderate,PM2.5
2024-07-05,"Houston, TX",Texas,68,Moderate,PM2.5
2024-07-06,"Houston, TX",Texas,62,Moderate,PM2.5
2024-07-07,"Houston, TX",Texas,58,Moderate,PM2.5
2024-07-08,"Houston, TX",Texas,27,Good,Ozone
2024-07-09,"Houston, TX",Texas,174,Unhealthy,Ozone
2024-07-10,"Houston, TX",Texas,84,Moderate,Ozone
2024-07-11,"Houston, TX",Texas,90,Moderate,PM2.5
2024-07-12,"Houston, TX",Texas,73,Moderate,PM2.5
2024-07-13,"Houston, TX",Texas,68,Moderate,PM2.5
2024-07-14,"Houston, TX",Texas,61,Moderate,PM2.5
2024-07-15,"Houston, TX",Texas,66,Moderate,PM2.5
2024-07-16,"Houston, TX",Texas,64,Moderate,PM2.5
2024-07-17,"Houston, TX",Texas,58,Moderate,PM2.5
2024-07-18,"Houston, TX",Texas,108,Unhealthy for Sensitive Groups,Ozone
2024-07-19,"Houston, TX",Texas,64,Moderate,Ozone
2024-07-20,"Houston, TX",Texas,143,Unhealthy for Sensitive Groups,Ozone
2024-07-21,"Houston, TX",Texas,56,Moderate,PM2.5
2024-07-22,"Houston, TX",Texas,52,Moderate,PM2.5
2024-07-23,"Houston, TX",Texas,48,Good,PM2.5
2024-07-24,"Houston, TX",Texas,54,Moderate,PM2.5
2024-07-25,"Houston, TX",Texas,73,Moderate,PM2.5
2024-07-26,"Houston, TX",Texas,65,Moderate,PM2.5
2024-07-27,"Houston, TX",Texas,58,Moderate,PM2.5
2024-07-28,"Houston, TX",Texas,49,Good,PM2.5
2024-07-29,"Houston, TX",Texas,52,Moderate,PM2.5
2024-07-30,"Houston, TX",Texas,78,Moderate,PM2.5
2024-07-31,"Houston, TX",Texas,98,Moderate,PM2.5
2024-08-01,"Houston, TX",Texas,78,Moderate,PM2.5
2024-08-02,"Houston, TX",Texas,126,Unhealthy for Sensitive Groups,Ozone
2024-08-03,"Houston, TX",Texas,115,Unhealthy for Sensitive Groups,Ozone
2024-08-04,"Houston, TX",Texas,67,Moderate,Ozone
2024-08-05,"Houston, TX",Texas,108,Unhealthy for Sensitive Groups,Ozone
2024-08-06,"Houston, TX",Texas,164,Unhealthy,Ozone
2024-08-07,"Houston, TX",Texas,126,Unhealthy for Sensitive Groups,Ozone
2024-08-08,"Houston, TX",Texas,185,Unhealthy,Ozone
2024-08-09,"Houston, TX",Texas,100,Moderate,Ozone
2024-08-10,"Houston, TX",Texas,90,Moderate,Ozone
2024-08-11,"Houston, TX",Texas,140,Unhealthy for Sensitive Groups,Ozone
2024-08-12,"Houston, TX",Texas,97,Moderate,Ozone
2024-08-13,"Houston, TX",Texas,58,Moderate,Ozone
2024-08-14,"Houston, TX",Texas,54,Moderate,PM2.5
2024-08-15,"Houston, TX",Texas,52,Moderate,PM2.5
2024-08-16,"Houston, TX",Texas,58,Moderate,Ozone
2024-08-17,"Houston, TX",Texas,115,Unhealthy for Sensitive Groups,Ozone
2024-08-18,"Houston, TX",Texas,133,Unhealthy for Sensitive Groups,Ozone
2024-08-19,"Houston, TX",Texas,154,Unhealthy,Ozone
2024-08-20,"Houston, TX",Texas,143,Unhealthy for Sensitive Groups,Ozone
2024-08-21,"Houston, TX",Texas,200,Unhealthy,Ozone
2024-08-22,"Houston, TX",Texas,185,Unhealthy,Ozone
2024-08-23,"Houston, TX",Texas,84,Moderate,Ozone
2024-08-24,"Houston, TX",Texas,93,Moderate,Ozone
2024-08-25,"Houston, TX",Texas,84,Moderate,Ozone
2024-08-26,"Houston, TX",Texas,64,Moderate,PM2.5
2024-08-27,"Houston, TX",Texas,52,Moderate,PM2.5
2024-08-28,"Houston, TX",Texas,56,Moderate,PM2.5
2024-08-29,"Houston, TX",Texas,49,Good,PM2.5
2024-08-30,"Houston, TX",Texas,35,Good,Ozone
2024-08-31,"Houston, TX",Texas,37,Good,Ozone
2024-09-01,"Houston, TX",Texas,37,Good,PM2.5
2024-09-02,"Houston, TX",Texas,42,Good,Ozone
2024-09-03,"Houston, TX",Texas,72,Moderate,PM2.5
2024-09-04,"Houston, TX",Texas,59,Moderate,PM2.5
2024-09-05,"Houston, TX",Texas,39,Good,PM2.5
2024-09-06,"Houston, TX",Texas,28,Good,Ozone
2024-09-07,"Houston, TX",Texas,57,Moderate,PM2.5
2024-09-08,"Houston, TX",Texas,51,Moderate,PM2.5
2024-09-09,"Houston, TX",Texas,50,Good,PM2.5
2024-09-10,"Houston, TX",Texas,53,Moderate,PM2.5
2024-09-11,"Houston, TX",Texas,29,Good,PM2.5
2024-09-12,"Houston, TX",Texas,51,Moderate,PM2.5
2024-09-13,"Houston, TX",Texas,105,Unhealthy for Sensitive Groups,Ozone
2024-09-14,"Houston, TX",Texas,58,Moderate,Ozone
2024-09-15,"Houston, TX",Texas,100,Moderate,Ozone
2024-09-16,"Houston, TX",Texas,101,Unhealthy for Sensitive Groups,Ozone
2024-09-17,"Houston, TX",Texas,154,Unhealthy,Ozone
2024-09-18,"Houston, TX",Texas,140,Unhealthy for Sensitive Groups,Ozone
2024-09-19,"Houston, TX",Texas,90,Moderate,Ozone
2024-09-20,"Houston, TX",Texas,115,Unhealthy for Sensitive Groups,Ozone
2024-09-21,"Houston, TX",Texas,90,Moderate,Ozone
2024-09-22,"Houston, TX",Texas,74,Moderate,Ozone
2024-09-23,"Houston, TX",Texas,71,Moderate,Ozone
2024-09-24,"Houston, TX",Texas,77,Moderate,Ozone
2024-09-25,"Houston, TX",Texas,56,Moderate,PM2.5
2024-09-26,"Houston, TX",Texas,54,Moderate,Ozone
2024-09-27,"Houston, TX",Texas,90,Moderate,Ozone
2024-09-28,"Houston, TX",Texas,101,Unhealthy for Sensitive Groups,Ozone
2024-09-29,"Houston, TX",Texas,140,Unhealthy for Sensitive Groups,Ozone
2024-09-30,"Houston, TX",Texas,159,Unhealthy,Ozone
2024-10-01,"Houston, TX",Texas,90,Moderate,Ozone
2024-10-02,"Houston, TX",Texas,64,Moderate,Ozone
2024-10-03,"Houston, TX",Texas,115,Unhealthy for Sensitive Groups,Ozone
2024-10-04,"Houston, TX",Texas,61,Moderate,PM2.5
2024-10-05,"Houston, TX",Texas,51,Moderate,PM2.5
2024-10-06,"Houston, TX",Texas,53,Moderate,PM2.5
2024-10-07,"Houston, TX",Texas,61,Moderate,PM2.5
2024-10-08,"Houston, TX",Texas,64,Moderate,Ozone
2024-10-09,"Houston, TX",Texas,87,Moderate,Ozone
2024-10-10,"Houston, TX",Texas,101,Unhealthy for Sensitive Groups,Ozone
2024-10-11,"Houston, TX",Texas,192,Unhealthy,Ozone
2024-10-12,"Houston, TX",Texas,122,Unhealthy for Sensitive Groups,Ozone
2024-10-13,"Houston, TX",Texas,67,Moderate,Ozone
2024-10-14,"Houston, TX",Texas,97,Moderate,Ozone
2024-10-15,"Houston, TX",Texas,129,Unhealthy for Sensitive Groups,Ozone
2024-10-16,"Houston, TX",Texas,67,Moderate,PM10
2024-10-17,"Houston, TX",Texas,48,Good,Ozone
2024-10-18,"Houston, TX",Texas,71,Moderate,PM10
2024-10-19,"Houston, TX",Texas,61,Moderate,Ozone
2024-10-20,"Houston, TX",Texas,77,Moderate,Ozone
2024-10-21,"Houston, TX",Texas,140,Unhealthy for Sensitive Groups,Ozone
2024-10-22,"Houston, TX",Texas,71,Moderate,Ozone
2024-10-23,"Houston, TX",Texas,136,Unhealthy for Sensitive Groups,Ozone
2024-10-24,"Houston, TX",Texas,80,Moderate,Ozone
2024-10-25,"Houston, TX",Texas,58,Moderate,PM2.5
2024-10-26,"Houston, TX",Texas,74,Moderate,Ozone
2024-10-27,"Houston, TX",Texas,105,Unhealthy for Sensitive Groups,Ozone
2024-10-28,"Houston, TX",Texas,71,Moderate,PM10
2024-10-29,"Houston, TX",Texas,82,Moderate,PM10
2024-10-30,"Houston, TX",Texas,56,Moderate,PM2.5
2024-10-31,"Houston, TX",Texas,54,Moderate,PM2.5
2024-11-01,"Houston, TX",Texas,53,Moderate,PM2.5
2024-11-02,"Houston, TX",Texas,58,Moderate,PM2.5
2024-11-03,"Houston, TX",Texas,52,Moderate,PM2.5
2024-11-04,"Houston, TX",Texas,56,Moderate,PM2.5
2024-11-05,"Houston, TX",Texas,53,Moderate,PM2.5
2024-11-06,"Houston, TX",Texas,55,Moderate,PM2.5
2024-11-07,"Houston, TX",Texas,62,Moderate,PM2.5
2024-11-08,"Houston, TX",Texas,56,Moderate,PM2.5
2024-11-09,"Houston, TX",Texas,45,Good,PM2.5
2024-11-10,"Houston, TX",Texas,50,Good,PM2.5
2024-11-11,"Houston, TX",Texas,63,Moderate,PM2.5
2024-11-12,"Houston, TX",Texas,67,Moderate,PM2.5
2024-11-13,"Houston, TX",Texas,64,Moderate,PM2.5
2024-11-14,"Houston, TX",Texas,57,Moderate,PM2.5
2024-11-15,"Houston, TX",Texas,76,Moderate,PM2.5
2024-11-16,"Houston, TX",Texas,61,Moderate,PM2.5
2024-11-17,"Houston, TX",Texas,47,Good,PM2.5
2024-11-18,"Houston, TX",Texas,52,Moderate,PM2.5
2024-11-19,"Houston, TX",Texas,58,Moderate,PM2.5
2024-11-20,"Houston, TX",Texas,40,Good,NO2
2024-11-21,"Houston, TX",Texas,66,Moderate,PM2.5
2024-11-22,"Houston, TX",Texas,76,Moderate,PM2.5
2024-11-23,"Houston, TX",Texas,77,Moderate,Ozone
2024-11-24,"Houston, TX",Texas,53,Moderate,PM2.5
2024-11-25,"Houston, TX",Texas,61,Moderate,PM10
2024-11-26,"Houston, TX",Texas,59,Moderate,PM2.5
2024-11-27,"Houston, TX",Texas,70,Moderate,PM10
2024-11-28,"Houston, TX",Texas,43,Good,PM2.5
2024-11-29,"Houston, TX",Texas,42,Good,PM2.5
2024-11-30,"Houston, TX",Texas,59,Moderate,PM2.5
2024-12-01,"Houston, TX",Texas,56,Moderate,PM2.5
2024-12-02,"Houston, TX",Texas,63,Moderate,PM2.5
2024-12-03,"Houston, TX",Texas,66,Moderate,PM2.5
2024-12-04,"Houston, TX",Texas,58,Moderate,PM2.5
2024-12-05,"Houston, TX",Texas,39,Good,PM2.5
2024-12-06,"Houston, TX",Texas,45,Good,PM2.5
2024-12-07,"Houston, TX",Texas,51,Moderate,PM2.5
2024-12-08,"Houston, TX",Texas,54,Moderate,PM2.5
2024-12-09,"Houston, TX",Texas,61,Moderate,PM2.5
2024-12-10,"Houston, TX",Texas,54,Moderate,PM2.5
2024-12-11,"Houston, TX",Texas,69,Moderate,PM2.5
2024-12-12,"Houston, TX",Texas,87,Moderate,PM2.5
2024-12-13,"Houston, TX",Texas,50,Good,PM2.5
2024-12-14,"Houston, TX",Texas,57,Moderate,PM2.5
2024-12-15,"Houston, TX",Texas,48,Good,PM2.5
2024-12-16,"Houston, TX",Texas,58,Moderate,PM2.5
2024-12-17,"Houston, TX",Texas,55,Moderate,PM2.5
2024-12-18,"Houston, TX",Texas,53,Moderate,PM2.5
2024-12-19,"Houston, TX",Texas,68,Moderate,PM2.5
2024-12-20,"Houston, TX",Texas,73,Moderate,PM2.5
2024-12-21,"Houston, TX",Texas,56,Moderate,PM2.5
2024-12-22,"Houston, TX",Texas,76,Moderate,PM2.5
2024-12-23,"Houston, TX",Texas,57,Moderate,PM2.5
2024-12-24,"Houston, TX",Texas,62,Moderate,PM2.5
2024-12-25,"Houston, TX",Texas,39,Good,PM2.5
2024-12-26,"Houston, TX",Texas,55,Moderate,PM2.5
2024-12-27,"Houston, TX",Texas,64,Moderate,PM2.5
2024-12-28,"Houston, TX",Texas,55,Moderate,PM2.5
2024-12-29,"Houston, TX",Texas,82,Moderate,PM2.5
2024-12-30,"Houston, TX",Texas,58,Moderate,PM2.5
2024-12-31,"Houston, TX",Texas,71,Moderate,PM2.5
2023-01-01,"Los Angeles, CA",California,46,Good,PM2.5
2023-01-02,"Los Angeles, CA",California,56,Moderate,PM2.5
2023-01-03,"Los Angeles, CA",California,42,Good,PM2.5
2023-01-04,"Los Angeles, CA",California,38,Good,Ozone
2023-01-05,"Los Angeles, CA",California,46,Good,PM2.5
2023-01-06,"Los Angeles, CA",California,61,Moderate,PM2.5
2023-01-07,"Los Angeles, CA",California,69,Moderate,PM2.5
2023-01-08,"Los Angeles, CA",California,82,Moderate,PM2.5
2023-01-09,"Los Angeles, CA",California,52,Moderate,PM2.5
2023-01-10,"Los Angeles, CA",California,44,Good,PM2.5
2023-01-11,"Los Angeles, CA",California,65,Moderate,PM2.5
2023-01-12,"Los Angeles, CA",California,59,Moderate,PM2.5
2023-01-13,"Los Angeles, CA",California,68,Moderate,PM2.5
2023-01-14,"Los Angeles, CA",California,68,Moderate,PM2.5
2023-01-15,"Los Angeles, CA",California,53,Moderate,PM2.5
2023-01-16,"Los Angeles, CA",California,40,Good,PM2.5
2023-01-17,"Los Angeles, CA",California,52,Moderate,PM2.5
2023-01-18,"Los Angeles, CA",California,66,Moderate,PM2.5
2023-01-19,"Los Angeles, CA",California,67,Moderate,PM2.5
2023-01-20,"Los Angeles, CA",California,64,Moderate,PM2.5
2023-01-21,"Los Angeles, CA",California,75,Moderate,PM2.5
2023-01-22,"Los Angeles, CA",California,82,Moderate,PM2.5
2023-01-23,"Los Angeles, CA",California,58,Moderate,PM2.5
2023-01-24,"Los Angeles, CA",California,67,Moderate,PM2.5
2023-01-25,"Los Angeles, CA",California,80,Moderate,PM2.5
2023-01-26,"Los Angeles, CA",California,75,Moderate,PM2.5
2023-01-27,"Los Angeles, CA",California,68,Moderate,PM2.5
2023-01-28,"Los Angeles, CA",California,65,Moderate,PM2.5
2023-01-29,"Los Angeles, CA",California,54,Moderate,PM2.5
2023-01-30,"Los Angeles, CA",California,49,Good,NO2
2023-01-31,"Los Angeles, CA",California,68,Moderate,PM2.5
2023-02-01,"Los Angeles, CA",California,70,Moderate,PM2.5
2023-02-02,"Los Angeles, CA",California,66,Moderate,PM2.5
2023-02-03,"Los Angeles, CA",California,67,Moderate,PM2.5
2023-02-04,"Los Angeles, CA",California,76,Moderate,PM2.5
2023-02-05,"Los Angeles, CA",California,64,Moderate,PM2.5
2023-02-06,"Los Angeles, CA",California,52,Moderate,PM2.5
2023-02-07,"Los Angeles, CA",California,63,Moderate,PM2.5
2023-02-08,"Los Angeles, CA",California,66,Moderate,PM2.5
2023-02-09,"Los Angeles, CA",California,70,Moderate,PM2.5
2023-02-10,"Los Angeles, CA",California,55,Moderate,PM2.5
2023-02-11,"Los Angeles, CA",California,58,Moderate,PM2.5
2023-02-12,"Los Angeles, CA",California,63,Moderate,PM2.5
2023-02-13,"Los Angeles, CA",California,53,Moderate,PM2.5
2023-02-14,"Los Angeles, CA",California,84,Moderate,PM10
2023-02-15,"Los Angeles, CA",California,52,Moderate,PM2.5
2023-02-16,"Los Angeles, CA",California,62,Moderate,PM2.5
2023-02-17,"Los Angeles, CA",California,62,Moderate,PM2.5
2023-02-18,"Los Angeles, CA",California,65,Moderate,PM2.5
2023-02-19,"Los Angeles, CA",California,81,Moderate,PM2.5
2023-02-20,"Los Angeles, CA",California,73,Moderate,PM2.5
2023-02-21,"Los Angeles, CA",California,97,Moderate,PM10
2023-02-22,"Los Angeles, CA",California,68,Moderate,PM10
2023-02-23,"Los Angeles, CA",California,48,Good,PM2.5
2023-02-24,"Los Angeles, CA",California,47,Good,PM2.5
2023-02-25,"Los Angeles, CA",California,49,Good,PM2.5
2023-02-26,"Los Angeles, CA",California,59,Moderate,PM2.5
2023-02-27,"Los Angeles, CA",California,60,Moderate,PM2.5
2023-02-28,"Los Angeles, CA",California,52,Moderate,PM2.5
2023-03-01,"Los Angeles, CA",California,47,Good,PM2.5
2023-03-02,"Los Angeles, CA",California,53,Moderate,PM2.5
2023-03-03,"Los Angeles, CA",California,63,Moderate,PM2.5
2023-03-04,"Los Angeles, CA",California,62,Moderate,PM2.5
2023-03-05,"Los Angeles, CA",California,55,Moderate,PM2.5
2023-03-06,"Los Angeles, CA",California,48,Good,PM2.5
2023-03-07,"Los Angeles, CA",California,55,Moderate,PM2.5
2023-03-08,"Los Angeles, CA",California,55,Moderate,PM2.5
2023-03-09,"Los Angeles, CA",California,63,Moderate,PM2.5
2023-03-10,"Los Angeles, CA",California,42,Good,PM2.5
2023-03-11,"Los Angeles, CA",California,37,Good,PM2.5
2023-03-12,"Los Angeles, CA",California,40,Good,PM2.5
2023-03-13,"Los Angeles, CA",California,53,Moderate,PM2.5
2023-03-14,"Los Angeles, CA",California,57,Moderate,PM2.5
2023-03-15,"Los Angeles, CA",California,48,Good,PM2.5
2023-03-16,"Los Angeles, CA",California,64,Moderate,Ozone
2023-03-17,"Los Angeles, CA",California,64,Moderate,PM2.5
2023-03-18,"Los Angeles, CA",California,60,Moderate,PM2.5
2023-03-19,"Los Angeles, CA",California,58,Moderate,PM2.5
2023-03-20,"Los Angeles, CA",California,44,Good,PM2.5
2023-03-21,"Los Angeles, CA",California,47,Good,PM2.5
2023-03-22,"Los Angeles, CA",California,51,Moderate,PM2.5
2023-03-23,"Los Angeles, CA",California,57,Moderate,PM2.5
2023-03-24,"Los Angeles, CA",California,54,Moderate,PM2.5
2023-03-25,"Los Angeles, CA",California,55,Moderate,PM2.5
2023-03-26,"Los Angeles, CA",California,55,Moderate,PM2.5
2023-03-27,"Los Angeles, CA",California,59,Moderate,PM2.5
2023-03-28,"Los Angeles, CA",California,63,Moderate,PM2.5
2023-03-29,"Los Angeles, CA",California,46,Good,PM2.5
2023-03-30,"Los Angeles, CA",California,52,Moderate,PM2.5
2023-03-31,"Los Angeles, CA",California,57,Moderate,PM2.5
2023-04-01,"Los Angeles, CA",California,61,Moderate,PM2.5
2023-04-02,"Los Angeles, CA",California,67,Moderate,Ozone
2023-04-03,"Los Angeles, CA",California,66,Moderate,PM10
2023-04-04,"Los Angeles, CA",California,45,Good,PM2.5
2023-04-05,"Los Angeles, CA",California,57,Moderate,PM2.5
2023-04-06,"Los Angeles, CA",California,61,Moderate,Ozone
2023-04-07,"Los Angeles, CA",California,61,Moderate,Ozone
2023-04-08,"Los Angeles, CA",California,55,Moderate,PM2.5
2023-04-09,"Los Angeles, CA",California,97,Moderate,Ozone
2023-04-10,"Los Angeles, CA",California,108,Unhealthy for Sensitive Groups,Ozone
2023-04-11,"Los Angeles, CA",California,97,Moderate,Ozone
2023-04-12,"Los Angeles, CA",California,68,Moderate,PM2.5
2023-04-13,"Los Angeles, CA",California,59,Moderate,PM2.5
2023-04-14,"Los Angeles, CA",California,58,Moderate,PM2.5
2023-04-15,"Los Angeles, CA",California,80,Moderate,Ozone
2023-04-16,"Los Angeles, CA",California,80,Moderate,Ozone
2023-04-17,"Los Angeles, CA",California,68,Moderate,PM2.5
2023-04-18,"Los Angeles, CA",California,60,Moderate,PM2.5
2023-04-19,"Los Angeles, CA",California,62,Moderate,PM2.5
2023-04-20,"Los Angeles, CA",California,101,Unhealthy for Sensitive Groups,Ozone
2023-04-21,"Los Angeles, CA",California,108,Unhealthy for Sensitive Groups,Ozone
2023-04-22,"Los Angeles, CA",California,156,Unhealthy,Ozone
2023-04-23,"Los Angeles, CA",California,90,Moderate,Ozone
2023-04-24,"Los Angeles, CA",California,67,Moderate,PM2.5
2023-04-25,"Los Angeles, CA",California,77,Moderate,Ozone
2023-04-26,"Los Angeles, CA",California,97,Moderate,Ozone
2023-04-27,"Los Angeles, CA",California,122,Unhealthy for Sensitive Groups,Ozone
2023-04-28,"Los Angeles, CA",California,136,Unhealthy for Sensitive Groups,Ozone
2023-04-29,"Los Angeles, CA",California,136,Unhealthy for Sensitive Groups,Ozone
2023-04-30,"Los Angeles, CA",California,100,Moderate,Ozone
2023-05-01,"Los Angeles, CA",California,48,Good,PM2.5
2023-05-02,"Los Angeles, CA",California,42,Good,PM2.5
2023-05-03,"Los Angeles, CA",California,44,Good,Ozone
2023-05-04,"Los Angeles, CA",California,38,Good,PM2.5
2023-05-05,"Los Angeles, CA",California,38,Good,Ozone
2023-05-06,"Los Angeles, CA",California,44,Good,Ozone
2023-05-07,"Los Angeles, CA",California,46,Good,Ozone
2023-05-08,"Los Angeles, CA",California,52,Moderate,PM2.5
2023-05-09,"Los Angeles, CA",California,53,Moderate,PM2.5
2023-05-10,"Los Angeles, CA",California,54,Moderate,PM2.5
2023-05-11,"Los Angeles, CA",California,67,Moderate,Ozone
2023-05-12,"Los Angeles, CA",California,87,Moderate,Ozone
2023-05-13,"Los Angeles, CA",California,136,Unhealthy for Sensitive Groups,Ozone
2023-05-14,"Los Angeles, CA",California,119,Unhealthy for Sensitive Groups,Ozone
2023-05-15,"Los Angeles, CA",California,105,Unhealthy for Sensitive Groups,Ozone
2023-05-16,"Los Angeles, CA",California,101,Unhealthy for Sensitive Groups,Ozone
2023-05-17,"Los Angeles, CA",California,122,Unhealthy for Sensitive Groups,Ozone
2023-05-18,"Los Angeles, CA",California,100,Moderate,Ozone
2023-05-19,"Los Angeles, CA",California,87,Moderate,Ozone
2023-05-20,"Los Angeles, CA",California,112,Unhealthy for Sensitive Groups,Ozone
2023-05-21,"Los Angeles, CA",California,115,Unhealthy for Sensitive Groups,Ozone
2023-05-22,"Los Angeles, CA",California,80,Moderate,Ozone
2023-05-23,"Los Angeles, CA",California,54,Moderate,Ozone
2023-05-24,"Los Angeles, CA",California,52,Moderate,PM2.5
2023-05-25,"Los Angeles, CA",California,51,Moderate,PM2.5
2023-05-26,"Los Angeles, CA",California,49,Good,PM2.5
2023-05-27,"Los Angeles, CA",California,51,Moderate,Ozone
2023-05-28,"Los Angeles, CA",California,58,Moderate,PM2.5
2023-05-29,"Los Angeles, CA",California,47,Good,PM2.5
2023-05-30,"Los Angeles, CA",California,52,Moderate,PM2.5
2023-05-31,"Los Angeles, CA",California,44,Good,PM2.5
2023-06-01,"Los Angeles, CA",California,53,Moderate,PM2.5
2023-06-02,"Los Angeles, CA",California,58,Moderate,Ozone
2023-06-03,"Los Angeles, CA",California,93,Moderate,Ozone
2023-06-04,"Los Angeles, CA",California,101,Unhealthy for Sensitive Groups,Ozone
2023-06-05,"Los Angeles, CA",California,58,Moderate,Ozone
2023-06-06,"Los Angeles, CA",California,52,Moderate,PM2.5
2023-06-07,"Los Angeles, CA",California,46,Good,Ozone
2023-06-08,"Los Angeles, CA",California,49,Good,Ozone
2023-06-09,"Los Angeles, CA",California,53,Moderate,PM2.5
2023-06-10,"Los Angeles, CA",California,54,Moderate,PM2.5
2023-06-11,"Los Angeles, CA",California,41,Good,PM2.5
2023-06-12,"Los Angeles, CA",California,61,Moderate,NO2
2023-06-13,"Los Angeles, CA",California,49,Good,Ozone
2023-06-14,"Los Angeles, CA",California,58,Moderate,PM2.5
2023-06-15,"Los Angeles, CA",California,56,Moderate,PM2.5
2023-06-16,"Los Angeles, CA",California,56,Moderate,PM2.5
2023-06-17,"Los Angeles, CA",California,100,Moderate,Ozone
2023-06-18,"Los Angeles, CA",California,60,Moderate,PM2.5
2023-06-19,"Los Angeles, CA",California,56,Moderate,PM2.5
2023-06-20,"Los Angeles, CA",California,87,Moderate,NO2
2023-06-21,"Los Angeles, CA",California,100,Moderate,Ozone
2023-06-22,"Los Angeles, CA",California,59,Moderate,PM2.5
2023-06-23,"Los Angeles, CA",California,54,Moderate,Ozone
2023-06-24,"Los Angeles, CA",California,80,Moderate,Ozone
2023-06-25,"Los Angeles, CA",California,80,Moderate,Ozone
2023-06-26,"Los Angeles, CA",California,80,Moderate,Ozone
2023-06-27,"Los Angeles, CA",California,93,Moderate,Ozone
2023-06-28,"Los Angeles, CA",California,77,Moderate,Ozone
2023-06-29,"Los Angeles, CA",California,115,Unhealthy for Sensitive Groups,Ozone
2023-06-30,"Los Angeles, CA",California,192,Unhealthy,Ozone
2023-07-01,"Los Angeles, CA",California,207,Very Unhealthy,Ozone
2023-07-02,"Los Angeles, CA",California,174,Unhealthy,Ozone
2023-07-03,"Los Angeles, CA",California,166,Unhealthy,Ozone
2023-07-04,"Los Angeles, CA",California,136,Unhealthy for Sensitive Groups,PM2.5
2023-07-05,"Los Angeles, CA",California,182,Unhealthy,PM2.5
2023-07-06,"Los Angeles, CA",California,108,Unhealthy for Sensitive Groups,Ozone
2023-07-07,"Los Angeles, CA",California,115,Unhealthy for Sensitive Groups,Ozone
2023-07-08,"Los Angeles, CA",California,133,Unhealthy for Sensitive Groups,Ozone
2023-07-09,"Los Angeles, CA",California,112,Unhealthy for Sensitive Groups,Ozone
2023-07-10,"Los Angeles, CA",California,147,Unhealthy for Sensitive Groups,Ozone
2023-07-11,"Los Angeles, CA",California,156,Unhealthy,Ozone
2023-07-12,"Los Angeles, CA",California,126,Unhealthy for Sensitive Groups,Ozone
2023-07-13,"Los Angeles, CA",California,126,Unhealthy for Sensitive Groups,Ozone
2023-07-14,"Los Angeles, CA",California,192,Unhealthy,Ozone
2023-07-15,"Los Angeles, CA",California,210,Very Unhealthy,Ozone
2023-07-16,"Los Angeles, CA",California,195,Unhealthy,Ozone
2023-07-17,"Los Angeles, CA",California,172,Unhealthy,Ozone
2023-07-18,"Los Angeles, CA",California,143,Unhealthy for Sensitive Groups,Ozone
2023-07-19,"Los Angeles, CA",California,126,Unhealthy for Sensitive Groups,Ozone
2023-07-20,"Los Angeles, CA",California,159,Unhealthy,Ozone
2023-07-21,"Los Angeles, CA",California,164,Unhealthy,Ozone
2023-07-22,"Los Angeles, CA",California,195,Unhealthy,Ozone
2023-07-23,"Los Angeles, CA",California,156,Unhealthy,Ozone
2023-07-24,"Los Angeles, CA",California,185,Unhealthy,Ozone
2023-07-25,"Los Angeles, CA",California,200,Unhealthy,Ozone
2023-07-26,"Los Angeles, CA",California,151,Unhealthy,Ozone
2023-07-27,"Los Angeles, CA",California,187,Unhealthy,Ozone
2023-07-28,"Los Angeles, CA",California,177,Unhealthy,Ozone
2023-07-29,"Los Angeles, CA",California,192,Unhealthy,Ozone
2023-07-30,"Los Angeles, CA",California,161,Unhealthy,Ozone
2023-07-31,"Los Angeles, CA",California,87,Moderate,Ozone
2023-08-01,"Los Angeles, CA",California,126,Unhealthy for Sensitive Groups,Ozone
2023-08-02,"Los Angeles, CA",California,112,Unhealthy for Sensitive Groups,Ozone
2023-08-03,"Los Angeles, CA",California,140,Unhealthy for Sensitive Groups,Ozone
2023-08-04,"Los Angeles, CA",California,150,Unhealthy for Sensitive Groups,Ozone
2023-08-05,"Los Angeles, CA",California,179,Unhealthy,Ozone
2023-08-06,"Los Angeles, CA",California,185,Unhealthy,Ozone
2023-08-07,"Los Angeles, CA",California,133,Unhealthy for Sensitive Groups,Ozone
2023-08-08,"Los Angeles, CA",California,84,Moderate,Ozone
2023-08-09,"Los Angeles, CA",California,61,Moderate,PM2.5
2023-08-10,"Los Angeles, CA",California,55,Moderate,PM2.5
2023-08-11,"Los Angeles, CA",California,56,Moderate,PM2.5
2023-08-12,"Los Angeles, CA",California,97,Moderate,Ozone
2023-08-13,"Los Angeles, CA",California,105,Unhealthy for Sensitive Groups,Ozone
2023-08-14,"Los Angeles, CA",California,101,Unhealthy for Sensitive Groups,Ozone
2023-08-15,"Los Angeles, CA",California,133,Unhealthy for Sensitive Groups,Ozone
2023-08-16,"Los Angeles, CA",California,122,Unhealthy for Sensitive Groups,Ozone
2023-08-17,"Los Angeles, CA",California,133,Unhealthy for Sensitive Groups,Ozone
2023-08-18,"Los Angeles, CA",California,90,Moderate,Ozone
2023-08-19,"Los Angeles, CA",California,61,Moderate,Ozone
2023-08-20,"Los Angeles, CA",California,52,Moderate,PM2.5
2023-08-21,"Los Angeles, CA",California,52,Moderate,PM2.5
2023-08-22,"Los Angeles, CA",California,77,Moderate,Ozone
2023-08-23,"Los Angeles, CA",California,112,Unhealthy for Sensitive Groups,Ozone
2023-08-24,"Los Angeles, CA",California,97,Moderate,Ozone
2023-08-25,"Los Angeles, CA",California,100,Moderate,Ozone
2023-08-26,"Los Angeles, CA",California,143,Unhealthy for Sensitive Groups,Ozone
2023-08-27,"Los Angeles, CA",California,179,Unhealthy,Ozone
2023-08-28,"Los Angeles, CA",California,192,Unhealthy,Ozone
2023-08-29,"Los Angeles, CA",California,208,Very Unhealthy,Ozone
2023-08-30,"Los Angeles, CA",California,174,Unhealthy,Ozone
2023-08-31,"Los Angeles, CA",California,126,Unhealthy for Sensitive Groups,Ozone
2023-09-01,"Los Angeles, CA",California,72,Moderate,PM2.5
2023-09-02,"Los Angeles, CA",California,54,Moderate,PM2.5
2023-09-03,"Los Angeles, CA",California,56,Moderate,PM2.5
2023-09-04,"Los Angeles, CA",California,57,Moderate,PM2.5
2023-09-05,"Los Angeles, CA",California,61,Moderate,Ozone
2023-09-06,"Los Angeles, CA",California,93,Moderate,Ozone
2023-09-07,"Los Angeles, CA",California,164,Unhealthy,Ozone
2023-09-08,"Los Angeles, CA",California,129,Unhealthy for Sensitive Groups,Ozone
2023-09-09,"Los Angeles, CA",California,143,Unhealthy for Sensitive Groups,Ozone
2023-09-10,"Los Angeles, CA",California,108,Unhealthy for Sensitive Groups,Ozone
2023-09-11,"Los Angeles, CA",California,93,Moderate,Ozone
2023-09-12,"Los Angeles, CA",California,105,Unhealthy for Sensitive Groups,Ozone
2023-09-13,"Los Angeles, CA",California,80,Moderate,Ozone
2023-09-14,"Los Angeles, CA",California,97,Moderate,Ozone
2023-09-15,"Los Angeles, CA",California,74,Moderate,Ozone
2023-09-16,"Los Angeles, CA",California,67,Moderate,Ozone
2023-09-17,"Los Angeles, CA",California,57,Moderate,PM2.5
2023-09-18,"Los Angeles, CA",California,90,Moderate,Ozone
2023-09-19,"Los Angeles, CA",California,84,Moderate,Ozone
2023-09-20,"Los Angeles, CA",California,63,Moderate,PM2.5
2023-09-21,"Los Angeles, CA",California,79,Moderate,PM2.5
2023-09-22,"Los Angeles, CA",California,92,Moderate,PM2.5
2023-09-23,"Los Angeles, CA",California,119,Unhealthy for Sensitive Groups,Ozone
2023-09-24,"Los Angeles, CA",California,122,Unhealthy for Sensitive Groups,Ozone
2023-09-25,"Los Angeles, CA",California,90,Moderate,Ozone
2023-09-26,"Los Angeles, CA",California,97,Moderate,Ozone
2023-09-27,"Los Angeles, CA",California,140,Unhealthy for Sensitive Groups,Ozone
2023-09-28,"Los Angeles, CA",California,112,Unhealthy for Sensitive Groups,Ozone
2023-09-29,"Los Angeles, CA",California,61,Moderate,Ozone
2023-09-30,"Los Angeles, CA",California,49,Good,PM2.5
2023-10-01,"Los Angeles, CA",California,47,Good,PM2.5
2023-10-02,"Los Angeles, CA",California,53,Moderate,PM2.5
2023-10-03,"Los Angeles, CA",California,59,Moderate,PM2.5
2023-10-04,"Los Angeles, CA",California,66,Moderate,PM2.5
2023-10-05,"Los Angeles, CA",California,67,Moderate,Ozone
2023-10-06,"Los Angeles, CA",California,80,Moderate,Ozone
2023-10-07,"Los Angeles, CA",California,169,Unhealthy,Ozone
2023-10-08,"Los Angeles, CA",California,172,Unhealthy,Ozone
2023-10-09,"Los Angeles, CA",California,97,Moderate,Ozone
2023-10-10,"Los Angeles, CA",California,60,Moderate,PM2.5
2023-10-11,"Los Angeles, CA",California,76,Moderate,PM10
2023-10-12,"Los Angeles, CA",California,64,Moderate,Ozone
2023-10-13,"Los Angeles, CA",California,62,Moderate,PM2.5
2023-10-14,"Los Angeles, CA",California,90,Moderate,Ozone
2023-10-15,"Los Angeles, CA",California,136,Unhealthy for Sensitive Groups,Ozone
2023-10-16,"Los Angeles, CA",California,122,Unhealthy for Sensitive Groups,Ozone
2023-10-17,"Los Angeles, CA",California,172,Unhealthy,Ozone
2023-10-18,"Los Angeles, CA",California,159,Unhealthy,Ozone
2023-10-19,"Los Angeles, CA",California,119,Unhealthy for Sensitive Groups,Ozone
2023-10-20,"Los Angeles, CA",California,133,Unhealthy for Sensitive Groups,Ozone
2023-10-21,"Los Angeles, CA",California,80,Moderate,Ozone
2023-10-22,"Los Angeles, CA",California,49,Good,PM2.5
2023-10-23,"Los Angeles, CA",California,44,Good,PM2.5
2023-10-24,"Los Angeles, CA",California,55,Moderate,PM2.5
2023-10-25,"Los Angeles, CA",California,52,Moderate,PM2.5
2023-10-26,"Los Angeles, CA",California,54,Moderate,PM2.5
2023-10-27,"Los Angeles, CA",California,61,Moderate,PM2.5
2023-10-28,"Los Angeles, CA",California,62,Moderate,PM2.5
2023-10-29,"Los Angeles, CA",California,63,Moderate,PM10
2023-10-30,"Los Angeles, CA",California,62,Moderate,PM2.5
2023-10-31,"Los Angeles, CA",California,60,Moderate,NO2
2023-11-01,"Los Angeles, CA",California,54,Moderate,NO2
2023-11-02,"Los Angeles, CA",California,77,Moderate,Ozone
2023-11-03,"Los Angeles, CA",California,93,Moderate,Ozone
2023-11-04,"Los Angeles, CA",California,119,Unhealthy for Sensitive Groups,Ozone
2023-11-05,"Los Angeles, CA",California,164,Unhealthy,Ozone
2023-11-06,"Los Angeles, CA",California,77,Moderate,Ozone
2023-11-07,"Los Angeles, CA",California,52,Moderate,PM2.5
2023-11-08,"Los Angeles, CA",California,64,Moderate,PM2.5
2023-11-09,"Los Angeles, CA",California,68,Moderate,PM2.5
2023-11-10,"Los Angeles, CA",California,69,Moderate,PM2.5
2023-11-11,"Los Angeles, CA",California,82,Moderate,PM2.5
2023-11-12,"Los Angeles, CA",California,67,Moderate,PM2.5
2023-11-13,"Los Angeles, CA",California,71,Moderate,PM2.5
2023-11-14,"Los Angeles, CA",California,77,Moderate,PM2.5
2023-11-15,"Los Angeles, CA",California,68,Moderate,PM2.5
2023-11-16,"Los Angeles, CA",California,53,Moderate,PM2.5
2023-11-17,"Los Angeles, CA",California,61,Moderate,PM2.5
2023-11-18,"Los Angeles, CA",California,52,Moderate,PM2.5
2023-11-19,"Los Angeles, CA",California,44,Good,PM2.5
2023-11-20,"Los Angeles, CA",California,66,Moderate,PM10
2023-11-21,"Los Angeles, CA",California,60,Moderate,PM2.5
2023-11-22,"Los Angeles, CA",California,52,Moderate,PM2.5
2023-11-23,"Los Angeles, CA",California,61,Moderate,PM2.5
2023-11-24,"Los Angeles, CA",California,61,Moderate,PM2.5
2023-11-25,"Los Angeles, CA",California,64,Moderate,PM2.5
2023-11-26,"Los Angeles, CA",California,59,Moderate,PM2.5
2023-11-27,"Los Angeles, CA",California,55,Moderate,PM2.5
2023-11-28,"Los Angeles, CA",California,57,Moderate,PM2.5
2023-11-29,"Los Angeles, CA",California,56,Moderate,PM2.5
2023-11-30,"Los Angeles, CA",California,58,Moderate,PM2.5
2023-12-01,"Los Angeles, CA",California,54,Moderate,PM2.5
2023-12-02,"Los Angeles, CA",California,69,Moderate,PM2.5
2023-12-03,"Los Angeles, CA",California,91,Moderate,PM2.5
2023-12-04,"Los Angeles, CA",California,81,Moderate,PM2.5
2023-12-05,"Los Angeles, CA",California,70,Moderate,PM2.5
2023-12-06,"Los Angeles, CA",California,69,Moderate,PM2.5
2023-12-07,"Los Angeles, CA",California,59,Moderate,PM2.5
2023-12-08,"Los Angeles, CA",California,68,Moderate,PM2.5
2023-12-09,"Los Angeles, CA",California,57,Moderate,PM2.5
2023-12-10,"Los Angeles, CA",California,53,Moderate,PM2.5
2023-12-11,"Los Angeles, CA",California,67,Moderate,PM2.5
2023-12-12,"Los Angeles, CA",California,75,Moderate,PM2.5
2023-12-13,"Los Angeles, CA",California,75,Moderate,PM2.5
2023-12-14,"Los Angeles, CA",California,74,Moderate,PM2.5
2023-12-15,"Los Angeles, CA",California,57,Moderate,PM2.5
2023-12-16,"Los Angeles, CA",California,61,Moderate,PM2.5
2023-12-17,"Los Angeles, CA",California,70,Moderate,PM2.5
2023-12-18,"Los Angeles, CA",California,73,Moderate,PM2.5
2023-12-19,"Los Angeles, CA",California,59,Moderate,PM2.5
2023-12-20,"Los Angeles, CA",California,53,Moderate,PM2.5
2023-12-21,"Los Angeles, CA",California,43,Good,PM2.5
2023-12-22,"Los Angeles, CA",California,42,Good,PM2.5
2023-12-23,"Los Angeles, CA",California,65,Moderate,PM2.5
2023-12-24,"Los Angeles, CA",California,102,Unhealthy for Sensitive Groups,PM2.5
2023-12-25,"Los Angeles, CA",California,153,Unhealthy,PM2.5
2023-12-26,"Los Angeles, CA",California,90,Moderate,PM2.5
2023-12-27,"Los Angeles, CA",California,83,Moderate,PM2.5
2023-12-28,"Los Angeles, CA",California,86,Moderate,PM2.5
2023-12-29,"Los Angeles, CA",California,96,Moderate,PM2.5
2023-12-30,"Los Angeles, CA",California,60,Moderate,PM2.5
2023-12-31,"Los Angeles, CA",California,87,Moderate,PM2.5
2024-01-01,"Los Angeles, CA",California,104,Unhealthy for Sensitive Groups,PM2.5
2024-01-02,"Los Angeles, CA",California,68,Moderate,PM2.5
2024-01-03,"Los Angeles, CA",California,61,Moderate,PM2.5
2024-01-04,"Los Angeles, CA",California,56,Moderate,PM2.5
2024-01-05,"Los Angeles, CA",California,69,Moderate,PM2.5
2024-01-06,"Los Angeles, CA",California,70,Moderate,PM2.5
2024-01-07,"Los Angeles, CA",California,45,Good,PM2.5
2024-01-08,"Los Angeles, CA",California,57,Moderate,PM2.5
2024-01-09,"Los Angeles, CA",California,70,Moderate,PM2.5
2024-01-10,"Los Angeles, CA",California,67,Moderate,PM2.5
2024-01-11,"Los Angeles, CA",California,52,Moderate,PM2.5
2024-01-12,"Los Angeles, CA",California,66,Moderate,PM2.5
2024-01-13,"Los Angeles, CA",California,80,Moderate,PM2.5
2024-01-14,"Los Angeles, CA",California,84,Moderate,PM2.5
2024-01-15,"Los Angeles, CA",California,93,Moderate,PM2.5
2024-01-16,"Los Angeles, CA",California,95,Moderate,PM2.5
2024-01-17,"Los Angeles, CA",California,86,Moderate,PM2.5
2024-01-18,"Los Angeles, CA",California,75,Moderate,PM2.5
2024-01-19,"Los Angeles, CA",California,75,Moderate,PM2.5
2024-01-20,"Los Angeles, CA",California,62,Moderate,PM2.5
2024-01-21,"Los Angeles, CA",California,51,Moderate,PM2.5
2024-01-22,"Los Angeles, CA",California,52,Moderate,PM2.5
2024-01-23,"Los Angeles, CA",California,61,Moderate,PM2.5
2024-01-24,"Los Angeles, CA",California,58,Moderate,PM2.5
2024-01-25,"Los Angeles, CA",California,54,Moderate,PM2.5
2024-01-26,"Los Angeles, CA",California,66,Moderate,PM2.5
2024-01-27,"Los Angeles, CA",California,70,Moderate,PM2.5
2024-01-28,"Los Angeles, CA",California,73,Moderate,PM2.5
2024-01-29,"Los Angeles, CA",California,64,Moderate,PM2.5
2024-01-30,"Los Angeles, CA",California,68,Moderate,PM2.5
2024-01-31,"Los Angeles, CA",California,66,Moderate,PM2.5
2024-02-01,"Los Angeles, CA",California,48,Good,PM2.5
2024-02-02,"Los Angeles, CA",California,53,Moderate,PM2.5
2024-02-03,"Los Angeles, CA",California,54,Moderate,PM2.5
2024-02-04,"Los Angeles, CA",California,53,Moderate,PM2.5
2024-02-05,"Los Angeles, CA",California,44,Good,PM2.5
2024-02-06,"Los Angeles, CA",California,55,Moderate,PM2.5
2024-02-07,"Los Angeles, CA",California,59,Moderate,PM2.5
2024-02-08,"Los Angeles, CA",California,53,Moderate,PM2.5
2024-02-09,"Los Angeles, CA",California,48,Good,PM2.5
2024-02-10,"Los Angeles, CA",California,62,Moderate,PM2.5
2024-02-11,"Los Angeles, CA",California,62,Moderate,PM2.5
2024-02-12,"Los Angeles, CA",California,68,Moderate,PM2.5
2024-02-13,"Los Angeles, CA",California,63,Moderate,PM2.5
2024-02-14,"Los Angeles, CA",California,64,Moderate,PM2.5
2024-02-15,"Los Angeles, CA",California,62,Moderate,PM2.5
2024-02-16,"Los Angeles, CA",California,66,Moderate,PM2.5
2024-02-17,"Los Angeles, CA",California,85,Moderate,PM2.5
2024-02-18,"Los Angeles, CA",California,58,Moderate,PM2.5
2024-02-19,"Los Angeles, CA",California,48,Good,PM2.5
2024-02-20,"Los Angeles, CA",California,41,Good,PM2.5
2024-02-21,"Los Angeles, CA",California,49,Good,PM2.5
2024-02-22,"Los Angeles, CA",California,55,Moderate,PM2.5
2024-02-23,"Los Angeles, CA",California,55,Moderate,PM2.5
2024-02-24,"Los Angeles, CA",California,56,Moderate,PM2.5
2024-02-25,"Los Angeles, CA",California,57,Moderate,PM2.5
2024-02-26,"Los Angeles, CA",California,63,Moderate,PM2.5
2024-02-27,"Los Angeles, CA",California,63,Moderate,PM2.5
2024-02-28,"Los Angeles, CA",California,58,Moderate,PM2.5
2024-02-29,"Los Angeles, CA",California,55,Moderate,PM2.5
2024-03-01,"Los Angeles, CA",California,39,Good,Ozone
2024-03-02,"Los Angeles, CA",California,38,Good,Ozone
2024-03-03,"Los Angeles, CA",California,41,Good,PM2.5
2024-03-04,"Los Angeles, CA",California,53,Moderate,PM2.5
2024-03-05,"Los Angeles, CA",California,53,Moderate,PM2.5
2024-03-06,"Los Angeles, CA",California,43,Good,PM2.5
2024-03-07,"Los Angeles, CA",California,39,Good,NO2
2024-03-08,"Los Angeles, CA",California,53,Moderate,PM2.5
2024-03-09,"Los Angeles, CA",California,59,Moderate,PM2.5
2024-03-10,"Los Angeles, CA",California,53,Moderate,PM2.5
2024-03-11,"Los Angeles, CA",California,41,Good,Ozone
2024-03-12,"Los Angeles, CA",California,40,Good,Ozone
2024-03-13,"Los Angeles, CA",California,47,Good,PM2.5
2024-03-14,"Los Angeles, CA",California,52,Moderate,PM10
2024-03-15,"Los Angeles, CA",California,41,Good,Ozone
2024-03-16,"Los Angeles, CA",California,46,Good,Ozone
2024-03-17,"Los Angeles, CA",California,52,Moderate,PM2.5
2024-03-18,"Los Angeles, CA",California,64,Moderate,PM10
2024-03-19,"Los Angeles, CA",California,59,Moderate,PM2.5
2024-03-20,"Los Angeles, CA",California,84,Moderate,Ozone
2024-03-21,"Los Angeles, CA",California,70,Moderate,PM2.5
2024-03-22,"Los Angeles, CA",California,70,Moderate,PM2.5
2024-03-23,"Los Angeles, CA",California,40,Good,Ozone
2024-03-24,"Los Angeles, CA",California,41,Good,Ozone
2024-03-25,"Los Angeles, CA",California,43,Good,PM2.5
2024-03-26,"Los Angeles, CA",California,47,Good,PM2.5
2024-03-27,"Los Angeles, CA",California,64,Moderate,Ozone
2024-03-28,"Los Angeles, CA",California,53,Moderate,PM2.5
2024-03-29,"Los Angeles, CA",California,48,Good,Ozone
2024-03-30,"Los Angeles, CA",California,44,Good,Ozone
2024-03-31,"Los Angeles, CA",California,44,Good,Ozone
2024-04-01,"Los Angeles, CA",California,50,Good,PM2.5
2024-04-02,"Los Angeles, CA",California,52,Moderate,PM2.5
2024-04-03,"Los Angeles, CA",California,58,Moderate,Ozone
2024-04-04,"Los Angeles, CA",California,44,Good,Ozone
2024-04-05,"Los Angeles, CA",California,44,Good,Ozone
2024-04-06,"Los Angeles, CA",California,47,Good,Ozone
2024-04-07,"Los Angeles, CA",California,58,Moderate,PM2.5
2024-04-08,"Los Angeles, CA",California,51,Moderate,PM2.5
2024-04-09,"Los Angeles, CA",California,61,Moderate,Ozone
2024-04-10,"Los Angeles, CA",California,87,Moderate,Ozone
2024-04-11,"Los Angeles, CA",California,119,Unhealthy for Sensitive Groups,Ozone
2024-04-12,"Los Angeles, CA",California,87,Moderate,Ozone
2024-04-13,"Los Angeles, CA",California,49,Good,Ozone
2024-04-14,"Los Angeles, CA",California,48,Good,Ozone
2024-04-15,"Los Angeles, CA",California,71,Moderate,Ozone
2024-04-16,"Los Angeles, CA",California,77,Moderate,Ozone
2024-04-17,"Los Angeles, CA",California,101,Unhealthy for Sensitive Groups,Ozone
2024-04-18,"Los Angeles, CA",California,90,Moderate,Ozone
2024-04-19,"Los Angeles, CA",California,67,Moderate,Ozone
2024-04-20,"Los Angeles, CA",California,93,Moderate,Ozone
2024-04-21,"Los Angeles, CA",California,140,Unhealthy for Sensitive Groups,Ozone
2024-04-22,"Los Angeles, CA",California,97,Moderate,Ozone
2024-04-23,"Los Angeles, CA",California,54,Moderate,PM2.5
2024-04-24,"Los Angeles, CA",California,49,Good,PM2.5
2024-04-25,"Los Angeles, CA",California,44,Good,PM2.5
2024-04-26,"Los Angeles, CA",California,61,Moderate,PM10
2024-04-27,"Los Angeles, CA",California,48,Good,Ozone
2024-04-28,"Los Angeles, CA",California,80,Moderate,Ozone
2024-04-29,"Los Angeles, CA",California,74,Moderate,Ozone
2024-04-30,"Los Angeles, CA",California,97,Moderate,Ozone
2024-05-01,"Los Angeles, CA",California,67,Moderate,Ozone
2024-05-02,"Los Angeles, CA",California,97,Moderate,Ozone
2024-05-03,"Los Angeles, CA",California,87,Moderate,Ozone
2024-05-04,"Los Angeles, CA",California,58,Moderate,PM2.5
2024-05-05,"Los Angeles, CA",California,47,Good,Ozone
2024-05-06,"Los Angeles, CA",California,48,Good,Ozone
2024-05-07,"Los Angeles, CA",California,84,Moderate,Ozone
2024-05-08,"Los Angeles, CA",California,77,Moderate,Ozone
2024-05-09,"Los Angeles, CA",California,67,Moderate,Ozone
2024-05-10,"Los Angeles, CA",California,74,Moderate,Ozone
2024-05-11,"Los Angeles, CA",California,84,Moderate,Ozone
2024-05-12,"Los Angeles, CA",California,108,Unhealthy for Sensitive Groups,Ozone
2024-05-13,"Los Angeles, CA",California,97,Moderate,Ozone
2024-05-14,"Los Angeles, CA",California,90,Moderate,Ozone
2024-05-15,"Los Angeles, CA",California,74,Moderate,Ozone
2024-05-16,"Los Angeles, CA",California,74,Moderate,Ozone
2024-05-17,"Los Angeles, CA",California,58,Moderate,PM2.5
2024-05-18,"Los Angeles, CA",California,105,Unhealthy for Sensitive Groups,Ozone
2024-05-19,"Los Angeles, CA",California,77,Moderate,Ozone
2024-05-20,"Los Angeles, CA",California,52,Moderate,PM2.5
2024-05-21,"Los Angeles, CA",California,74,Moderate,Ozone
2024-05-22,"Los Angeles, CA",California,87,Moderate,Ozone
2024-05-23,"Los Angeles, CA",California,61,Moderate,Ozone
2024-05-24,"Los Angeles, CA",California,61,Moderate,PM2.5
2024-05-25,"Los Angeles, CA",California,52,Moderate,PM2.5
2024-05-26,"Los Angeles, CA",California,54,Moderate,PM2.5
2024-05-27,"Los Angeles, CA",California,87,Moderate,Ozone
2024-05-28,"Los Angeles, CA",California,93,Moderate,Ozone
2024-05-29,"Los Angeles, CA",California,80,Moderate,Ozone
2024-05-30,"Los Angeles, CA",California,119,Unhealthy for Sensitive Groups,Ozone
2024-05-31,"Los Angeles, CA",California,119,Unhealthy for Sensitive Groups,Ozone
2024-06-01,"Los Angeles, CA",California,87,Moderate,Ozone
2024-06-02,"Los Angeles, CA",California,58,Moderate,PM2.5
2024-06-03,"Los Angeles, CA",California,74,Moderate,Ozone
2024-06-04,"Los Angeles, CA",California,115,Unhealthy for Sensitive Groups,Ozone
2024-06-05,"Los Angeles, CA",California,179,Unhealthy,Ozone
2024-06-06,"Los Angeles, CA",California,166,Unhealthy,Ozone
2024-06-07,"Los Angeles, CA",California,84,Moderate,Ozone
2024-06-08,"Los Angeles, CA",California,58,Moderate,Ozone
2024-06-09,"Los Angeles, CA",California,55,Moderate,PM2.5
2024-06-10,"Los Angeles, CA",California,97,Moderate,Ozone
2024-06-11,"Los Angeles, CA",California,115,Unhealthy for Sensitive Groups,Ozone
2024-06-12,"Los Angeles, CA",California,105,Unhealthy for Sensitive Groups,Ozone
2024-06-13,"Los Angeles, CA",California,77,Moderate,Ozone
2024-06-14,"Los Angeles, CA",California,164,Unhealthy,Ozone
2024-06-15,"Los Angeles, CA",California,161,Unhealthy,Ozone
2024-06-16,"Los Angeles, CA",California,129,Unhealthy for Sensitive Groups,Ozone
2024-06-17,"Los Angeles, CA",California,71,Moderate,Ozone
2024-06-18,"Los Angeles, CA",California,108,Unhealthy for Sensitive Groups,Ozone
2024-06-19,"Los Angeles, CA",California,119,Unhealthy for Sensitive Groups,Ozone
2024-06-20,"Los Angeles, CA",California,140,Unhealthy for Sensitive Groups,Ozone
2024-06-21,"Los Angeles, CA",California,166,Unhealthy,Ozone
2024-06-22,"Los Angeles, CA",California,202,Very Unhealthy,Ozone
2024-06-23,"Los Angeles, CA",California,154,Unhealthy,Ozone
2024-06-24,"Los Angeles, CA",California,126,Unhealthy for Sensitive Groups,Ozone
2024-06-25,"Los Angeles, CA",California,100,Moderate,Ozone
2024-06-26,"Los Angeles, CA",California,140,Unhealthy for Sensitive Groups,Ozone
2024-06-27,"Los Angeles, CA",California,122,Unhealthy for Sensitive Groups,Ozone
2024-06-28,"Los Angeles, CA",California,108,Unhealthy for Sensitive Groups,Ozone
2024-06-29,"Los Angeles, CA",California,147,Unhealthy for Sensitive Groups,Ozone
2024-06-30,"Los Angeles, CA",California,169,Unhealthy,Ozone
2024-07-01,"Los Angeles, CA",California,150,Unhealthy for Sensitive Groups,Ozone
2024-07-02,"Los Angeles, CA",California,161,Unhealthy,Ozone
2024-07-03,"Los Angeles, CA",California,195,Unhealthy,Ozone
2024-07-04,"Los Angeles, CA",California,166,Unhealthy,Ozone
2024-07-05,"Los Angeles, CA",California,230,Very Unhealthy,PM2.5
2024-07-06,"Los Angeles, CA",California,156,Unhealthy,Ozone
2024-07-07,"Los Angeles, CA",California,108,Unhealthy for Sensitive Groups,Ozone
2024-07-08,"Los Angeles, CA",California,187,Unhealthy,Ozone
2024-07-09,"Los Angeles, CA",California,206,Very Unhealthy,Ozone
2024-07-10,"Los Angeles, CA",California,209,Very Unhealthy,Ozone
2024-07-11,"Los Angeles, CA",California,166,Unhealthy,Ozone
2024-07-12,"Los Angeles, CA",California,147,Unhealthy for Sensitive Groups,Ozone
2024-07-13,"Los Angeles, CA",California,147,Unhealthy for Sensitive Groups,Ozone
2024-07-14,"Los Angeles, CA",California,136,Unhealthy for Sensitive Groups,Ozone
2024-07-15,"Los Angeles, CA",California,136,Unhealthy for Sensitive Groups,Ozone
2024-07-16,"Los Angeles, CA",California,129,Unhealthy for Sensitive Groups,Ozone
2024-07-17,"Los Angeles, CA",California,129,Unhealthy for Sensitive Groups,Ozone
2024-07-18,"Los Angeles, CA",California,174,Unhealthy,Ozone
2024-07-19,"Los Angeles, CA",California,203,Very Unhealthy,Ozone
2024-07-20,"Los Angeles, CA",California,164,Unhealthy,Ozone
2024-07-21,"Los Angeles, CA",California,147,Unhealthy for Sensitive Groups,Ozone
2024-07-22,"Los Angeles, CA",California,159,Unhealthy,Ozone
2024-07-23,"Los Angeles, CA",California,154,Unhealthy,Ozone
2024-07-24,"Los Angeles, CA",California,159,Unhealthy,Ozone
2024-07-25,"Los Angeles, CA",California,182,Unhealthy,Ozone
2024-07-26,"Los Angeles, CA",California,143,Unhealthy for Sensitive Groups,Ozone
2024-07-27,"Los Angeles, CA",California,105,Unhealthy for Sensitive Groups,Ozone
2024-07-28,"Los Angeles, CA",California,105,Unhealthy for Sensitive Groups,Ozone
2024-07-29,"Los Angeles, CA",California,119,Unhealthy for Sensitive Groups,Ozone
2024-07-30,"Los Angeles, CA",California,150,Unhealthy for Sensitive Groups,Ozone
2024-07-31,"Los Angeles, CA",California,166,Unhealthy,Ozone
2024-08-01,"Los Angeles, CA",California,126,Unhealthy for Sensitive Groups,Ozone
2024-08-02,"Los Angeles, CA",California,200,Unhealthy,Ozone
2024-08-03,"Los Angeles, CA",California,174,Unhealthy,Ozone
2024-08-04,"Los Angeles, CA",California,164,Unhealthy,Ozone
2024-08-05,"Los Angeles, CA",California,182,Unhealthy,Ozone
2024-08-06,"Los Angeles, CA",California,192,Unhealthy,Ozone
2024-08-07,"Los Angeles, CA",California,108,Unhealthy for Sensitive Groups,Ozone
2024-08-08,"Los Angeles, CA",California,140,Unhealthy for Sensitive Groups,Ozone
2024-08-09,"Los Angeles, CA",California,182,Unhealthy,Ozone
2024-08-10,"Los Angeles, CA",California,202,Very Unhealthy,Ozone
2024-08-11,"Los Angeles, CA",California,136,Unhealthy for Sensitive Groups,Ozone
2024-08-12,"Los Angeles, CA",California,90,Moderate,Ozone
2024-08-13,"Los Angeles, CA",California,105,Unhealthy for Sensitive Groups,Ozone
2024-08-14,"Los Angeles, CA",California,140,Unhealthy for Sensitive Groups,Ozone
2024-08-15,"Los Angeles, CA",California,159,Unhealthy,Ozone
2024-08-16,"Los Angeles, CA",California,151,Unhealthy,Ozone
2024-08-17,"Los Angeles, CA",California,90,Moderate,Ozone
2024-08-18,"Los Angeles, CA",California,126,Unhealthy for Sensitive Groups,Ozone
2024-08-19,"Los Angeles, CA",California,156,Unhealthy,Ozone
2024-08-20,"Los Angeles, CA",California,161,Unhealthy,Ozone
2024-08-21,"Los Angeles, CA",California,154,Unhealthy,Ozone
2024-08-22,"Los Angeles, CA",California,105,Unhealthy for Sensitive Groups,Ozone
2024-08-23,"Los Angeles, CA",California,77,Moderate,Ozone
2024-08-24,"Los Angeles, CA",California,71,Moderate,Ozone
2024-08-25,"Los Angeles, CA",California,87,Moderate,Ozone
2024-08-26,"Los Angeles, CA",California,129,Unhealthy for Sensitive Groups,Ozone
2024-08-27,"Los Angeles, CA",California,156,Unhealthy,Ozone
2024-08-28,"Los Angeles, CA",California,133,Unhealthy for Sensitive Groups,Ozone
2024-08-29,"Los Angeles, CA",California,126,Unhealthy for Sensitive Groups,Ozone
2024-08-30,"Los Angeles, CA",California,156,Unhealthy,Ozone
2024-08-31,"Los Angeles, CA",California,187,Unhealthy,Ozone
2024-09-01,"Los Angeles, CA",California,169,Unhealthy,Ozone
2024-09-02,"Los Angeles, CA",California,182,Unhealthy,Ozone
2024-09-03,"Los Angeles, CA",California,166,Unhealthy,Ozone
2024-09-04,"Los Angeles, CA",California,147,Unhealthy for Sensitive Groups,Ozone
2024-09-05,"Los Angeles, CA",California,207,Very Unhealthy,Ozone
2024-09-06,"Los Angeles, CA",California,190,Unhealthy,Ozone
2024-09-07,"Los Angeles, CA",California,209,Very Unhealthy,Ozone
2024-09-08,"Los Angeles, CA",California,150,Unhealthy for Sensitive Groups,Ozone
2024-09-09,"Los Angeles, CA",California,185,Unhealthy,Ozone
2024-09-10,"Los Angeles, CA",California,116,Unhealthy for Sensitive Groups,PM2.5
2024-09-11,"Los Angeles, CA",California,122,Unhealthy for Sensitive Groups,Ozone
2024-09-12,"Los Angeles, CA",California,101,Unhealthy for Sensitive Groups,Ozone
2024-09-13,"Los Angeles, CA",California,119,Unhealthy for Sensitive Groups,Ozone
2024-09-14,"Los Angeles, CA",California,122,Unhealthy for Sensitive Groups,Ozone
2024-09-15,"Los Angeles, CA",California,77,Moderate,Ozone
2024-09-16,"Los Angeles, CA",California,48,Good,Ozone
2024-09-17,"Los Angeles, CA",California,52,Moderate,PM2.5
2024-09-18,"Los Angeles, CA",California,80,Moderate,Ozone
2024-09-19,"Los Angeles, CA",California,67,Moderate,Ozone
2024-09-20,"Los Angeles, CA",California,64,Moderate,Ozone
2024-09-21,"Los Angeles, CA",California,90,Moderate,Ozone
2024-09-22,"Los Angeles, CA",California,122,Unhealthy for Sensitive Groups,Ozone
2024-09-23,"Los Angeles, CA",California,112,Unhealthy for Sensitive Groups,Ozone
2024-09-24,"Los Angeles, CA",California,133,Unhealthy for Sensitive Groups,Ozone
2024-09-25,"Los Angeles, CA",California,101,Unhealthy for Sensitive Groups,Ozone
2024-09-26,"Los Angeles, CA",California,126,Unhealthy for Sensitive Groups,Ozone
2024-09-27,"Los Angeles, CA",California,108,Unhealthy for Sensitive Groups,Ozone
2024-09-28,"Los Angeles, CA",California,133,Unhealthy for Sensitive Groups,Ozone
2024-09-29,"Los Angeles, CA",California,122,Unhealthy for Sensitive Groups,Ozone
2024-09-30,"Los Angeles, CA",California,136,Unhealthy for Sensitive Groups,Ozone
2024-10-01,"Los Angeles, CA",California,126,Unhealthy for Sensitive Groups,Ozone
2024-10-02,"Los Angeles, CA",California,179,Unhealthy,Ozone
2024-10-03,"Los Angeles, CA",California,203,Very Unhealthy,Ozone
2024-10-04,"Los Angeles, CA",California,164,Unhealthy,Ozone
2024-10-05,"Los Angeles, CA",California,172,Unhealthy,Ozone
2024-10-06,"Los Angeles, CA",California,172,Unhealthy,Ozone
2024-10-07,"Los Angeles, CA",California,154,Unhealthy,Ozone
2024-10-08,"Los Angeles, CA",California,108,Unhealthy for Sensitive Groups,Ozone
2024-10-09,"Los Angeles, CA",California,105,Unhealthy for Sensitive Groups,Ozone
2024-10-10,"Los Angeles, CA",California,119,Unhealthy for Sensitive Groups,Ozone
2024-10-11,"Los Angeles, CA",California,97,Moderate,Ozone
2024-10-12,"Los Angeles, CA",California,100,Moderate,Ozone
2024-10-13,"Los Angeles, CA",California,101,Unhealthy for Sensitive Groups,Ozone
2024-10-14,"Los Angeles, CA",California,68,Moderate,PM2.5
2024-10-15,"Los Angeles, CA",California,83,Moderate,PM2.5
2024-10-16,"Los Angeles, CA",California,81,Moderate,PM2.5
2024-10-17,"Los Angeles, CA",California,61,Moderate,PM2.5
2024-10-18,"Los Angeles, CA",California,58,Moderate,PM10
2024-10-19,"Los Angeles, CA",California,62,Moderate,PM2.5
2024-10-20,"Los Angeles, CA",California,67,Moderate,Ozone
2024-10-21,"Los Angeles, CA",California,67,Moderate,Ozone
2024-10-22,"Los Angeles, CA",California,87,Moderate,Ozone
2024-10-23,"Los Angeles, CA",California,122,Unhealthy for Sensitive Groups,Ozone
2024-10-24,"Los Angeles, CA",California,150,Unhealthy for Sensitive Groups,Ozone
2024-10-25,"Los Angeles, CA",California,108,Unhealthy for Sensitive Groups,Ozone
2024-10-26,"Los Angeles, CA",California,122,Unhealthy for Sensitive Groups,Ozone
2024-10-27,"Los Angeles, CA",California,105,Unhealthy for Sensitive Groups,Ozone
2024-10-28,"Los Angeles, CA",California,71,Moderate,PM10
2024-10-29,"Los Angeles, CA",California,54,Moderate,PM10
2024-10-30,"Los Angeles, CA",California,55,Moderate,PM2.5
2024-10-31,"Los Angeles, CA",California,63,Moderate,PM2.5
2024-11-01,"Los Angeles, CA",California,62,Moderate,PM2.5
2024-11-02,"Los Angeles, CA",California,57,Moderate,PM2.5
2024-11-03,"Los Angeles, CA",California,48,Good,PM2.5
2024-11-04,"Los Angeles, CA",California,57,Moderate,PM2.5
2024-11-05,"Los Angeles, CA",California,55,Moderate,PM2.5
2024-11-06,"Los Angeles, CA",California,94,Moderate,PM10
2024-11-07,"Los Angeles, CA",California,60,Moderate,PM2.5
2024-11-08,"Los Angeles, CA",California,60,Moderate,PM2.5
2024-11-09,"Los Angeles, CA",California,80,Moderate,PM2.5
2024-11-10,"Los Angeles, CA",California,108,Unhealthy for Sensitive Groups,PM2.5
2024-11-11,"Los Angeles, CA",California,83,Moderate,PM2.5
2024-11-12,"Los Angeles, CA",California,54,Moderate,PM2.5
2024-11-13,"Los Angeles, CA",California,54,Moderate,PM2.5
2024-11-14,"Los Angeles, CA",California,66,Moderate,PM2.5
2024-11-15,"Los Angeles, CA",California,81,Moderate,PM10
2024-11-16,"Los Angeles, CA",California,78,Moderate,PM2.5
2024-11-17,"Los Angeles, CA",California,67,Moderate,PM2.5
2024-11-18,"Los Angeles, CA",California,90,Moderate,PM10
2024-11-19,"Los Angeles, CA",California,71,Moderate,PM2.5
2024-11-20,"Los Angeles, CA",California,68,Moderate,PM2.5
2024-11-21,"Los Angeles, CA",California,73,Moderate,PM2.5
2024-11-22,"Los Angeles, CA",California,73,Moderate,PM2.5
2024-11-23,"Los Angeles, CA",California,73,Moderate,PM2.5
2024-11-24,"Los Angeles, CA",California,49,Good,PM2.5
2024-11-25,"Los Angeles, CA",California,79,Moderate,PM2.5
2024-11-26,"Los Angeles, CA",California,58,Moderate,PM2.5
2024-11-27,"Los Angeles, CA",California,54,Moderate,PM2.5
2024-11-28,"Los Angeles, CA",California,62,Moderate,PM2.5
2024-11-29,"Los Angeles, CA",California,56,Moderate,PM2.5
2024-11-30,"Los Angeles, CA",California,54,Moderate,PM2.5
2024-12-01,"Los Angeles, CA",California,70,Moderate,PM2.5
2024-12-02,"Los Angeles, CA",California,78,Moderate,PM2.5
2024-12-03,"Los Angeles, CA",California,82,Moderate,PM2.5
2024-12-04,"Los Angeles, CA",California,128,Unhealthy for Sensitive Groups,PM2.5
2024-12-05,"Los Angeles, CA",California,155,Unhealthy,PM2.5
2024-12-06,"Los Angeles, CA",California,105,Unhealthy for Sensitive Groups,PM2.5
2024-12-07,"Los Angeles, CA",California,91,Moderate,PM2.5
2024-12-08,"Los Angeles, CA",California,90,Moderate,PM2.5
2024-12-09,"Los Angeles, CA",California,103,Unhealthy for Sensitive Groups,PM2.5
2024-12-10,"Los Angeles, CA",California,82,Moderate,PM2.5
2024-12-11,"Los Angeles, CA",California,59,Moderate,PM2.5
2024-12-12,"Los Angeles, CA",California,71,Moderate,PM2.5
2024-12-13,"Los Angeles, CA",California,71,Moderate,PM2.5
2024-12-14,"Los Angeles, CA",California,71,Moderate,PM2.5
2024-12-15,"Los Angeles, CA",California,74,Moderate,PM2.5
2024-12-16,"Los Angeles, CA",California,76,Moderate,PM2.5
2024-12-17,"Los Angeles, CA",California,77,Moderate,PM2.5
2024-12-18,"Los Angeles, CA",California,73,Moderate,PM2.5
2024-12-19,"Los Angeles, CA",California,63,Moderate,PM2.5
2024-12-20,"Los Angeles, CA",California,106,Unhealthy for Sensitive Groups,PM2.5
2024-12-21,"Los Angeles, CA",California,86,Moderate,PM2.5
2024-12-22,"Los Angeles, CA",California,99,Moderate,PM2.5
2024-12-23,"Los Angeles, CA",California,127,Unhealthy for Sensitive Groups,PM2.5
2024-12-24,"Los Angeles, CA",California,129,Unhealthy for Sensitive Groups,PM2.5
2024-12-25,"Los Angeles, CA",California,80,Moderate,PM2.5
2024-12-26,"Los Angeles, CA",California,74,Moderate,PM2.5
2024-12-27,"Los Angeles, CA",California,63,Moderate,PM2.5
2024-12-28,"Los Angeles, CA",California,88,Moderate,PM2.5
2024-12-29,"Los Angeles, CA",California,99,Moderate,PM2.5
2024-12-30,"Los Angeles, CA",California,98,Moderate,PM2.5
2024-12-31,"Los Angeles, CA",California,152,Unhealthy,PM2.5
2023-01-01,"Miami, FL",Florida,170,Unhealthy,PM2.5
2023-01-02,"Miami, FL",Florida,33,Good,PM2.5
2023-01-03,"Miami, FL",Florida,29,Good,PM2.5
2023-01-04,"Miami, FL",Florida,30,Good,PM2.5
2023-01-05,"Miami, FL",Florida,32,Good,Ozone
2023-01-06,"Miami, FL",Florida,44,Good,Ozone
2023-01-07,"Miami, FL",Florida,46,Good,Ozone
2023-01-08,"Miami, FL",Florida,48,Good,NO2
2023-01-09,"Miami, FL",Florida,54,Moderate,PM2.5
2023-01-10,"Miami, FL",Florida,43,Good,Ozone
2023-01-11,"Miami, FL",Florida,55,Moderate,PM2.5
2023-01-12,"Miami, FL",Florida,58,Moderate,NO2
2023-01-13,"Miami, FL",Florida,53,Moderate,PM2.5
2023-01-14,"Miami, FL",Florida,36,Good,Ozone
2023-01-15,"Miami, FL",Florida,54,Moderate,PM2.5
2023-01-16,"Miami, FL",Florida,53,Moderate,NO2
2023-01-17,"Miami, FL",Florida,65,Moderate,NO2
2023-01-18,"Miami, FL",Florida,62,Moderate,NO2
2023-01-19,"Miami, FL",Florida,38,Good,Ozone
2023-01-20,"Miami, FL",Florida,38,Good,PM2.5
2023-01-21,"Miami, FL",Florida,46,Good,PM2.5
2023-01-22,"Miami, FL",Florida,36,Good,PM2.5
2023-01-23,"Miami, FL",Florida,53,Moderate,PM2.5
2023-01-24,"Miami, FL",Florida,47,Good,PM2.5
2023-01-25,"Miami, FL",Florida,41,Good,PM2.5
2023-01-26,"Miami, FL",Florida,51,Moderate,PM2.5
2023-01-27,"Miami, FL",Florida,46,Good,PM2.5
2023-01-28,"Miami, FL",Florida,43,Good,PM2.5
2023-01-29,"Miami, FL",Florida,36,Good,Ozone
2023-01-30,"Miami, FL",Florida,34,Good,PM2.5
2023-01-31,"Miami, FL",Florida,36,Good,PM2.5
2023-02-01,"Miami, FL",Florida,36,Good,PM2.5
2023-02-02,"Miami, FL",Florida,34,Good,PM2.5
2023-02-03,"Miami, FL",Florida,46,Good,PM2.5
2023-02-04,"Miami, FL",Florida,42,Good,PM2.5
2023-02-05,"Miami, FL",Florida,37,Good,NO2
2023-02-06,"Miami, FL",Florida,40,Good,PM2.5
2023-02-07,"Miami, FL",Florida,45,Good,Ozone
2023-02-08,"Miami, FL",Florida,45,Good,Ozone
2023-02-09,"Miami, FL",Florida,48,Good,PM2.5
2023-02-10,"Miami, FL",Florida,46,Good,PM2.5
2023-02-11,"Miami, FL",Florida,46,Good,PM2.5
2023-02-12,"Miami, FL",Florida,44,Good,Ozone
2023-02-13,"Miami, FL",Florida,52,Moderate,PM2.5
2023-02-14,"Miami, FL",Florida,48,Good,PM2.5
2023-02-15,"Miami, FL",Florida,44,Good,PM2.5
2023-02-16,"Miami, FL",Florida,42,Good,PM2.5
2023-02-17,"Miami, FL",Florida,66,Moderate,PM2.5
2023-02-18,"Miami, FL",Florida,63,Moderate,PM2.5
2023-02-19,"Miami, FL",Florida,59,Moderate,PM2.5
2023-02-20,"Miami, FL",Florida,59,Moderate,PM2.5
2023-02-21,"Miami, FL",Florida,57,Moderate,PM2.5
2023-02-22,"Miami, FL",Florida,57,Moderate,PM2.5
2023-02-23,"Miami, FL",Florida,57,Moderate,PM2.5
2023-02-24,"Miami, FL",Florida,54,Moderate,PM2.5
2023-02-25,"Miami, FL",Florida,51,Moderate,PM2.5
2023-02-26,"Miami, FL",Florida,58,Moderate,PM2.5
2023-02-27,"Miami, FL",Florida,55,Moderate,PM2.5
2023-02-28,"Miami, FL",Florida,62,Moderate,PM2.5
2023-03-01,"Miami, FL",Florida,69,Moderate,PM2.5
2023-03-02,"Miami, FL",Florida,51,Moderate,PM2.5
2023-03-03,"Miami, FL",Florida,66,Moderate,PM2.5
2023-03-04,"Miami, FL",Florida,64,Moderate,PM2.5
2023-03-05,"Miami, FL",Florida,59,Moderate,PM2.5
2023-03-06,"Miami, FL",Florida,59,Moderate,PM2.5
2023-03-07,"Miami, FL",Florida,67,Moderate,Ozone
2023-03-08,"Miami, FL",Florida,66,Moderate,PM2.5
2023-03-09,"Miami, FL",Florida,54,Moderate,PM2.5
2023-03-10,"Miami, FL",Florida,48,Good,Ozone
2023-03-11,"Miami, FL",Florida,56,Moderate,PM2.5
2023-03-12,"Miami, FL",Florida,62,Moderate,PM2.5
2023-03-13,"Miami, FL",Florida,63,Moderate,PM2.5
2023-03-14,"Miami, FL",Florida,54,Moderate,PM2.5
2023-03-15,"Miami, FL",Florida,48,Good,Ozone
2023-03-16,"Miami, FL",Florida,46,Good,Ozone
2023-03-17,"Miami, FL",Florida,50,Good,NO2
2023-03-18,"Miami, FL",Florida,60,Moderate,PM2.5
2023-03-19,"Miami, FL",Florida,59,Moderate,PM2.5
2023-03-20,"Miami, FL",Florida,46,Good,Ozone
2023-03-21,"Miami, FL",Florida,49,Good,Ozone
2023-03-22,"Miami, FL",Florida,45,Good,Ozone
2023-03-23,"Miami, FL",Florida,44,Good,Ozone
2023-03-24,"Miami, FL",Florida,41,Good,PM2.5
2023-03-25,"Miami, FL",Florida,37,Good,PM2.5
2023-03-26,"Miami, FL",Florida,32,Good,PM2.5
2023-03-27,"Miami, FL",Florida,52,Moderate,PM2.5
2023-03-28,"Miami, FL",Florida,47,Good,PM2.5
2023-03-29,"Miami, FL",Florida,54,Moderate,PM2.5
2023-03-30,"Miami, FL",Florida,51,Moderate,PM2.5
2023-03-31,"Miami, FL",Florida,50,Good,Ozone
2023-04-01,"Miami, FL",Florida,47,Good,PM2.5
2023-04-02,"Miami, FL",Florida,42,Good,PM2.5
2023-04-03,"Miami, FL",Florida,41,Good,PM2.5
2023-04-04,"Miami, FL",Florida,38,Good,PM2.5
2023-04-05,"Miami, FL",Florida,39,Good,PM2.5
2023-04-06,"Miami, FL",Florida,37,Good,PM2.5
2023-04-07,"Miami, FL",Florida,42,Good,PM2.5
2023-04-08,"Miami, FL",Florida,39,Good,PM2.5
2023-04-09,"Miami, FL",Florida,42,Good,PM2.5
2023-04-10,"Miami, FL",Florida,41,Good,Ozone
2023-04-11,"Miami, FL",Florida,42,Good,Ozone
2023-04-12,"Miami, FL",Florida,46,Good,PM2.5
2023-04-13,"Miami, FL",Florida,52,Moderate,PM2.5
2023-04-14,"Miami, FL",Florida,53,Moderate,PM2.5
2023-04-15,"Miami, FL",Florida,52,Moderate,PM2.5
2023-04-16,"Miami, FL",Florida,36,Good,PM2.5
2023-04-17,"Miami, FL",Florida,44,Good,NO2
2023-04-18,"Miami, FL",Florida,67,Moderate,Ozone
2023-04-19,"Miami, FL",Florida,64,Moderate,Ozone
2023-04-20,"Miami, FL",Florida,52,Moderate,PM2.5
2023-04-21,"Miami, FL",Florida,44,Good,PM2.5
2023-04-22,"Miami, FL",Florida,44,Good,PM2.5
2023-04-23,"Miami, FL",Florida,52,Moderate,PM2.5
2023-04-24,"Miami, FL",Florida,48,Good,PM2.5
2023-04-25,"Miami, FL",Florida,39,Good,PM2.5
2023-04-26,"Miami, FL",Florida,46,Good,PM2.5
2023-04-27,"Miami, FL",Florida,40,Good,PM2.5
2023-04-28,"Miami, FL",Florida,55,Moderate,PM2.5
2023-04-29,"Miami, FL",Florida,53,Moderate,PM2.5
2023-04-30,"Miami, FL",Florida,51,Moderate,PM2.5
2023-05-01,"Miami, FL",Florida,87,Moderate,Ozone
2023-05-02,"Miami, FL",Florida,52,Moderate,PM2.5
2023-05-03,"Miami, FL",Florida,54,Moderate,PM2.5
2023-05-04,"Miami, FL",Florida,154,Unhealthy,Ozone
2023-05-05,"Miami, FL",Florida,97,Moderate,Ozone
2023-05-06,"Miami, FL",Florida,57,Moderate,PM2.5
2023-05-07,"Miami, FL",Florida,48,Good,Ozone
2023-05-08,"Miami, FL",Florida,47,Good,Ozone
2023-05-09,"Miami, FL",Florida,50,Good,PM2.5
2023-05-10,"Miami, FL",Florida,53,Moderate,PM2.5
2023-05-11,"Miami, FL",Florida,52,Moderate,PM2.5
2023-05-12,"Miami, FL",Florida,53,Moderate,PM2.5
2023-05-13,"Miami, FL",Florida,56,Moderate,PM2.5
2023-05-14,"Miami, FL",Florida,58,Moderate,PM2.5
2023-05-15,"Miami, FL",Florida,52,Moderate,PM2.5
2023-05-16,"Miami, FL",Florida,84,Moderate,Ozone
2023-05-17,"Miami, FL",Florida,52,Moderate,PM2.5
2023-05-18,"Miami, FL",Florida,58,Moderate,PM2.5
2023-05-19,"Miami, FL",Florida,52,Moderate,PM2.5
2023-05-20,"Miami, FL",Florida,41,Good,PM2.5
2023-05-21,"Miami, FL",Florida,43,Good,PM2.5
2023-05-22,"Miami, FL",Florida,44,Good,PM2.5
2023-05-23,"Miami, FL",Florida,46,Good,PM2.5
2023-05-24,"Miami, FL",Florida,43,Good,NO2
2023-05-25,"Miami, FL",Florida,48,Good,PM2.5
2023-05-26,"Miami, FL",Florida,44,Good,PM2.5
2023-05-27,"Miami, FL",Florida,48,Good,PM2.5
2023-05-28,"Miami, FL",Florida,46,Good,PM2.5
2023-05-29,"Miami, FL",Florida,58,Moderate,Ozone
2023-05-30,"Miami, FL",Florida,55,Moderate,PM2.5
2023-05-31,"Miami, FL",Florida,43,Good,PM2.5
2023-06-01,"Miami, FL",Florida,52,Moderate,PM2.5
2023-06-02,"Miami, FL",Florida,52,Moderate,PM2.5
2023-06-03,"Miami, FL",Florida,53,Moderate,PM2.5
2023-06-04,"Miami, FL",Florida,41,Good,Ozone
2023-06-05,"Miami, FL",Florida,41,Good,Ozone
2023-06-06,"Miami, FL",Florida,44,Good,PM2.5
2023-06-07,"Miami, FL",Florida,55,Moderate,PM2.5
2023-06-08,"Miami, FL",Florida,55,Moderate,PM2.5
2023-06-09,"Miami, FL",Florida,54,Moderate,PM2.5
2023-06-10,"Miami, FL",Florida,44,Good,Ozone
2023-06-11,"Miami, FL",Florida,53,Moderate,PM2.5
2023-06-12,"Miami, FL",Florida,49,Good,PM2.5
2023-06-13,"Miami, FL",Florida,50,Good,PM2.5
2023-06-14,"Miami, FL",Florida,54,Moderate,PM2.5
2023-06-15,"Miami, FL",Florida,57,Moderate,PM2.5
2023-06-16,"Miami, FL",Florida,57,Moderate,PM2.5
2023-06-17,"Miami, FL",Florida,54,Moderate,PM2.5
2023-06-18,"Miami, FL",Florida,55,Moderate,PM2.5
2023-06-19,"Miami, FL",Florida,56,Moderate,PM2.5
2023-06-20,"Miami, FL",Florida,55,Moderate,PM2.5
2023-06-21,"Miami, FL",Florida,51,Moderate,PM2.5
2023-06-22,"Miami, FL",Florida,51,Moderate,PM2.5
2023-06-23,"Miami, FL",Florida,55,Moderate,PM2.5
2023-06-24,"Miami, FL",Florida,61,Moderate,PM2.5
2023-06-25,"Miami, FL",Florida,51,Moderate,PM2.5
2023-06-26,"Miami, FL",Florida,46,Good,PM2.5
2023-06-27,"Miami, FL",Florida,46,Good,PM2.5
2023-06-28,"Miami, FL",Florida,64,Moderate,Ozone
2023-06-29,"Miami, FL",Florida,49,Good,PM2.5
2023-06-30,"Miami, FL",Florida,48,Good,PM2.5
2023-07-01,"Miami, FL",Florida,40,Good,PM2.5
2023-07-02,"Miami, FL",Florida,39,Good,PM2.5
2023-07-03,"Miami, FL",Florida,51,Moderate,PM2.5
2023-07-04,"Miami, FL",Florida,76,Moderate,PM2.5
2023-07-05,"Miami, FL",Florida,88,Moderate,PM2.5
2023-07-06,"Miami, FL",Florida,65,Moderate,PM2.5
2023-07-07,"Miami, FL",Florida,55,Moderate,PM2.5
2023-07-08,"Miami, FL",Florida,60,Moderate,PM2.5
2023-07-09,"Miami, FL",Florida,64,Moderate,PM2.5
2023-07-10,"Miami, FL",Florida,75,Moderate,PM2.5
2023-07-11,"Miami, FL",Florida,71,Moderate,PM2.5
2023-07-12,"Miami, FL",Florida,58,Moderate,PM2.5
2023-07-13,"Miami, FL",Florida,57,Moderate,PM2.5
2023-07-14,"Miami, FL",Florida,64,Moderate,PM2.5
2023-07-15,"Miami, FL",Florida,53,Moderate,PM2.5
2023-07-16,"Miami, FL",Florida,59,Moderate,PM2.5
2023-07-17,"Miami, FL",Florida,57,Moderate,PM2.5
2023-07-18,"Miami, FL",Florida,53,Moderate,PM2.5
2023-07-19,"Miami, FL",Florida,39,Good,PM2.5
2023-07-20,"Miami, FL",Florida,77,Moderate,PM2.5
2023-07-21,"Miami, FL",Florida,67,Moderate,PM2.5
2023-07-22,"Miami, FL",Florida,65,Moderate,PM2.5
2023-07-23,"Miami, FL",Florida,77,Moderate,PM2.5
2023-07-24,"Miami, FL",Florida,79,Moderate,PM2.5
2023-07-25,"Miami, FL",Florida,78,Moderate,PM2.5
2023-07-26,"Miami, FL",Florida,58,Moderate,PM2.5
2023-07-27,"Miami, FL",Florida,39,Good,PM2.5
2023-07-28,"Miami, FL",Florida,52,Moderate,PM2.5
2023-07-29,"Miami, FL",Florida,42,Good,PM2.5
2023-07-30,"Miami, FL",Florida,37,Good,PM2.5
2023-07-31,"Miami, FL",Florida,43,Good,PM2.5
2023-08-01,"Miami, FL",Florida,42,Good,PM2.5
2023-08-02,"Miami, FL",Florida,47,Good,PM2.5
2023-08-03,"Miami, FL",Florida,42,Good,PM2.5
2023-08-04,"Miami, FL",Florida,48,Good,PM2.5
2023-08-05,"Miami, FL",Florida,43,Good,PM2.5
2023-08-06,"Miami, FL",Florida,41,Good,PM2.5
2023-08-07,"Miami, FL",Florida,58,Moderate,PM2.5
2023-08-08,"Miami, FL",Florida,61,Moderate,PM2.5
2023-08-09,"Miami, FL",Florida,61,Moderate,PM2.5
2023-08-10,"Miami, FL",Florida,58,Moderate,PM2.5
2023-08-11,"Miami, FL",Florida,55,Moderate,PM2.5
2023-08-12,"Miami, FL",Florida,36,Good,PM2.5
2023-08-13,"Miami, FL",Florida,54,Moderate,PM2.5
2023-08-14,"Miami, FL",Florida,59,Moderate,PM2.5
2023-08-15,"Miami, FL",Florida,51,Moderate,PM2.5
2023-08-16,"Miami, FL",Florida,41,Good,PM2.5
2023-08-17,"Miami, FL",Florida,52,Moderate,PM2.5
2023-08-18,"Miami, FL",Florida,56,Moderate,PM2.5
2023-08-19,"Miami, FL",Florida,62,Moderate,PM2.5
2023-08-20,"Miami, FL",Florida,61,Moderate,PM2.5
2023-08-21,"Miami, FL",Florida,50,Good,PM2.5
2023-08-22,"Miami, FL",Florida,66,Moderate,PM2.5
2023-08-23,"Miami, FL",Florida,62,Moderate,PM2.5
2023-08-24,"Miami, FL",Florida,56,Moderate,PM2.5
2023-08-25,"Miami, FL",Florida,55,Moderate,PM2.5
2023-08-26,"Miami, FL",Florida,38,Good,PM2.5
2023-08-27,"Miami, FL",Florida,37,Good,PM2.5
2023-08-28,"Miami, FL",Florida,50,Good,PM2.5
2023-08-29,"Miami, FL",Florida,36,Good,PM2.5
2023-08-30,"Miami, FL",Florida,55,Moderate,PM2.5
2023-08-31,"Miami, FL",Florida,52,Moderate,PM2.5
2023-09-01,"Miami, FL",Florida,53,Moderate,PM2.5
2023-09-02,"Miami, FL",Florida,39,Good,Ozone
2023-09-03,"Miami, FL",Florida,45,Good,PM2.5
2023-09-04,"Miami, FL",Florida,39,Good,Ozone
2023-09-05,"Miami, FL",Florida,41,Good,PM2.5
2023-09-06,"Miami, FL",Florida,53,Moderate,PM2.5
2023-09-07,"Miami, FL",Florida,53,Moderate,PM2.5
2023-09-08,"Miami, FL",Florida,50,Good,PM2.5
2023-09-09,"Miami, FL",Florida,48,Good,PM2.5
2023-09-10,"Miami, FL",Florida,44,Good,PM2.5
2023-09-11,"Miami, FL",Florida,52,Moderate,PM2.5
2023-09-12,"Miami, FL",Florida,48,Good,PM2.5
2023-09-13,"Miami, FL",Florida,46,Good,PM2.5
2023-09-14,"Miami, FL",Florida,44,Good,PM2.5
2023-09-15,"Miami, FL",Florida,43,Good,PM2.5
2023-09-16,"Miami, FL",Florida,46,Good,PM2.5
2023-09-17,"Miami, FL",Florida,37,Good,PM2.5
2023-09-18,"Miami, FL",Florida,54,Moderate,Ozone
2023-09-19,"Miami, FL",Florida,47,Good,PM2.5
2023-09-20,"Miami, FL",Florida,42,Good,NO2
2023-09-21,"Miami, FL",Florida,40,Good,NO2
2023-09-22,"Miami, FL",Florida,44,Good,Ozone
2023-09-23,"Miami, FL",Florida,41,Good,Ozone
2023-09-24,"Miami, FL",Florida,32,Good,Ozone
2023-09-25,"Miami, FL",Florida,38,Good,NO2
2023-09-26,"Miami, FL",Florida,33,Good,PM2.5
2023-09-27,"Miami, FL",Florida,28,Good,NO2
2023-09-28,"Miami, FL",Florida,36,Good,NO2
2023-09-29,"Miami, FL",Florida,36,Good,PM2.5
2023-09-30,"Miami, FL",Florida,33,Good,PM2.5
2023-10-01,"Miami, FL",Florida,30,Good,PM2.5
2023-10-02,"Miami, FL",Florida,55,Moderate,PM2.5
2023-10-03,"Miami, FL",Florida,93,Moderate,PM2.5
2023-10-04,"Miami, FL",Florida,51,Moderate,PM2.5
2023-10-05,"Miami, FL",Florida,38,Good,PM2.5
2023-10-06,"Miami, FL",Florida,41,Good,Ozone
2023-10-07,"Miami, FL",Florida,40,Good,Ozone
2023-10-08,"Miami, FL",Florida,42,Good,Ozone
2023-10-09,"Miami, FL",Florida,48,Good,PM2.5
2023-10-10,"Miami, FL",Florida,67,Moderate,Ozone
2023-10-11,"Miami, FL",Florida,47,Good,PM2.5
2023-10-12,"Miami, FL",Florida,52,Moderate,PM2.5
2023-10-13,"Miami, FL",Florida,44,Good,PM2.5
2023-10-14,"Miami, FL",Florida,32,Good,PM2.5
2023-10-15,"Miami, FL",Florida,37,Good,Ozone
2023-10-16,"Miami, FL",Florida,36,Good,Ozone
2023-10-17,"Miami, FL",Florida,45,Good,Ozone
2023-10-18,"Miami, FL",Florida,43,Good,Ozone
2023-10-19,"Miami, FL",Florida,42,Good,Ozone
2023-10-20,"Miami, FL",Florida,40,Good,Ozone
2023-10-21,"Miami, FL",Florida,97,Moderate,Ozone
2023-10-22,"Miami, FL",Florida,80,Moderate,Ozone
2023-10-23,"Miami, FL",Florida,64,Moderate,Ozone
2023-10-24,"Miami, FL",Florida,48,Good,PM2.5
2023-10-25,"Miami, FL",Florida,41,Good,Ozone
2023-10-26,"Miami, FL",Florida,48,Good,PM2.5
2023-10-27,"Miami, FL",Florida,45,Good,PM2.5
2023-10-28,"Miami, FL",Florida,50,Good,PM2.5
2023-10-29,"Miami, FL",Florida,47,Good,PM2.5
2023-10-30,"Miami, FL",Florida,46,Good,PM2.5
2023-10-31,"Miami, FL",Florida,71,Moderate,Ozone
2023-11-01,"Miami, FL",Florida,52,Moderate,PM2.5
2023-11-02,"Miami, FL",Florida,51,Moderate,PM2.5
2023-11-03,"Miami, FL",Florida,49,Good,PM2.5
2023-11-04,"Miami, FL",Florida,33,Good,Ozone
2023-11-05,"Miami, FL",Florida,42,Good,PM2.5
2023-11-06,"Miami, FL",Florida,46,Good,PM2.5
2023-11-07,"Miami, FL",Florida,41,Good,PM2.5
2023-11-08,"Miami, FL",Florida,46,Good,PM2.5
2023-11-09,"Miami, FL",Florida,36,Good,NO2
2023-11-10,"Miami, FL",Florida,35,Good,PM2.5
2023-11-11,"Miami, FL",Florida,33,Good,PM2.5
2023-11-12,"Miami, FL",Florida,33,Good,PM2.5
2023-11-13,"Miami, FL",Florida,33,Good,PM2.5
2023-11-14,"Miami, FL",Florida,39,Good,Ozone
2023-11-15,"Miami, FL",Florida,54,Moderate,PM2.5
2023-11-16,"Miami, FL",Florida,53,Moderate,PM2.5
2023-11-17,"Miami, FL",Florida,36,Good,Ozone
2023-11-18,"Miami, FL",Florida,31,Good,Ozone
2023-11-19,"Miami, FL",Florida,44,Good,PM2.5
2023-11-20,"Miami, FL",Florida,40,Good,Ozone
2023-11-21,"Miami, FL",Florida,48,Good,PM2.5
2023-11-22,"Miami, FL",Florida,54,Moderate,NO2
2023-11-23,"Miami, FL",Florida,49,Good,PM2.5
2023-11-24,"Miami, FL",Florida,41,Good,PM2.5
2023-11-25,"Miami, FL",Florida,38,Good,PM2.5
2023-11-26,"Miami, FL",Florida,31,Good,Ozone
2023-11-27,"Miami, FL",Florida,48,Good,PM2.5
2023-11-28,"Miami, FL",Florida,52,Moderate,PM2.5
2023-11-29,"Miami, FL",Florida,51,Moderate,PM2.5
2023-11-30,"Miami, FL",Florida,44,Good,Ozone
2023-12-01,"Miami, FL",Florida,47,Good,PM2.5
2023-12-02,"Miami, FL",Florida,41,Good,PM2.5
2023-12-03,"Miami, FL",Florida,51,Moderate,PM2.5
2023-12-04,"Miami, FL",Florida,48,Good,PM2.5
2023-12-05,"Miami, FL",Florida,58,Moderate,PM2.5
2023-12-06,"Miami, FL",Florida,44,Good,PM2.5
2023-12-07,"Miami, FL",Florida,43,Good,Ozone
2023-12-08,"Miami, FL",Florida,43,Good,Ozone
2023-12-09,"Miami, FL",Florida,41,Good,Ozone
2023-12-10,"Miami, FL",Florida,39,Good,Ozone
2023-12-11,"Miami, FL",Florida,42,Good,PM2.5
2023-12-12,"Miami, FL",Florida,41,Good,Ozone
2023-12-13,"Miami, FL",Florida,40,Good,PM2.5
2023-12-14,"Miami, FL",Florida,40,Good,PM2.5
2023-12-15,"Miami, FL",Florida,53,Moderate,PM2.5
2023-12-16,"Miami, FL",Florida,48,Good,PM2.5
2023-12-17,"Miami, FL",Florida,33,Good,Ozone
2023-12-18,"Miami, FL",Florida,35,Good,Ozone
2023-12-19,"Miami, FL",Florida,43,Good,PM2.5
2023-12-20,"Miami, FL",Florida,43,Good,Ozone
2023-12-21,"Miami, FL",Florida,42,Good,Ozone
2023-12-22,"Miami, FL",Florida,41,Good,PM2.5
2023-12-23,"Miami, FL",Florida,39,Good,Ozone
2023-12-24,"Miami, FL",Florida,38,Good,Ozone
2023-12-25,"Miami, FL",Florida,36,Good,Ozone
2023-12-26,"Miami, FL",Florida,37,Good,PM2.5
2023-12-27,"Miami, FL",Florida,37,Good,Ozone
2023-12-28,"Miami, FL",Florida,35,Good,NO2
2023-12-29,"Miami, FL",Florida,37,Good,Ozone
2023-12-30,"Miami, FL",Florida,58,Moderate,PM2.5
2023-12-31,"Miami, FL",Florida,156,Unhealthy,PM2.5
2024-01-01,"Miami, FL",Florida,197,Unhealthy,PM2.5
2024-01-02,"Miami, FL",Florida,57,Moderate,PM2.5
2024-01-03,"Miami, FL",Florida,53,Moderate,PM2.5
2024-01-04,"Miami, FL",Florida,50,Good,PM2.5
2024-01-05,"Miami, FL",Florida,42,Good,Ozone
2024-01-06,"Miami, FL",Florida,43,Good,PM2.5
2024-01-07,"Miami, FL",Florida,33,Good,Ozone
2024-01-08,"Miami, FL",Florida,42,Good,Ozone
2024-01-09,"Miami, FL",Florida,53,Moderate,PM2.5
2024-01-10,"Miami, FL",Florida,54,Moderate,PM2.5
2024-01-11,"Miami, FL",Florida,50,Good,PM2.5
2024-01-12,"Miami, FL",Florida,42,Good,PM2.5
2024-01-13,"Miami, FL",Florida,56,Moderate,PM2.5
2024-01-14,"Miami, FL",Florida,48,Good,PM2.5
2024-01-15,"Miami, FL",Florida,44,Good,PM2.5
2024-01-16,"Miami, FL",Florida,47,Good,PM2.5
2024-01-17,"Miami, FL",Florida,44,Good,PM2.5
2024-01-18,"Miami, FL",Florida,49,Good,PM2.5
2024-01-19,"Miami, FL",Florida,51,Moderate,PM2.5
2024-01-20,"Miami, FL",Florida,45,Good,Ozone
2024-01-21,"Miami, FL",Florida,42,Good,Ozone
2024-01-22,"Miami, FL",Florida,44,Good,Ozone
2024-01-23,"Miami, FL",Florida,48,Good,PM2.5
2024-01-24,"Miami, FL",Florida,53,Moderate,PM2.5
2024-01-25,"Miami, FL",Florida,51,Moderate,PM2.5
2024-01-26,"Miami, FL",Florida,42,Good,PM2.5
2024-01-27,"Miami, FL",Florida,38,Good,PM2.5
2024-01-28,"Miami, FL",Florida,44,Good,PM2.5
2024-01-29,"Miami, FL",Florida,39,Good,Ozone
2024-01-30,"Miami, FL",Florida,45,Good,PM2.5
2024-01-31,"Miami, FL",Florida,45,Good,Ozone
2024-02-01,"Miami, FL",Florida,53,Moderate,PM2.5
2024-02-02,"Miami, FL",Florida,51,Moderate,PM2.5
2024-02-03,"Miami, FL",Florida,50,Good,NO2
2024-02-04,"Miami, FL",Florida,46,Good,Ozone
2024-02-05,"Miami, FL",Florida,51,Moderate,NO2
2024-02-06,"Miami, FL",Florida,42,Good,Ozone
2024-02-07,"Miami, FL",Florida,47,Good,PM2.5
2024-02-08,"Miami, FL",Florida,41,Good,Ozone
2024-02-09,"Miami, FL",Florida,190,Unhealthy,PM2.5
2024-02-10,"Miami, FL",Florida,41,Good,Ozone
2024-02-11,"Miami, FL",Florida,38,Good,PM2.5
2024-02-12,"Miami, FL",Florida,52,Moderate,PM2.5
2024-02-13,"Miami, FL",Florida,54,Moderate,PM2.5
2024-02-14,"Miami, FL",Florida,48,Good,Ozone
2024-02-15,"Miami, FL",Florida,48,Good,Ozone
2024-02-16,"Miami, FL",Florida,44,Good,Ozone
2024-02-17,"Miami, FL",Florida,54,Moderate,PM2.5
2024-02-18,"Miami, FL",Florida,33,Good,NO2
2024-02-19,"Miami, FL",Florida,36,Good,Ozone
2024-02-20,"Miami, FL",Florida,48,Good,NO2
2024-02-21,"Miami, FL",Florida,61,Moderate,Ozone
2024-02-22,"Miami, FL",Florida,45,Good,Ozone
2024-02-23,"Miami, FL",Florida,52,Moderate,PM2.5
2024-02-24,"Miami, FL",Florida,50,Good,PM2.5
2024-02-25,"Miami, FL",Florida,51,Moderate,Ozone
2024-02-26,"Miami, FL",Florida,58,Moderate,Ozone
2024-02-27,"Miami, FL",Florida,162,Unhealthy,PM2.5
2024-02-28,"Miami, FL",Florida,46,Good,PM2.5
2024-02-29,"Miami, FL",Florida,50,Good,PM2.5
2024-03-01,"Miami, FL",Florida,41,Good,Ozone
2024-03-02,"Miami, FL",Florida,51,Moderate,PM2.5
2024-03-03,"Miami, FL",Florida,53,Moderate,PM2.5
2024-03-04,"Miami, FL",Florida,52,Moderate,PM2.5
2024-03-05,"Miami, FL",Florida,49,Good,PM2.5
2024-03-06,"Miami, FL",Florida,53,Moderate,PM2.5
2024-03-07,"Miami, FL",Florida,59,Moderate,PM2.5
2024-03-08,"Miami, FL",Florida,54,Moderate,PM2.5
2024-03-09,"Miami, FL",Florida,54,Moderate,PM2.5
2024-03-10,"Miami, FL",Florida,59,Moderate,PM2.5
2024-03-11,"Miami, FL",Florida,46,Good,PM2.5
2024-03-12,"Miami, FL",Florida,47,Good,PM2.5
2024-03-13,"Miami, FL",Florida,52,Moderate,PM2.5
2024-03-14,"Miami, FL",Florida,51,Moderate,PM2.5
2024-03-15,"Miami, FL",Florida,45,Good,PM2.5
2024-03-16,"Miami, FL",Florida,52,Moderate,PM2.5
2024-03-17,"Miami, FL",Florida,48,Good,PM2.5
2024-03-18,"Miami, FL",Florida,61,Moderate,PM2.5
2024-03-19,"Miami, FL",Florida,49,Good,Ozone
2024-03-20,"Miami, FL",Florida,58,Moderate,Ozone
2024-03-21,"Miami, FL",Florida,51,Moderate,Ozone
2024-03-22,"Miami, FL",Florida,45,Good,Ozone
2024-03-23,"Miami, FL",Florida,40,Good,Ozone
2024-03-24,"Miami, FL",Florida,64,Moderate,Ozone
2024-03-25,"Miami, FL",Florida,44,Good,Ozone
2024-03-26,"Miami, FL",Florida,43,Good,Ozone
2024-03-27,"Miami, FL",Florida,41,Good,Ozone
2024-03-28,"Miami, FL",Florida,47,Good,PM2.5
2024-03-29,"Miami, FL",Florida,49,Good,Ozone
2024-03-30,"Miami, FL",Florida,54,Moderate,Ozone
2024-03-31,"Miami, FL",Florida,54,Moderate,Ozone
2024-04-01,"Miami, FL",Florida,48,Good,NO2
2024-04-02,"Miami, FL",Florida,52,Moderate,PM2.5
2024-04-03,"Miami, FL",Florida,57,Moderate,PM2.5
2024-04-04,"Miami, FL",Florida,51,Moderate,Ozone
2024-04-05,"Miami, FL",Florida,108,Unhealthy for Sensitive Groups,Ozone
2024-04-06,"Miami, FL",Florida,74,Moderate,Ozone
2024-04-07,"Miami, FL",Florida,84,Moderate,Ozone
2024-04-08,"Miami, FL",Florida,49,Good,Ozone
2024-04-09,"Miami, FL",Florida,48,Good,Ozone
2024-04-10,"Miami, FL",Florida,47,Good,PM2.5
2024-04-11,"Miami, FL",Florida,60,Moderate,PM2.5
2024-04-12,"Miami, FL",Florida,93,Moderate,Ozone
2024-04-13,"Miami, FL",Florida,61,Moderate,Ozone
2024-04-14,"Miami, FL",Florida,61,Moderate,Ozone
2024-04-15,"Miami, FL",Florida,51,Moderate,Ozone
2024-04-16,"Miami, FL",Florida,46,Good,Ozone
2024-04-17,"Miami, FL",Florida,44,Good,PM2.5
2024-04-18,"Miami, FL",Florida,50,Good,PM2.5
2024-04-19,"Miami, FL",Florida,48,Good,PM2.5
2024-04-20,"Miami, FL",Florida,48,Good,PM2.5
2024-04-21,"Miami, FL",Florida,46,Good,PM2.5
2024-04-22,"Miami, FL",Florida,51,Moderate,PM2.5
2024-04-23,"Miami, FL",Florida,54,Moderate,Ozone
2024-04-24,"Miami, FL",Florida,61,Moderate,Ozone
2024-04-25,"Miami, FL",Florida,54,Moderate,Ozone
2024-04-26,"Miami, FL",Florida,47,Good,Ozone
2024-04-27,"Miami, FL",Florida,51,Moderate,PM2.5
2024-04-28,"Miami, FL",Florida,53,Moderate,PM2.5
2024-04-29,"Miami, FL",Florida,52,Moderate,PM2.5
2024-04-30,"Miami, FL",Florida,52,Moderate,PM2.5
2024-05-01,"Miami, FL",Florida,49,Good,PM2.5
2024-05-02,"Miami, FL",Florida,48,Good,PM2.5
2024-05-03,"Miami, FL",Florida,45,Good,PM2.5
2024-05-04,"Miami, FL",Florida,44,Good,PM2.5
2024-05-05,"Miami, FL",Florida,47,Good,PM2.5
2024-05-06,"Miami, FL",Florida,49,Good,PM2.5
2024-05-07,"Miami, FL",Florida,51,Moderate,PM2.5
2024-05-08,"Miami, FL",Florida,50,Good,PM2.5
2024-05-09,"Miami, FL",Florida,42,Good,PM2.5
2024-05-10,"Miami, FL",Florida,46,Good,PM2.5
2024-05-11,"Miami, FL",Florida,57,Moderate,PM2.5
2024-05-12,"Miami, FL",Florida,59,Moderate,PM2.5
2024-05-13,"Miami, FL",Florida,61,Moderate,PM2.5
2024-05-14,"Miami, FL",Florida,57,Moderate,PM2.5
2024-05-15,"Miami, FL",Florida,71,Moderate,PM2.5
2024-05-16,"Miami, FL",Florida,79,Moderate,PM2.5
2024-05-17,"Miami, FL",Florida,75,Moderate,PM2.5
2024-05-18,"Miami, FL",Florida,78,Moderate,PM2.5
2024-05-19,"Miami, FL",Florida,70,Moderate,PM2.5
2024-05-20,"Miami, FL",Florida,55,Moderate,PM2.5
2024-05-21,"Miami, FL",Florida,64,Moderate,Ozone
2024-05-22,"Miami, FL",Florida,49,Good,Ozone
2024-05-23,"Miami, FL",Florida,42,Good,Ozone
2024-05-24,"Miami, FL",Florida,45,Good,Ozone
2024-05-25,"Miami, FL",Florida,44,Good,Ozone
2024-05-26,"Miami, FL",Florida,51,Moderate,PM2.5
2024-05-27,"Miami, FL",Florida,49,Good,PM2.5
2024-05-28,"Miami, FL",Florida,48,Good,PM2.5
2024-05-29,"Miami, FL",Florida,53,Moderate,PM2.5
2024-05-30,"Miami, FL",Florida,64,Moderate,Ozone
2024-05-31,"Miami, FL",Florida,64,Moderate,Ozone
2024-06-01,"Miami, FL",Florida,53,Moderate,PM2.5
2024-06-02,"Miami, FL",Florida,50,Good,PM2.5
2024-06-03,"Miami, FL",Florida,51,Moderate,PM2.5
2024-06-04,"Miami, FL",Florida,48,Good,PM2.5
2024-06-05,"Miami, FL",Florida,43,Good,PM2.5
2024-06-06,"Miami, FL",Florida,39,Good,PM2.5
2024-06-07,"Miami, FL",Florida,47,Good,PM2.5
2024-06-08,"Miami, FL",Florida,46,Good,PM2.5
2024-06-09,"Miami, FL",Florida,38,Good,PM2.5
2024-06-10,"Miami, FL",Florida,53,Moderate,PM2.5
2024-06-11,"Miami, FL",Florida,52,Moderate,PM2.5
2024-06-12,"Miami, FL",Florida,42,Good,PM2.5
2024-06-13,"Miami, FL",Florida,41,Good,PM2.5
2024-06-14,"Miami, FL",Florida,40,Good,PM2.5
2024-06-15,"Miami, FL",Florida,63,Moderate,PM2.5
2024-06-16,"Miami, FL",Florida,67,Moderate,PM2.5
2024-06-17,"Miami, FL",Florida,44,Good,PM2.5
2024-06-18,"Miami, FL",Florida,48,Good,PM2.5
2024-06-19,"Miami, FL",Florida,46,Good,PM2.5
2024-06-20,"Miami, FL",Florida,52,Moderate,PM2.5
2024-06-21,"Miami, FL",Florida,49,Good,PM2.5
2024-06-22,"Miami, FL",Florida,47,Good,PM2.5
2024-06-23,"Miami, FL",Florida,25,Good,PM2.5
2024-06-24,"Miami, FL",Florida,26,Good,Ozone
2024-06-25,"Miami, FL",Florida,23,Good,NO2
2024-06-26,"Miami, FL",Florida,24,Good,Ozone
2024-06-27,"Miami, FL",Florida,39,Good,PM2.5
2024-06-28,"Miami, FL",Florida,52,Moderate,PM2.5
2024-06-29,"Miami, FL",Florida,60,Moderate,PM2.5
2024-06-30,"Miami, FL",Florida,52,Moderate,PM2.5
2024-07-01,"Miami, FL",Florida,45,Good,PM2.5
2024-07-02,"Miami, FL",Florida,54,Moderate,PM2.5
2024-07-03,"Miami, FL",Florida,61,Moderate,PM2.5
2024-07-04,"Miami, FL",Florida,62,Moderate,PM2.5
2024-07-05,"Miami, FL",Florida,63,Moderate,PM2.5
2024-07-06,"Miami, FL",Florida,55,Moderate,PM2.5
2024-07-07,"Miami, FL",Florida,53,Moderate,PM2.5
2024-07-08,"Miami, FL",Florida,59,Moderate,PM2.5
2024-07-09,"Miami, FL",Florida,68,Moderate,PM2.5
2024-07-10,"Miami, FL",Florida,70,Moderate,PM2.5
2024-07-11,"Miami, FL",Florida,90,Moderate,PM2.5
2024-07-12,"Miami, FL",Florida,73,Moderate,PM2.5
2024-07-13,"Miami, FL",Florida,56,Moderate,PM2.5
2024-07-14,"Miami, FL",Florida,62,Moderate,PM2.5
2024-07-15,"Miami, FL",Florida,51,Moderate,PM2.5
2024-07-16,"Miami, FL",Florida,52,Moderate,PM2.5
2024-07-17,"Miami, FL",Florida,40,Good,PM2.5
2024-07-18,"Miami, FL",Florida,44,Good,PM2.5
2024-07-19,"Miami, FL",Florida,52,Moderate,PM2.5
2024-07-20,"Miami, FL",Florida,66,Moderate,PM2.5
2024-07-21,"Miami, FL",Florida,60,Moderate,PM2.5
2024-07-22,"Miami, FL",Florida,36,Good,PM2.5
2024-07-23,"Miami, FL",Florida,55,Moderate,PM2.5
2024-07-24,"Miami, FL",Florida,54,Moderate,PM2.5
2024-07-25,"Miami, FL",Florida,52,Moderate,PM2.5
2024-07-26,"Miami, FL",Florida,33,Good,PM2.5
2024-07-27,"Miami, FL",Florida,43,Good,PM2.5
2024-07-28,"Miami, FL",Florida,54,Moderate,PM2.5
2024-07-29,"Miami, FL",Florida,55,Moderate,PM2.5
2024-07-30,"Miami, FL",Florida,59,Moderate,PM2.5
2024-07-31,"Miami, FL",Florida,37,Good,PM2.5
2024-08-01,"Miami, FL",Florida,33,Good,PM2.5
2024-08-02,"Miami, FL",Florida,54,Moderate,PM2.5
2024-08-03,"Miami, FL",Florida,40,Good,PM2.5
2024-08-04,"Miami, FL",Florida,41,Good,PM2.5
2024-08-05,"Miami, FL",Florida,54,Moderate,PM2.5
2024-08-06,"Miami, FL",Florida,53,Moderate,PM2.5
2024-08-07,"Miami, FL",Florida,51,Moderate,PM2.5
2024-08-08,"Miami, FL",Florida,54,Moderate,PM2.5
2024-08-09,"Miami, FL",Florida,56,Moderate,PM2.5
2024-08-10,"Miami, FL",Florida,56,Moderate,PM2.5
2024-08-11,"Miami, FL",Florida,52,Moderate,PM2.5
2024-08-12,"Miami, FL",Florida,58,Moderate,PM2.5
2024-08-13,"Miami, FL",Florida,54,Moderate,PM2.5
2024-08-14,"Miami, FL",Florida,46,Good,PM2.5
2024-08-15,"Miami, FL",Florida,48,Good,PM2.5
2024-08-16,"Miami, FL",Florida,49,Good,PM2.5
2024-08-17,"Miami, FL",Florida,44,Good,PM2.5
2024-08-18,"Miami, FL",Florida,46,Good,PM2.5
2024-08-19,"Miami, FL",Florida,54,Moderate,PM2.5
2024-08-20,"Miami, FL",Florida,55,Moderate,PM2.5
2024-08-21,"Miami, FL",Florida,64,Moderate,PM2.5
2024-08-22,"Miami, FL",Florida,53,Moderate,PM2.5
2024-08-23,"Miami, FL",Florida,41,Good,PM2.5
2024-08-24,"Miami, FL",Florida,39,Good,Ozone
2024-08-25,"Miami, FL",Florida,36,Good,Ozone
2024-08-26,"Miami, FL",Florida,44,Good,PM2.5
2024-08-27,"Miami, FL",Florida,37,Good,PM2.5
2024-08-28,"Miami, FL",Florida,37,Good,PM2.5
2024-08-29,"Miami, FL",Florida,48,Good,PM2.5
2024-08-30,"Miami, FL",Florida,41,Good,PM2.5
2024-08-31,"Miami, FL",Florida,33,Good,Ozone
2024-09-01,"Miami, FL",Florida,35,Good,NO2
2024-09-02,"Miami, FL",Florida,35,Good,PM2.5
2024-09-03,"Miami, FL",Florida,32,Good,PM2.5
2024-09-04,"Miami, FL",Florida,55,Moderate,PM2.5
2024-09-05,"Miami, FL",Florida,60,Moderate,PM2.5
2024-09-06,"Miami, FL",Florida,42,Good,PM2.5
2024-09-07,"Miami, FL",Florida,34,Good,PM2.5
2024-09-08,"Miami, FL",Florida,34,Good,PM2.5
2024-09-09,"Miami, FL",Florida,34,Good,PM2.5
2024-09-10,"Miami, FL",Florida,32,Good,PM2.5
2024-09-11,"Miami, FL",Florida,27,Good,NO2
2024-09-12,"Miami, FL",Florida,28,Good,PM2.5
2024-09-13,"Miami, FL",Florida,31,Good,PM2.5
2024-09-14,"Miami, FL",Florida,33,Good,PM2.5
2024-09-15,"Miami, FL",Florida,36,Good,PM2.5
2024-09-16,"Miami, FL",Florida,39,Good,PM2.5
2024-09-17,"Miami, FL",Florida,41,Good,PM2.5
2024-09-18,"Miami, FL",Florida,37,Good,PM2.5
2024-09-19,"Miami, FL",Florida,33,Good,NO2
2024-09-20,"Miami, FL",Florida,54,Moderate,Ozone
2024-09-21,"Miami, FL",Florida,44,Good,PM2.5
2024-09-22,"Miami, FL",Florida,43,Good,Ozone
2024-09-23,"Miami, FL",Florida,33,Good,Ozone
2024-09-24,"Miami, FL",Florida,31,Good,PM2.5
2024-09-25,"Miami, FL",Florida,36,Good,PM2.5
2024-09-26,"Miami, FL",Florida,49,Good,PM2.5
2024-09-27,"Miami, FL",Florida,51,Moderate,PM2.5
2024-09-28,"Miami, FL",Florida,28,Good,PM2.5
2024-09-29,"Miami, FL",Florida,22,Good,PM2.5
2024-09-30,"Miami, FL",Florida,29,Good,PM2.5
2024-10-01,"Miami, FL",Florida,34,Good,PM2.5
2024-10-02,"Miami, FL",Florida,31,Good,Ozone
2024-10-03,"Miami, FL",Florida,39,Good,PM2.5
2024-10-04,"Miami, FL",Florida,34,Good,PM2.5
2024-10-05,"Miami, FL",Florida,33,Good,NO2
2024-10-06,"Miami, FL",Florida,31,Good,Ozone
2024-10-07,"Miami, FL",Florida,29,Good,NO2
2024-10-08,"Miami, FL",Florida,32,Good,PM2.5
2024-10-09,"Miami, FL",Florida,44,Good,PM2.5
2024-10-10,"Miami, FL",Florida,49,Good,PM2.5
2024-10-11,"Miami, FL",Florida,43,Good,PM2.5
2024-10-12,"Miami, FL",Florida,38,Good,PM2.5
2024-10-13,"Miami, FL",Florida,35,Good,Ozone
2024-10-14,"Miami, FL",Florida,37,Good,PM2.5
2024-10-15,"Miami, FL",Florida,71,Moderate,Ozone
2024-10-16,"Miami, FL",Florida,54,Moderate,PM2.5
2024-10-17,"Miami, FL",Florida,50,Good,PM2.5
2024-10-18,"Miami, FL",Florida,49,Good,PM2.5
2024-10-19,"Miami, FL",Florida,49,Good,PM2.5
2024-10-20,"Miami, FL",Florida,41,Good,Ozone
2024-10-21,"Miami, FL",Florida,44,Good,PM2.5
2024-10-22,"Miami, FL",Florida,52,Moderate,PM2.5
2024-10-23,"Miami, FL",Florida,39,Good,PM2.5
2024-10-24,"Miami, FL",Florida,38,Good,Ozone
2024-10-25,"Miami, FL",Florida,41,Good,Ozone
2024-10-26,"Miami, FL",Florida,50,Good,Ozone
2024-10-27,"Miami, FL",Florida,50,Good,Ozone
2024-10-28,"Miami, FL",Florida,46,Good,Ozone
2024-10-29,"Miami, FL",Florida,51,Moderate,PM2.5
2024-10-30,"Miami, FL",Florida,54,Moderate,PM2.5
2024-10-31,"Miami, FL",Florida,55,Moderate,PM2.5
2024-11-01,"Miami, FL",Florida,51,Moderate,PM2.5
2024-11-02,"Miami, FL",Florida,46,Good,PM2.5
2024-11-03,"Miami, FL",Florida,41,Good,PM2.5
2024-11-04,"Miami, FL",Florida,53,Moderate,PM2.5
2024-11-05,"Miami, FL",Florida,56,Moderate,PM2.5
2024-11-06,"Miami, FL",Florida,57,Moderate,PM2.5
2024-11-07,"Miami, FL",Florida,55,Moderate,PM2.5
2024-11-08,"Miami, FL",Florida,44,Good,PM2.5
2024-11-09,"Miami, FL",Florida,35,Good,PM2.5
2024-11-10,"Miami, FL",Florida,41,Good,PM2.5
2024-11-11,"Miami, FL",Florida,36,Good,Ozone
2024-11-12,"Miami, FL",Florida,31,Good,Ozone
2024-11-13,"Miami, FL",Florida,50,Good,PM2.5
2024-11-14,"Miami, FL",Florida,42,Good,Ozone
2024-11-15,"Miami, FL",Florida,74,Moderate,Ozone
2024-11-16,"Miami, FL",Florida,44,Good,Ozone
2024-11-17,"Miami, FL",Florida,44,Good,Ozone
2024-11-18,"Miami, FL",Florida,46,Good,Ozone
2024-11-19,"Miami, FL",Florida,49,Good,NO2
2024-11-20,"Miami, FL",Florida,46,Good,PM2.5
2024-11-21,"Miami, FL",Florida,52,Moderate,PM2.5
2024-11-22,"Miami, FL",Florida,48,Good,NO2
2024-11-23,"Miami, FL",Florida,58,Moderate,PM2.5
2024-11-24,"Miami, FL",Florida,52,Moderate,PM2.5
2024-11-25,"Miami, FL",Florida,49,Good,NO2
2024-11-26,"Miami, FL",Florida,43,Good,PM10
2024-11-27,"Miami, FL",Florida,46,Good,NO2
2024-11-28,"Miami, FL",Florida,46,Good,PM2.5
2024-11-29,"Miami, FL",Florida,36,Good,PM2.5
2024-11-30,"Miami, FL",Florida,41,Good,PM2.5
2024-12-01,"Miami, FL",Florida,41,Good,PM2.5
2024-12-02,"Miami, FL",Florida,41,Good,Ozone
2024-12-03,"Miami, FL",Florida,42,Good,PM2.5
2024-12-04,"Miami, FL",Florida,44,Good,Ozone
2024-12-05,"Miami, FL",Florida,54,Moderate,PM2.5
2024-12-06,"Miami, FL",Florida,58,Moderate,Ozone
2024-12-07,"Miami, FL",Florida,41,Good,Ozone
2024-12-08,"Miami, FL",Florida,44,Good,Ozone
2024-12-09,"Miami, FL",Florida,42,Good,Ozone
2024-12-10,"Miami, FL",Florida,60,Moderate,NO2
2024-12-11,"Miami, FL",Florida,36,Good,PM2.5
2024-12-12,"Miami, FL",Florida,42,Good,Ozone
2024-12-13,"Miami, FL",Florida,42,Good,Ozone
2024-12-14,"Miami, FL",Florida,41,Good,PM2.5
2024-12-15,"Miami, FL",Florida,41,Good,PM2.5
2024-12-16,"Miami, FL",Florida,44,Good,PM2.5
2024-12-17,"Miami, FL",Florida,49,Good,PM2.5
2024-12-18,"Miami, FL",Florida,42,Good,NO2
2024-12-19,"Miami, FL",Florida,39,Good,PM2.5
2024-12-20,"Miami, FL",Florida,52,Moderate,PM2.5
2024-12-21,"Miami, FL",Florida,52,Moderate,PM2.5
2024-12-22,"Miami, FL",Florida,43,Good,Ozone
2024-12-23,"Miami, FL",Florida,46,Good,Ozone
2024-12-24,"Miami, FL",Florida,51,Moderate,PM2.5
2024-12-25,"Miami, FL",Florida,40,Good,Ozone
2024-12-26,"Miami, FL",Florida,39,Good,Ozone
2024-12-27,"Miami, FL",Florida,37,Good,Ozone
2024-12-28,"Miami, FL",Florida,39,Good,Ozone
2024-12-29,"Miami, FL",Florida,49,Good,PM2.5
2024-12-30,"Miami, FL",Florida,41,Good,PM2.5
2024-12-31,"Miami, FL",Florida,64,Moderate,PM2.5
2023-01-01,"New York, NY",New York,53,Moderate,PM2.5
2023-01-02,"New York, NY",New York,59,Moderate,PM2.5
2023-01-03,"New York, NY",New York,72,Moderate,PM2.5
2023-01-04,"New York, NY",New York,70,Moderate,PM2.5
2023-01-05,"New York, NY",New York,61,Moderate,PM2.5
2023-01-06,"New York, NY",New York,58,Moderate,PM2.5
2023-01-07,"New York, NY",New York,53,Moderate,PM2.5
2023-01-08,"New York, NY",New York,47,Good,PM2.5
2023-01-09,"New York, NY",New York,59,Moderate,PM2.5
2023-01-10,"New York, NY",New York,59,Moderate,PM2.5
2023-01-11,"New York, NY",New York,53,Moderate,PM2.5
2023-01-12,"New York, NY",New York,55,Moderate,PM2.5
2023-01-13,"New York, NY",New York,55,Moderate,PM2.5
2023-01-14,"New York, NY",New York,49,Good,PM2.5
2023-01-15,"New York, NY",New York,52,Moderate,PM2.5
2023-01-16,"New York, NY",New York,53,Moderate,PM2.5
2023-01-17,"New York, NY",New York,59,Moderate,PM2.5
2023-01-18,"New York, NY",New York,62,Moderate,PM2.5
2023-01-19,"New York, NY",New York,42,Good,PM2.5
2023-01-20,"New York, NY",New York,55,Moderate,PM2.5
2023-01-21,"New York, NY",New York,43,Good,PM2.5
2023-01-22,"New York, NY",New York,45,Good,PM2.5
2023-01-23,"New York, NY",New York,53,Moderate,PM2.5
2023-01-24,"New York, NY",New York,56,Moderate,PM2.5
2023-01-25,"New York, NY",New York,54,Moderate,PM2.5
2023-01-26,"New York, NY",New York,47,Good,PM2.5
2023-01-27,"New York, NY",New York,54,Moderate,PM2.5
2023-01-28,"New York, NY",New York,55,Moderate,PM2.5
2023-01-29,"New York, NY",New York,57,Moderate,PM2.5
2023-01-30,"New York, NY",New York,61,Moderate,PM2.5
2023-01-31,"New York, NY",New York,45,Good,PM2.5
2023-02-01,"New York, NY",New York,53,Moderate,PM2.5
2023-02-02,"New York, NY",New York,57,Moderate,PM2.5
2023-02-03,"New York, NY",New York,63,Moderate,PM2.5
2023-02-04,"New York, NY",New York,53,Moderate,PM2.5
2023-02-05,"New York, NY",New York,54,Moderate,PM2.5
2023-02-06,"New York, NY",New York,61,Moderate,PM2.5
2023-02-07,"New York, NY",New York,55,Moderate,PM2.5
2023-02-08,"New York, NY",New York,61,Moderate,PM2.5
2023-02-09,"New York, NY",New York,65,Moderate,PM2.5
2023-02-10,"New York, NY",New York,48,Good,PM2.5
2023-02-11,"New York, NY",New York,43,Good,PM2.5
2023-02-12,"New York, NY",New York,55,Moderate,PM2.5
2023-02-13,"New York, NY",New York,46,Good,PM2.5
2023-02-14,"New York, NY",New York,67,Moderate,PM2.5
2023-02-15,"New York, NY",New York,53,Moderate,PM2.5
2023-02-16,"New York, NY",New York,63,Moderate,PM2.5
2023-02-17,"New York, NY",New York,51,Moderate,PM2.5
2023-02-18,"New York, NY",New York,44,Good,PM2.5
2023-02-19,"New York, NY",New York,48,Good,PM2.5
2023-02-20,"New York, NY",New York,56,Moderate,PM2.5
2023-02-21,"New York, NY",New York,55,Moderate,PM2.5
2023-02-22,"New York, NY",New York,38,Good,PM2.5
2023-02-23,"New York, NY",New York,56,Moderate,PM2.5
2023-02-24,"New York, NY",New York,51,Moderate,PM2.5
2023-02-25,"New York, NY",New York,28,Good,Ozone
2023-02-26,"New York, NY",New York,63,Moderate,PM2.5
2023-02-27,"New York, NY",New York,34,Good,PM2.5
2023-02-28,"New York, NY",New York,42,Good,PM2.5
2023-03-01,"New York, NY",New York,56,Moderate,PM2.5
2023-03-02,"New York, NY",New York,46,Good,PM2.5
2023-03-03,"New York, NY",New York,31,Good,Ozone
2023-03-04,"New York, NY",New York,47,Good,PM2.5
2023-03-05,"New York, NY",New York,39,Good,Ozone
2023-03-06,"New York, NY",New York,41,Good,PM2.5
2023-03-07,"New York, NY",New York,50,Good,PM2.5
2023-03-08,"New York, NY",New York,31,Good,Ozone
2023-03-09,"New York, NY",New York,32,Good,Ozone
2023-03-10,"New York, NY",New York,58,Moderate,PM2.5
2023-03-11,"New York, NY",New York,33,Good,PM2.5
2023-03-12,"New York, NY",New York,32,Good,PM2.5
2023-03-13,"New York, NY",New York,55,Moderate,PM2.5
2023-03-14,"New York, NY",New York,43,Good,PM2.5
2023-03-15,"New York, NY",New York,58,Moderate,PM2.5
2023-03-16,"New York, NY",New York,53,Moderate,PM2.5
2023-03-17,"New York, NY",New York,64,Moderate,PM2.5
2023-03-18,"New York, NY",New York,54,Moderate,PM2.5
2023-03-19,"New York, NY",New York,34,Good,Ozone
2023-03-20,"New York, NY",New York,47,Good,PM2.5
2023-03-21,"New York, NY",New York,40,Good,PM2.5
2023-03-22,"New York, NY",New York,41,Good,PM2.5
2023-03-23,"New York, NY",New York,60,Moderate,PM2.5
2023-03-24,"New York, NY",New York,33,Good,PM2.5
2023-03-25,"New York, NY",New York,37,Good,PM2.5
2023-03-26,"New York, NY",New York,44,Good,Ozone
2023-03-27,"New York, NY",New York,42,Good,PM2.5
2023-03-28,"New York, NY",New York,38,Good,Ozone
2023-03-29,"New York, NY",New York,39,Good,Ozone
2023-03-30,"New York, NY",New York,39,Good,Ozone
2023-03-31,"New York, NY",New York,53,Moderate,PM2.5
2023-04-01,"New York, NY",New York,44,Good,Ozone
2023-04-02,"New York, NY",New York,44,Good,Ozone
2023-04-03,"New York, NY",New York,42,Good,Ozone
2023-04-04,"New York, NY",New York,63,Moderate,PM2.5
2023-04-05,"New York, NY",New York,48,Good,PM2.5
2023-04-06,"New York, NY",New York,57,Moderate,PM2.5
2023-04-07,"New York, NY",New York,42,Good,Ozone
2023-04-08,"New York, NY",New York,42,Good,Ozone
2023-04-09,"New York, NY",New York,41,Good,Ozone
2023-04-10,"New York, NY",New York,43,Good,Ozone
2023-04-11,"New York, NY",New York,49,Good,Ozone
2023-04-12,"New York, NY",New York,67,Moderate,Ozone
2023-04-13,"New York, NY",New York,93,Moderate,Ozone
2023-04-14,"New York, NY",New York,77,Moderate,Ozone
2023-04-15,"New York, NY",New York,47,Good,PM2.5
2023-04-16,"New York, NY",New York,34,Good,Ozone
2023-04-17,"New York, NY",New York,41,Good,Ozone
2023-04-18,"New York, NY",New York,38,Good,Ozone
2023-04-19,"New York, NY",New York,43,Good,Ozone
2023-04-20,"New York, NY",New York,31,Good,Ozone
2023-04-21,"New York, NY",New York,61,Moderate,PM2.5
2023-04-22,"New York, NY",New York,52,Moderate,PM2.5
2023-04-23,"New York, NY",New York,42,Good,Ozone
2023-04-24,"New York, NY",New York,41,Good,Ozone
2023-04-25,"New York, NY",New York,38,Good,Ozone
2023-04-26,"New York, NY",New York,43,Good,Ozone
2023-04-27,"New York, NY",New York,52,Moderate,PM2.5
2023-04-28,"New York, NY",New York,43,Good,Ozone
2023-04-29,"New York, NY",New York,36,Good,Ozone
2023-04-30,"New York, NY",New York,34,Good,PM2.5
2023-05-01,"New York, NY",New York,35,Good,Ozone
2023-05-02,"New York, NY",New York,24,Good,Ozone
2023-05-03,"New York, NY",New York,25,Good,Ozone
2023-05-04,"New York, NY",New York,25,Good,PM2.5
2023-05-05,"New York, NY",New York,33,Good,Ozone
2023-05-06,"New York, NY",New York,36,Good,Ozone
2023-05-07,"New York, NY",New York,42,Good,Ozone
2023-05-08,"New York, NY",New York,40,Good,Ozone
2023-05-09,"New York, NY",New York,41,Good,Ozone
2023-05-10,"New York, NY",New York,44,Good,Ozone
2023-05-11,"New York, NY",New York,61,Moderate,Ozone
2023-05-12,"New York, NY",New York,67,Moderate,Ozone
2023-05-13,"New York, NY",New York,54,Moderate,PM2.5
2023-05-14,"New York, NY",New York,40,Good,Ozone
2023-05-15,"New York, NY",New York,45,Good,Ozone
2023-05-16,"New York, NY",New York,54,Moderate,Ozone
2023-05-17,"New York, NY",New York,41,Good,Ozone
2023-05-18,"New York, NY",New York,52,Moderate,PM2.5
2023-05-19,"New York, NY",New York,42,Good,Ozone
2023-05-20,"New York, NY",New York,24,Good,Ozone
2023-05-21,"New York, NY",New York,68,Moderate,PM2.5
2023-05-22,"New York, NY",New York,57,Moderate,PM2.5
2023-05-23,"New York, NY",New York,41,Good,PM2.5
2023-05-24,"New York, NY",New York,48,Good,PM2.5
2023-05-25,"New York, NY",New York,31,Good,Ozone
2023-05-26,"New York, NY",New York,41,Good,Ozone
2023-05-27,"New York, NY",New York,51,Moderate,Ozone
2023-05-28,"New York, NY",New York,44,Good,Ozone
2023-05-29,"New York, NY",New York,47,Good,Ozone
2023-05-30,"New York, NY",New York,55,Moderate,PM2.5
2023-05-31,"New York, NY",New York,51,Moderate,PM2.5
2023-06-01,"New York, NY",New York,60,Moderate,PM2.5
2023-06-02,"New York, NY",New York,122,Unhealthy for Sensitive Groups,Ozone
2023-06-03,"New York, NY",New York,38,Good,PM2.5
2023-06-04,"New York, NY",New York,30,Good,Ozone
2023-06-05,"New York, NY",New York,54,Moderate,PM2.5
2023-06-06,"New York, NY",New York,158,Unhealthy,PM2.5
2023-06-07,"New York, NY",New York,208,Very Unhealthy,PM2.5
2023-06-08,"New York, NY",New York,157,Unhealthy,PM2.5
2023-06-09,"New York, NY",New York,30,Good,Ozone
2023-06-10,"New York, NY",New York,53,Moderate,PM2.5
2023-06-11,"New York, NY",New York,82,Moderate,PM2.5
2023-06-12,"New York, NY",New York,71,Moderate,PM2.5
2023-06-13,"New York, NY",New York,51,Moderate,Ozone
2023-06-14,"New York, NY",New York,62,Moderate,PM2.5
2023-06-15,"New York, NY",New York,41,Good,Ozone
2023-06-16,"New York, NY",New York,51,Moderate,PM2.5
2023-06-17,"New York, NY",New York,75,Moderate,PM2.5
2023-06-18,"New York, NY",New York,52,Moderate,PM2.5
2023-06-19,"New York, NY",New York,43,Good,Ozone
2023-06-20,"New York, NY",New York,42,Good,PM2.5
2023-06-21,"New York, NY",New York,29,Good,Ozone
2023-06-22,"New York, NY",New York,30,Good,Ozone
2023-06-23,"New York, NY",New York,36,Good,PM2.5
2023-06-24,"New York, NY",New York,31,Good,Ozone
2023-06-25,"New York, NY",New York,44,Good,Ozone
2023-06-26,"New York, NY",New York,56,Moderate,PM2.5
2023-06-27,"New York, NY",New York,47,Good,Ozone
2023-06-28,"New York, NY",New York,47,Good,PM2.5
2023-06-29,"New York, NY",New York,96,Moderate,PM2.5
2023-06-30,"New York, NY",New York,151,Unhealthy,PM2.5
2023-07-01,"New York, NY",New York,108,Unhealthy for Sensitive Groups,Ozone
2023-07-02,"New York, NY",New York,71,Moderate,PM2.5
2023-07-03,"New York, NY",New York,71,Moderate,Ozone
2023-07-04,"New York, NY",New York,81,Moderate,PM2.5
2023-07-05,"New York, NY",New York,115,Unhealthy for Sensitive Groups,Ozone
2023-07-06,"New York, NY",New York,50,Good,Ozone
2023-07-07,"New York, NY",New York,46,Good,Ozone
2023-07-08,"New York, NY",New York,55,Moderate,PM2.5
2023-07-09,"New York, NY",New York,31,Good,Ozone
2023-07-10,"New York, NY",New York,40,Good,Ozone
2023-07-11,"New York, NY",New York,84,Moderate,Ozone
2023-07-12,"New York, NY",New York,90,Moderate,Ozone
2023-07-13,"New York, NY",New York,60,Moderate,PM2.5
2023-07-14,"New York, NY",New York,120,Unhealthy for Sensitive Groups,PM2.5
2023-07-15,"New York, NY",New York,48,Good,Ozone
2023-07-16,"New York, NY",New York,25,Good,Ozone
2023-07-17,"New York, NY",New York,101,Unhealthy for Sensitive Groups,Ozone
2023-07-18,"New York, NY",New York,66,Moderate,PM2.5
2023-07-19,"New York, NY",New York,89,Moderate,PM2.5
2023-07-20,"New York, NY",New York,71,Moderate,PM2.5
2023-07-21,"New York, NY",New York,61,Moderate,Ozone
2023-07-22,"New York, NY",New York,35,Good,Ozone
2023-07-23,"New York, NY",New York,52,Moderate,PM2.5
2023-07-24,"New York, NY",New York,46,Good,Ozone
2023-07-25,"New York, NY",New York,47,Good,Ozone
2023-07-26,"New York, NY",New York,100,Moderate,Ozone
2023-07-27,"New York, NY",New York,61,Moderate,Ozone
2023-07-28,"New York, NY",New York,61,Moderate,Ozone
2023-07-29,"New York, NY",New York,51,Moderate,Ozone
2023-07-30,"New York, NY",New York,27,Good,Ozone
2023-07-31,"New York, NY",New York,46,Good,PM2.5
2023-08-01,"New York, NY",New York,36,Good,Ozone
2023-08-02,"New York, NY",New York,40,Good,Ozone
2023-08-03,"New York, NY",New York,41,Good,Ozone
2023-08-04,"New York, NY",New York,59,Moderate,PM2.5
2023-08-05,"New York, NY",New York,57,Moderate,PM2.5
2023-08-06,"New York, NY",New York,61,Moderate,Ozone
2023-08-07,"New York, NY",New York,55,Moderate,PM2.5
2023-08-08,"New York, NY",New York,30,Good,Ozone
2023-08-09,"New York, NY",New York,40,Good,PM2.5
2023-08-10,"New York, NY",New York,58,Moderate,PM2.5
2023-08-11,"New York, NY",New York,52,Moderate,PM2.5
2023-08-12,"New York, NY",New York,52,Moderate,PM2.5
2023-08-13,"New York, NY",New York,41,Good,Ozone
2023-08-14,"New York, NY",New York,44,Good,Ozone
2023-08-15,"New York, NY",New York,31,Good,Ozone
2023-08-16,"New York, NY",New York,42,Good,Ozone
2023-08-17,"New York, NY",New York,32,Good,Ozone
2023-08-18,"New York, NY",New York,40,Good,Ozone
2023-08-19,"New York, NY",New York,50,Good,PM2.5
2023-08-20,"New York, NY",New York,51,Moderate,PM2.5
2023-08-21,"New York, NY",New York,63,Moderate,PM2.5
2023-08-22,"New York, NY",New York,51,Moderate,PM2.5
2023-08-23,"New York, NY",New York,37,Good,Ozone
2023-08-24,"New York, NY",New York,27,Good,Ozone
2023-08-25,"New York, NY",New York,51,Moderate,PM2.5
2023-08-26,"New York, NY",New York,39,Good,PM2.5
2023-08-27,"New York, NY",New York,31,Good,Ozone
2023-08-28,"New York, NY",New York,46,Good,PM2.5
2023-08-29,"New York, NY",New York,36,Good,Ozone
2023-08-30,"New York, NY",New York,44,Good,Ozone
2023-08-31,"New York, NY",New York,31,Good,Ozone
2023-09-01,"New York, NY",New York,39,Good,Ozone
2023-09-02,"New York, NY",New York,48,Good,Ozone
2023-09-03,"New York, NY",New York,60,Moderate,PM2.5
2023-09-04,"New York, NY",New York,60,Moderate,PM2.5
2023-09-05,"New York, NY",New York,68,Moderate,PM2.5
2023-09-06,"New York, NY",New York,77,Moderate,Ozone
2023-09-07,"New York, NY",New York,87,Moderate,Ozone
2023-09-08,"New York, NY",New York,56,Moderate,PM2.5
2023-09-09,"New York, NY",New York,62,Moderate,PM2.5
2023-09-10,"New York, NY",New York,32,Good,PM2.5
2023-09-11,"New York, NY",New York,32,Good,Ozone
2023-09-12,"New York, NY",New York,44,Good,Ozone
2023-09-13,"New York, NY",New York,35,Good,Ozone
2023-09-14,"New York, NY",New York,33,Good,Ozone
2023-09-15,"New York, NY",New York,31,Good,PM2.5
2023-09-16,"New York, NY",New York,30,Good,Ozone
2023-09-17,"New York, NY",New York,45,Good,PM2.5
2023-09-18,"New York, NY",New York,41,Good,PM2.5
2023-09-19,"New York, NY",New York,37,Good,PM2.5
2023-09-20,"New York, NY",New York,40,Good,Ozone
2023-09-21,"New York, NY",New York,52,Moderate,PM2.5
2023-09-22,"New York, NY",New York,28,Good,Ozone
2023-09-23,"New York, NY",New York,25,Good,Ozone
2023-09-24,"New York, NY",New York,31,Good,Ozone
2023-09-25,"New York, NY",New York,27,Good,Ozone
2023-09-26,"New York, NY",New York,56,Moderate,PM2.5
2023-09-27,"New York, NY",New York,51,Moderate,PM2.5
2023-09-28,"New York, NY",New York,52,Moderate,PM2.5
2023-09-29,"New York, NY",New York,23,Good,Ozone
2023-09-30,"New York, NY",New York,49,Good,PM2.5
2023-10-01,"New York, NY",New York,56,Moderate,PM2.5
2023-10-02,"New York, NY",New York,58,Moderate,PM2.5
2023-10-03,"New York, NY",New York,64,Moderate,PM2.5
2023-10-04,"New York, NY",New York,62,Moderate,PM2.5
2023-10-05,"New York, NY",New York,53,Moderate,PM2.5
2023-10-06,"New York, NY",New York,51,Moderate,PM2.5
2023-10-07,"New York, NY",New York,31,Good,Ozone
2023-10-08,"New York, NY",New York,20,Good,Ozone
2023-10-09,"New York, NY",New York,35,Good,PM2.5
2023-10-10,"New York, NY",New York,46,Good,PM2.5
2023-10-11,"New York, NY",New York,55,Moderate,PM2.5
2023-10-12,"New York, NY",New York,56,Moderate,PM2.5
2023-10-13,"New York, NY",New York,19,Good,Ozone
2023-10-14,"New York, NY",New York,14,Good,Ozone
2023-10-15,"New York, NY",New York,20,Good,PM2.5
2023-10-16,"New York, NY",New York,19,Good,Ozone
2023-10-17,"New York, NY",New York,23,Good,PM2.5
2023-10-18,"New York, NY",New York,42,Good,PM2.5
2023-10-19,"New York, NY",New York,38,Good,PM2.5
2023-10-20,"New York, NY",New York,26,Good,Ozone
2023-10-21,"New York, NY",New York,25,Good,Ozone
2023-10-22,"New York, NY",New York,28,Good,Ozone
2023-10-23,"New York, NY",New York,24,Good,Ozone
2023-10-24,"New York, NY",New York,46,Good,PM2.5
2023-10-25,"New York, NY",New York,58,Moderate,PM2.5
2023-10-26,"New York, NY",New York,67,Moderate,PM2.5
2023-10-27,"New York, NY",New York,66,Moderate,PM2.5
2023-10-28,"New York, NY",New York,53,Moderate,PM2.5
2023-10-29,"New York, NY",New York,17,Good,Ozone
2023-10-30,"New York, NY",New York,36,Good,PM2.5
2023-10-31,"New York, NY",New York,22,Good,Ozone
2023-11-01,"New York, NY",New York,33,Good,PM2.5
2023-11-02,"New York, NY",New York,36,Good,PM2.5
2023-11-03,"New York, NY",New York,54,Moderate,PM2.5
2023-11-04,"New York, NY",New York,62,Moderate,PM2.5
2023-11-05,"New York, NY",New York,65,Moderate,PM2.5
2023-11-06,"New York, NY",New York,51,Moderate,PM2.5
2023-11-07,"New York, NY",New York,64,Moderate,PM2.5
2023-11-08,"New York, NY",New York,29,Good,Ozone
2023-11-09,"New York, NY",New York,51,Moderate,PM2.5
2023-11-10,"New York, NY",New York,39,Good,PM2.5
2023-11-11,"New York, NY",New York,61,Moderate,PM2.5
2023-11-12,"New York, NY",New York,29,Good,Ozone
2023-11-13,"New York, NY",New York,42,Good,PM2.5
2023-11-14,"New York, NY",New York,37,Good,PM2.5
2023-11-15,"New York, NY",New York,41,Good,PM2.5
2023-11-16,"New York, NY",New York,63,Moderate,PM2.5
2023-11-17,"New York, NY",New York,55,Moderate,PM2.5
2023-11-18,"New York, NY",New York,26,Good,Ozone
2023-11-19,"New York, NY",New York,43,Good,PM2.5
2023-11-20,"New York, NY",New York,31,Good,PM2.5
2023-11-21,"New York, NY",New York,26,Good,Ozone
2023-11-22,"New York, NY",New York,22,Good,Ozone
2023-11-23,"New York, NY",New York,39,Good,PM2.5
2023-11-24,"New York, NY",New York,37,Good,PM2.5
2023-11-25,"New York, NY",New York,39,Good,PM2.5
2023-11-26,"New York, NY",New York,41,Good,PM2.5
2023-11-27,"New York, NY",New York,34,Good,PM2.5
2023-11-28,"New York, NY",New York,32,Good,PM2.5
2023-11-29,"New York, NY",New York,42,Good,PM2.5
2023-11-30,"New York, NY",New York,56,Moderate,PM2.5
2023-12-01,"New York, NY",New York,64,Moderate,PM2.5
2023-12-02,"New York, NY",New York,79,Moderate,PM2.5
2023-12-03,"New York, NY",New York,38,Good,PM2.5
2023-12-04,"New York, NY",New York,36,Good,PM2.5
2023-12-05,"New York, NY",New York,33,Good,PM2.5
2023-12-06,"New York, NY",New York,28,Good,PM2.5
2023-12-07,"New York, NY",New York,53,Moderate,PM2.5
2023-12-08,"New York, NY",New York,60,Moderate,PM2.5
2023-12-09,"New York, NY",New York,66,Moderate,PM2.5
2023-12-10,"New York, NY",New York,54,Moderate,PM2.5
2023-12-11,"New York, NY",New York,32,Good,PM2.5
2023-12-12,"New York, NY",New York,46,Good,PM2.5
2023-12-13,"New York, NY",New York,52,Moderate,PM2.5
2023-12-14,"New York, NY",New York,37,Good,PM2.5
2023-12-15,"New York, NY",New York,55,Moderate,PM2.5
2023-12-16,"New York, NY",New York,57,Moderate,PM2.5
2023-12-17,"New York, NY",New York,52,Moderate,PM2.5
2023-12-18,"New York, NY",New York,35,Good,Ozone
2023-12-19,"New York, NY",New York,41,Good,PM2.5
2023-12-20,"New York, NY",New York,68,Moderate,PM2.5
2023-12-21,"New York, NY",New York,44,Good,PM2.5
2023-12-22,"New York, NY",New York,52,Moderate,PM2.5
2023-12-23,"New York, NY",New York,63,Moderate,PM2.5
2023-12-24,"New York, NY",New York,67,Moderate,PM2.5
2023-12-25,"New York, NY",New York,64,Moderate,PM2.5
2023-12-26,"New York, NY",New York,72,Moderate,PM2.5
2023-12-27,"New York, NY",New York,52,Moderate,PM2.5
2023-12-28,"New York, NY",New York,28,Good,PM2.5
2023-12-29,"New York, NY",New York,57,Moderate,PM2.5
2023-12-30,"New York, NY",New York,52,Moderate,PM2.5
2023-12-31,"New York, NY",New York,54,Moderate,PM2.5
2024-01-01,"New York, NY",New York,58,Moderate,PM2.5
2024-01-02,"New York, NY",New York,54,Moderate,PM2.5
2024-01-03,"New York, NY",New York,53,Moderate,PM2.5
2024-01-04,"New York, NY",New York,51,Moderate,PM2.5
2024-01-05,"New York, NY",New York,51,Moderate,PM2.5
2024-01-06,"New York, NY",New York,53,Moderate,PM2.5
2024-01-07,"New York, NY",New York,47,Good,PM2.5
2024-01-08,"New York, NY",New York,54,Moderate,PM2.5
2024-01-09,"New York, NY",New York,45,Good,PM2.5
2024-01-10,"New York, NY",New York,48,Good,PM2.5
2024-01-11,"New York, NY",New York,54,Moderate,PM2.5
2024-01-12,"New York, NY",New York,52,Moderate,PM2.5
2024-01-13,"New York, NY",New York,43,Good,PM2.5
2024-01-14,"New York, NY",New York,52,Moderate,PM2.5
2024-01-15,"New York, NY",New York,53,Moderate,PM2.5
2024-01-16,"New York, NY",New York,53,Moderate,PM2.5
2024-01-17,"New York, NY",New York,55,Moderate,PM2.5
2024-01-18,"New York, NY",New York,57,Moderate,PM2.5
2024-01-19,"New York, NY",New York,58,Moderate,PM2.5
2024-01-20,"New York, NY",New York,44,Good,PM2.5
2024-01-21,"New York, NY",New York,47,Good,PM2.5
2024-01-22,"New York, NY",New York,55,Moderate,PM2.5
2024-01-23,"New York, NY",New York,66,Moderate,PM2.5
2024-01-24,"New York, NY",New York,89,Moderate,PM2.5
2024-01-25,"New York, NY",New York,71,Moderate,PM2.5
2024-01-26,"New York, NY",New York,71,Moderate,PM2.5
2024-01-27,"New York, NY",New York,54,Moderate,PM2.5
2024-01-28,"New York, NY",New York,53,Moderate,PM2.5
2024-01-29,"New York, NY",New York,45,Good,PM2.5
2024-01-30,"New York, NY",New York,56,Moderate,PM2.5
2024-01-31,"New York, NY",New York,57,Moderate,PM2.5
2024-02-01,"New York, NY",New York,54,Moderate,PM2.5
2024-02-02,"New York, NY",New York,51,Moderate,PM2.5
2024-02-03,"New York, NY",New York,36,Good,PM2.5
2024-02-04,"New York, NY",New York,34,Good,PM2.5
2024-02-05,"New York, NY",New York,34,Good,PM2.5
2024-02-06,"New York, NY",New York,40,Good,PM2.5
2024-02-07,"New York, NY",New York,44,Good,PM2.5
2024-02-08,"New York, NY",New York,57,Moderate,PM2.5
2024-02-09,"New York, NY",New York,56,Moderate,PM2.5
2024-02-10,"New York, NY",New York,73,Moderate,PM2.5
2024-02-11,"New York, NY",New York,48,Good,PM2.5
2024-02-12,"New York, NY",New York,44,Good,PM2.5
2024-02-13,"New York, NY",New York,42,Good,PM2.5
2024-02-14,"New York, NY",New York,38,Good,PM2.5
2024-02-15,"New York, NY",New York,37,Good,PM2.5
2024-02-16,"New York, NY",New York,34,Good,PM2.5
2024-02-17,"New York, NY",New York,36,Good,PM2.5
2024-02-18,"New York, NY",New York,41,Good,PM2.5
2024-02-19,"New York, NY",New York,41,Good,PM2.5
2024-02-20,"New York, NY",New York,34,Good,PM2.5
2024-02-21,"New York, NY",New York,37,Good,PM2.5
2024-02-22,"New York, NY",New York,30,Good,PM2.5
2024-02-23,"New York, NY",New York,40,Good,PM2.5
2024-02-24,"New York, NY",New York,42,Good,PM2.5
2024-02-25,"New York, NY",New York,32,Good,PM2.5
2024-02-26,"New York, NY",New York,57,Moderate,PM2.5
2024-02-27,"New York, NY",New York,66,Moderate,PM2.5
2024-02-28,"New York, NY",New York,56,Moderate,PM2.5
2024-02-29,"New York, NY",New York,33,Good,Ozone
2024-03-01,"New York, NY",New York,48,Good,PM2.5
2024-03-02,"New York, NY",New York,29,Good,PM2.5
2024-03-03,"New York, NY",New York,31,Good,Ozone
2024-03-04,"New York, NY",New York,41,Good,Ozone
2024-03-05,"New York, NY",New York,25,Good,Ozone
2024-03-06,"New York, NY",New York,19,Good,PM2.5
2024-03-07,"New York, NY",New York,22,Good,Ozone
2024-03-08,"New York, NY",New York,30,Good,Ozone
2024-03-09,"New York, NY",New York,30,Good,Ozone
2024-03-10,"New York, NY",New York,30,Good,Ozone
2024-03-11,"New York, NY",New York,40,Good,Ozone
2024-03-12,"New York, NY",New York,43,Good,Ozone
2024-03-13,"New York, NY",New York,56,Moderate,PM2.5
2024-03-14,"New York, NY",New York,71,Moderate,PM2.5
2024-03-15,"New York, NY",New York,53,Moderate,PM2.5
2024-03-16,"New York, NY",New York,37,Good,Ozone
2024-03-17,"New York, NY",New York,37,Good,Ozone
2024-03-18,"New York, NY",New York,33,Good,Ozone
2024-03-19,"New York, NY",New York,35,Good,Ozone
2024-03-20,"New York, NY",New York,42,Good,PM2.5
2024-03-21,"New York, NY",New York,26,Good,PM2.5
2024-03-22,"New York, NY",New York,33,Good,PM2.5
2024-03-23,"New York, NY",New York,31,Good,Ozone
2024-03-24,"New York, NY",New York,36,Good,Ozone
2024-03-25,"New York, NY",New York,36,Good,PM2.5
2024-03-26,"New York, NY",New York,41,Good,PM2.5
2024-03-27,"New York, NY",New York,65,Moderate,PM2.5
2024-03-28,"New York, NY",New York,49,Good,PM2.5
2024-03-29,"New York, NY",New York,43,Good,Ozone
2024-03-30,"New York, NY",New York,42,Good,Ozone
2024-03-31,"New York, NY",New York,42,Good,Ozone
2024-04-01,"New York, NY",New York,54,Moderate,PM2.5
2024-04-02,"New York, NY",New York,61,Moderate,PM2.5
2024-04-03,"New York, NY",New York,41,Good,PM2.5
2024-04-04,"New York, NY",New York,34,Good,Ozone
2024-04-05,"New York, NY",New York,34,Good,Ozone
2024-04-06,"New York, NY",New York,34,Good,Ozone
2024-04-07,"New York, NY",New York,39,Good,Ozone
2024-04-08,"New York, NY",New York,38,Good,PM2.5
2024-04-09,"New York, NY",New York,53,Moderate,PM2.5
2024-04-10,"New York, NY",New York,98,Moderate,PM2.5
2024-04-11,"New York, NY",New York,79,Moderate,PM2.5
2024-04-12,"New York, NY",New York,42,Good,PM2.5
2024-04-13,"New York, NY",New York,38,Good,Ozone
2024-04-14,"New York, NY",New York,44,Good,Ozone
2024-04-15,"New York, NY",New York,51,Moderate,Ozone
2024-04-16,"New York, NY",New York,45,Good,Ozone
2024-04-17,"New York, NY",New York,37,Good,PM2.5
2024-04-18,"New York, NY",New York,33,Good,Ozone
2024-04-19,"New York, NY",New York,38,Good,PM2.5
2024-04-20,"New York, NY",New York,49,Good,PM2.5
2024-04-21,"New York, NY",New York,32,Good,Ozone
2024-04-22,"New York, NY",New York,44,Good,Ozone
2024-04-23,"New York, NY",New York,39,Good,Ozone
2024-04-24,"New York, NY",New York,45,Good,Ozone
2024-04-25,"New York, NY",New York,35,Good,Ozone
2024-04-26,"New York, NY",New York,36,Good,PM2.5
2024-04-27,"New York, NY",New York,40,Good,Ozone
2024-04-28,"New York, NY",New York,55,Moderate,PM2.5
2024-04-29,"New York, NY",New York,62,Moderate,PM2.5
2024-04-30,"New York, NY",New York,58,Moderate,PM2.5
2024-05-01,"New York, NY",New York,60,Moderate,PM2.5
2024-05-02,"New York, NY",New York,58,Moderate,PM2.5
2024-05-03,"New York, NY",New York,34,Good,Ozone
2024-05-04,"New York, NY",New York,28,Good,Ozone
2024-05-05,"New York, NY",New York,34,Good,PM2.5
2024-05-06,"New York, NY",New York,60,Moderate,PM2.5
2024-05-07,"New York, NY",New York,49,Good,Ozone
2024-05-08,"New York, NY",New York,49,Good,PM2.5
2024-05-09,"New York, NY",New York,40,Good,Ozone
2024-05-10,"New York, NY",New York,25,Good,Ozone
2024-05-11,"New York, NY",New York,34,Good,Ozone
2024-05-12,"New York, NY",New York,29,Good,PM2.5
2024-05-13,"New York, NY",New York,47,Good,PM2.5
2024-05-14,"New York, NY",New York,46,Good,PM2.5
2024-05-15,"New York, NY",New York,38,Good,PM2.5
2024-05-16,"New York, NY",New York,35,Good,Ozone
2024-05-17,"New York, NY",New York,41,Good,Ozone
2024-05-18,"New York, NY",New York,52,Moderate,PM2.5
2024-05-19,"New York, NY",New York,32,Good,Ozone
2024-05-20,"New York, NY",New York,34,Good,PM2.5
2024-05-21,"New York, NY",New York,51,Moderate,PM2.5
2024-05-22,"New York, NY",New York,48,Good,PM2.5
2024-05-23,"New York, NY",New York,50,Good,PM2.5
2024-05-24,"New York, NY",New York,90,Moderate,Ozone
2024-05-25,"New York, NY",New York,54,Moderate,Ozone
2024-05-26,"New York, NY",New York,54,Moderate,PM2.5
2024-05-27,"New York, NY",New York,44,Good,PM2.5
2024-05-28,"New York, NY",New York,46,Good,Ozone
2024-05-29,"New York, NY",New York,44,Good,Ozone
2024-05-30,"New York, NY",New York,44,Good,PM2.5
2024-05-31,"New York, NY",New York,40,Good,Ozone
2024-06-01,"New York, NY",New York,48,Good,Ozone
2024-06-02,"New York, NY",New York,80,Moderate,Ozone
2024-06-03,"New York, NY",New York,93,Moderate,Ozone
2024-06-04,"New York, NY",New York,84,Moderate,Ozone
2024-06-05,"New York, NY",New York,54,Moderate,PM2.5
2024-06-06,"New York, NY",New York,32,Good,PM2.5
2024-06-07,"New York, NY",New York,61,Moderate,Ozone
2024-06-08,"New York, NY",New York,34,Good,Ozone
2024-06-09,"New York, NY",New York,37,Good,Ozone
2024-06-10,"New York, NY",New York,22,Good,PM2.5
2024-06-11,"New York, NY",New York,31,Good,Ozone
2024-06-12,"New York, NY",New York,40,Good,Ozone
2024-06-13,"New York, NY",New York,71,Moderate,Ozone
2024-06-14,"New York, NY",New York,80,Moderate,Ozone
2024-06-15,"New York, NY",New York,38,Good,PM2.5
2024-06-16,"New York, NY",New York,43,Good,Ozone
2024-06-17,"New York, NY",New York,47,Good,Ozone
2024-06-18,"New York, NY",New York,51,Moderate,PM2.5
2024-06-19,"New York, NY",New York,46,Good,Ozone
2024-06-20,"New York, NY",New York,100,Moderate,Ozone
2024-06-21,"New York, NY",New York,150,Unhealthy for Sensitive Groups,Ozone
2024-06-22,"New York, NY",New York,97,Moderate,Ozone
2024-06-23,"New York, NY",New York,64,Moderate,Ozone
2024-06-24,"New York, NY",New York,41,Good,Ozone
2024-06-25,"New York, NY",New York,55,Moderate,PM2.5
2024-06-26,"New York, NY",New York,90,Moderate,Ozone
2024-06-27,"New York, NY",New York,44,Good,Ozone
2024-06-28,"New York, NY",New York,42,Good,Ozone
2024-06-29,"New York, NY",New York,33,Good,Ozone
2024-06-30,"New York, NY",New York,36,Good,Ozone
2024-07-01,"New York, NY",New York,27,Good,Ozone
2024-07-02,"New York, NY",New York,47,Good,PM2.5
2024-07-03,"New York, NY",New York,36,Good,PM2.5
2024-07-04,"New York, NY",New York,80,Moderate,PM2.5
2024-07-05,"New York, NY",New York,109,Unhealthy for Sensitive Groups,PM2.5
2024-07-06,"New York, NY",New York,84,Moderate,Ozone
2024-07-07,"New York, NY",New York,74,Moderate,Ozone
2024-07-08,"New York, NY",New York,129,Unhealthy for Sensitive Groups,Ozone
2024-07-09,"New York, NY",New York,54,Moderate,PM2.5
2024-07-10,"New York, NY",New York,45,Good,PM2.5
2024-07-11,"New York, NY",New York,64,Moderate,Ozone
2024-07-12,"New York, NY",New York,42,Good,Ozone
2024-07-13,"New York, NY",New York,50,Good,Ozone
2024-07-14,"New York, NY",New York,54,Moderate,PM2.5
2024-07-15,"New York, NY",New York,100,Moderate,Ozone
2024-07-16,"New York, NY",New York,93,Moderate,Ozone
2024-07-17,"New York, NY",New York,84,Moderate,Ozone
2024-07-18,"New York, NY",New York,46,Good,PM2.5
2024-07-19,"New York, NY",New York,43,Good,Ozone
2024-07-20,"New York, NY",New York,54,Moderate,Ozone
2024-07-21,"New York, NY",New York,87,Moderate,Ozone
2024-07-22,"New York, NY",New York,48,Good,PM2.5
2024-07-23,"New York, NY",New York,50,Good,PM2.5
2024-07-24,"New York, NY",New York,47,Good,PM2.5
2024-07-25,"New York, NY",New York,52,Moderate,PM2.5
2024-07-26,"New York, NY",New York,32,Good,Ozone
2024-07-27,"New York, NY",New York,57,Moderate,PM2.5
2024-07-28,"New York, NY",New York,70,Moderate,PM2.5
2024-07-29,"New York, NY",New York,64,Moderate,PM2.5
2024-07-30,"New York, NY",New York,59,Moderate,PM2.5
2024-07-31,"New York, NY",New York,50,Good,Ozone
2024-08-01,"New York, NY",New York,66,Moderate,PM2.5
2024-08-02,"New York, NY",New York,67,Moderate,Ozone
2024-08-03,"New York, NY",New York,67,Moderate,Ozone
2024-08-04,"New York, NY",New York,50,Good,PM2.5
2024-08-05,"New York, NY",New York,71,Moderate,Ozone
2024-08-06,"New York, NY",New York,74,Moderate,Ozone
2024-08-07,"New York, NY",New York,32,Good,PM2.5
2024-08-08,"New York, NY",New York,27,Good,Ozone
2024-08-09,"New York, NY",New York,52,Moderate,PM2.5
2024-08-10,"New York, NY",New York,42,Good,Ozone
2024-08-11,"New York, NY",New York,42,Good,Ozone
2024-08-12,"New York, NY",New York,36,Good,Ozone
2024-08-13,"New York, NY",New York,37,Good,PM2.5
2024-08-14,"New York, NY",New York,65,Moderate,PM2.5
2024-08-15,"New York, NY",New York,59,Moderate,PM2.5
2024-08-16,"New York, NY",New York,74,Moderate,PM2.5
2024-08-17,"New York, NY",New York,70,Moderate,PM2.5
2024-08-18,"New York, NY",New York,63,Moderate,PM2.5
2024-08-19,"New York, NY",New York,43,Good,Ozone
2024-08-20,"New York, NY",New York,31,Good,Ozone
2024-08-21,"New York, NY",New York,29,Good,Ozone
2024-08-22,"New York, NY",New York,33,Good,PM2.5
2024-08-23,"New York, NY",New York,47,Good,PM2.5
2024-08-24,"New York, NY",New York,64,Moderate,Ozone
2024-08-25,"New York, NY",New York,84,Moderate,Ozone
2024-08-26,"New York, NY",New York,100,Moderate,Ozone
2024-08-27,"New York, NY",New York,80,Moderate,Ozone
2024-08-28,"New York, NY",New York,57,Moderate,PM2.5
2024-08-29,"New York, NY",New York,31,Good,Ozone
2024-08-30,"New York, NY",New York,27,Good,Ozone
2024-08-31,"New York, NY",New York,34,Good,PM2.5
2024-09-01,"New York, NY",New York,43,Good,PM2.5
2024-09-02,"New York, NY",New York,36,Good,PM2.5
2024-09-03,"New York, NY",New York,37,Good,Ozone
2024-09-04,"New York, NY",New York,40,Good,Ozone
2024-09-05,"New York, NY",New York,40,Good,Ozone
2024-09-06,"New York, NY",New York,36,Good,PM2.5
2024-09-07,"New York, NY",New York,27,Good,PM2.5
2024-09-08,"New York, NY",New York,31,Good,Ozone
2024-09-09,"New York, NY",New York,37,Good,Ozone
2024-09-10,"New York, NY",New York,40,Good,Ozone
2024-09-11,"New York, NY",New York,41,Good,Ozone
2024-09-12,"New York, NY",New York,53,Moderate,PM2.5
2024-09-13,"New York, NY",New York,50,Good,Ozone
2024-09-14,"New York, NY",New York,53,Moderate,PM2.5
2024-09-15,"New York, NY",New York,48,Good,PM2.5
2024-09-16,"New York, NY",New York,38,Good,Ozone
2024-09-17,"New York, NY",New York,45,Good,PM2.5
2024-09-18,"New York, NY",New York,47,Good,PM2.5
2024-09-19,"New York, NY",New York,52,Moderate,PM2.5
2024-09-20,"New York, NY",New York,34,Good,Ozone
2024-09-21,"New York, NY",New York,36,Good,Ozone
2024-09-22,"New York, NY",New York,34,Good,Ozone
2024-09-23,"New York, NY",New York,31,Good,Ozone
2024-09-24,"New York, NY",New York,31,Good,Ozone
2024-09-25,"New York, NY",New York,30,Good,PM2.5
2024-09-26,"New York, NY",New York,44,Good,PM2.5
2024-09-27,"New York, NY",New York,34,Good,PM2.5
2024-09-28,"New York, NY",New York,29,Good,Ozone
2024-09-29,"New York, NY",New York,23,Good,Ozone
2024-09-30,"New York, NY",New York,31,Good,PM2.5
2024-10-01,"New York, NY",New York,27,Good,Ozone
2024-10-02,"New York, NY",New York,32,Good,Ozone
2024-10-03,"New York, NY",New York,41,Good,PM2.5
2024-10-04,"New York, NY",New York,40,Good,PM2.5
2024-10-05,"New York, NY",New York,39,Good,Ozone
2024-10-06,"New York, NY",New York,37,Good,Ozone
2024-10-07,"New York, NY",New York,40,Good,PM2.5
2024-10-08,"New York, NY",New York,32,Good,Ozone
2024-10-09,"New York, NY",New York,35,Good,Ozone
2024-10-10,"New York, NY",New York,16,Good,Ozone
2024-10-11,"New York, NY",New York,27,Good,Ozone
2024-10-12,"New York, NY",New York,37,Good,Ozone
2024-10-13,"New York, NY",New York,30,Good,Ozone
2024-10-14,"New York, NY",New York,52,Moderate,PM2.5
2024-10-15,"New York, NY",New York,24,Good,Ozone
2024-10-16,"New York, NY",New York,29,Good,Ozone
2024-10-17,"New York, NY",New York,28,Good,Ozone
2024-10-18,"New York, NY",New York,39,Good,PM2.5
2024-10-19,"New York, NY",New York,31,Good,PM2.5
2024-10-20,"New York, NY",New York,49,Good,PM2.5
2024-10-21,"New York, NY",New York,64,Moderate,PM2.5
2024-10-22,"New York, NY",New York,65,Moderate,PM2.5
2024-10-23,"New York, NY",New York,60,Moderate,PM2.5
2024-10-24,"New York, NY",New York,36,Good,PM2.5
2024-10-25,"New York, NY",New York,23,Good,PM2.5
2024-10-26,"New York, NY",New York,36,Good,Ozone
2024-10-27,"New York, NY",New York,29,Good,Ozone
2024-10-28,"New York, NY",New York,27,Good,Ozone
2024-10-29,"New York, NY",New York,38,Good,PM2.5
2024-10-30,"New York, NY",New York,61,Moderate,PM2.5
2024-10-31,"New York, NY",New York,60,Moderate,PM2.5
2024-11-01,"New York, NY",New York,36,Good,Ozone
2024-11-02,"New York, NY",New York,23,Good,PM2.5
2024-11-03,"New York, NY",New York,31,Good,Ozone
2024-11-04,"New York, NY",New York,34,Good,PM2.5
2024-11-05,"New York, NY",New York,55,Moderate,PM2.5
2024-11-06,"New York, NY",New York,43,Good,PM2.5
2024-11-07,"New York, NY",New York,33,Good,Ozone
2024-11-08,"New York, NY",New York,47,Good,PM2.5
2024-11-09,"New York, NY",New York,89,Moderate,PM2.5
2024-11-10,"New York, NY",New York,35,Good,PM2.5
2024-11-11,"New York, NY",New York,31,Good,PM2.5
2024-11-12,"New York, NY",New York,26,Good,Ozone
2024-11-13,"New York, NY",New York,36,Good,PM2.5
2024-11-14,"New York, NY",New York,36,Good,PM2.5
2024-11-15,"New York, NY",New York,51,Moderate,PM2.5
2024-11-16,"New York, NY",New York,55,Moderate,PM2.5
2024-11-17,"New York, NY",New York,67,Moderate,PM2.5
2024-11-18,"New York, NY",New York,38,Good,PM2.5
2024-11-19,"New York, NY",New York,36,Good,PM2.5
2024-11-20,"New York, NY",New York,51,Moderate,PM2.5
2024-11-21,"New York, NY",New York,19,Good,Ozone
2024-11-22,"New York, NY",New York,23,Good,PM2.5
2024-11-23,"New York, NY",New York,28,Good,PM2.5
2024-11-24,"New York, NY",New York,27,Good,PM2.5
2024-11-25,"New York, NY",New York,32,Good,PM2.5
2024-11-26,"New York, NY",New York,42,Good,PM2.5
2024-11-27,"New York, NY",New York,34,Good,PM2.5
2024-11-28,"New York, NY",New York,33,Good,PM2.5
2024-11-29,"New York, NY",New York,36,Good,PM2.5
2024-11-30,"New York, NY",New York,34,Good,PM2.5
2024-12-01,"New York, NY",New York,48,Good,PM2.5
2024-12-02,"New York, NY",New York,36,Good,PM2.5
2024-12-03,"New York, NY",New York,32,Good,PM2.5
2024-12-04,"New York, NY",New York,41,Good,PM2.5
2024-12-05,"New York, NY",New York,44,Good,PM2.5
2024-12-06,"New York, NY",New York,31,Good,PM2.5
2024-12-07,"New York, NY",New York,39,Good,PM2.5
2024-12-08,"New York, NY",New York,53,Moderate,PM2.5
2024-12-09,"New York, NY",New York,61,Moderate,PM2.5
2024-12-10,"New York, NY",New York,55,Moderate,PM2.5
2024-12-11,"New York, NY",New York,34,Good,PM2.5
2024-12-12,"New York, NY",New York,47,Good,PM2.5
2024-12-13,"New York, NY",New York,44,Good,PM2.5
2024-12-14,"New York, NY",New York,38,Good,PM2.5
2024-12-15,"New York, NY",New York,39,Good,PM2.5
2024-12-16,"New York, NY",New York,33,Good,PM2.5
2024-12-17,"New York, NY",New York,45,Good,PM2.5
2024-12-18,"New York, NY",New York,47,Good,PM2.5
2024-12-19,"New York, NY",New York,34,Good,PM2.5
2024-12-20,"New York, NY",New York,30,Good,PM2.5
2024-12-21,"New York, NY",New York,37,Good,PM2.5
2024-12-22,"New York, NY",New York,41,Good,PM2.5
2024-12-23,"New York, NY",New York,47,Good,PM2.5
2024-12-24,"New York, NY",New York,54,Moderate,PM2.5
2024-12-25,"New York, NY",New York,54,Moderate,PM2.5
2024-12-26,"New York, NY",New York,56,Moderate,PM2.5
2024-12-27,"New York, NY",New York,62,Moderate,PM2.5
2024-12-28,"New York, NY",New York,63,Moderate,PM2.5
2024-12-29,"New York, NY",New York,52,Moderate,PM2.5
2024-12-30,"New York, NY",New York,36,Good,PM2.5
2024-12-31,"New York, NY",New York,42,Good,PM2.5
2023-01-01,"Phoenix, AZ",Arizona,160,Unhealthy,PM2.5
2023-01-02,"Phoenix, AZ",Arizona,37,Good,Ozone
2023-01-03,"Phoenix, AZ",Arizona,41,Good,PM2.5
2023-01-04,"Phoenix, AZ",Arizona,55,Moderate,PM2.5
2023-01-05,"Phoenix, AZ",Arizona,57,Moderate,PM2.5
2023-01-06,"Phoenix, AZ",Arizona,80,Moderate,PM2.5
2023-01-07,"Phoenix, AZ",Arizona,97,Moderate,PM2.5
2023-01-08,"Phoenix, AZ",Arizona,105,Unhealthy for Sensitive Groups,PM2.5
2023-01-09,"Phoenix, AZ",Arizona,83,Moderate,PM2.5
2023-01-10,"Phoenix, AZ",Arizona,67,Moderate,PM2.5
2023-01-11,"Phoenix, AZ",Arizona,58,Moderate,PM2.5
2023-01-12,"Phoenix, AZ",Arizona,71,Moderate,PM2.5
2023-01-13,"Phoenix, AZ",Arizona,75,Moderate,PM2.5
2023-01-14,"Phoenix, AZ",Arizona,93,Moderate,PM2.5
2023-01-15,"Phoenix, AZ",Arizona,61,Moderate,PM2.5
2023-01-16,"Phoenix, AZ",Arizona,37,Good,Ozone
2023-01-17,"Phoenix, AZ",Arizona,40,Good,Ozone
2023-01-18,"Phoenix, AZ",Arizona,84,Moderate,PM2.5
2023-01-19,"Phoenix, AZ",Arizona,67,Moderate,PM2.5
2023-01-20,"Phoenix, AZ",Arizona,49,Good,PM2.5
2023-01-21,"Phoenix, AZ",Arizona,65,Moderate,PM2.5
2023-01-22,"Phoenix, AZ",Arizona,80,Moderate,PM2.5
2023-01-23,"Phoenix, AZ",Arizona,42,Good,Ozone
2023-01-24,"Phoenix, AZ",Arizona,57,Moderate,PM2.5
2023-01-25,"Phoenix, AZ",Arizona,73,Moderate,PM2.5
2023-01-26,"Phoenix, AZ",Arizona,72,Moderate,PM2.5
2023-01-27,"Phoenix, AZ",Arizona,78,Moderate,PM2.5
2023-01-28,"Phoenix, AZ",Arizona,77,Moderate,PM2.5
2023-01-29,"Phoenix, AZ",Arizona,62,Moderate,PM2.5
2023-01-30,"Phoenix, AZ",Arizona,57,Moderate,PM2.5
2023-01-31,"Phoenix, AZ",Arizona,63,Moderate,PM2.5
2023-02-01,"Phoenix, AZ",Arizona,62,Moderate,PM2.5
2023-02-02,"Phoenix, AZ",Arizona,64,Moderate,PM2.5
2023-02-03,"Phoenix, AZ",Arizona,74,Moderate,PM10
2023-02-04,"Phoenix, AZ",Arizona,75,Moderate,PM2.5
2023-02-05,"Phoenix, AZ",Arizona,76,Moderate,PM2.5
2023-02-06,"Phoenix, AZ",Arizona,56,Moderate,PM10
2023-02-07,"Phoenix, AZ",Arizona,55,Moderate,PM2.5
2023-02-08,"Phoenix, AZ",Arizona,63,Moderate,PM2.5
2023-02-09,"Phoenix, AZ",Arizona,63,Moderate,PM10
2023-02-10,"Phoenix, AZ",Arizona,51,Moderate,PM10
2023-02-11,"Phoenix, AZ",Arizona,70,Moderate,PM2.5
2023-02-12,"Phoenix, AZ",Arizona,53,Moderate,PM10
2023-02-13,"Phoenix, AZ",Arizona,44,Good,Ozone
2023-02-14,"Phoenix, AZ",Arizona,41,Good,Ozone
2023-02-15,"Phoenix, AZ",Arizona,41,Good,Ozone
2023-02-16,"Phoenix, AZ",Arizona,49,Good,PM2.5
2023-02-17,"Phoenix, AZ",Arizona,45,Good,Ozone
2023-02-18,"Phoenix, AZ",Arizona,53,Moderate,PM2.5
2023-02-19,"Phoenix, AZ",Arizona,63,Moderate,PM2.5
2023-02-20,"Phoenix, AZ",Arizona,53,Moderate,PM2.5
2023-02-21,"Phoenix, AZ",Arizona,44,Good,PM10
2023-02-22,"Phoenix, AZ",Arizona,95,Moderate,PM10
2023-02-23,"Phoenix, AZ",Arizona,44,Good,Ozone
2023-02-24,"Phoenix, AZ",Arizona,45,Good,Ozone
2023-02-25,"Phoenix, AZ",Arizona,46,Good,Ozone
2023-02-26,"Phoenix, AZ",Arizona,47,Good,Ozone
2023-02-27,"Phoenix, AZ",Arizona,48,Good,Ozone
2023-02-28,"Phoenix, AZ",Arizona,44,Good,Ozone
2023-03-01,"Phoenix, AZ",Arizona,59,Moderate,PM10
2023-03-02,"Phoenix, AZ",Arizona,45,Good,Ozone
2023-03-03,"Phoenix, AZ",Arizona,62,Moderate,PM2.5
2023-03-04,"Phoenix, AZ",Arizona,63,Moderate,PM2.5
2023-03-05,"Phoenix, AZ",Arizona,54,Moderate,PM2.5
2023-03-06,"Phoenix, AZ",Arizona,52,Moderate,PM2.5
2023-03-07,"Phoenix, AZ",Arizona,62,Moderate,PM2.5
2023-03-08,"Phoenix, AZ",Arizona,58,Moderate,PM2.5
2023-03-09,"Phoenix, AZ",Arizona,66,Moderate,PM10
2023-03-10,"Phoenix, AZ",Arizona,57,Moderate,PM10
2023-03-11,"Phoenix, AZ",Arizona,38,Good,PM2.5
2023-03-12,"Phoenix, AZ",Arizona,46,Good,Ozone
2023-03-13,"Phoenix, AZ",Arizona,53,Moderate,PM10
2023-03-14,"Phoenix, AZ",Arizona,47,Good,Ozone
2023-03-15,"Phoenix, AZ",Arizona,42,Good,Ozone
2023-03-16,"Phoenix, AZ",Arizona,44,Good,Ozone
2023-03-17,"Phoenix, AZ",Arizona,50,Good,Ozone
2023-03-18,"Phoenix, AZ",Arizona,51,Moderate,PM2.5
2023-03-19,"Phoenix, AZ",Arizona,46,Good,Ozone
2023-03-20,"Phoenix, AZ",Arizona,47,Good,PM2.5
2023-03-21,"Phoenix, AZ",Arizona,26,Good,Ozone
2023-03-22,"Phoenix, AZ",Arizona,54,Moderate,Ozone
2023-03-23,"Phoenix, AZ",Arizona,58,Moderate,Ozone
2023-03-24,"Phoenix, AZ",Arizona,49,Good,Ozone
2023-03-25,"Phoenix, AZ",Arizona,58,Moderate,Ozone
2023-03-26,"Phoenix, AZ",Arizona,54,Moderate,Ozone
2023-03-27,"Phoenix, AZ",Arizona,54,Moderate,Ozone
2023-03-28,"Phoenix, AZ",Arizona,61,Moderate,Ozone
2023-03-29,"Phoenix, AZ",Arizona,61,Moderate,Ozone
2023-03-30,"Phoenix, AZ",Arizona,70,Moderate,PM10
2023-03-31,"Phoenix, AZ",Arizona,67,Moderate,Ozone
2023-04-01,"Phoenix, AZ",Arizona,84,Moderate,Ozone
2023-04-02,"Phoenix, AZ",Arizona,80,Moderate,Ozone
2023-04-03,"Phoenix, AZ",Arizona,123,Unhealthy for Sensitive Groups,PM10
2023-04-04,"Phoenix, AZ",Arizona,86,Moderate,PM10
2023-04-05,"Phoenix, AZ",Arizona,54,Moderate,Ozone
2023-04-06,"Phoenix, AZ",Arizona,74,Moderate,Ozone
2023-04-07,"Phoenix, AZ",Arizona,93,Moderate,Ozone
2023-04-08,"Phoenix, AZ",Arizona,87,Moderate,Ozone
2023-04-09,"Phoenix, AZ",Arizona,93,Moderate,Ozone
2023-04-10,"Phoenix, AZ",Arizona,93,Moderate,Ozone
2023-04-11,"Phoenix, AZ",Arizona,101,Unhealthy for Sensitive Groups,Ozone
2023-04-12,"Phoenix, AZ",Arizona,80,Moderate,Ozone
2023-04-13,"Phoenix, AZ",Arizona,59,Moderate,PM10
2023-04-14,"Phoenix, AZ",Arizona,77,Moderate,Ozone
2023-04-15,"Phoenix, AZ",Arizona,97,Moderate,Ozone
2023-04-16,"Phoenix, AZ",Arizona,108,Unhealthy for Sensitive Groups,Ozone
2023-04-17,"Phoenix, AZ",Arizona,93,Moderate,Ozone
2023-04-18,"Phoenix, AZ",Arizona,87,Moderate,Ozone
2023-04-19,"Phoenix, AZ",Arizona,93,Moderate,Ozone
2023-04-20,"Phoenix, AZ",Arizona,93,Moderate,Ozone
2023-04-21,"Phoenix, AZ",Arizona,74,Moderate,Ozone
2023-04-22,"Phoenix, AZ",Arizona,64,Moderate,Ozone
2023-04-23,"Phoenix, AZ",Arizona,61,Moderate,Ozone
2023-04-24,"Phoenix, AZ",Arizona,71,Moderate,Ozone
2023-04-25,"Phoenix, AZ",Arizona,67,Moderate,Ozone
2023-04-26,"Phoenix, AZ",Arizona,97,Moderate,Ozone
2023-04-27,"Phoenix, AZ",Arizona,90,Moderate,Ozone
2023-04-28,"Phoenix, AZ",Arizona,84,Moderate,Ozone
2023-04-29,"Phoenix, AZ",Arizona,80,Moderate,Ozone
2023-04-30,"Phoenix, AZ",Arizona,90,Moderate,Ozone
2023-05-01,"Phoenix, AZ",Arizona,94,Moderate,PM10
2023-05-02,"Phoenix, AZ",Arizona,53,Moderate,PM10
2023-05-03,"Phoenix, AZ",Arizona,57,Moderate,PM10
2023-05-04,"Phoenix, AZ",Arizona,52,Moderate,PM10
2023-05-05,"Phoenix, AZ",Arizona,71,Moderate,Ozone
2023-05-06,"Phoenix, AZ",Arizona,67,Moderate,Ozone
2023-05-07,"Phoenix, AZ",Arizona,97,Moderate,Ozone
2023-05-08,"Phoenix, AZ",Arizona,101,Unhealthy for Sensitive Groups,Ozone
2023-05-09,"Phoenix, AZ",Arizona,101,Unhealthy for Sensitive Groups,Ozone
2023-05-10,"Phoenix, AZ",Arizona,84,Moderate,Ozone
2023-05-11,"Phoenix, AZ",Arizona,122,Unhealthy for Sensitive Groups,Ozone
2023-05-12,"Phoenix, AZ",Arizona,119,Unhealthy for Sensitive Groups,Ozone
2023-05-13,"Phoenix, AZ",Arizona,100,Moderate,Ozone
2023-05-14,"Phoenix, AZ",Arizona,112,Unhealthy for Sensitive Groups,Ozone
2023-05-15,"Phoenix, AZ",Arizona,112,Unhealthy for Sensitive Groups,Ozone
2023-05-16,"Phoenix, AZ",Arizona,126,Unhealthy for Sensitive Groups,Ozone
2023-05-17,"Phoenix, AZ",Arizona,161,Unhealthy,Ozone
2023-05-18,"Phoenix, AZ",Arizona,93,Moderate,Ozone
2023-05-19,"Phoenix, AZ",Arizona,74,Moderate,Ozone
2023-05-20,"Phoenix, AZ",Arizona,126,Unhealthy for Sensitive Groups,Ozone
2023-05-21,"Phoenix, AZ",Arizona,119,Unhealthy for Sensitive Groups,Ozone
2023-05-22,"Phoenix, AZ",Arizona,101,Unhealthy for Sensitive Groups,Ozone
2023-05-23,"Phoenix, AZ",Arizona,71,Moderate,Ozone
2023-05-24,"Phoenix, AZ",Arizona,84,Moderate,Ozone
2023-05-25,"Phoenix, AZ",Arizona,90,Moderate,Ozone
2023-05-26,"Phoenix, AZ",Arizona,64,Moderate,Ozone
2023-05-27,"Phoenix, AZ",Arizona,77,Moderate,Ozone
2023-05-28,"Phoenix, AZ",Arizona,77,Moderate,Ozone
2023-05-29,"Phoenix, AZ",Arizona,48,Good,Ozone
2023-05-30,"Phoenix, AZ",Arizona,78,Moderate,PM10
2023-05-31,"Phoenix, AZ",Arizona,67,Moderate,PM10
2023-06-01,"Phoenix, AZ",Arizona,112,Unhealthy for Sensitive Groups,Ozone
2023-06-02,"Phoenix, AZ",Arizona,97,Moderate,Ozone
2023-06-03,"Phoenix, AZ",Arizona,97,Moderate,Ozone
2023-06-04,"Phoenix, AZ",Arizona,101,Unhealthy for Sensitive Groups,Ozone
2023-06-05,"Phoenix, AZ",Arizona,90,Moderate,Ozone
2023-06-06,"Phoenix, AZ",Arizona,64,Moderate,Ozone
2023-06-07,"Phoenix, AZ",Arizona,90,Moderate,Ozone
2023-06-08,"Phoenix, AZ",Arizona,112,Unhealthy for Sensitive Groups,Ozone
2023-06-09,"Phoenix, AZ",Arizona,122,Unhealthy for Sensitive Groups,Ozone
2023-06-10,"Phoenix, AZ",Arizona,101,Unhealthy for Sensitive Groups,Ozone
2023-06-11,"Phoenix, AZ",Arizona,61,Moderate,Ozone
2023-06-12,"Phoenix, AZ",Arizona,90,Moderate,Ozone
2023-06-13,"Phoenix, AZ",Arizona,122,Unhealthy for Sensitive Groups,Ozone
2023-06-14,"Phoenix, AZ",Arizona,119,Unhealthy for Sensitive Groups,Ozone
2023-06-15,"Phoenix, AZ",Arizona,108,Unhealthy for Sensitive Groups,Ozone
2023-06-16,"Phoenix, AZ",Arizona,84,Moderate,Ozone
2023-06-17,"Phoenix, AZ",Arizona,115,Unhealthy for Sensitive Groups,Ozone
2023-06-18,"Phoenix, AZ",Arizona,84,Moderate,Ozone
2023-06-19,"Phoenix, AZ",Arizona,97,Moderate,Ozone
2023-06-20,"Phoenix, AZ",Arizona,67,Moderate,Ozone
2023-06-21,"Phoenix, AZ",Arizona,61,Moderate,Ozone
2023-06-22,"Phoenix, AZ",Arizona,143,Unhealthy for Sensitive Groups,Ozone
2023-06-23,"Phoenix, AZ",Arizona,133,Unhealthy for Sensitive Groups,Ozone
2023-06-24,"Phoenix, AZ",Arizona,133,Unhealthy for Sensitive Groups,Ozone
2023-06-25,"Phoenix, AZ",Arizona,143,Unhealthy for Sensitive Groups,Ozone
2023-06-26,"Phoenix, AZ",Arizona,133,Unhealthy for Sensitive Groups,Ozone
2023-06-27,"Phoenix, AZ",Arizona,119,Unhealthy for Sensitive Groups,Ozone
2023-06-28,"Phoenix, AZ",Arizona,80,Moderate,Ozone
2023-06-29,"Phoenix, AZ",Arizona,119,Unhealthy for Sensitive Groups,Ozone
2023-06-30,"Phoenix, AZ",Arizona,129,Unhealthy for Sensitive Groups,Ozone
2023-07-01,"Phoenix, AZ",Arizona,119,Unhealthy for Sensitive Groups,Ozone
2023-07-02,"Phoenix, AZ",Arizona,112,Unhealthy for Sensitive Groups,Ozone
2023-07-03,"Phoenix, AZ",Arizona,108,Unhealthy for Sensitive Groups,Ozone
2023-07-04,"Phoenix, AZ",Arizona,84,Moderate,Ozone
2023-07-05,"Phoenix, AZ",Arizona,71,Moderate,Ozone
2023-07-06,"Phoenix, AZ",Arizona,84,Moderate,Ozone
2023-07-07,"Phoenix, AZ",Arizona,143,Unhealthy for Sensitive Groups,Ozone
2023-07-08,"Phoenix, AZ",Arizona,101,Unhealthy for Sensitive Groups,Ozone
2023-07-09,"Phoenix, AZ",Arizona,97,Moderate,Ozone
2023-07-10,"Phoenix, AZ",Arizona,84,Moderate,Ozone
2023-07-11,"Phoenix, AZ",Arizona,84,Moderate,Ozone
2023-07-12,"Phoenix, AZ",Arizona,61,Moderate,Ozone
2023-07-13,"Phoenix, AZ",Arizona,64,Moderate,Ozone
2023-07-14,"Phoenix, AZ",Arizona,71,Moderate,Ozone
2023-07-15,"Phoenix, AZ",Arizona,64,Moderate,Ozone
2023-07-16,"Phoenix, AZ",Arizona,67,Moderate,Ozone
2023-07-17,"Phoenix, AZ",Arizona,97,Moderate,Ozone
2023-07-18,"Phoenix, AZ",Arizona,108,Unhealthy for Sensitive Groups,Ozone
2023-07-19,"Phoenix, AZ",Arizona,105,Unhealthy for Sensitive Groups,Ozone
2023-07-20,"Phoenix, AZ",Arizona,90,Moderate,Ozone
2023-07-21,"Phoenix, AZ",Arizona,131,Unhealthy for Sensitive Groups,PM10
2023-07-22,"Phoenix, AZ",Arizona,108,Unhealthy for Sensitive Groups,Ozone
2023-07-23,"Phoenix, AZ",Arizona,112,Unhealthy for Sensitive Groups,Ozone
2023-07-24,"Phoenix, AZ",Arizona,150,Unhealthy for Sensitive Groups,Ozone
2023-07-25,"Phoenix, AZ",Arizona,129,Unhealthy for Sensitive Groups,Ozone
2023-07-26,"Phoenix, AZ",Arizona,127,Unhealthy for Sensitive Groups,PM10
2023-07-27,"Phoenix, AZ",Arizona,161,Unhealthy,Ozone
2023-07-28,"Phoenix, AZ",Arizona,105,Unhealthy for Sensitive Groups,Ozone
2023-07-29,"Phoenix, AZ",Arizona,122,Unhealthy for Sensitive Groups,Ozone
2023-07-30,"Phoenix, AZ",Arizona,90,Moderate,Ozone
2023-07-31,"Phoenix, AZ",Arizona,159,Unhealthy,Ozone
2023-08-01,"Phoenix, AZ",Arizona,129,Unhealthy for Sensitive Groups,Ozone
2023-08-02,"Phoenix, AZ",Arizona,67,Moderate,Ozone
2023-08-03,"Phoenix, AZ",Arizona,80,Moderate,Ozone
2023-08-04,"Phoenix, AZ",Arizona,100,Moderate,Ozone
2023-08-05,"Phoenix, AZ",Arizona,58,Moderate,Ozone
2023-08-06,"Phoenix, AZ",Arizona,49,Good,Ozone
2023-08-07,"Phoenix, AZ",Arizona,52,Moderate,PM10
2023-08-08,"Phoenix, AZ",Arizona,55,Moderate,PM10
2023-08-09,"Phoenix, AZ",Arizona,53,Moderate,PM10
2023-08-10,"Phoenix, AZ",Arizona,43,Good,Ozone
2023-08-11,"Phoenix, AZ",Arizona,42,Good,Ozone
2023-08-12,"Phoenix, AZ",Arizona,49,Good,Ozone
2023-08-13,"Phoenix, AZ",Arizona,77,Moderate,PM10
2023-08-14,"Phoenix, AZ",Arizona,58,Moderate,PM10
2023-08-15,"Phoenix, AZ",Arizona,108,Unhealthy for Sensitive Groups,Ozone
2023-08-16,"Phoenix, AZ",Arizona,101,Unhealthy for Sensitive Groups,Ozone
2023-08-17,"Phoenix, AZ",Arizona,147,Unhealthy for Sensitive Groups,Ozone
2023-08-18,"Phoenix, AZ",Arizona,129,Unhealthy for Sensitive Groups,Ozone
2023-08-19,"Phoenix, AZ",Arizona,59,Moderate,PM10
2023-08-20,"Phoenix, AZ",Arizona,67,Moderate,PM10
2023-08-21,"Phoenix, AZ",Arizona,45,Good,PM10
2023-08-22,"Phoenix, AZ",Arizona,108,Unhealthy for Sensitive Groups,Ozone
2023-08-23,"Phoenix, AZ",Arizona,80,Moderate,Ozone
2023-08-24,"Phoenix, AZ",Arizona,140,Unhealthy for Sensitive Groups,Ozone
2023-08-25,"Phoenix, AZ",Arizona,126,Unhealthy for Sensitive Groups,Ozone
2023-08-26,"Phoenix, AZ",Arizona,105,Unhealthy for Sensitive Groups,Ozone
2023-08-27,"Phoenix, AZ",Arizona,87,Moderate,Ozone
2023-08-28,"Phoenix, AZ",Arizona,126,Unhealthy for Sensitive Groups,Ozone
2023-08-29,"Phoenix, AZ",Arizona,101,Unhealthy for Sensitive Groups,Ozone
2023-08-30,"Phoenix, AZ",Arizona,101,Unhealthy for Sensitive Groups,Ozone
2023-08-31,"Phoenix, AZ",Arizona,183,Unhealthy,PM10
2023-09-01,"Phoenix, AZ",Arizona,48,Good,Ozone
2023-09-02,"Phoenix, AZ",Arizona,58,Moderate,Ozone
2023-09-03,"Phoenix, AZ",Arizona,51,Moderate,Ozone
2023-09-04,"Phoenix, AZ",Arizona,51,Moderate,PM10
2023-09-05,"Phoenix, AZ",Arizona,54,Moderate,Ozone
2023-09-06,"Phoenix, AZ",Arizona,74,Moderate,Ozone
2023-09-07,"Phoenix, AZ",Arizona,90,Moderate,Ozone
2023-09-08,"Phoenix, AZ",Arizona,74,Moderate,Ozone
2023-09-09,"Phoenix, AZ",Arizona,100,Moderate,Ozone
2023-09-10,"Phoenix, AZ",Arizona,80,Moderate,Ozone
2023-09-11,"Phoenix, AZ",Arizona,66,Moderate,PM10
2023-09-12,"Phoenix, AZ",Arizona,63,Moderate,PM10
2023-09-13,"Phoenix, AZ",Arizona,45,Good,Ozone
2023-09-14,"Phoenix, AZ",Arizona,67,Moderate,Ozone
2023-09-15,"Phoenix, AZ",Arizona,71,Moderate,Ozone
2023-09-16,"Phoenix, AZ",Arizona,54,Moderate,Ozone
2023-09-17,"Phoenix, AZ",Arizona,50,Good,Ozone
2023-09-18,"Phoenix, AZ",Arizona,54,Moderate,PM10
2023-09-19,"Phoenix, AZ",Arizona,64,Moderate,Ozone
2023-09-20,"Phoenix, AZ",Arizona,58,Moderate,PM10
2023-09-21,"Phoenix, AZ",Arizona,60,Moderate,PM10
2023-09-22,"Phoenix, AZ",Arizona,67,Moderate,Ozone
2023-09-23,"Phoenix, AZ",Arizona,73,Moderate,PM10
2023-09-24,"Phoenix, AZ",Arizona,58,Moderate,Ozone
2023-09-25,"Phoenix, AZ",Arizona,61,Moderate,Ozone
2023-09-26,"Phoenix, AZ",Arizona,67,Moderate,PM10
2023-09-27,"Phoenix, AZ",Arizona,80,Moderate,Ozone
2023-09-28,"Phoenix, AZ",Arizona,62,Moderate,PM10
2023-09-29,"Phoenix, AZ",Arizona,65,Moderate,PM10
2023-09-30,"Phoenix, AZ",Arizona,78,Moderate,PM10
2023-10-01,"Phoenix, AZ",Arizona,103,Unhealthy for Sensitive Groups,PM10
2023-10-02,"Phoenix, AZ",Arizona,47,Good,Ozone
2023-10-03,"Phoenix, AZ",Arizona,55,Moderate,PM10
2023-10-04,"Phoenix, AZ",Arizona,77,Moderate,Ozone
2023-10-05,"Phoenix, AZ",Arizona,72,Moderate,PM10
2023-10-06,"Phoenix, AZ",Arizona,77,Moderate,PM10
2023-10-07,"Phoenix, AZ",Arizona,82,Moderate,PM10
2023-10-08,"Phoenix, AZ",Arizona,74,Moderate,Ozone
2023-10-09,"Phoenix, AZ",Arizona,64,Moderate,Ozone
2023-10-10,"Phoenix, AZ",Arizona,53,Moderate,PM10
2023-10-11,"Phoenix, AZ",Arizona,75,Moderate,PM10
2023-10-12,"Phoenix, AZ",Arizona,67,Moderate,PM10
2023-10-13,"Phoenix, AZ",Arizona,69,Moderate,PM10
2023-10-14,"Phoenix, AZ",Arizona,61,Moderate,Ozone
2023-10-15,"Phoenix, AZ",Arizona,74,Moderate,Ozone
2023-10-16,"Phoenix, AZ",Arizona,82,Moderate,PM10
2023-10-17,"Phoenix, AZ",Arizona,80,Moderate,Ozone
2023-10-18,"Phoenix, AZ",Arizona,74,Moderate,PM10
2023-10-19,"Phoenix, AZ",Arizona,81,Moderate,PM10
2023-10-20,"Phoenix, AZ",Arizona,92,Moderate,PM10
2023-10-21,"Phoenix, AZ",Arizona,87,Moderate,Ozone
2023-10-22,"Phoenix, AZ",Arizona,74,Moderate,PM2.5
2023-10-23,"Phoenix, AZ",Arizona,68,Moderate,PM10
2023-10-24,"Phoenix, AZ",Arizona,63,Moderate,PM10
2023-10-25,"Phoenix, AZ",Arizona,51,Moderate,PM10
2023-10-26,"Phoenix, AZ",Arizona,56,Moderate,PM10
2023-10-27,"Phoenix, AZ",Arizona,56,Moderate,PM10
2023-10-28,"Phoenix, AZ",Arizona,53,Moderate,PM2.5
2023-10-29,"Phoenix, AZ",Arizona,61,Moderate,PM2.5
2023-10-30,"Phoenix, AZ",Arizona,70,Moderate,PM2.5
2023-10-31,"Phoenix, AZ",Arizona,64,Moderate,PM10
2023-11-01,"Phoenix, AZ",Arizona,59,Moderate,PM10
2023-11-02,"Phoenix, AZ",Arizona,68,Moderate,PM2.5
2023-11-03,"Phoenix, AZ",Arizona,82,Moderate,PM10
2023-11-04,"Phoenix, AZ",Arizona,71,Moderate,Ozone
2023-11-05,"Phoenix, AZ",Arizona,80,Moderate,PM2.5
2023-11-06,"Phoenix, AZ",Arizona,89,Moderate,PM10
2023-11-07,"Phoenix, AZ",Arizona,78,Moderate,PM10
2023-11-08,"Phoenix, AZ",Arizona,53,Moderate,PM10
2023-11-09,"Phoenix, AZ",Arizona,58,Moderate,PM10
2023-11-10,"Phoenix, AZ",Arizona,66,Moderate,PM10
2023-11-11,"Phoenix, AZ",Arizona,66,Moderate,PM2.5
2023-11-12,"Phoenix, AZ",Arizona,58,Moderate,PM2.5
2023-11-13,"Phoenix, AZ",Arizona,59,Moderate,PM10
2023-11-14,"Phoenix, AZ",Arizona,53,Moderate,PM10
2023-11-15,"Phoenix, AZ",Arizona,67,Moderate,PM10
2023-11-16,"Phoenix, AZ",Arizona,63,Moderate,PM2.5
2023-11-17,"Phoenix, AZ",Arizona,78,Moderate,PM2.5
2023-11-18,"Phoenix, AZ",Arizona,71,Moderate,PM2.5
2023-11-19,"Phoenix, AZ",Arizona,72,Moderate,PM2.5
2023-11-20,"Phoenix, AZ",Arizona,50,Good,PM2.5
2023-11-21,"Phoenix, AZ",Arizona,52,Moderate,PM10
2023-11-22,"Phoenix, AZ",Arizona,60,Moderate,PM2.5
2023-11-23,"Phoenix, AZ",Arizona,80,Moderate,PM2.5
2023-11-24,"Phoenix, AZ",Arizona,67,Moderate,PM2.5
2023-11-25,"Phoenix, AZ",Arizona,58,Moderate,PM2.5
2023-11-26,"Phoenix, AZ",Arizona,70,Moderate,PM2.5
2023-11-27,"Phoenix, AZ",Arizona,67,Moderate,PM10
2023-11-28,"Phoenix, AZ",Arizona,74,Moderate,PM10
2023-11-29,"Phoenix, AZ",Arizona,58,Moderate,PM10
2023-11-30,"Phoenix, AZ",Arizona,51,Moderate,PM10
2023-12-01,"Phoenix, AZ",Arizona,54,Moderate,PM2.5
2023-12-02,"Phoenix, AZ",Arizona,75,Moderate,PM2.5
2023-12-03,"Phoenix, AZ",Arizona,92,Moderate,PM2.5
2023-12-04,"Phoenix, AZ",Arizona,80,Moderate,PM2.5
2023-12-05,"Phoenix, AZ",Arizona,99,Moderate,PM2.5
2023-12-06,"Phoenix, AZ",Arizona,68,Moderate,PM2.5
2023-12-07,"Phoenix, AZ",Arizona,71,Moderate,PM10
2023-12-08,"Phoenix, AZ",Arizona,72,Moderate,PM2.5
2023-12-09,"Phoenix, AZ",Arizona,67,Moderate,PM2.5
2023-12-10,"Phoenix, AZ",Arizona,77,Moderate,PM2.5
2023-12-11,"Phoenix, AZ",Arizona,95,Moderate,PM2.5
2023-12-12,"Phoenix, AZ",Arizona,85,Moderate,PM2.5
2023-12-13,"Phoenix, AZ",Arizona,96,Moderate,PM2.5
2023-12-14,"Phoenix, AZ",Arizona,93,Moderate,PM2.5
2023-12-15,"Phoenix, AZ",Arizona,93,Moderate,PM2.5
2023-12-16,"Phoenix, AZ",Arizona,67,Moderate,PM2.5
2023-12-17,"Phoenix, AZ",Arizona,90,Moderate,PM2.5
2023-12-18,"Phoenix, AZ",Arizona,89,Moderate,PM10
2023-12-19,"Phoenix, AZ",Arizona,87,Moderate,PM10
2023-12-20,"Phoenix, AZ",Arizona,33,Good,Ozone
2023-12-21,"Phoenix, AZ",Arizona,54,Moderate,PM2.5
2023-12-22,"Phoenix, AZ",Arizona,113,Unhealthy for Sensitive Groups,PM10
2023-12-23,"Phoenix, AZ",Arizona,52,Moderate,PM2.5
2023-12-24,"Phoenix, AZ",Arizona,140,Unhealthy for Sensitive Groups,PM2.5
2023-12-25,"Phoenix, AZ",Arizona,179,Unhealthy,PM2.5
2023-12-26,"Phoenix, AZ",Arizona,95,Moderate,PM2.5
2023-12-27,"Phoenix, AZ",Arizona,79,Moderate,PM2.5
2023-12-28,"Phoenix, AZ",Arizona,82,Moderate,PM2.5
2023-12-29,"Phoenix, AZ",Arizona,80,Moderate,PM2.5
2023-12-30,"Phoenix, AZ",Arizona,64,Moderate,PM2.5
2023-12-31,"Phoenix, AZ",Arizona,166,Unhealthy,PM2.5
2024-01-01,"Phoenix, AZ",Arizona,261,Very Unhealthy,PM2.5
2024-01-02,"Phoenix, AZ",Arizona,80,Moderate,PM2.5
2024-01-03,"Phoenix, AZ",Arizona,59,Moderate,PM2.5
2024-01-04,"Phoenix, AZ",Arizona,38,Good,Ozone
2024-01-05,"Phoenix, AZ",Arizona,64,Moderate,PM2.5
2024-01-06,"Phoenix, AZ",Arizona,76,Moderate,PM2.5
2024-01-07,"Phoenix, AZ",Arizona,50,Good,PM2.5
2024-01-08,"Phoenix, AZ",Arizona,65,Moderate,PM2.5
2024-01-09,"Phoenix, AZ",Arizona,70,Moderate,PM2.5
2024-01-10,"Phoenix, AZ",Arizona,75,Moderate,PM2.5
2024-01-11,"Phoenix, AZ",Arizona,64,Moderate,PM10
2024-01-12,"Phoenix, AZ",Arizona,101,Unhealthy for Sensitive Groups,PM10
2024-01-13,"Phoenix, AZ",Arizona,90,Moderate,PM2.5
2024-01-14,"Phoenix, AZ",Arizona,91,Moderate,PM2.5
2024-01-15,"Phoenix, AZ",Arizona,95,Moderate,PM2.5
2024-01-16,"Phoenix, AZ",Arizona,83,Moderate,PM2.5
2024-01-17,"Phoenix, AZ",Arizona,73,Moderate,PM2.5
2024-01-18,"Phoenix, AZ",Arizona,70,Moderate,PM10
2024-01-19,"Phoenix, AZ",Arizona,69,Moderate,PM2.5
2024-01-20,"Phoenix, AZ",Arizona,81,Moderate,PM2.5
2024-01-21,"Phoenix, AZ",Arizona,62,Moderate,PM2.5
2024-01-22,"Phoenix, AZ",Arizona,62,Moderate,PM2.5
2024-01-23,"Phoenix, AZ",Arizona,38,Good,Ozone
2024-01-24,"Phoenix, AZ",Arizona,60,Moderate,PM2.5
2024-01-25,"Phoenix, AZ",Arizona,60,Moderate,PM2.5
2024-01-26,"Phoenix, AZ",Arizona,57,Moderate,PM2.5
2024-01-27,"Phoenix, AZ",Arizona,70,Moderate,PM2.5
2024-01-28,"Phoenix, AZ",Arizona,53,Moderate,PM2.5
2024-01-29,"Phoenix, AZ",Arizona,66,Moderate,PM2.5
2024-01-30,"Phoenix, AZ",Arizona,72,Moderate,PM2.5
2024-01-31,"Phoenix, AZ",Arizona,62,Moderate,PM10
2024-02-01,"Phoenix, AZ",Arizona,74,Moderate,Ozone
2024-02-02,"Phoenix, AZ",Arizona,71,Moderate,Ozone
2024-02-03,"Phoenix, AZ",Arizona,52,Moderate,PM2.5
2024-02-04,"Phoenix, AZ",Arizona,55,Moderate,PM2.5
2024-02-05,"Phoenix, AZ",Arizona,57,Moderate,PM2.5
2024-02-06,"Phoenix, AZ",Arizona,52,Moderate,PM2.5
2024-02-07,"Phoenix, AZ",Arizona,42,Good,Ozone
2024-02-08,"Phoenix, AZ",Arizona,42,Good,Ozone
2024-02-09,"Phoenix, AZ",Arizona,44,Good,Ozone
2024-02-10,"Phoenix, AZ",Arizona,41,Good,Ozone
2024-02-11,"Phoenix, AZ",Arizona,53,Moderate,PM2.5
2024-02-12,"Phoenix, AZ",Arizona,75,Moderate,PM2.5
2024-02-13,"Phoenix, AZ",Arizona,59,Moderate,PM2.5
2024-02-14,"Phoenix, AZ",Arizona,60,Moderate,PM2.5
2024-02-15,"Phoenix, AZ",Arizona,59,Moderate,PM2.5
2024-02-16,"Phoenix, AZ",Arizona,61,Moderate,PM2.5
2024-02-17,"Phoenix, AZ",Arizona,64,Moderate,PM2.5
2024-02-18,"Phoenix, AZ",Arizona,70,Moderate,PM2.5
2024-02-19,"Phoenix, AZ",Arizona,58,Moderate,PM2.5
2024-02-20,"Phoenix, AZ",Arizona,55,Moderate,PM2.5
2024-02-21,"Phoenix, AZ",Arizona,53,Moderate,PM2.5
2024-02-22,"Phoenix, AZ",Arizona,53,Moderate,PM2.5
2024-02-23,"Phoenix, AZ",Arizona,47,Good,PM2.5
2024-02-24,"Phoenix, AZ",Arizona,59,Moderate,PM2.5
2024-02-25,"Phoenix, AZ",Arizona,54,Moderate,PM2.5
2024-02-26,"Phoenix, AZ",Arizona,68,Moderate,PM10
2024-02-27,"Phoenix, AZ",Arizona,53,Moderate,PM2.5
2024-02-28,"Phoenix, AZ",Arizona,58,Moderate,PM10
2024-02-29,"Phoenix, AZ",Arizona,46,Good,Ozone
2024-03-01,"Phoenix, AZ",Arizona,48,Good,Ozone
2024-03-02,"Phoenix, AZ",Arizona,44,Good,Ozone
2024-03-03,"Phoenix, AZ",Arizona,43,Good,Ozone
2024-03-04,"Phoenix, AZ",Arizona,51,Moderate,PM2.5
2024-03-05,"Phoenix, AZ",Arizona,59,Moderate,PM2.5
2024-03-06,"Phoenix, AZ",Arizona,56,Moderate,PM2.5
2024-03-07,"Phoenix, AZ",Arizona,38,Good,Ozone
2024-03-08,"Phoenix, AZ",Arizona,43,Good,Ozone
2024-03-09,"Phoenix, AZ",Arizona,52,Moderate,PM2.5
2024-03-10,"Phoenix, AZ",Arizona,57,Moderate,PM2.5
2024-03-11,"Phoenix, AZ",Arizona,54,Moderate,Ozone
2024-03-12,"Phoenix, AZ",Arizona,52,Moderate,PM2.5
2024-03-13,"Phoenix, AZ",Arizona,51,Moderate,PM2.5
2024-03-14,"Phoenix, AZ",Arizona,59,Moderate,PM10
2024-03-15,"Phoenix, AZ",Arizona,47,Good,PM2.5
2024-03-16,"Phoenix, AZ",Arizona,60,Moderate,PM2.5
2024-03-17,"Phoenix, AZ",Arizona,52,Moderate,PM2.5
2024-03-18,"Phoenix, AZ",Arizona,52,Moderate,PM2.5
2024-03-19,"Phoenix, AZ",Arizona,58,Moderate,Ozone
2024-03-20,"Phoenix, AZ",Arizona,67,Moderate,Ozone
2024-03-21,"Phoenix, AZ",Arizona,74,Moderate,Ozone
2024-03-22,"Phoenix, AZ",Arizona,80,Moderate,Ozone
2024-03-23,"Phoenix, AZ",Arizona,51,Moderate,Ozone
2024-03-24,"Phoenix, AZ",Arizona,45,Good,Ozone
2024-03-25,"Phoenix, AZ",Arizona,44,Good,Ozone
2024-03-26,"Phoenix, AZ",Arizona,45,Good,Ozone
2024-03-27,"Phoenix, AZ",Arizona,54,Moderate,Ozone
2024-03-28,"Phoenix, AZ",Arizona,64,Moderate,Ozone
2024-03-29,"Phoenix, AZ",Arizona,55,Moderate,PM2.5
2024-03-30,"Phoenix, AZ",Arizona,61,Moderate,Ozone
2024-03-31,"Phoenix, AZ",Arizona,44,Good,Ozone
2024-04-01,"Phoenix, AZ",Arizona,51,Moderate,Ozone
2024-04-02,"Phoenix, AZ",Arizona,47,Good,Ozone
2024-04-03,"Phoenix, AZ",Arizona,64,Moderate,Ozone
2024-04-04,"Phoenix, AZ",Arizona,74,Moderate,Ozone
2024-04-05,"Phoenix, AZ",Arizona,48,Good,Ozone
2024-04-06,"Phoenix, AZ",Arizona,51,Moderate,Ozone
2024-04-07,"Phoenix, AZ",Arizona,67,Moderate,Ozone
2024-04-08,"Phoenix, AZ",Arizona,67,Moderate,Ozone
2024-04-09,"Phoenix, AZ",Arizona,58,Moderate,Ozone
2024-04-10,"Phoenix, AZ",Arizona,77,Moderate,Ozone
2024-04-11,"Phoenix, AZ",Arizona,80,Moderate,Ozone
2024-04-12,"Phoenix, AZ",Arizona,80,Moderate,Ozone
2024-04-13,"Phoenix, AZ",Arizona,64,Moderate,Ozone
2024-04-14,"Phoenix, AZ",Arizona,71,Moderate,Ozone
2024-04-15,"Phoenix, AZ",Arizona,71,Moderate,Ozone
2024-04-16,"Phoenix, AZ",Arizona,84,Moderate,Ozone
2024-04-17,"Phoenix, AZ",Arizona,97,Moderate,Ozone
2024-04-18,"Phoenix, AZ",Arizona,90,Moderate,Ozone
2024-04-19,"Phoenix, AZ",Arizona,112,Unhealthy for Sensitive Groups,Ozone
2024-04-20,"Phoenix, AZ",Arizona,100,Moderate,Ozone
2024-04-21,"Phoenix, AZ",Arizona,97,Moderate,Ozone
2024-04-22,"Phoenix, AZ",Arizona,93,Moderate,Ozone
2024-04-23,"Phoenix, AZ",Arizona,50,Good,Ozone
2024-04-24,"Phoenix, AZ",Arizona,54,Moderate,PM10
2024-04-25,"Phoenix, AZ",Arizona,51,Moderate,PM2.5
2024-04-26,"Phoenix, AZ",Arizona,68,Moderate,PM10
2024-04-27,"Phoenix, AZ",Arizona,52,Moderate,PM2.5
2024-04-28,"Phoenix, AZ",Arizona,79,Moderate,PM2.5
2024-04-29,"Phoenix, AZ",Arizona,84,Moderate,Ozone
2024-04-30,"Phoenix, AZ",Arizona,87,Moderate,Ozone
2024-05-01,"Phoenix, AZ",Arizona,93,Moderate,Ozone
2024-05-02,"Phoenix, AZ",Arizona,108,Unhealthy for Sensitive Groups,Ozone
2024-05-03,"Phoenix, AZ",Arizona,84,Moderate,Ozone
2024-05-04,"Phoenix, AZ",Arizona,74,Moderate,Ozone
2024-05-05,"Phoenix, AZ",Arizona,56,Moderate,PM10
2024-05-06,"Phoenix, AZ",Arizona,74,Moderate,Ozone
2024-05-07,"Phoenix, AZ",Arizona,74,Moderate,Ozone
2024-05-08,"Phoenix, AZ",Arizona,84,Moderate,Ozone
2024-05-09,"Phoenix, AZ",Arizona,77,Moderate,Ozone
2024-05-10,"Phoenix, AZ",Arizona,87,Moderate,Ozone
2024-05-11,"Phoenix, AZ",Arizona,74,Moderate,Ozone
2024-05-12,"Phoenix, AZ",Arizona,107,Unhealthy for Sensitive Groups,PM10
2024-05-13,"Phoenix, AZ",Arizona,122,Unhealthy for Sensitive Groups,Ozone
2024-05-14,"Phoenix, AZ",Arizona,119,Unhealthy for Sensitive Groups,Ozone
2024-05-15,"Phoenix, AZ",Arizona,77,Moderate,Ozone
2024-05-16,"Phoenix, AZ",Arizona,93,Moderate,Ozone
2024-05-17,"Phoenix, AZ",Arizona,108,Unhealthy for Sensitive Groups,Ozone
2024-05-18,"Phoenix, AZ",Arizona,87,Moderate,Ozone
2024-05-19,"Phoenix, AZ",Arizona,90,Moderate,Ozone
2024-05-20,"Phoenix, AZ",Arizona,64,Moderate,Ozone
2024-05-21,"Phoenix, AZ",Arizona,97,Moderate,Ozone
2024-05-22,"Phoenix, AZ",Arizona,122,Unhealthy for Sensitive Groups,Ozone
2024-05-23,"Phoenix, AZ",Arizona,97,Moderate,Ozone
2024-05-24,"Phoenix, AZ",Arizona,84,Moderate,Ozone
2024-05-25,"Phoenix, AZ",Arizona,46,Good,Ozone
2024-05-26,"Phoenix, AZ",Arizona,90,Moderate,Ozone
2024-05-27,"Phoenix, AZ",Arizona,87,Moderate,Ozone
2024-05-28,"Phoenix, AZ",Arizona,108,Unhealthy for Sensitive Groups,Ozone
2024-05-29,"Phoenix, AZ",Arizona,126,Unhealthy for Sensitive Groups,Ozone
2024-05-30,"Phoenix, AZ",Arizona,122,Unhealthy for Sensitive Groups,Ozone
2024-05-31,"Phoenix, AZ",Arizona,112,Unhealthy for Sensitive Groups,Ozone
2024-06-01,"Phoenix, AZ",Arizona,84,Moderate,Ozone
2024-06-02,"Phoenix, AZ",Arizona,93,Moderate,Ozone
2024-06-03,"Phoenix, AZ",Arizona,108,Unhealthy for Sensitive Groups,Ozone
2024-06-04,"Phoenix, AZ",Arizona,108,Unhealthy for Sensitive Groups,Ozone
2024-06-05,"Phoenix, AZ",Arizona,97,Moderate,Ozone
2024-06-06,"Phoenix, AZ",Arizona,112,Unhealthy for Sensitive Groups,Ozone
2024-06-07,"Phoenix, AZ",Arizona,97,Moderate,Ozone
2024-06-08,"Phoenix, AZ",Arizona,87,Moderate,Ozone
2024-06-09,"Phoenix, AZ",Arizona,43,Good,Ozone
2024-06-10,"Phoenix, AZ",Arizona,71,Moderate,Ozone
2024-06-11,"Phoenix, AZ",Arizona,90,Moderate,Ozone
2024-06-12,"Phoenix, AZ",Arizona,74,Moderate,Ozone
2024-06-13,"Phoenix, AZ",Arizona,84,Moderate,Ozone
2024-06-14,"Phoenix, AZ",Arizona,156,Unhealthy,Ozone
2024-06-15,"Phoenix, AZ",Arizona,126,Unhealthy for Sensitive Groups,Ozone
2024-06-16,"Phoenix, AZ",Arizona,77,Moderate,Ozone
2024-06-17,"Phoenix, AZ",Arizona,64,Moderate,Ozone
2024-06-18,"Phoenix, AZ",Arizona,74,Moderate,Ozone
2024-06-19,"Phoenix, AZ",Arizona,77,Moderate,Ozone
2024-06-20,"Phoenix, AZ",Arizona,87,Moderate,PM10
2024-06-21,"Phoenix, AZ",Arizona,84,Moderate,PM10
2024-06-22,"Phoenix, AZ",Arizona,61,Moderate,Ozone
2024-06-23,"Phoenix, AZ",Arizona,97,Moderate,Ozone
2024-06-24,"Phoenix, AZ",Arizona,87,Moderate,Ozone
2024-06-25,"Phoenix, AZ",Arizona,101,Unhealthy for Sensitive Groups,Ozone
2024-06-26,"Phoenix, AZ",Arizona,97,Moderate,Ozone
2024-06-27,"Phoenix, AZ",Arizona,50,Good,Ozone
2024-06-28,"Phoenix, AZ",Arizona,61,Moderate,Ozone
2024-06-29,"Phoenix, AZ",Arizona,90,Moderate,Ozone
2024-06-30,"Phoenix, AZ",Arizona,87,Moderate,Ozone
2024-07-01,"Phoenix, AZ",Arizona,105,Unhealthy for Sensitive Groups,Ozone
2024-07-02,"Phoenix, AZ",Arizona,108,Unhealthy for Sensitive Groups,Ozone
2024-07-03,"Phoenix, AZ",Arizona,77,Moderate,Ozone
2024-07-04,"Phoenix, AZ",Arizona,53,Moderate,PM2.5
2024-07-05,"Phoenix, AZ",Arizona,105,Unhealthy for Sensitive Groups,Ozone
2024-07-06,"Phoenix, AZ",Arizona,80,Moderate,Ozone
2024-07-07,"Phoenix, AZ",Arizona,67,Moderate,Ozone
2024-07-08,"Phoenix, AZ",Arizona,108,Unhealthy for Sensitive Groups,Ozone
2024-07-09,"Phoenix, AZ",Arizona,126,Unhealthy for Sensitive Groups,Ozone
2024-07-10,"Phoenix, AZ",Arizona,112,Unhealthy for Sensitive Groups,Ozone
2024-07-11,"Phoenix, AZ",Arizona,133,Unhealthy for Sensitive Groups,Ozone
2024-07-12,"Phoenix, AZ",Arizona,166,Unhealthy,Ozone
2024-07-13,"Phoenix, AZ",Arizona,108,Unhealthy for Sensitive Groups,Ozone
2024-07-14,"Phoenix, AZ",Arizona,137,Unhealthy for Sensitive Groups,PM10
2024-07-15,"Phoenix, AZ",Arizona,90,Moderate,Ozone
2024-07-16,"Phoenix, AZ",Arizona,80,Moderate,Ozone
2024-07-17,"Phoenix, AZ",Arizona,119,Unhealthy for Sensitive Groups,Ozone
2024-07-18,"Phoenix, AZ",Arizona,133,Unhealthy for Sensitive Groups,Ozone
2024-07-19,"Phoenix, AZ",Arizona,119,Unhealthy for Sensitive Groups,Ozone
2024-07-20,"Phoenix, AZ",Arizona,97,Moderate,Ozone
2024-07-21,"Phoenix, AZ",Arizona,90,Moderate,Ozone
2024-07-22,"Phoenix, AZ",Arizona,161,Unhealthy,Ozone
2024-07-23,"Phoenix, AZ",Arizona,140,Unhealthy for Sensitive Groups,Ozone
2024-07-24,"Phoenix, AZ",Arizona,126,Unhealthy for Sensitive Groups,Ozone
2024-07-25,"Phoenix, AZ",Arizona,136,Unhealthy for Sensitive Groups,Ozone
2024-07-26,"Phoenix, AZ",Arizona,159,Unhealthy,Ozone
2024-07-27,"Phoenix, AZ",Arizona,93,Moderate,Ozone
2024-07-28,"Phoenix, AZ",Arizona,77,Moderate,Ozone
2024-07-29,"Phoenix, AZ",Arizona,90,Moderate,Ozone
2024-07-30,"Phoenix, AZ",Arizona,101,Unhealthy for Sensitive Groups,Ozone
2024-07-31,"Phoenix, AZ",Arizona,108,Unhealthy for Sensitive Groups,Ozone
2024-08-01,"Phoenix, AZ",Arizona,108,Unhealthy for Sensitive Groups,Ozone
2024-08-02,"Phoenix, AZ",Arizona,140,Unhealthy for Sensitive Groups,Ozone
2024-08-03,"Phoenix, AZ",Arizona,119,Unhealthy for Sensitive Groups,Ozone
2024-08-04,"Phoenix, AZ",Arizona,101,Unhealthy for Sensitive Groups,Ozone
2024-08-05,"Phoenix, AZ",Arizona,150,Unhealthy for Sensitive Groups,Ozone
2024-08-06,"Phoenix, AZ",Arizona,101,Unhealthy for Sensitive Groups,Ozone
2024-08-07,"Phoenix, AZ",Arizona,133,Unhealthy for Sensitive Groups,Ozone
2024-08-08,"Phoenix, AZ",Arizona,101,Unhealthy for Sensitive Groups,Ozone
2024-08-09,"Phoenix, AZ",Arizona,143,Unhealthy for Sensitive Groups,Ozone
2024-08-10,"Phoenix, AZ",Arizona,87,Moderate,Ozone
2024-08-11,"Phoenix, AZ",Arizona,80,Moderate,Ozone
2024-08-12,"Phoenix, AZ",Arizona,115,Unhealthy for Sensitive Groups,Ozone
2024-08-13,"Phoenix, AZ",Arizona,49,Good,Ozone
2024-08-14,"Phoenix, AZ",Arizona,51,Moderate,PM10
2024-08-15,"Phoenix, AZ",Arizona,77,Moderate,Ozone
2024-08-16,"Phoenix, AZ",Arizona,67,Moderate,Ozone
2024-08-17,"Phoenix, AZ",Arizona,77,Moderate,Ozone
2024-08-18,"Phoenix, AZ",Arizona,74,Moderate,Ozone
2024-08-19,"Phoenix, AZ",Arizona,133,Unhealthy for Sensitive Groups,Ozone
2024-08-20,"Phoenix, AZ",Arizona,77,Moderate,Ozone
2024-08-21,"Phoenix, AZ",Arizona,64,Moderate,Ozone
2024-08-22,"Phoenix, AZ",Arizona,54,Moderate,Ozone
2024-08-23,"Phoenix, AZ",Arizona,44,Good,Ozone
2024-08-24,"Phoenix, AZ",Arizona,58,Moderate,Ozone
2024-08-25,"Phoenix, AZ",Arizona,49,Good,Ozone
2024-08-26,"Phoenix, AZ",Arizona,97,Moderate,Ozone
2024-08-27,"Phoenix, AZ",Arizona,71,Moderate,Ozone
2024-08-28,"Phoenix, AZ",Arizona,64,Moderate,Ozone
2024-08-29,"Phoenix, AZ",Arizona,80,Moderate,Ozone
2024-08-30,"Phoenix, AZ",Arizona,90,Moderate,Ozone
2024-08-31,"Phoenix, AZ",Arizona,87,Moderate,Ozone
2024-09-01,"Phoenix, AZ",Arizona,87,Moderate,Ozone
2024-09-02,"Phoenix, AZ",Arizona,115,Unhealthy for Sensitive Groups,Ozone
2024-09-03,"Phoenix, AZ",Arizona,115,Unhealthy for Sensitive Groups,Ozone
2024-09-04,"Phoenix, AZ",Arizona,133,Unhealthy for Sensitive Groups,Ozone
2024-09-05,"Phoenix, AZ",Arizona,105,Unhealthy for Sensitive Groups,Ozone
2024-09-06,"Phoenix, AZ",Arizona,100,Moderate,Ozone
2024-09-07,"Phoenix, AZ",Arizona,84,Moderate,Ozone
2024-09-08,"Phoenix, AZ",Arizona,77,Moderate,Ozone
2024-09-09,"Phoenix, AZ",Arizona,71,Moderate,Ozone
2024-09-10,"Phoenix, AZ",Arizona,87,Moderate,Ozone
2024-09-11,"Phoenix, AZ",Arizona,151,Unhealthy,Ozone
2024-09-12,"Phoenix, AZ",Arizona,60,Moderate,PM10
2024-09-13,"Phoenix, AZ",Arizona,64,Moderate,PM10
2024-09-14,"Phoenix, AZ",Arizona,61,Moderate,Ozone
2024-09-15,"Phoenix, AZ",Arizona,41,Good,Ozone
2024-09-16,"Phoenix, AZ",Arizona,55,Moderate,PM10
2024-09-17,"Phoenix, AZ",Arizona,61,Moderate,PM10
2024-09-18,"Phoenix, AZ",Arizona,70,Moderate,PM10
2024-09-19,"Phoenix, AZ",Arizona,54,Moderate,PM10
2024-09-20,"Phoenix, AZ",Arizona,54,Moderate,PM10
2024-09-21,"Phoenix, AZ",Arizona,61,Moderate,Ozone
2024-09-22,"Phoenix, AZ",Arizona,90,Moderate,Ozone
2024-09-23,"Phoenix, AZ",Arizona,80,Moderate,Ozone
2024-09-24,"Phoenix, AZ",Arizona,87,Moderate,Ozone
2024-09-25,"Phoenix, AZ",Arizona,80,Moderate,Ozone
2024-09-26,"Phoenix, AZ",Arizona,122,Unhealthy for Sensitive Groups,Ozone
2024-09-27,"Phoenix, AZ",Arizona,112,Unhealthy for Sensitive Groups,Ozone
2024-09-28,"Phoenix, AZ",Arizona,74,Moderate,Ozone
2024-09-29,"Phoenix, AZ",Arizona,80,Moderate,Ozone
2024-09-30,"Phoenix, AZ",Arizona,112,Unhealthy for Sensitive Groups,Ozone
2024-10-01,"Phoenix, AZ",Arizona,93,Moderate,Ozone
2024-10-02,"Phoenix, AZ",Arizona,108,Unhealthy for Sensitive Groups,Ozone
2024-10-03,"Phoenix, AZ",Arizona,108,Unhealthy for Sensitive Groups,Ozone
2024-10-04,"Phoenix, AZ",Arizona,105,Unhealthy for Sensitive Groups,Ozone
2024-10-05,"Phoenix, AZ",Arizona,97,Moderate,Ozone
2024-10-06,"Phoenix, AZ",Arizona,71,Moderate,Ozone
2024-10-07,"Phoenix, AZ",Arizona,105,Unhealthy for Sensitive Groups,Ozone
2024-10-08,"Phoenix, AZ",Arizona,100,Moderate,Ozone
2024-10-09,"Phoenix, AZ",Arizona,80,Moderate,Ozone
2024-10-10,"Phoenix, AZ",Arizona,93,Moderate,Ozone
2024-10-11,"Phoenix, AZ",Arizona,93,Moderate,Ozone
2024-10-12,"Phoenix, AZ",Arizona,105,Unhealthy for Sensitive Groups,Ozone
2024-10-13,"Phoenix, AZ",Arizona,87,Moderate,Ozone
2024-10-14,"Phoenix, AZ",Arizona,76,Moderate,PM10
2024-10-15,"Phoenix, AZ",Arizona,76,Moderate,PM10
2024-10-16,"Phoenix, AZ",Arizona,67,Moderate,PM10
2024-10-17,"Phoenix, AZ",Arizona,55,Moderate,PM10
2024-10-18,"Phoenix, AZ",Arizona,81,Moderate,PM10
2024-10-19,"Phoenix, AZ",Arizona,40,Good,Ozone
2024-10-20,"Phoenix, AZ",Arizona,55,Moderate,PM2.5
2024-10-21,"Phoenix, AZ",Arizona,64,Moderate,Ozone
2024-10-22,"Phoenix, AZ",Arizona,72,Moderate,PM10
2024-10-23,"Phoenix, AZ",Arizona,72,Moderate,PM10
2024-10-24,"Phoenix, AZ",Arizona,74,Moderate,PM10
2024-10-25,"Phoenix, AZ",Arizona,78,Moderate,PM10
2024-10-26,"Phoenix, AZ",Arizona,67,Moderate,PM10
2024-10-27,"Phoenix, AZ",Arizona,59,Moderate,PM2.5
2024-10-28,"Phoenix, AZ",Arizona,82,Moderate,PM10
2024-10-29,"Phoenix, AZ",Arizona,75,Moderate,PM10
2024-10-30,"Phoenix, AZ",Arizona,60,Moderate,PM10
2024-10-31,"Phoenix, AZ",Arizona,74,Moderate,PM10
2024-11-01,"Phoenix, AZ",Arizona,74,Moderate,PM2.5
2024-11-02,"Phoenix, AZ",Arizona,65,Moderate,PM2.5
2024-11-03,"Phoenix, AZ",Arizona,45,Good,Ozone
2024-11-04,"Phoenix, AZ",Arizona,48,Good,PM2.5
2024-11-05,"Phoenix, AZ",Arizona,60,Moderate,PM10
2024-11-06,"Phoenix, AZ",Arizona,53,Moderate,PM10
2024-11-07,"Phoenix, AZ",Arizona,50,Good,PM10
2024-11-08,"Phoenix, AZ",Arizona,58,Moderate,PM10
2024-11-09,"Phoenix, AZ",Arizona,76,Moderate,PM2.5
2024-11-10,"Phoenix, AZ",Arizona,83,Moderate,PM2.5
2024-11-11,"Phoenix, AZ",Arizona,166,Unhealthy,PM2.5
2024-11-12,"Phoenix, AZ",Arizona,75,Moderate,PM10
2024-11-13,"Phoenix, AZ",Arizona,71,Moderate,PM10
2024-11-14,"Phoenix, AZ",Arizona,80,Moderate,PM10
2024-11-15,"Phoenix, AZ",Arizona,81,Moderate,PM10
2024-11-16,"Phoenix, AZ",Arizona,64,Moderate,PM2.5
2024-11-17,"Phoenix, AZ",Arizona,65,Moderate,PM2.5
2024-11-18,"Phoenix, AZ",Arizona,62,Moderate,PM10
2024-11-19,"Phoenix, AZ",Arizona,67,Moderate,PM2.5
2024-11-20,"Phoenix, AZ",Arizona,79,Moderate,PM10
2024-11-21,"Phoenix, AZ",Arizona,90,Moderate,PM10
2024-11-22,"Phoenix, AZ",Arizona,88,Moderate,PM10
2024-11-23,"Phoenix, AZ",Arizona,87,Moderate,PM2.5
2024-11-24,"Phoenix, AZ",Arizona,77,Moderate,PM2.5
2024-11-25,"Phoenix, AZ",Arizona,70,Moderate,PM10
2024-11-26,"Phoenix, AZ",Arizona,90,Moderate,PM10
2024-11-27,"Phoenix, AZ",Arizona,80,Moderate,PM10
2024-11-28,"Phoenix, AZ",Arizona,79,Moderate,PM2.5
2024-11-29,"Phoenix, AZ",Arizona,94,Moderate,PM2.5
2024-11-30,"Phoenix, AZ",Arizona,75,Moderate,PM2.5
2024-12-01,"Phoenix, AZ",Arizona,93,Moderate,PM2.5
2024-12-02,"Phoenix, AZ",Arizona,86,Moderate,PM10
2024-12-03,"Phoenix, AZ",Arizona,94,Moderate,PM10
2024-12-04,"Phoenix, AZ",Arizona,89,Moderate,PM10
2024-12-05,"Phoenix, AZ",Arizona,86,Moderate,PM10
2024-12-06,"Phoenix, AZ",Arizona,86,Moderate,PM10
2024-12-07,"Phoenix, AZ",Arizona,77,Moderate,PM2.5
2024-12-08,"Phoenix, AZ",Arizona,84,Moderate,PM2.5
2024-12-09,"Phoenix, AZ",Arizona,82,Moderate,PM10
2024-12-10,"Phoenix, AZ",Arizona,55,Moderate,PM10
2024-12-11,"Phoenix, AZ",Arizona,102,Unhealthy for Sensitive Groups,PM10
2024-12-12,"Phoenix, AZ",Arizona,85,Moderate,PM10
2024-12-13,"Phoenix, AZ",Arizona,84,Moderate,PM10
2024-12-14,"Phoenix, AZ",Arizona,89,Moderate,PM2.5
2024-12-15,"Phoenix, AZ",Arizona,112,Unhealthy for Sensitive Groups,PM2.5
2024-12-16,"Phoenix, AZ",Arizona,87,Moderate,PM2.5
2024-12-17,"Phoenix, AZ",Arizona,106,Unhealthy for Sensitive Groups,PM10
2024-12-18,"Phoenix, AZ",Arizona,108,Unhealthy for Sensitive Groups,PM2.5
2024-12-19,"Phoenix, AZ",Arizona,123,Unhealthy for Sensitive Groups,PM10
2024-12-20,"Phoenix, AZ",Arizona,98,Moderate,PM10
2024-12-21,"Phoenix, AZ",Arizona,99,Moderate,PM2.5
2024-12-22,"Phoenix, AZ",Arizona,95,Moderate,PM2.5
2024-12-23,"Phoenix, AZ",Arizona,102,Unhealthy for Sensitive Groups,PM2.5
2024-12-24,"Phoenix, AZ",Arizona,113,Unhealthy for Sensitive Groups,PM2.5
2024-12-25,"Phoenix, AZ",Arizona,130,Unhealthy for Sensitive Groups,PM2.5
2024-12-26,"Phoenix, AZ",Arizona,86,Moderate,PM2.5
2024-12-27,"Phoenix, AZ",Arizona,76,Moderate,PM10
2024-12-28,"Phoenix, AZ",Arizona,82,Moderate,PM2.5
2024-12-29,"Phoenix, AZ",Arizona,82,Moderate,PM2.5
2024-12-30,"Phoenix, AZ",Arizona,90,Moderate,PM2.5
2024-12-31,"Phoenix, AZ",Arizona,162,Unhealthy,PM2.5
2023-01-01,"Pittsburgh, PA",Pennsylvania,53,Moderate,PM2.5
2023-01-02,"Pittsburgh, PA",Pennsylvania,70,Moderate,PM2.5
2023-01-03,"Pittsburgh, PA",Pennsylvania,59,Moderate,PM2.5
2023-01-04,"Pittsburgh, PA",Pennsylvania,42,Good,PM2.5
2023-01-05,"Pittsburgh, PA",Pennsylvania,44,Good,PM2.5
2023-01-06,"Pittsburgh, PA",Pennsylvania,42,Good,PM2.5
2023-01-07,"Pittsburgh, PA",Pennsylvania,52,Moderate,PM2.5
2023-01-08,"Pittsburgh, PA",Pennsylvania,52,Moderate,PM2.5
2023-01-09,"Pittsburgh, PA",Pennsylvania,64,Moderate,PM2.5
2023-01-10,"Pittsburgh, PA",Pennsylvania,73,Moderate,PM2.5
2023-01-11,"Pittsburgh, PA",Pennsylvania,69,Moderate,PM2.5
2023-01-12,"Pittsburgh, PA",Pennsylvania,61,Moderate,PM2.5
2023-01-13,"Pittsburgh, PA",Pennsylvania,28,Good,Ozone
2023-01-14,"Pittsburgh, PA",Pennsylvania,34,Good,Ozone
2023-01-15,"Pittsburgh, PA",Pennsylvania,54,Moderate,PM2.5
2023-01-16,"Pittsburgh, PA",Pennsylvania,77,Moderate,PM2.5
2023-01-17,"Pittsburgh, PA",Pennsylvania,65,Moderate,PM2.5
2023-01-18,"Pittsburgh, PA",Pennsylvania,55,Moderate,PM2.5
2023-01-19,"Pittsburgh, PA",Pennsylvania,52,Moderate,PM2.5
2023-01-20,"Pittsburgh, PA",Pennsylvania,23,Good,PM2.5
2023-01-21,"Pittsburgh, PA",Pennsylvania,40,Good,PM2.5
2023-01-22,"Pittsburgh, PA",Pennsylvania,58,Moderate,PM2.5
2023-01-23,"Pittsburgh, PA",Pennsylvania,55,Moderate,PM2.5
2023-01-24,"Pittsburgh, PA",Pennsylvania,61,Moderate,PM2.5
2023-01-25,"Pittsburgh, PA",Pennsylvania,53,Moderate,PM2.5
2023-01-26,"Pittsburgh, PA",Pennsylvania,48,Good,PM2.5
2023-01-27,"Pittsburgh, PA",Pennsylvania,41,Good,PM2.5
2023-01-28,"Pittsburgh, PA",Pennsylvania,52,Moderate,PM2.5
2023-01-29,"Pittsburgh, PA",Pennsylvania,72,Moderate,PM2.5
2023-01-30,"Pittsburgh, PA",Pennsylvania,60,Moderate,PM2.5
2023-01-31,"Pittsburgh, PA",Pennsylvania,58,Moderate,PM2.5
2023-02-01,"Pittsburgh, PA",Pennsylvania,61,Moderate,PM2.5
2023-02-02,"Pittsburgh, PA",Pennsylvania,70,Moderate,PM2.5
2023-02-03,"Pittsburgh, PA",Pennsylvania,36,Good,PM2.5
2023-02-04,"Pittsburgh, PA",Pennsylvania,57,Moderate,PM2.5
2023-02-05,"Pittsburgh, PA",Pennsylvania,53,Moderate,PM2.5
2023-02-06,"Pittsburgh, PA",Pennsylvania,60,Moderate,PM2.5
2023-02-07,"Pittsburgh, PA",Pennsylvania,64,Moderate,PM2.5
2023-02-08,"Pittsburgh, PA",Pennsylvania,80,Moderate,PM2.5
2023-02-09,"Pittsburgh, PA",Pennsylvania,61,Moderate,PM2.5
2023-02-10,"Pittsburgh, PA",Pennsylvania,43,Good,PM2.5
2023-02-11,"Pittsburgh, PA",Pennsylvania,53,Moderate,PM2.5
2023-02-12,"Pittsburgh, PA",Pennsylvania,82,Moderate,PM2.5
2023-02-13,"Pittsburgh, PA",Pennsylvania,106,Unhealthy for Sensitive Groups,PM2.5
2023-02-14,"Pittsburgh, PA",Pennsylvania,76,Moderate,PM2.5
2023-02-15,"Pittsburgh, PA",Pennsylvania,52,Moderate,PM2.5
2023-02-16,"Pittsburgh, PA",Pennsylvania,72,Moderate,PM2.5
2023-02-17,"Pittsburgh, PA",Pennsylvania,31,Good,Ozone
2023-02-18,"Pittsburgh, PA",Pennsylvania,46,Good,PM2.5
2023-02-19,"Pittsburgh, PA",Pennsylvania,62,Moderate,PM2.5
2023-02-20,"Pittsburgh, PA",Pennsylvania,73,Moderate,PM2.5
2023-02-21,"Pittsburgh, PA",Pennsylvania,55,Moderate,PM2.5
2023-02-22,"Pittsburgh, PA",Pennsylvania,63,Moderate,PM2.5
2023-02-23,"Pittsburgh, PA",Pennsylvania,56,Moderate,PM2.5
2023-02-24,"Pittsburgh, PA",Pennsylvania,34,Good,PM2.5
2023-02-25,"Pittsburgh, PA",Pennsylvania,55,Moderate,PM2.5
2023-02-26,"Pittsburgh, PA",Pennsylvania,70,Moderate,PM2.5
2023-02-27,"Pittsburgh, PA",Pennsylvania,81,Moderate,PM2.5
2023-02-28,"Pittsburgh, PA",Pennsylvania,34,Good,PM2.5
2023-03-01,"Pittsburgh, PA",Pennsylvania,58,Moderate,PM2.5
2023-03-02,"Pittsburgh, PA",Pennsylvania,61,Moderate,PM2.5
2023-03-03,"Pittsburgh, PA",Pennsylvania,58,Moderate,PM2.5
2023-03-04,"Pittsburgh, PA",Pennsylvania,42,Good,Ozone
2023-03-05,"Pittsburgh, PA",Pennsylvania,69,Moderate,PM2.5
2023-03-06,"Pittsburgh, PA",Pennsylvania,44,Good,PM2.5
2023-03-07,"Pittsburgh, PA",Pennsylvania,41,Good,Ozone
2023-03-08,"Pittsburgh, PA",Pennsylvania,39,Good,Ozone
2023-03-09,"Pittsburgh, PA",Pennsylvania,41,Good,PM2.5
2023-03-10,"Pittsburgh, PA",Pennsylvania,32,Good,Ozone
2023-03-11,"Pittsburgh, PA",Pennsylvania,34,Good,Ozone
2023-03-12,"Pittsburgh, PA",Pennsylvania,43,Good,PM2.5
2023-03-13,"Pittsburgh, PA",Pennsylvania,54,Moderate,PM2.5
2023-03-14,"Pittsburgh, PA",Pennsylvania,35,Good,Ozone
2023-03-15,"Pittsburgh, PA",Pennsylvania,52,Moderate,PM2.5
2023-03-16,"Pittsburgh, PA",Pennsylvania,84,Moderate,PM2.5
2023-03-17,"Pittsburgh, PA",Pennsylvania,63,Moderate,PM2.5
2023-03-18,"Pittsburgh, PA",Pennsylvania,40,Good,Ozone
2023-03-19,"Pittsburgh, PA",Pennsylvania,36,Good,Ozone
2023-03-20,"Pittsburgh, PA",Pennsylvania,66,Moderate,PM2.5
2023-03-21,"Pittsburgh, PA",Pennsylvania,105,Unhealthy for Sensitive Groups,PM2.5
2023-03-22,"Pittsburgh, PA",Pennsylvania,72,Moderate,PM2.5
2023-03-23,"Pittsburgh, PA",Pennsylvania,65,Moderate,PM2.5
2023-03-24,"Pittsburgh, PA",Pennsylvania,52,Moderate,PM2.5
2023-03-25,"Pittsburgh, PA",Pennsylvania,45,Good,Ozone
2023-03-26,"Pittsburgh, PA",Pennsylvania,48,Good,Ozone
2023-03-27,"Pittsburgh, PA",Pennsylvania,54,Moderate,PM2.5
2023-03-28,"Pittsburgh, PA",Pennsylvania,45,Good,Ozone
2023-03-29,"Pittsburgh, PA",Pennsylvania,61,Moderate,PM2.5
2023-03-30,"Pittsburgh, PA",Pennsylvania,46,Good,PM2.5
2023-03-31,"Pittsburgh, PA",Pennsylvania,73,Moderate,PM2.5
2023-04-01,"Pittsburgh, PA",Pennsylvania,54,Moderate,PM2.5
2023-04-02,"Pittsburgh, PA",Pennsylvania,44,Good,Ozone
2023-04-03,"Pittsburgh, PA",Pennsylvania,62,Moderate,PM2.5
2023-04-04,"Pittsburgh, PA",Pennsylvania,80,Moderate,PM2.5
2023-04-05,"Pittsburgh, PA",Pennsylvania,67,Moderate,PM2.5
2023-04-06,"Pittsburgh, PA",Pennsylvania,36,Good,Ozone
2023-04-07,"Pittsburgh, PA",Pennsylvania,43,Good,Ozone
2023-04-08,"Pittsburgh, PA",Pennsylvania,45,Good,Ozone
2023-04-09,"Pittsburgh, PA",Pennsylvania,52,Moderate,PM2.5
2023-04-10,"Pittsburgh, PA",Pennsylvania,75,Moderate,PM2.5
2023-04-11,"Pittsburgh, PA",Pennsylvania,95,Moderate,PM2.5
2023-04-12,"Pittsburgh, PA",Pennsylvania,67,Moderate,Ozone
2023-04-13,"Pittsburgh, PA",Pennsylvania,105,Unhealthy for Sensitive Groups,Ozone
2023-04-14,"Pittsburgh, PA",Pennsylvania,93,Moderate,PM2.5
2023-04-15,"Pittsburgh, PA",Pennsylvania,51,Moderate,Ozone
2023-04-16,"Pittsburgh, PA",Pennsylvania,68,Moderate,PM2.5
2023-04-17,"Pittsburgh, PA",Pennsylvania,35,Good,Ozone
2023-04-18,"Pittsburgh, PA",Pennsylvania,46,Good,PM2.5
2023-04-19,"Pittsburgh, PA",Pennsylvania,70,Moderate,PM2.5
2023-04-20,"Pittsburgh, PA",Pennsylvania,90,Moderate,Ozone
2023-04-21,"Pittsburgh, PA",Pennsylvania,99,Moderate,PM2.5
2023-04-22,"Pittsburgh, PA",Pennsylvania,40,Good,Ozone
2023-04-23,"Pittsburgh, PA",Pennsylvania,34,Good,Ozone
2023-04-24,"Pittsburgh, PA",Pennsylvania,49,Good,PM2.5
2023-04-25,"Pittsburgh, PA",Pennsylvania,70,Moderate,PM2.5
2023-04-26,"Pittsburgh, PA",Pennsylvania,59,Moderate,PM2.5
2023-04-27,"Pittsburgh, PA",Pennsylvania,61,Moderate,Ozone
2023-04-28,"Pittsburgh, PA",Pennsylvania,40,Good,Ozone
2023-04-29,"Pittsburgh, PA",Pennsylvania,41,Good,PM2.5
2023-04-30,"Pittsburgh, PA",Pennsylvania,39,Good,Ozone
2023-05-01,"Pittsburgh, PA",Pennsylvania,27,Good,Ozone
2023-05-02,"Pittsburgh, PA",Pennsylvania,29,Good,Ozone
2023-05-03,"Pittsburgh, PA",Pennsylvania,28,Good,Ozone
2023-05-04,"Pittsburgh, PA",Pennsylvania,39,Good,PM2.5
2023-05-05,"Pittsburgh, PA",Pennsylvania,68,Moderate,PM2.5
2023-05-06,"Pittsburgh, PA",Pennsylvania,61,Moderate,Ozone
2023-05-07,"Pittsburgh, PA",Pennsylvania,65,Moderate,PM2.5
2023-05-08,"Pittsburgh, PA",Pennsylvania,51,Moderate,PM2.5
2023-05-09,"Pittsburgh, PA",Pennsylvania,51,Moderate,Ozone
2023-05-10,"Pittsburgh, PA",Pennsylvania,53,Moderate,PM2.5
2023-05-11,"Pittsburgh, PA",Pennsylvania,93,Moderate,Ozone
2023-05-12,"Pittsburgh, PA",Pennsylvania,114,Unhealthy for Sensitive Groups,PM2.5
2023-05-13,"Pittsburgh, PA",Pennsylvania,84,Moderate,PM2.5
2023-05-14,"Pittsburgh, PA",Pennsylvania,55,Moderate,PM2.5
2023-05-15,"Pittsburgh, PA",Pennsylvania,55,Moderate,PM2.5
2023-05-16,"Pittsburgh, PA",Pennsylvania,89,Moderate,PM2.5
2023-05-17,"Pittsburgh, PA",Pennsylvania,47,Good,Ozone
2023-05-18,"Pittsburgh, PA",Pennsylvania,53,Moderate,PM2.5
2023-05-19,"Pittsburgh, PA",Pennsylvania,61,Moderate,PM2.5
2023-05-20,"Pittsburgh, PA",Pennsylvania,66,Moderate,PM2.5
2023-05-21,"Pittsburgh, PA",Pennsylvania,62,Moderate,PM2.5
2023-05-22,"Pittsburgh, PA",Pennsylvania,78,Moderate,PM2.5
2023-05-23,"Pittsburgh, PA",Pennsylvania,63,Moderate,PM2.5
2023-05-24,"Pittsburgh, PA",Pennsylvania,93,Moderate,PM2.5
2023-05-25,"Pittsburgh, PA",Pennsylvania,41,Good,Ozone
2023-05-26,"Pittsburgh, PA",Pennsylvania,49,Good,Ozone
2023-05-27,"Pittsburgh, PA",Pennsylvania,53,Moderate,PM2.5
2023-05-28,"Pittsburgh, PA",Pennsylvania,58,Moderate,Ozone
2023-05-29,"Pittsburgh, PA",Pennsylvania,74,Moderate,Ozone
2023-05-30,"Pittsburgh, PA",Pennsylvania,65,Moderate,PM2.5
2023-05-31,"Pittsburgh, PA",Pennsylvania,93,Moderate,Ozone
2023-06-01,"Pittsburgh, PA",Pennsylvania,108,Unhealthy for Sensitive Groups,Ozone
2023-06-02,"Pittsburgh, PA",Pennsylvania,101,Unhealthy for Sensitive Groups,PM2.5
2023-06-03,"Pittsburgh, PA",Pennsylvania,77,Moderate,PM2.5
2023-06-04,"Pittsburgh, PA",Pennsylvania,69,Moderate,PM2.5
2023-06-05,"Pittsburgh, PA",Pennsylvania,69,Moderate,PM2.5
2023-06-06,"Pittsburgh, PA",Pennsylvania,115,Unhealthy for Sensitive Groups,PM2.5
2023-06-07,"Pittsburgh, PA",Pennsylvania,96,Moderate,PM2.5
2023-06-08,"Pittsburgh, PA",Pennsylvania,93,Moderate,PM2.5
2023-06-09,"Pittsburgh, PA",Pennsylvania,85,Moderate,PM2.5
2023-06-10,"Pittsburgh, PA",Pennsylvania,107,Unhealthy for Sensitive Groups,PM2.5
2023-06-11,"Pittsburgh, PA",Pennsylvania,110,Unhealthy for Sensitive Groups,PM2.5
2023-06-12,"Pittsburgh, PA",Pennsylvania,58,Moderate,PM2.5
2023-06-13,"Pittsburgh, PA",Pennsylvania,56,Moderate,PM2.5
2023-06-14,"Pittsburgh, PA",Pennsylvania,50,Good,Ozone
2023-06-15,"Pittsburgh, PA",Pennsylvania,76,Moderate,PM2.5
2023-06-16,"Pittsburgh, PA",Pennsylvania,68,Moderate,PM2.5
2023-06-17,"Pittsburgh, PA",Pennsylvania,99,Moderate,PM2.5
2023-06-18,"Pittsburgh, PA",Pennsylvania,109,Unhealthy for Sensitive Groups,PM2.5
2023-06-19,"Pittsburgh, PA",Pennsylvania,77,Moderate,PM2.5
2023-06-20,"Pittsburgh, PA",Pennsylvania,71,Moderate,PM2.5
2023-06-21,"Pittsburgh, PA",Pennsylvania,59,Moderate,PM2.5
2023-06-22,"Pittsburgh, PA",Pennsylvania,31,Good,Ozone
2023-06-23,"Pittsburgh, PA",Pennsylvania,47,Good,PM2.5
2023-06-24,"Pittsburgh, PA",Pennsylvania,65,Moderate,PM2.5
2023-06-25,"Pittsburgh, PA",Pennsylvania,68,Moderate,PM2.5
2023-06-26,"Pittsburgh, PA",Pennsylvania,59,Moderate,PM2.5
2023-06-27,"Pittsburgh, PA",Pennsylvania,73,Moderate,PM2.5
2023-06-28,"Pittsburgh, PA",Pennsylvania,199,Unhealthy,PM2.5
2023-06-29,"Pittsburgh, PA",Pennsylvania,237,Very Unhealthy,PM2.5
2023-06-30,"Pittsburgh, PA",Pennsylvania,136,Unhealthy for Sensitive Groups,PM2.5
2023-07-01,"Pittsburgh, PA",Pennsylvania,75,Moderate,PM2.5
2023-07-02,"Pittsburgh, PA",Pennsylvania,55,Moderate,PM2.5
2023-07-03,"Pittsburgh, PA",Pennsylvania,60,Moderate,PM2.5
2023-07-04,"Pittsburgh, PA",Pennsylvania,72,Moderate,PM2.5
2023-07-05,"Pittsburgh, PA",Pennsylvania,98,Moderate,PM2.5
2023-07-06,"Pittsburgh, PA",Pennsylvania,78,Moderate,PM2.5
2023-07-07,"Pittsburgh, PA",Pennsylvania,60,Moderate,PM2.5
2023-07-08,"Pittsburgh, PA",Pennsylvania,62,Moderate,PM2.5
2023-07-09,"Pittsburgh, PA",Pennsylvania,58,Moderate,PM2.5
2023-07-10,"Pittsburgh, PA",Pennsylvania,66,Moderate,PM2.5
2023-07-11,"Pittsburgh, PA",Pennsylvania,77,Moderate,PM2.5
2023-07-12,"Pittsburgh, PA",Pennsylvania,78,Moderate,PM2.5
2023-07-13,"Pittsburgh, PA",Pennsylvania,64,Moderate,Ozone
2023-07-14,"Pittsburgh, PA",Pennsylvania,56,Moderate,PM2.5
2023-07-15,"Pittsburgh, PA",Pennsylvania,65,Moderate,PM2.5
2023-07-16,"Pittsburgh, PA",Pennsylvania,57,Moderate,PM2.5
2023-07-17,"Pittsburgh, PA",Pennsylvania,132,Unhealthy for Sensitive Groups,PM2.5
2023-07-18,"Pittsburgh, PA",Pennsylvania,86,Moderate,PM2.5
2023-07-19,"Pittsburgh, PA",Pennsylvania,70,Moderate,PM2.5
2023-07-20,"Pittsburgh, PA",Pennsylvania,71,Moderate,PM2.5
2023-07-21,"Pittsburgh, PA",Pennsylvania,47,Good,Ozone
2023-07-22,"Pittsburgh, PA",Pennsylvania,61,Moderate,PM2.5
2023-07-23,"Pittsburgh, PA",Pennsylvania,73,Moderate,PM2.5
2023-07-24,"Pittsburgh, PA",Pennsylvania,73,Moderate,PM2.5
2023-07-25,"Pittsburgh, PA",Pennsylvania,77,Moderate,Ozone
2023-07-26,"Pittsburgh, PA",Pennsylvania,78,Moderate,PM2.5
2023-07-27,"Pittsburgh, PA",Pennsylvania,71,Moderate,PM2.5
2023-07-28,"Pittsburgh, PA",Pennsylvania,61,Moderate,PM2.5
2023-07-29,"Pittsburgh, PA",Pennsylvania,41,Good,Ozone
2023-07-30,"Pittsburgh, PA",Pennsylvania,51,Moderate,PM2.5
2023-07-31,"Pittsburgh, PA",Pennsylvania,44,Good,PM2.5
2023-08-01,"Pittsburgh, PA",Pennsylvania,71,Moderate,PM2.5
2023-08-02,"Pittsburgh, PA",Pennsylvania,82,Moderate,PM2.5
2023-08-03,"Pittsburgh, PA",Pennsylvania,81,Moderate,PM2.5
2023-08-04,"Pittsburgh, PA",Pennsylvania,71,Moderate,Ozone
2023-08-05,"Pittsburgh, PA",Pennsylvania,82,Moderate,PM2.5
2023-08-06,"Pittsburgh, PA",Pennsylvania,67,Moderate,PM2.5
2023-08-07,"Pittsburgh, PA",Pennsylvania,49,Good,PM2.5
2023-08-08,"Pittsburgh, PA",Pennsylvania,51,Moderate,PM2.5
2023-08-09,"Pittsburgh, PA",Pennsylvania,60,Moderate,PM2.5
2023-08-10,"Pittsburgh, PA",Pennsylvania,55,Moderate,PM2.5
2023-08-11,"Pittsburgh, PA",Pennsylvania,63,Moderate,PM2.5
2023-08-12,"Pittsburgh, PA",Pennsylvania,61,Moderate,PM2.5
2023-08-13,"Pittsburgh, PA",Pennsylvania,55,Moderate,PM2.5
2023-08-14,"Pittsburgh, PA",Pennsylvania,55,Moderate,PM2.5
2023-08-15,"Pittsburgh, PA",Pennsylvania,39,Good,Ozone
2023-08-16,"Pittsburgh, PA",Pennsylvania,43,Good,PM2.5
2023-08-17,"Pittsburgh, PA",Pennsylvania,49,Good,PM2.5
2023-08-18,"Pittsburgh, PA",Pennsylvania,58,Moderate,PM2.5
2023-08-19,"Pittsburgh, PA",Pennsylvania,82,Moderate,PM2.5
2023-08-20,"Pittsburgh, PA",Pennsylvania,89,Moderate,PM2.5
2023-08-21,"Pittsburgh, PA",Pennsylvania,83,Moderate,PM2.5
2023-08-22,"Pittsburgh, PA",Pennsylvania,62,Moderate,PM2.5
2023-08-23,"Pittsburgh, PA",Pennsylvania,57,Moderate,PM2.5
2023-08-24,"Pittsburgh, PA",Pennsylvania,51,Moderate,PM2.5
2023-08-25,"Pittsburgh, PA",Pennsylvania,42,Good,PM2.5
2023-08-26,"Pittsburgh, PA",Pennsylvania,36,Good,Ozone
2023-08-27,"Pittsburgh, PA",Pennsylvania,49,Good,PM2.5
2023-08-28,"Pittsburgh, PA",Pennsylvania,53,Moderate,PM2.5
2023-08-29,"Pittsburgh, PA",Pennsylvania,53,Moderate,PM2.5
2023-08-30,"Pittsburgh, PA",Pennsylvania,32,Good,PM2.5
2023-08-31,"Pittsburgh, PA",Pennsylvania,31,Good,Ozone
2023-09-01,"Pittsburgh, PA",Pennsylvania,46,Good,Ozone
2023-09-02,"Pittsburgh, PA",Pennsylvania,65,Moderate,PM2.5
2023-09-03,"Pittsburgh, PA",Pennsylvania,67,Moderate,PM2.5
2023-09-04,"Pittsburgh, PA",Pennsylvania,66,Moderate,PM2.5
2023-09-05,"Pittsburgh, PA",Pennsylvania,78,Moderate,PM2.5
2023-09-06,"Pittsburgh, PA",Pennsylvania,71,Moderate,PM2.5
2023-09-07,"Pittsburgh, PA",Pennsylvania,54,Moderate,PM2.5
2023-09-08,"Pittsburgh, PA",Pennsylvania,53,Moderate,PM2.5
2023-09-09,"Pittsburgh, PA",Pennsylvania,44,Good,PM2.5
2023-09-10,"Pittsburgh, PA",Pennsylvania,36,Good,PM2.5
2023-09-11,"Pittsburgh, PA",Pennsylvania,43,Good,PM2.5
2023-09-12,"Pittsburgh, PA",Pennsylvania,54,Moderate,PM2.5
2023-09-13,"Pittsburgh, PA",Pennsylvania,37,Good,PM2.5
2023-09-14,"Pittsburgh, PA",Pennsylvania,36,Good,Ozone
2023-09-15,"Pittsburgh, PA",Pennsylvania,42,Good,PM2.5
2023-09-16,"Pittsburgh, PA",Pennsylvania,78,Moderate,PM2.5
2023-09-17,"Pittsburgh, PA",Pennsylvania,59,Moderate,PM2.5
2023-09-18,"Pittsburgh, PA",Pennsylvania,53,Moderate,PM2.5
2023-09-19,"Pittsburgh, PA",Pennsylvania,55,Moderate,PM2.5
2023-09-20,"Pittsburgh, PA",Pennsylvania,62,Moderate,PM2.5
2023-09-21,"Pittsburgh, PA",Pennsylvania,53,Moderate,PM2.5
2023-09-22,"Pittsburgh, PA",Pennsylvania,45,Good,Ozone
2023-09-23,"Pittsburgh, PA",Pennsylvania,44,Good,PM2.5
2023-09-24,"Pittsburgh, PA",Pennsylvania,20,Good,Ozone
2023-09-25,"Pittsburgh, PA",Pennsylvania,22,Good,PM2.5
2023-09-26,"Pittsburgh, PA",Pennsylvania,19,Good,Ozone
2023-09-27,"Pittsburgh, PA",Pennsylvania,35,Good,PM2.5
2023-09-28,"Pittsburgh, PA",Pennsylvania,39,Good,PM2.5
2023-09-29,"Pittsburgh, PA",Pennsylvania,50,Good,PM2.5
2023-09-30,"Pittsburgh, PA",Pennsylvania,46,Good,PM2.5
2023-10-01,"Pittsburgh, PA",Pennsylvania,64,Moderate,PM2.5
2023-10-02,"Pittsburgh, PA",Pennsylvania,59,Moderate,PM2.5
2023-10-03,"Pittsburgh, PA",Pennsylvania,61,Moderate,Ozone
2023-10-04,"Pittsburgh, PA",Pennsylvania,52,Moderate,PM2.5
2023-10-05,"Pittsburgh, PA",Pennsylvania,55,Moderate,PM2.5
2023-10-06,"Pittsburgh, PA",Pennsylvania,49,Good,PM2.5
2023-10-07,"Pittsburgh, PA",Pennsylvania,23,Good,Ozone
2023-10-08,"Pittsburgh, PA",Pennsylvania,31,Good,Ozone
2023-10-09,"Pittsburgh, PA",Pennsylvania,31,Good,Ozone
2023-10-10,"Pittsburgh, PA",Pennsylvania,36,Good,Ozone
2023-10-11,"Pittsburgh, PA",Pennsylvania,65,Moderate,PM2.5
2023-10-12,"Pittsburgh, PA",Pennsylvania,55,Moderate,PM2.5
2023-10-13,"Pittsburgh, PA",Pennsylvania,29,Good,PM2.5
2023-10-14,"Pittsburgh, PA",Pennsylvania,28,Good,PM2.5
2023-10-15,"Pittsburgh, PA",Pennsylvania,25,Good,Ozone
2023-10-16,"Pittsburgh, PA",Pennsylvania,18,Good,Ozone
2023-10-17,"Pittsburgh, PA",Pennsylvania,26,Good,Ozone
2023-10-18,"Pittsburgh, PA",Pennsylvania,44,Good,PM2.5
2023-10-19,"Pittsburgh, PA",Pennsylvania,54,Moderate,PM2.5
2023-10-20,"Pittsburgh, PA",Pennsylvania,42,Good,PM2.5
2023-10-21,"Pittsburgh, PA",Pennsylvania,28,Good,Ozone
2023-10-22,"Pittsburgh, PA",Pennsylvania,28,Good,Ozone
2023-10-23,"Pittsburgh, PA",Pennsylvania,66,Moderate,PM2.5
2023-10-24,"Pittsburgh, PA",Pennsylvania,62,Moderate,PM2.5
2023-10-25,"Pittsburgh, PA",Pennsylvania,83,Moderate,PM2.5
2023-10-26,"Pittsburgh, PA",Pennsylvania,84,Moderate,PM2.5
2023-10-27,"Pittsburgh, PA",Pennsylvania,60,Moderate,PM2.5
2023-10-28,"Pittsburgh, PA",Pennsylvania,34,Good,PM2.5
2023-10-29,"Pittsburgh, PA",Pennsylvania,27,Good,PM2.5
2023-10-30,"Pittsburgh, PA",Pennsylvania,22,Good,Ozone
2023-10-31,"Pittsburgh, PA",Pennsylvania,54,Moderate,PM2.5
2023-11-01,"Pittsburgh, PA",Pennsylvania,32,Good,PM2.5
2023-11-02,"Pittsburgh, PA",Pennsylvania,55,Moderate,PM2.5
2023-11-03,"Pittsburgh, PA",Pennsylvania,71,Moderate,PM2.5
2023-11-04,"Pittsburgh, PA",Pennsylvania,112,Unhealthy for Sensitive Groups,PM2.5
2023-11-05,"Pittsburgh, PA",Pennsylvania,72,Moderate,PM2.5
2023-11-06,"Pittsburgh, PA",Pennsylvania,72,Moderate,PM2.5
2023-11-07,"Pittsburgh, PA",Pennsylvania,52,Moderate,PM2.5
2023-11-08,"Pittsburgh, PA",Pennsylvania,31,Good,Ozone
2023-11-09,"Pittsburgh, PA",Pennsylvania,61,Moderate,PM2.5
2023-11-10,"Pittsburgh, PA",Pennsylvania,62,Moderate,PM2.5
2023-11-11,"Pittsburgh, PA",Pennsylvania,78,Moderate,PM2.5
2023-11-12,"Pittsburgh, PA",Pennsylvania,48,Good,PM2.5
2023-11-13,"Pittsburgh, PA",Pennsylvania,62,Moderate,PM2.5
2023-11-14,"Pittsburgh, PA",Pennsylvania,62,Moderate,PM2.5
2023-11-15,"Pittsburgh, PA",Pennsylvania,99,Moderate,PM2.5
2023-11-16,"Pittsburgh, PA",Pennsylvania,102,Unhealthy for Sensitive Groups,PM2.5
2023-11-17,"Pittsburgh, PA",Pennsylvania,89,Moderate,PM2.5
2023-11-18,"Pittsburgh, PA",Pennsylvania,42,Good,PM2.5
2023-11-19,"Pittsburgh, PA",Pennsylvania,73,Moderate,PM2.5
2023-11-20,"Pittsburgh, PA",Pennsylvania,47,Good,PM2.5
2023-11-21,"Pittsburgh, PA",Pennsylvania,38,Good,PM2.5
2023-11-22,"Pittsburgh, PA",Pennsylvania,41,Good,PM2.5
2023-11-23,"Pittsburgh, PA",Pennsylvania,55,Moderate,PM2.5
2023-11-24,"Pittsburgh, PA",Pennsylvania,47,Good,PM2.5
2023-11-25,"Pittsburgh, PA",Pennsylvania,49,Good,PM2.5
2023-11-26,"Pittsburgh, PA",Pennsylvania,55,Moderate,PM2.5
2023-11-27,"Pittsburgh, PA",Pennsylvania,41,Good,PM2.5
2023-11-28,"Pittsburgh, PA",Pennsylvania,38,Good,PM2.5
2023-11-29,"Pittsburgh, PA",Pennsylvania,53,Moderate,PM2.5
2023-11-30,"Pittsburgh, PA",Pennsylvania,84,Moderate,PM2.5
2023-12-01,"Pittsburgh, PA",Pennsylvania,63,Moderate,PM2.5
2023-12-02,"Pittsburgh, PA",Pennsylvania,55,Moderate,PM2.5
2023-12-03,"Pittsburgh, PA",Pennsylvania,51,Moderate,PM2.5
2023-12-04,"Pittsburgh, PA",Pennsylvania,30,Good,PM2.5
2023-12-05,"Pittsburgh, PA",Pennsylvania,52,Moderate,PM2.5
2023-12-06,"Pittsburgh, PA",Pennsylvania,48,Good,PM2.5
2023-12-07,"Pittsburgh, PA",Pennsylvania,54,Moderate,PM2.5
2023-12-08,"Pittsburgh, PA",Pennsylvania,72,Moderate,PM2.5
2023-12-09,"Pittsburgh, PA",Pennsylvania,54,Moderate,PM2.5
2023-12-10,"Pittsburgh, PA",Pennsylvania,28,Good,PM2.5
2023-12-11,"Pittsburgh, PA",Pennsylvania,28,Good,PM2.5
2023-12-12,"Pittsburgh, PA",Pennsylvania,36,Good,PM2.5
2023-12-13,"Pittsburgh, PA",Pennsylvania,55,Moderate,PM2.5
2023-12-14,"Pittsburgh, PA",Pennsylvania,86,Moderate,PM2.5
2023-12-15,"Pittsburgh, PA",Pennsylvania,108,Unhealthy for Sensitive Groups,PM2.5
2023-12-16,"Pittsburgh, PA",Pennsylvania,66,Moderate,PM2.5
2023-12-17,"Pittsburgh, PA",Pennsylvania,53,Moderate,PM2.5
2023-12-18,"Pittsburgh, PA",Pennsylvania,32,Good,PM2.5
2023-12-19,"Pittsburgh, PA",Pennsylvania,29,Good,Ozone
2023-12-20,"Pittsburgh, PA",Pennsylvania,64,Moderate,PM2.5
2023-12-21,"Pittsburgh, PA",Pennsylvania,69,Moderate,PM2.5
2023-12-22,"Pittsburgh, PA",Pennsylvania,63,Moderate,PM2.5
2023-12-23,"Pittsburgh, PA",Pennsylvania,65,Moderate,PM2.5
2023-12-24,"Pittsburgh, PA",Pennsylvania,70,Moderate,PM2.5
2023-12-25,"Pittsburgh, PA",Pennsylvania,61,Moderate,PM2.5
2023-12-26,"Pittsburgh, PA",Pennsylvania,31,Good,Ozone
2023-12-27,"Pittsburgh, PA",Pennsylvania,29,Good,Ozone
2023-12-28,"Pittsburgh, PA",Pennsylvania,36,Good,PM2.5
2023-12-29,"Pittsburgh, PA",Pennsylvania,42,Good,PM2.5
2023-12-30,"Pittsburgh, PA",Pennsylvania,38,Good,PM2.5
2023-12-31,"Pittsburgh, PA",Pennsylvania,49,Good,PM2.5
2024-01-01,"Pittsburgh, PA",Pennsylvania,34,Good,PM2.5
2024-01-02,"Pittsburgh, PA",Pennsylvania,38,Good,PM2.5
2024-01-03,"Pittsburgh, PA",Pennsylvania,53,Moderate,PM2.5
2024-01-04,"Pittsburgh, PA",Pennsylvania,33,Good,Ozone
2024-01-05,"Pittsburgh, PA",Pennsylvania,56,Moderate,PM2.5
2024-01-06,"Pittsburgh, PA",Pennsylvania,60,Moderate,PM2.5
2024-01-07,"Pittsburgh, PA",Pennsylvania,55,Moderate,PM2.5
2024-01-08,"Pittsburgh, PA",Pennsylvania,70,Moderate,PM2.5
2024-01-09,"Pittsburgh, PA",Pennsylvania,30,Good,Ozone
2024-01-10,"Pittsburgh, PA",Pennsylvania,25,Good,Ozone
2024-01-11,"Pittsburgh, PA",Pennsylvania,41,Good,PM2.5
2024-01-12,"Pittsburgh, PA",Pennsylvania,52,Moderate,PM2.5
2024-01-13,"Pittsburgh, PA",Pennsylvania,28,Good,Ozone
2024-01-14,"Pittsburgh, PA",Pennsylvania,32,Good,PM2.5
2024-01-15,"Pittsburgh, PA",Pennsylvania,51,Moderate,PM2.5
2024-01-16,"Pittsburgh, PA",Pennsylvania,54,Moderate,PM2.5
2024-01-17,"Pittsburgh, PA",Pennsylvania,41,Good,PM2.5
2024-01-18,"Pittsburgh, PA",Pennsylvania,35,Good,PM2.5
2024-01-19,"Pittsburgh, PA",Pennsylvania,55,Moderate,PM2.5
2024-01-20,"Pittsburgh, PA",Pennsylvania,40,Good,PM2.5
2024-01-21,"Pittsburgh, PA",Pennsylvania,56,Moderate,PM2.5
2024-01-22,"Pittsburgh, PA",Pennsylvania,76,Moderate,PM2.5
2024-01-23,"Pittsburgh, PA",Pennsylvania,56,Moderate,PM2.5
2024-01-24,"Pittsburgh, PA",Pennsylvania,83,Moderate,PM2.5
2024-01-25,"Pittsburgh, PA",Pennsylvania,62,Moderate,PM2.5
2024-01-26,"Pittsburgh, PA",Pennsylvania,33,Good,PM2.5
2024-01-27,"Pittsburgh, PA",Pennsylvania,35,Good,PM2.5
2024-01-28,"Pittsburgh, PA",Pennsylvania,24,Good,Ozone
2024-01-29,"Pittsburgh, PA",Pennsylvania,28,Good,PM2.5
2024-01-30,"Pittsburgh, PA",Pennsylvania,44,Good,PM2.5
2024-01-31,"Pittsburgh, PA",Pennsylvania,55,Moderate,PM2.5
2024-02-01,"Pittsburgh, PA",Pennsylvania,54,Moderate,PM2.5
2024-02-02,"Pittsburgh, PA",Pennsylvania,44,Good,PM2.5
2024-02-03,"Pittsburgh, PA",Pennsylvania,60,Moderate,PM2.5
2024-02-04,"Pittsburgh, PA",Pennsylvania,58,Moderate,PM2.5
2024-02-05,"Pittsburgh, PA",Pennsylvania,46,Good,PM2.5
2024-02-06,"Pittsburgh, PA",Pennsylvania,39,Good,Ozone
2024-02-07,"Pittsburgh, PA",Pennsylvania,62,Moderate,PM2.5
2024-02-08,"Pittsburgh, PA",Pennsylvania,79,Moderate,PM2.5
2024-02-09,"Pittsburgh, PA",Pennsylvania,61,Moderate,PM2.5
2024-02-10,"Pittsburgh, PA",Pennsylvania,54,Moderate,PM2.5
2024-02-11,"Pittsburgh, PA",Pennsylvania,54,Moderate,PM2.5
2024-02-12,"Pittsburgh, PA",Pennsylvania,53,Moderate,PM2.5
2024-02-13,"Pittsburgh, PA",Pennsylvania,53,Moderate,PM2.5
2024-02-14,"Pittsburgh, PA",Pennsylvania,33,Good,PM2.5
2024-02-15,"Pittsburgh, PA",Pennsylvania,39,Good,PM2.5
2024-02-16,"Pittsburgh, PA",Pennsylvania,36,Good,PM2.5
2024-02-17,"Pittsburgh, PA",Pennsylvania,36,Good,Ozone
2024-02-18,"Pittsburgh, PA",Pennsylvania,38,Good,Ozone
2024-02-19,"Pittsburgh, PA",Pennsylvania,62,Moderate,PM2.5
2024-02-20,"Pittsburgh, PA",Pennsylvania,65,Moderate,PM2.5
2024-02-21,"Pittsburgh, PA",Pennsylvania,62,Moderate,PM2.5
2024-02-22,"Pittsburgh, PA",Pennsylvania,72,Moderate,PM2.5
2024-02-23,"Pittsburgh, PA",Pennsylvania,63,Moderate,PM2.5
2024-02-24,"Pittsburgh, PA",Pennsylvania,33,Good,Ozone
2024-02-25,"Pittsburgh, PA",Pennsylvania,61,Moderate,PM2.5
2024-02-26,"Pittsburgh, PA",Pennsylvania,103,Unhealthy for Sensitive Groups,PM2.5
2024-02-27,"Pittsburgh, PA",Pennsylvania,67,Moderate,PM2.5
2024-02-28,"Pittsburgh, PA",Pennsylvania,58,Moderate,PM2.5
2024-02-29,"Pittsburgh, PA",Pennsylvania,36,Good,Ozone
2024-03-01,"Pittsburgh, PA",Pennsylvania,44,Good,PM2.5
2024-03-02,"Pittsburgh, PA",Pennsylvania,28,Good,PM2.5
2024-03-03,"Pittsburgh, PA",Pennsylvania,47,Good,PM2.5
2024-03-04,"Pittsburgh, PA",Pennsylvania,54,Moderate,PM2.5
2024-03-05,"Pittsburgh, PA",Pennsylvania,40,Good,Ozone
2024-03-06,"Pittsburgh, PA",Pennsylvania,43,Good,PM2.5
2024-03-07,"Pittsburgh, PA",Pennsylvania,29,Good,PM2.5
2024-03-08,"Pittsburgh, PA",Pennsylvania,32,Good,PM2.5
2024-03-09,"Pittsburgh, PA",Pennsylvania,30,Good,Ozone
2024-03-10,"Pittsburgh, PA",Pennsylvania,34,Good,Ozone
2024-03-11,"Pittsburgh, PA",Pennsylvania,40,Good,Ozone
2024-03-12,"Pittsburgh, PA",Pennsylvania,53,Moderate,PM2.5
2024-03-13,"Pittsburgh, PA",Pennsylvania,77,Moderate,PM2.5
2024-03-14,"Pittsburgh, PA",Pennsylvania,76,Moderate,PM2.5
2024-03-15,"Pittsburgh, PA",Pennsylvania,36,Good,Ozone
2024-03-16,"Pittsburgh, PA",Pennsylvania,46,Good,PM2.5
2024-03-17,"Pittsburgh, PA",Pennsylvania,37,Good,Ozone
2024-03-18,"Pittsburgh, PA",Pennsylvania,31,Good,Ozone
2024-03-19,"Pittsburgh, PA",Pennsylvania,38,Good,Ozone
2024-03-20,"Pittsburgh, PA",Pennsylvania,36,Good,Ozone
2024-03-21,"Pittsburgh, PA",Pennsylvania,34,Good,Ozone
2024-03-22,"Pittsburgh, PA",Pennsylvania,86,Moderate,PM2.5
2024-03-23,"Pittsburgh, PA",Pennsylvania,64,Moderate,PM2.5
2024-03-24,"Pittsburgh, PA",Pennsylvania,41,Good,Ozone
2024-03-25,"Pittsburgh, PA",Pennsylvania,48,Good,Ozone
2024-03-26,"Pittsburgh, PA",Pennsylvania,40,Good,Ozone
2024-03-27,"Pittsburgh, PA",Pennsylvania,52,Moderate,PM2.5
2024-03-28,"Pittsburgh, PA",Pennsylvania,45,Good,Ozone
2024-03-29,"Pittsburgh, PA",Pennsylvania,46,Good,Ozone
2024-03-30,"Pittsburgh, PA",Pennsylvania,77,Moderate,PM2.5
2024-03-31,"Pittsburgh, PA",Pennsylvania,57,Moderate,PM2.5
2024-04-01,"Pittsburgh, PA",Pennsylvania,43,Good,Ozone
2024-04-02,"Pittsburgh, PA",Pennsylvania,34,Good,Ozone
2024-04-03,"Pittsburgh, PA",Pennsylvania,37,Good,Ozone
2024-04-04,"Pittsburgh, PA",Pennsylvania,34,Good,Ozone
2024-04-05,"Pittsburgh, PA",Pennsylvania,38,Good,Ozone
2024-04-06,"Pittsburgh, PA",Pennsylvania,41,Good,Ozone
2024-04-07,"Pittsburgh, PA",Pennsylvania,50,Good,PM2.5
2024-04-08,"Pittsburgh, PA",Pennsylvania,54,Moderate,Ozone
2024-04-09,"Pittsburgh, PA",Pennsylvania,71,Moderate,PM2.5
2024-04-10,"Pittsburgh, PA",Pennsylvania,43,Good,Ozone
2024-04-11,"Pittsburgh, PA",Pennsylvania,38,Good,Ozone
2024-04-12,"Pittsburgh, PA",Pennsylvania,40,Good,Ozone
2024-04-13,"Pittsburgh, PA",Pennsylvania,45,Good,Ozone
2024-04-14,"Pittsburgh, PA",Pennsylvania,61,Moderate,Ozone
2024-04-15,"Pittsburgh, PA",Pennsylvania,50,Good,Ozone
2024-04-16,"Pittsburgh, PA",Pennsylvania,84,Moderate,Ozone
2024-04-17,"Pittsburgh, PA",Pennsylvania,55,Moderate,PM2.5
2024-04-18,"Pittsburgh, PA",Pennsylvania,45,Good,Ozone
2024-04-19,"Pittsburgh, PA",Pennsylvania,39,Good,Ozone
2024-04-20,"Pittsburgh, PA",Pennsylvania,43,Good,Ozone
2024-04-21,"Pittsburgh, PA",Pennsylvania,38,Good,PM2.5
2024-04-22,"Pittsburgh, PA",Pennsylvania,54,Moderate,PM2.5
2024-04-23,"Pittsburgh, PA",Pennsylvania,58,Moderate,Ozone
2024-04-24,"Pittsburgh, PA",Pennsylvania,40,Good,Ozone
2024-04-25,"Pittsburgh, PA",Pennsylvania,31,Good,Ozone
2024-04-26,"Pittsburgh, PA",Pennsylvania,43,Good,Ozone
2024-04-27,"Pittsburgh, PA",Pennsylvania,54,Moderate,PM2.5
2024-04-28,"Pittsburgh, PA",Pennsylvania,71,Moderate,PM2.5
2024-04-29,"Pittsburgh, PA",Pennsylvania,77,Moderate,PM2.5
2024-04-30,"Pittsburgh, PA",Pennsylvania,58,Moderate,PM2.5
2024-05-01,"Pittsburgh, PA",Pennsylvania,59,Moderate,PM2.5
2024-05-02,"Pittsburgh, PA",Pennsylvania,100,Moderate,Ozone
2024-05-03,"Pittsburgh, PA",Pennsylvania,64,Moderate,Ozone
2024-05-04,"Pittsburgh, PA",Pennsylvania,28,Good,Ozone
2024-05-05,"Pittsburgh, PA",Pennsylvania,40,Good,Ozone
2024-05-06,"Pittsburgh, PA",Pennsylvania,55,Moderate,PM2.5
2024-05-07,"Pittsburgh, PA",Pennsylvania,47,Good,PM2.5
2024-05-08,"Pittsburgh, PA",Pennsylvania,50,Good,Ozone
2024-05-09,"Pittsburgh, PA",Pennsylvania,35,Good,Ozone
2024-05-10,"Pittsburgh, PA",Pennsylvania,34,Good,Ozone
2024-05-11,"Pittsburgh, PA",Pennsylvania,47,Good,PM2.5
2024-05-12,"Pittsburgh, PA",Pennsylvania,39,Good,Ozone
2024-05-13,"Pittsburgh, PA",Pennsylvania,57,Moderate,PM2.5
2024-05-14,"Pittsburgh, PA",Pennsylvania,52,Moderate,PM2.5
2024-05-15,"Pittsburgh, PA",Pennsylvania,48,Good,Ozone
2024-05-16,"Pittsburgh, PA",Pennsylvania,40,Good,Ozone
2024-05-17,"Pittsburgh, PA",Pennsylvania,52,Moderate,PM2.5
2024-05-18,"Pittsburgh, PA",Pennsylvania,54,Moderate,Ozone
2024-05-19,"Pittsburgh, PA",Pennsylvania,71,Moderate,Ozone
2024-05-20,"Pittsburgh, PA",Pennsylvania,74,Moderate,Ozone
2024-05-21,"Pittsburgh, PA",Pennsylvania,84,Moderate,Ozone
2024-05-22,"Pittsburgh, PA",Pennsylvania,66,Moderate,PM2.5
2024-05-23,"Pittsburgh, PA",Pennsylvania,61,Moderate,Ozone
2024-05-24,"Pittsburgh, PA",Pennsylvania,80,Moderate,Ozone
2024-05-25,"Pittsburgh, PA",Pennsylvania,55,Moderate,PM2.5
2024-05-26,"Pittsburgh, PA",Pennsylvania,52,Moderate,PM2.5
2024-05-27,"Pittsburgh, PA",Pennsylvania,47,Good,Ozone
2024-05-28,"Pittsburgh, PA",Pennsylvania,45,Good,Ozone
2024-05-29,"Pittsburgh, PA",Pennsylvania,41,Good,Ozone
2024-05-30,"Pittsburgh, PA",Pennsylvania,44,Good,Ozone
2024-05-31,"Pittsburgh, PA",Pennsylvania,67,Moderate,PM2.5
2024-06-01,"Pittsburgh, PA",Pennsylvania,64,Moderate,Ozone
2024-06-02,"Pittsburgh, PA",Pennsylvania,63,Moderate,PM2.5
2024-06-03,"Pittsburgh, PA",Pennsylvania,58,Moderate,PM2.5
2024-06-04,"Pittsburgh, PA",Pennsylvania,52,Moderate,PM2.5
2024-06-05,"Pittsburgh, PA",Pennsylvania,55,Moderate,PM2.5
2024-06-06,"Pittsburgh, PA",Pennsylvania,43,Good,Ozone
2024-06-07,"Pittsburgh, PA",Pennsylvania,38,Good,Ozone
2024-06-08,"Pittsburgh, PA",Pennsylvania,43,Good,PM2.5
2024-06-09,"Pittsburgh, PA",Pennsylvania,41,Good,Ozone
2024-06-10,"Pittsburgh, PA",Pennsylvania,24,Good,Ozone
2024-06-11,"Pittsburgh, PA",Pennsylvania,41,Good,Ozone
2024-06-12,"Pittsburgh, PA",Pennsylvania,71,Moderate,Ozone
2024-06-13,"Pittsburgh, PA",Pennsylvania,90,Moderate,Ozone
2024-06-14,"Pittsburgh, PA",Pennsylvania,59,Moderate,PM2.5
2024-06-15,"Pittsburgh, PA",Pennsylvania,41,Good,Ozone
2024-06-16,"Pittsburgh, PA",Pennsylvania,61,Moderate,PM2.5
2024-06-17,"Pittsburgh, PA",Pennsylvania,64,Moderate,PM2.5
2024-06-18,"Pittsburgh, PA",Pennsylvania,62,Moderate,PM2.5
2024-06-19,"Pittsburgh, PA",Pennsylvania,71,Moderate,Ozone
2024-06-20,"Pittsburgh, PA",Pennsylvania,90,Moderate,Ozone
2024-06-21,"Pittsburgh, PA",Pennsylvania,97,Moderate,Ozone
2024-06-22,"Pittsburgh, PA",Pennsylvania,100,Moderate,Ozone
2024-06-23,"Pittsburgh, PA",Pennsylvania,65,Moderate,PM2.5
2024-06-24,"Pittsburgh, PA",Pennsylvania,39,Good,PM2.5
2024-06-25,"Pittsburgh, PA",Pennsylvania,74,Moderate,Ozone
2024-06-26,"Pittsburgh, PA",Pennsylvania,53,Moderate,PM2.5
2024-06-27,"Pittsburgh, PA",Pennsylvania,39,Good,Ozone
2024-06-28,"Pittsburgh, PA",Pennsylvania,45,Good,Ozone
2024-06-29,"Pittsburgh, PA",Pennsylvania,63,Moderate,PM2.5
2024-06-30,"Pittsburgh, PA",Pennsylvania,47,Good,PM2.5
2024-07-01,"Pittsburgh, PA",Pennsylvania,33,Good,Ozone
2024-07-02,"Pittsburgh, PA",Pennsylvania,44,Good,Ozone
2024-07-03,"Pittsburgh, PA",Pennsylvania,61,Moderate,Ozone
2024-07-04,"Pittsburgh, PA",Pennsylvania,55,Moderate,PM2.5
2024-07-05,"Pittsburgh, PA",Pennsylvania,40,Good,Ozone
2024-07-06,"Pittsburgh, PA",Pennsylvania,47,Good,Ozone
2024-07-07,"Pittsburgh, PA",Pennsylvania,67,Moderate,Ozone
2024-07-08,"Pittsburgh, PA",Pennsylvania,105,Unhealthy for Sensitive Groups,Ozone
2024-07-09,"Pittsburgh, PA",Pennsylvania,101,Unhealthy for Sensitive Groups,Ozone
2024-07-10,"Pittsburgh, PA",Pennsylvania,48,Good,PM2.5
2024-07-11,"Pittsburgh, PA",Pennsylvania,40,Good,Ozone
2024-07-12,"Pittsburgh, PA",Pennsylvania,67,Moderate,Ozone
2024-07-13,"Pittsburgh, PA",Pennsylvania,80,Moderate,Ozone
2024-07-14,"Pittsburgh, PA",Pennsylvania,93,Moderate,Ozone
2024-07-15,"Pittsburgh, PA",Pennsylvania,84,Moderate,Ozone
2024-07-16,"Pittsburgh, PA",Pennsylvania,90,Moderate,Ozone
2024-07-17,"Pittsburgh, PA",Pennsylvania,54,Moderate,PM2.5
2024-07-18,"Pittsburgh, PA",Pennsylvania,53,Moderate,PM2.5
2024-07-19,"Pittsburgh, PA",Pennsylvania,61,Moderate,Ozone
2024-07-20,"Pittsburgh, PA",Pennsylvania,64,Moderate,Ozone
2024-07-21,"Pittsburgh, PA",Pennsylvania,77,Moderate,Ozone
2024-07-22,"Pittsburgh, PA",Pennsylvania,56,Moderate,PM2.5
2024-07-23,"Pittsburgh, PA",Pennsylvania,80,Moderate,Ozone
2024-07-24,"Pittsburgh, PA",Pennsylvania,71,Moderate,Ozone
2024-07-25,"Pittsburgh, PA",Pennsylvania,62,Moderate,PM2.5
2024-07-26,"Pittsburgh, PA",Pennsylvania,50,Good,Ozone
2024-07-27,"Pittsburgh, PA",Pennsylvania,80,Moderate,Ozone
2024-07-28,"Pittsburgh, PA",Pennsylvania,129,Unhealthy for Sensitive Groups,Ozone
2024-07-29,"Pittsburgh, PA",Pennsylvania,71,Moderate,Ozone
2024-07-30,"Pittsburgh, PA",Pennsylvania,44,Good,Ozone
2024-07-31,"Pittsburgh, PA",Pennsylvania,71,Moderate,Ozone
2024-08-01,"Pittsburgh, PA",Pennsylvania,80,Moderate,Ozone
2024-08-02,"Pittsburgh, PA",Pennsylvania,44,Good,Ozone
2024-08-03,"Pittsburgh, PA",Pennsylvania,46,Good,PM2.5
2024-08-04,"Pittsburgh, PA",Pennsylvania,62,Moderate,PM2.5
2024-08-05,"Pittsburgh, PA",Pennsylvania,77,Moderate,Ozone
2024-08-06,"Pittsburgh, PA",Pennsylvania,72,Moderate,PM2.5
2024-08-07,"Pittsburgh, PA",Pennsylvania,37,Good,PM2.5
2024-08-08,"Pittsburgh, PA",Pennsylvania,26,Good,Ozone
2024-08-09,"Pittsburgh, PA",Pennsylvania,46,Good,Ozone
2024-08-10,"Pittsburgh, PA",Pennsylvania,41,Good,PM2.5
2024-08-11,"Pittsburgh, PA",Pennsylvania,56,Moderate,PM2.5
2024-08-12,"Pittsburgh, PA",Pennsylvania,52,Moderate,PM2.5
2024-08-13,"Pittsburgh, PA",Pennsylvania,46,Good,PM2.5
2024-08-14,"Pittsburgh, PA",Pennsylvania,65,Moderate,PM2.5
2024-08-15,"Pittsburgh, PA",Pennsylvania,80,Moderate,PM2.5
2024-08-16,"Pittsburgh, PA",Pennsylvania,63,Moderate,PM2.5
2024-08-17,"Pittsburgh, PA",Pennsylvania,58,Moderate,PM2.5
2024-08-18,"Pittsburgh, PA",Pennsylvania,46,Good,PM2.5
2024-08-19,"Pittsburgh, PA",Pennsylvania,26,Good,PM2.5
2024-08-20,"Pittsburgh, PA",Pennsylvania,35,Good,Ozone
2024-08-21,"Pittsburgh, PA",Pennsylvania,44,Good,PM2.5
2024-08-22,"Pittsburgh, PA",Pennsylvania,59,Moderate,PM2.5
2024-08-23,"Pittsburgh, PA",Pennsylvania,105,Unhealthy for Sensitive Groups,Ozone
2024-08-24,"Pittsburgh, PA",Pennsylvania,112,Unhealthy for Sensitive Groups,Ozone
2024-08-25,"Pittsburgh, PA",Pennsylvania,88,Moderate,PM2.5
2024-08-26,"Pittsburgh, PA",Pennsylvania,76,Moderate,PM2.5
2024-08-27,"Pittsburgh, PA",Pennsylvania,101,Unhealthy for Sensitive Groups,Ozone
2024-08-28,"Pittsburgh, PA",Pennsylvania,80,Moderate,Ozone
2024-08-29,"Pittsburgh, PA",Pennsylvania,74,Moderate,Ozone
2024-08-30,"Pittsburgh, PA",Pennsylvania,80,Moderate,Ozone
2024-08-31,"Pittsburgh, PA",Pennsylvania,55,Moderate,PM2.5
2024-09-01,"Pittsburgh, PA",Pennsylvania,54,Moderate,Ozone
2024-09-02,"Pittsburgh, PA",Pennsylvania,31,Good,Ozone
2024-09-03,"Pittsburgh, PA",Pennsylvania,43,Good,Ozone
2024-09-04,"Pittsburgh, PA",Pennsylvania,51,Moderate,Ozone
2024-09-05,"Pittsburgh, PA",Pennsylvania,67,Moderate,Ozone
2024-09-06,"Pittsburgh, PA",Pennsylvania,71,Moderate,Ozone
2024-09-07,"Pittsburgh, PA",Pennsylvania,30,Good,Ozone
2024-09-08,"Pittsburgh, PA",Pennsylvania,39,Good,Ozone
2024-09-09,"Pittsburgh, PA",Pennsylvania,56,Moderate,PM2.5
2024-09-10,"Pittsburgh, PA",Pennsylvania,54,Moderate,PM2.5
2024-09-11,"Pittsburgh, PA",Pennsylvania,101,Unhealthy for Sensitive Groups,Ozone
2024-09-12,"Pittsburgh, PA",Pennsylvania,71,Moderate,Ozone
2024-09-13,"Pittsburgh, PA",Pennsylvania,48,Good,Ozone
2024-09-14,"Pittsburgh, PA",Pennsylvania,64,Moderate,Ozone
2024-09-15,"Pittsburgh, PA",Pennsylvania,60,Moderate,PM2.5
2024-09-16,"Pittsburgh, PA",Pennsylvania,52,Moderate,PM2.5
2024-09-17,"Pittsburgh, PA",Pennsylvania,35,Good,PM2.5
2024-09-18,"Pittsburgh, PA",Pennsylvania,33,Good,PM2.5
2024-09-19,"Pittsburgh, PA",Pennsylvania,44,Good,Ozone
2024-09-20,"Pittsburgh, PA",Pennsylvania,54,Moderate,Ozone
2024-09-21,"Pittsburgh, PA",Pennsylvania,67,Moderate,Ozone
2024-09-22,"Pittsburgh, PA",Pennsylvania,77,Moderate,Ozone
2024-09-23,"Pittsburgh, PA",Pennsylvania,38,Good,Ozone
2024-09-24,"Pittsburgh, PA",Pennsylvania,23,Good,Ozone
2024-09-25,"Pittsburgh, PA",Pennsylvania,32,Good,Ozone
2024-09-26,"Pittsburgh, PA",Pennsylvania,33,Good,PM2.5
2024-09-27,"Pittsburgh, PA",Pennsylvania,24,Good,PM2.5
2024-09-28,"Pittsburgh, PA",Pennsylvania,28,Good,Ozone
2024-09-29,"Pittsburgh, PA",Pennsylvania,29,Good,PM2.5
2024-09-30,"Pittsburgh, PA",Pennsylvania,19,Good,PM2.5
2024-10-01,"Pittsburgh, PA",Pennsylvania,24,Good,PM2.5
2024-10-02,"Pittsburgh, PA",Pennsylvania,34,Good,Ozone
2024-10-03,"Pittsburgh, PA",Pennsylvania,53,Moderate,PM2.5
2024-10-04,"Pittsburgh, PA",Pennsylvania,69,Moderate,PM2.5
2024-10-05,"Pittsburgh, PA",Pennsylvania,51,Moderate,PM2.5
2024-10-06,"Pittsburgh, PA",Pennsylvania,61,Moderate,Ozone
2024-10-07,"Pittsburgh, PA",Pennsylvania,52,Moderate,PM2.5
2024-10-08,"Pittsburgh, PA",Pennsylvania,64,Moderate,PM2.5
2024-10-09,"Pittsburgh, PA",Pennsylvania,39,Good,Ozone
2024-10-10,"Pittsburgh, PA",Pennsylvania,28,Good,PM2.5
2024-10-11,"Pittsburgh, PA",Pennsylvania,71,Moderate,PM2.5
2024-10-12,"Pittsburgh, PA",Pennsylvania,63,Moderate,PM2.5
2024-10-13,"Pittsburgh, PA",Pennsylvania,61,Moderate,PM2.5
2024-10-14,"Pittsburgh, PA",Pennsylvania,34,Good,Ozone
2024-10-15,"Pittsburgh, PA",Pennsylvania,29,Good,Ozone
2024-10-16,"Pittsburgh, PA",Pennsylvania,29,Good,Ozone
2024-10-17,"Pittsburgh, PA",Pennsylvania,35,Good,Ozone
2024-10-18,"Pittsburgh, PA",Pennsylvania,66,Moderate,PM2.5
2024-10-19,"Pittsburgh, PA",Pennsylvania,92,Moderate,PM2.5
2024-10-20,"Pittsburgh, PA",Pennsylvania,107,Unhealthy for Sensitive Groups,PM2.5
2024-10-21,"Pittsburgh, PA",Pennsylvania,93,Moderate,PM2.5
2024-10-22,"Pittsburgh, PA",Pennsylvania,94,Moderate,PM2.5
2024-10-23,"Pittsburgh, PA",Pennsylvania,65,Moderate,PM2.5
2024-10-24,"Pittsburgh, PA",Pennsylvania,46,Good,PM2.5
2024-10-25,"Pittsburgh, PA",Pennsylvania,54,Moderate,PM2.5
2024-10-26,"Pittsburgh, PA",Pennsylvania,40,Good,Ozone
2024-10-27,"Pittsburgh, PA",Pennsylvania,34,Good,Ozone
2024-10-28,"Pittsburgh, PA",Pennsylvania,49,Good,PM2.5
2024-10-29,"Pittsburgh, PA",Pennsylvania,65,Moderate,PM2.5
2024-10-30,"Pittsburgh, PA",Pennsylvania,72,Moderate,PM2.5
2024-10-31,"Pittsburgh, PA",Pennsylvania,66,Moderate,PM2.5
2024-11-01,"Pittsburgh, PA",Pennsylvania,32,Good,Ozone
2024-11-02,"Pittsburgh, PA",Pennsylvania,60,Moderate,PM2.5
2024-11-03,"Pittsburgh, PA",Pennsylvania,39,Good,Ozone
2024-11-04,"Pittsburgh, PA",Pennsylvania,38,Good,Ozone
2024-11-05,"Pittsburgh, PA",Pennsylvania,54,Moderate,PM2.5
2024-11-06,"Pittsburgh, PA",Pennsylvania,52,Moderate,PM2.5
2024-11-07,"Pittsburgh, PA",Pennsylvania,35,Good,PM2.5
2024-11-08,"Pittsburgh, PA",Pennsylvania,68,Moderate,PM2.5
2024-11-09,"Pittsburgh, PA",Pennsylvania,32,Good,Ozone
2024-11-10,"Pittsburgh, PA",Pennsylvania,52,Moderate,PM2.5
2024-11-11,"Pittsburgh, PA",Pennsylvania,31,Good,Ozone
2024-11-12,"Pittsburgh, PA",Pennsylvania,33,Good,Ozone
2024-11-13,"Pittsburgh, PA",Pennsylvania,36,Good,Ozone
2024-11-14,"Pittsburgh, PA",Pennsylvania,31,Good,Ozone
2024-11-15,"Pittsburgh, PA",Pennsylvania,42,Good,PM2.5
2024-11-16,"Pittsburgh, PA",Pennsylvania,33,Good,Ozone
2024-11-17,"Pittsburgh, PA",Pennsylvania,86,Moderate,PM2.5
2024-11-18,"Pittsburgh, PA",Pennsylvania,64,Moderate,PM2.5
2024-11-19,"Pittsburgh, PA",Pennsylvania,63,Moderate,PM2.5
2024-11-20,"Pittsburgh, PA",Pennsylvania,49,Good,PM2.5
2024-11-21,"Pittsburgh, PA",Pennsylvania,24,Good,Ozone
2024-11-22,"Pittsburgh, PA",Pennsylvania,29,Good,PM2.5
2024-11-23,"Pittsburgh, PA",Pennsylvania,24,Good,Ozone
2024-11-24,"Pittsburgh, PA",Pennsylvania,41,Good,PM2.5
2024-11-25,"Pittsburgh, PA",Pennsylvania,80,Moderate,PM2.5
2024-11-26,"Pittsburgh, PA",Pennsylvania,33,Good,PM2.5
2024-11-27,"Pittsburgh, PA",Pennsylvania,51,Moderate,PM2.5
2024-11-28,"Pittsburgh, PA",Pennsylvania,34,Good,PM2.5
2024-11-29,"Pittsburgh, PA",Pennsylvania,35,Good,PM2.5
2024-11-30,"Pittsburgh, PA",Pennsylvania,50,Good,PM2.5
2024-12-01,"Pittsburgh, PA",Pennsylvania,35,Good,PM2.5
2024-12-02,"Pittsburgh, PA",Pennsylvania,38,Good,PM2.5
2024-12-03,"Pittsburgh, PA",Pennsylvania,52,Moderate,PM2.5
2024-12-04,"Pittsburgh, PA",Pennsylvania,56,Moderate,PM2.5
2024-12-05,"Pittsburgh, PA",Pennsylvania,29,Good,Ozone
2024-12-06,"Pittsburgh, PA",Pennsylvania,36,Good,PM2.5
2024-12-07,"Pittsburgh, PA",Pennsylvania,41,Good,PM2.5
2024-12-08,"Pittsburgh, PA",Pennsylvania,52,Moderate,PM2.5
2024-12-09,"Pittsburgh, PA",Pennsylvania,54,Moderate,PM2.5
2024-12-10,"Pittsburgh, PA",Pennsylvania,52,Moderate,PM2.5
2024-12-11,"Pittsburgh, PA",Pennsylvania,57,Moderate,PM2.5
2024-12-12,"Pittsburgh, PA",Pennsylvania,36,Good,Ozone
2024-12-13,"Pittsburgh, PA",Pennsylvania,43,Good,PM2.5
2024-12-14,"Pittsburgh, PA",Pennsylvania,55,Moderate,PM2.5
2024-12-15,"Pittsburgh, PA",Pennsylvania,48,Good,PM2.5
2024-12-16,"Pittsburgh, PA",Pennsylvania,32,Good,Ozone
2024-12-17,"Pittsburgh, PA",Pennsylvania,33,Good,PM2.5
2024-12-18,"Pittsburgh, PA",Pennsylvania,59,Moderate,PM2.5
2024-12-19,"Pittsburgh, PA",Pennsylvania,43,Good,PM2.5
2024-12-20,"Pittsburgh, PA",Pennsylvania,56,Moderate,PM2.5
2024-12-21,"Pittsburgh, PA",Pennsylvania,38,Good,Ozone
2024-12-22,"Pittsburgh, PA",Pennsylvania,38,Good,PM2.5
2024-12-23,"Pittsburgh, PA",Pennsylvania,59,Moderate,PM2.5
2024-12-24,"Pittsburgh, PA",Pennsylvania,54,Moderate,PM2.5
2024-12-25,"Pittsburgh, PA",Pennsylvania,60,Moderate,PM2.5
2024-12-26,"Pittsburgh, PA",Pennsylvania,52,Moderate,PM2.5
2024-12-27,"Pittsburgh, PA",Pennsylvania,61,Moderate,PM2.5
2024-12-28,"Pittsburgh, PA",Pennsylvania,53,Moderate,PM2.5
2024-12-29,"Pittsburgh, PA",Pennsylvania,40,Good,Ozone
2024-12-30,"Pittsburgh, PA",Pennsylvania,36,Good,Ozone
2024-12-31,"Pittsburgh, PA",Pennsylvania,41,Good,PM2.5
2023-01-01,"Portland, OR",Oregon,74,Moderate,PM2.5
2023-01-02,"Portland, OR",Oregon,23,Good,Ozone
2023-01-03,"Portland, OR",Oregon,20,Good,Ozone
2023-01-04,"Portland, OR",Oregon,26,Good,Ozone
2023-01-05,"Portland, OR",Oregon,28,Good,Ozone
2023-01-06,"Portland, OR",Oregon,21,Good,Ozone
2023-01-07,"Portland, OR",Oregon,24,Good,PM2.5
2023-01-08,"Portland, OR",Oregon,29,Good,Ozone
2023-01-09,"Portland, OR",Oregon,32,Good,Ozone
2023-01-10,"Portland, OR",Oregon,23,Good,Ozone
2023-01-11,"Portland, OR",Oregon,21,Good,PM2.5
2023-01-12,"Portland, OR",Oregon,19,Good,Ozone
2023-01-13,"Portland, OR",Oregon,33,Good,PM2.5
2023-01-14,"Portland, OR",Oregon,29,Good,Ozone
2023-01-15,"Portland, OR",Oregon,32,Good,Ozone
2023-01-16,"Portland, OR",Oregon,25,Good,Ozone
2023-01-17,"Portland, OR",Oregon,30,Good,Ozone
2023-01-18,"Portland, OR",Oregon,31,Good,Ozone
2023-01-19,"Portland, OR",Oregon,52,Moderate,PM2.5
2023-01-20,"Portland, OR",Oregon,73,Moderate,PM2.5
2023-01-21,"Portland, OR",Oregon,51,Moderate,PM2.5
2023-01-22,"Portland, OR",Oregon,35,Good,PM2.5
2023-01-23,"Portland, OR",Oregon,51,Moderate,PM2.5
2023-01-24,"Portland, OR",Oregon,54,Moderate,PM2.5
2023-01-25,"Portland, OR",Oregon,52,Moderate,PM2.5
2023-01-26,"Portland, OR",Oregon,62,Moderate,PM2.5
2023-01-27,"Portland, OR",Oregon,44,Good,PM2.5
2023-01-28,"Portland, OR",Oregon,26,Good,Ozone
2023-01-29,"Portland, OR",Oregon,33,Good,Ozone
2023-01-30,"Portland, OR",Oregon,29,Good,Ozone
2023-01-31,"Portland, OR",Oregon,60,Moderate,PM2.5
2023-02-01,"Portland, OR",Oregon,80,Moderate,PM2.5
2023-02-02,"Portland, OR",Oregon,70,Moderate,PM2.5
2023-02-03,"Portland, OR",Oregon,53,Moderate,PM2.5
2023-02-04,"Portland, OR",Oregon,33,Good,PM2.5
2023-02-05,"Portland, OR",Oregon,30,Good,Ozone
2023-02-06,"Portland, OR",Oregon,30,Good,Ozone
2023-02-07,"Portland, OR",Oregon,19,Good,PM2.5
2023-02-08,"Portland, OR",Oregon,34,Good,PM2.5
2023-02-09,"Portland, OR",Oregon,29,Good,PM2.5
2023-02-10,"Portland, OR",Oregon,29,Good,PM2.5
2023-02-11,"Portland, OR",Oregon,38,Good,PM2.5
2023-02-12,"Portland, OR",Oregon,67,Moderate,PM2.5
2023-02-13,"Portland, OR",Oregon,30,Good,Ozone
2023-02-14,"Portland, OR",Oregon,31,Good,PM2.5
2023-02-15,"Portland, OR",Oregon,61,Moderate,PM2.5
2023-02-16,"Portland, OR",Oregon,62,Moderate,PM2.5
2023-02-17,"Portland, OR",Oregon,56,Moderate,PM2.5
2023-02-18,"Portland, OR",Oregon,46,Good,PM2.5
2023-02-19,"Portland, OR",Oregon,52,Moderate,PM2.5
2023-02-20,"Portland, OR",Oregon,32,Good,Ozone
2023-02-21,"Portland, OR",Oregon,31,Good,Ozone
2023-02-22,"Portland, OR",Oregon,31,Good,Ozone
2023-02-23,"Portland, OR",Oregon,32,Good,Ozone
2023-02-24,"Portland, OR",Oregon,33,Good,Ozone
2023-02-25,"Portland, OR",Oregon,52,Moderate,PM2.5
2023-02-26,"Portland, OR",Oregon,31,Good,Ozone
2023-02-27,"Portland, OR",Oregon,32,Good,Ozone
2023-02-28,"Portland, OR",Oregon,37,Good,PM2.5
2023-03-01,"Portland, OR",Oregon,46,Good,PM2.5
2023-03-02,"Portland, OR",Oregon,31,Good,Ozone
2023-03-03,"Portland, OR",Oregon,32,Good,Ozone
2023-03-04,"Portland, OR",Oregon,38,Good,Ozone
2023-03-05,"Portland, OR",Oregon,32,Good,PM2.5
2023-03-06,"Portland, OR",Oregon,31,Good,Ozone
2023-03-07,"Portland, OR",Oregon,30,Good,Ozone
2023-03-08,"Portland, OR",Oregon,30,Good,Ozone
2023-03-09,"Portland, OR",Oregon,32,Good,Ozone
2023-03-10,"Portland, OR",Oregon,34,Good,Ozone
2023-03-11,"Portland, OR",Oregon,32,Good,Ozone
2023-03-12,"Portland, OR",Oregon,23,Good,Ozone
2023-03-13,"Portland, OR",Oregon,33,Good,Ozone
2023-03-14,"Portland, OR",Oregon,32,Good,Ozone
2023-03-15,"Portland, OR",Oregon,34,Good,Ozone
2023-03-16,"Portland, OR",Oregon,39,Good,Ozone
2023-03-17,"Portland, OR",Oregon,37,Good,Ozone
2023-03-18,"Portland, OR",Oregon,40,Good,Ozone
2023-03-19,"Portland, OR",Oregon,57,Moderate,PM2.5
2023-03-20,"Portland, OR",Oregon,34,Good,Ozone
2023-03-21,"Portland, OR",Oregon,36,Good,Ozone
2023-03-22,"Portland, OR",Oregon,40,Good,PM2.5
2023-03-23,"Portland, OR",Oregon,38,Good,Ozone
2023-03-24,"Portland, OR",Oregon,32,Good,Ozone
2023-03-25,"Portland, OR",Oregon,35,Good,Ozone
2023-03-26,"Portland, OR",Oregon,34,Good,Ozone
2023-03-27,"Portland, OR",Oregon,36,Good,Ozone
2023-03-28,"Portland, OR",Oregon,35,Good,Ozone
2023-03-29,"Portland, OR",Oregon,52,Moderate,PM2.5
2023-03-30,"Portland, OR",Oregon,36,Good,Ozone
2023-03-31,"Portland, OR",Oregon,34,Good,Ozone
2023-04-01,"Portland, OR",Oregon,36,Good,Ozone
2023-04-02,"Portland, OR",Oregon,35,Good,Ozone
2023-04-03,"Portland, OR",Oregon,32,Good,Ozone
2023-04-04,"Portland, OR",Oregon,34,Good,Ozone
2023-04-05,"Portland, OR",Oregon,35,Good,Ozone
2023-04-06,"Portland, OR",Oregon,19,Good,Ozone
2023-04-07,"Portland, OR",Oregon,28,Good,Ozone
2023-04-08,"Portland, OR",Oregon,28,Good,Ozone
2023-04-09,"Portland, OR",Oregon,29,Good,Ozone
2023-04-10,"Portland, OR",Oregon,35,Good,Ozone
2023-04-11,"Portland, OR",Oregon,38,Good,Ozone
2023-04-12,"Portland, OR",Oregon,34,Good,Ozone
2023-04-13,"Portland, OR",Oregon,35,Good,Ozone
2023-04-14,"Portland, OR",Oregon,52,Moderate,PM2.5
2023-04-15,"Portland, OR",Oregon,62,Moderate,PM2.5
2023-04-16,"Portland, OR",Oregon,37,Good,PM2.5
2023-04-17,"Portland, OR",Oregon,38,Good,Ozone
2023-04-18,"Portland, OR",Oregon,37,Good,Ozone
2023-04-19,"Portland, OR",Oregon,39,Good,Ozone
2023-04-20,"Portland, OR",Oregon,51,Moderate,PM2.5
2023-04-21,"Portland, OR",Oregon,39,Good,Ozone
2023-04-22,"Portland, OR",Oregon,58,Moderate,PM2.5
2023-04-23,"Portland, OR",Oregon,41,Good,PM2.5
2023-04-24,"Portland, OR",Oregon,32,Good,Ozone
2023-04-25,"Portland, OR",Oregon,33,Good,Ozone
2023-04-26,"Portland, OR",Oregon,46,Good,NO2
2023-04-27,"Portland, OR",Oregon,34,Good,PM2.5
2023-04-28,"Portland, OR",Oregon,45,Good,Ozone
2023-04-29,"Portland, OR",Oregon,48,Good,PM2.5
2023-04-30,"Portland, OR",Oregon,33,Good,PM2.5
2023-05-01,"Portland, OR",Oregon,36,Good,PM2.5
2023-05-02,"Portland, OR",Oregon,61,Moderate,PM2.5
2023-05-03,"Portland, OR",Oregon,59,Moderate,PM2.5
2023-05-04,"Portland, OR",Oregon,53,Moderate,PM2.5
2023-05-05,"Portland, OR",Oregon,30,Good,PM2.5
2023-05-06,"Portland, OR",Oregon,31,Good,Ozone
2023-05-07,"Portland, OR",Oregon,40,Good,Ozone
2023-05-08,"Portland, OR",Oregon,41,Good,PM2.5
2023-05-09,"Portland, OR",Oregon,36,Good,Ozone
2023-05-10,"Portland, OR",Oregon,43,Good,PM2.5
2023-05-11,"Portland, OR",Oregon,46,Good,PM2.5
2023-05-12,"Portland, OR",Oregon,45,Good,Ozone
2023-05-13,"Portland, OR",Oregon,53,Moderate,PM2.5
2023-05-14,"Portland, OR",Oregon,42,Good,Ozone
2023-05-15,"Portland, OR",Oregon,48,Good,Ozone
2023-05-16,"Portland, OR",Oregon,49,Good,PM2.5
2023-05-17,"Portland, OR",Oregon,51,Moderate,PM2.5
2023-05-18,"Portland, OR",Oregon,39,Good,Ozone
2023-05-19,"Portland, OR",Oregon,50,Good,PM2.5
2023-05-20,"Portland, OR",Oregon,29,Good,Ozone
2023-05-21,"Portland, OR",Oregon,32,Good,Ozone
2023-05-22,"Portland, OR",Oregon,43,Good,PM2.5
2023-05-23,"Portland, OR",Oregon,55,Moderate,PM2.5
2023-05-24,"Portland, OR",Oregon,63,Moderate,NO2
2023-05-25,"Portland, OR",Oregon,54,Moderate,PM2.5
2023-05-26,"Portland, OR",Oregon,54,Moderate,PM2.5
2023-05-27,"Portland, OR",Oregon,43,Good,PM2.5
2023-05-28,"Portland, OR",Oregon,54,Moderate,PM2.5
2023-05-29,"Portland, OR",Oregon,46,Good,PM2.5
2023-05-30,"Portland, OR",Oregon,45,Good,PM2.5
2023-05-31,"Portland, OR",Oregon,33,Good,PM2.5
2023-06-01,"Portland, OR",Oregon,38,Good,Ozone
2023-06-02,"Portland, OR",Oregon,41,Good,Ozone
2023-06-03,"Portland, OR",Oregon,40,Good,Ozone
2023-06-04,"Portland, OR",Oregon,40,Good,Ozone
2023-06-05,"Portland, OR",Oregon,51,Moderate,Ozone
2023-06-06,"Portland, OR",Oregon,54,Moderate,Ozone
2023-06-07,"Portland, OR",Oregon,59,Moderate,PM2.5
2023-06-08,"Portland, OR",Oregon,58,Moderate,PM2.5
2023-06-09,"Portland, OR",Oregon,59,Moderate,PM2.5
2023-06-10,"Portland, OR",Oregon,42,Good,PM2.5
2023-06-11,"Portland, OR",Oregon,37,Good,Ozone
2023-06-12,"Portland, OR",Oregon,52,Moderate,PM2.5
2023-06-13,"Portland, OR",Oregon,49,Good,PM2.5
2023-06-14,"Portland, OR",Oregon,53,Moderate,PM2.5
2023-06-15,"Portland, OR",Oregon,52,Moderate,PM2.5
2023-06-16,"Portland, OR",Oregon,36,Good,PM2.5
2023-06-17,"Portland, OR",Oregon,40,Good,Ozone
2023-06-18,"Portland, OR",Oregon,32,Good,PM2.5
2023-06-19,"Portland, OR",Oregon,41,Good,PM2.5
2023-06-20,"Portland, OR",Oregon,34,Good,PM2.5
2023-06-21,"Portland, OR",Oregon,43,Good,PM2.5
2023-06-22,"Portland, OR",Oregon,43,Good,PM2.5
2023-06-23,"Portland, OR",Oregon,52,Moderate,PM2.5
2023-06-24,"Portland, OR",Oregon,31,Good,Ozone
2023-06-25,"Portland, OR",Oregon,30,Good,Ozone
2023-06-26,"Portland, OR",Oregon,27,Good,Ozone
2023-06-27,"Portland, OR",Oregon,31,Good,Ozone
2023-06-28,"Portland, OR",Oregon,31,Good,Ozone
2023-06-29,"Portland, OR",Oregon,25,Good,Ozone
2023-06-30,"Portland, OR",Oregon,23,Good,Ozone
2023-07-01,"Portland, OR",Oregon,31,Good,Ozone
2023-07-02,"Portland, OR",Oregon,36,Good,Ozone
2023-07-03,"Portland, OR",Oregon,44,Good,Ozone
2023-07-04,"Portland, OR",Oregon,53,Moderate,PM2.5
2023-07-05,"Portland, OR",Oregon,73,Moderate,PM2.5
2023-07-06,"Portland, OR",Oregon,58,Moderate,PM2.5
2023-07-07,"Portland, OR",Oregon,58,Moderate,PM2.5
2023-07-08,"Portland, OR",Oregon,39,Good,PM2.5
2023-07-09,"Portland, OR",Oregon,34,Good,Ozone
2023-07-10,"Portland, OR",Oregon,26,Good,PM2.5
2023-07-11,"Portland, OR",Oregon,36,Good,Ozone
2023-07-12,"Portland, OR",Oregon,36,Good,Ozone
2023-07-13,"Portland, OR",Oregon,31,Good,Ozone
2023-07-14,"Portland, OR",Oregon,44,Good,Ozone
2023-07-15,"Portland, OR",Oregon,42,Good,Ozone
2023-07-16,"Portland, OR",Oregon,30,Good,Ozone
2023-07-17,"Portland, OR",Oregon,29,Good,PM2.5
2023-07-18,"Portland, OR",Oregon,39,Good,Ozone
2023-07-19,"Portland, OR",Oregon,67,Moderate,PM2.5
2023-07-20,"Portland, OR",Oregon,47,Good,Ozone
2023-07-21,"Portland, OR",Oregon,29,Good,PM2.5
2023-07-22,"Portland, OR",Oregon,30,Good,Ozone
2023-07-23,"Portland, OR",Oregon,35,Good,PM2.5
2023-07-24,"Portland, OR",Oregon,38,Good,PM2.5
2023-07-25,"Portland, OR",Oregon,29,Good,Ozone
2023-07-26,"Portland, OR",Oregon,35,Good,Ozone
2023-07-27,"Portland, OR",Oregon,36,Good,PM2.5
2023-07-28,"Portland, OR",Oregon,37,Good,PM2.5
2023-07-29,"Portland, OR",Oregon,42,Good,PM2.5
2023-07-30,"Portland, OR",Oregon,32,Good,Ozone
2023-07-31,"Portland, OR",Oregon,31,Good,Ozone
2023-08-01,"Portland, OR",Oregon,42,Good,Ozone
2023-08-02,"Portland, OR",Oregon,43,Good,Ozone
2023-08-03,"Portland, OR",Oregon,29,Good,Ozone
2023-08-04,"Portland, OR",Oregon,35,Good,Ozone
2023-08-05,"Portland, OR",Oregon,31,Good,PM2.5
2023-08-06,"Portland, OR",Oregon,25,Good,PM2.5
2023-08-07,"Portland, OR",Oregon,31,Good,Ozone
2023-08-08,"Portland, OR",Oregon,36,Good,Ozone
2023-08-09,"Portland, OR",Oregon,31,Good,PM2.5
2023-08-10,"Portland, OR",Oregon,29,Good,Ozone
2023-08-11,"Portland, OR",Oregon,32,Good,Ozone
2023-08-12,"Portland, OR",Oregon,36,Good,Ozone
2023-08-13,"Portland, OR",Oregon,46,Good,PM2.5
2023-08-14,"Portland, OR",Oregon,58,Moderate,PM2.5
2023-08-15,"Portland, OR",Oregon,59,Moderate,PM2.5
2023-08-16,"Portland, OR",Oregon,74,Moderate,Ozone
2023-08-17,"Portland, OR",Oregon,45,Good,PM2.5
2023-08-18,"Portland, OR",Oregon,34,Good,PM2.5
2023-08-19,"Portland, OR",Oregon,61,Moderate,PM2.5
2023-08-20,"Portland, OR",Oregon,117,Unhealthy for Sensitive Groups,PM2.5
2023-08-21,"Portland, OR",Oregon,51,Moderate,PM2.5
2023-08-22,"Portland, OR",Oregon,57,Moderate,NO2
2023-08-23,"Portland, OR",Oregon,37,Good,PM2.5
2023-08-24,"Portland, OR",Oregon,57,Moderate,PM2.5
2023-08-25,"Portland, OR",Oregon,80,Moderate,Ozone
2023-08-26,"Portland, OR",Oregon,90,Moderate,Ozone
2023-08-27,"Portland, OR",Oregon,76,Moderate,PM2.5
2023-08-28,"Portland, OR",Oregon,65,Moderate,PM2.5
2023-08-29,"Portland, OR",Oregon,53,Moderate,PM2.5
2023-08-30,"Portland, OR",Oregon,34,Good,Ozone
2023-08-31,"Portland, OR",Oregon,58,Moderate,PM2.5
2023-09-01,"Portland, OR",Oregon,52,Moderate,PM2.5
2023-09-02,"Portland, OR",Oregon,53,Moderate,PM2.5
2023-09-03,"Portland, OR",Oregon,46,Good,PM2.5
2023-09-04,"Portland, OR",Oregon,31,Good,PM2.5
2023-09-05,"Portland, OR",Oregon,30,Good,Ozone
2023-09-06,"Portland, OR",Oregon,35,Good,Ozone
2023-09-07,"Portland, OR",Oregon,31,Good,Ozone
2023-09-08,"Portland, OR",Oregon,33,Good,PM2.5
2023-09-09,"Portland, OR",Oregon,46,Good,Ozone
2023-09-10,"Portland, OR",Oregon,40,Good,Ozone
2023-09-11,"Portland, OR",Oregon,24,Good,Ozone
2023-09-12,"Portland, OR",Oregon,33,Good,Ozone
2023-09-13,"Portland, OR",Oregon,29,Good,Ozone
2023-09-14,"Portland, OR",Oregon,68,Moderate,NO2
2023-09-15,"Portland, OR",Oregon,47,Good,Ozone
2023-09-16,"Portland, OR",Oregon,44,Good,Ozone
2023-09-17,"Portland, OR",Oregon,31,Good,Ozone
2023-09-18,"Portland, OR",Oregon,31,Good,Ozone
2023-09-19,"Portland, OR",Oregon,30,Good,Ozone
2023-09-20,"Portland, OR",Oregon,29,Good,Ozone
2023-09-21,"Portland, OR",Oregon,41,Good,PM2.5
2023-09-22,"Portland, OR",Oregon,46,Good,PM2.5
2023-09-23,"Portland, OR",Oregon,32,Good,PM2.5
2023-09-24,"Portland, OR",Oregon,61,Moderate,PM2.5
2023-09-25,"Portland, OR",Oregon,50,Good,PM2.5
2023-09-26,"Portland, OR",Oregon,27,Good,Ozone
2023-09-27,"Portland, OR",Oregon,28,Good,Ozone
2023-09-28,"Portland, OR",Oregon,22,Good,Ozone
2023-09-29,"Portland, OR",Oregon,27,Good,PM2.5
2023-09-30,"Portland, OR",Oregon,41,Good,PM2.5
2023-10-01,"Portland, OR",Oregon,43,Good,PM2.5
2023-10-02,"Portland, OR",Oregon,44,Good,PM2.5
2023-10-03,"Portland, OR",Oregon,18,Good,PM2.5
2023-10-04,"Portland, OR",Oregon,34,Good,PM2.5
2023-10-05,"Portland, OR",Oregon,53,Moderate,PM2.5
2023-10-06,"Portland, OR",Oregon,28,Good,PM2.5
2023-10-07,"Portland, OR",Oregon,38,Good,PM2.5
2023-10-08,"Portland, OR",Oregon,57,Moderate,PM2.5
2023-10-09,"Portland, OR",Oregon,44,Good,PM2.5
2023-10-10,"Portland, OR",Oregon,25,Good,PM2.5
2023-10-11,"Portland, OR",Oregon,21,Good,PM2.5
2023-10-12,"Portland, OR",Oregon,32,Good,PM2.5
2023-10-13,"Portland, OR",Oregon,32,Good,PM2.5
2023-10-14,"Portland, OR",Oregon,54,Moderate,PM2.5
2023-10-15,"Portland, OR",Oregon,38,Good,PM2.5
2023-10-16,"Portland, OR",Oregon,36,Good,PM2.5
2023-10-17,"Portland, OR",Oregon,43,Good,PM2.5
2023-10-18,"Portland, OR",Oregon,54,Moderate,PM2.5
2023-10-19,"Portland, OR",Oregon,58,Moderate,PM2.5
2023-10-20,"Portland, OR",Oregon,54,Moderate,PM2.5
2023-10-21,"Portland, OR",Oregon,56,Moderate,PM2.5
2023-10-22,"Portland, OR",Oregon,52,Moderate,PM2.5
2023-10-23,"Portland, OR",Oregon,39,Good,PM2.5
2023-10-24,"Portland, OR",Oregon,53,Moderate,PM2.5
2023-10-25,"Portland, OR",Oregon,25,Good,Ozone
2023-10-26,"Portland, OR",Oregon,54,Moderate,PM2.5
2023-10-27,"Portland, OR",Oregon,55,Moderate,PM2.5
2023-10-28,"Portland, OR",Oregon,42,Good,PM2.5
2023-10-29,"Portland, OR",Oregon,48,Good,PM2.5
2023-10-30,"Portland, OR",Oregon,56,Moderate,PM2.5
2023-10-31,"Portland, OR",Oregon,58,Moderate,PM2.5
2023-11-01,"Portland, OR",Oregon,62,Moderate,PM2.5
2023-11-02,"Portland, OR",Oregon,53,Moderate,PM2.5
2023-11-03,"Portland, OR",Oregon,61,Moderate,PM2.5
2023-11-04,"Portland, OR",Oregon,58,Moderate,PM2.5
2023-11-05,"Portland, OR",Oregon,30,Good,Ozone
2023-11-06,"Portland, OR",Oregon,33,Good,Ozone
2023-11-07,"Portland, OR",Oregon,32,Good,PM2.5
2023-11-08,"Portland, OR",Oregon,57,Moderate,PM2.5
2023-11-09,"Portland, OR",Oregon,61,Moderate,PM2.5
2023-11-10,"Portland, OR",Oregon,52,Moderate,PM2.5
2023-11-11,"Portland, OR",Oregon,33,Good,PM2.5
2023-11-12,"Portland, OR",Oregon,25,Good,Ozone
2023-11-13,"Portland, OR",Oregon,34,Good,PM2.5
2023-11-14,"Portland, OR",Oregon,38,Good,PM2.5
2023-11-15,"Portland, OR",Oregon,58,Moderate,PM2.5
2023-11-16,"Portland, OR",Oregon,40,Good,PM2.5
2023-11-17,"Portland, OR",Oregon,53,Moderate,PM2.5
2023-11-18,"Portland, OR",Oregon,44,Good,PM2.5
2023-11-19,"Portland, OR",Oregon,44,Good,PM2.5
2023-11-20,"Portland, OR",Oregon,38,Good,PM2.5
2023-11-21,"Portland, OR",Oregon,38,Good,PM2.5
2023-11-22,"Portland, OR",Oregon,39,Good,PM2.5
2023-11-23,"Portland, OR",Oregon,33,Good,PM2.5
2023-11-24,"Portland, OR",Oregon,52,Moderate,PM2.5
2023-11-25,"Portland, OR",Oregon,43,Good,PM2.5
2023-11-26,"Portland, OR",Oregon,43,Good,PM2.5
2023-11-27,"Portland, OR",Oregon,31,Good,PM2.5
2023-11-28,"Portland, OR",Oregon,51,Moderate,PM2.5
2023-11-29,"Portland, OR",Oregon,58,Moderate,PM2.5
2023-11-30,"Portland, OR",Oregon,58,Moderate,PM2.5
2023-12-01,"Portland, OR",Oregon,36,Good,PM2.5
2023-12-02,"Portland, OR",Oregon,42,Good,PM2.5
2023-12-03,"Portland, OR",Oregon,28,Good,Ozone
2023-12-04,"Portland, OR",Oregon,28,Good,Ozone
2023-12-05,"Portland, OR",Oregon,32,Good,PM2.5
2023-12-06,"Portland, OR",Oregon,31,Good,Ozone
2023-12-07,"Portland, OR",Oregon,31,Good,Ozone
2023-12-08,"Portland, OR",Oregon,36,Good,PM2.5
2023-12-09,"Portland, OR",Oregon,38,Good,PM2.5
2023-12-10,"Portland, OR",Oregon,31,Good,Ozone
2023-12-11,"Portland, OR",Oregon,38,Good,PM2.5
2023-12-12,"Portland, OR",Oregon,25,Good,PM2.5
2023-12-13,"Portland, OR",Oregon,19,Good,Ozone
2023-12-14,"Portland, OR",Oregon,35,Good,PM2.5
2023-12-15,"Portland, OR",Oregon,34,Good,PM2.5
2023-12-16,"Portland, OR",Oregon,55,Moderate,PM2.5
2023-12-17,"Portland, OR",Oregon,52,Moderate,PM2.5
2023-12-18,"Portland, OR",Oregon,31,Good,PM2.5
2023-12-19,"Portland, OR",Oregon,22,Good,PM2.5
2023-12-20,"Portland, OR",Oregon,52,Moderate,PM2.5
2023-12-21,"Portland, OR",Oregon,54,Moderate,PM2.5
2023-12-22,"Portland, OR",Oregon,39,Good,PM2.5
2023-12-23,"Portland, OR",Oregon,54,Moderate,PM2.5
2023-12-24,"Portland, OR",Oregon,40,Good,PM2.5
2023-12-25,"Portland, OR",Oregon,39,Good,PM2.5
2023-12-26,"Portland, OR",Oregon,19,Good,Ozone
2023-12-27,"Portland, OR",Oregon,22,Good,PM2.5
2023-12-28,"Portland, OR",Oregon,19,Good,PM2.5
2023-12-29,"Portland, OR",Oregon,21,Good,PM2.5
2023-12-30,"Portland, OR",Oregon,33,Good,PM2.5
2023-12-31,"Portland, OR",Oregon,52,Moderate,PM2.5
2024-01-01,"Portland, OR",Oregon,29,Good,PM2.5
2024-01-02,"Portland, OR",Oregon,17,Good,Ozone
2024-01-03,"Portland, OR",Oregon,25,Good,Ozone
2024-01-04,"Portland, OR",Oregon,29,Good,PM2.5
2024-01-05,"Portland, OR",Oregon,32,Good,PM2.5
2024-01-06,"Portland, OR",Oregon,29,Good,Ozone
2024-01-07,"Portland, OR",Oregon,24,Good,Ozone
2024-01-08,"Portland, OR",Oregon,35,Good,Ozone
2024-01-09,"Portland, OR",Oregon,35,Good,Ozone
2024-01-10,"Portland, OR",Oregon,30,Good,Ozone
2024-01-11,"Portland, OR",Oregon,29,Good,Ozone
2024-01-12,"Portland, OR",Oregon,29,Good,Ozone
2024-01-13,"Portland, OR",Oregon,28,Good,Ozone
2024-01-14,"Portland, OR",Oregon,30,Good,Ozone
2024-01-15,"Portland, OR",Oregon,31,Good,Ozone
2024-01-16,"Portland, OR",Oregon,43,Good,PM2.5
2024-01-17,"Portland, OR",Oregon,64,Moderate,PM2.5
2024-01-18,"Portland, OR",Oregon,35,Good,PM2.5
2024-01-19,"Portland, OR",Oregon,31,Good,Ozone
2024-01-20,"Portland, OR",Oregon,30,Good,Ozone
2024-01-21,"Portland, OR",Oregon,37,Good,PM2.5
2024-01-22,"Portland, OR",Oregon,28,Good,Ozone
2024-01-23,"Portland, OR",Oregon,30,Good,Ozone
2024-01-24,"Portland, OR",Oregon,31,Good,Ozone
2024-01-25,"Portland, OR",Oregon,31,Good,Ozone
2024-01-26,"Portland, OR",Oregon,19,Good,Ozone
2024-01-27,"Portland, OR",Oregon,19,Good,PM2.5
2024-01-28,"Portland, OR",Oregon,17,Good,PM2.5
2024-01-29,"Portland, OR",Oregon,21,Good,PM2.5
2024-01-30,"Portland, OR",Oregon,22,Good,PM2.5
2024-01-31,"Portland, OR",Oregon,21,Good,PM2.5
2024-02-01,"Portland, OR",Oregon,30,Good,Ozone
2024-02-02,"Portland, OR",Oregon,34,Good,Ozone
2024-02-03,"Portland, OR",Oregon,64,Moderate,PM2.5
2024-02-04,"Portland, OR",Oregon,54,Moderate,PM2.5
2024-02-05,"Portland, OR",Oregon,30,Good,Ozone
2024-02-06,"Portland, OR",Oregon,28,Good,PM2.5
2024-02-07,"Portland, OR",Oregon,34,Good,PM2.5
2024-02-08,"Portland, OR",Oregon,40,Good,PM2.5
2024-02-09,"Portland, OR",Oregon,33,Good,PM2.5
2024-02-10,"Portland, OR",Oregon,36,Good,PM2.5
2024-02-11,"Portland, OR",Oregon,39,Good,PM2.5
2024-02-12,"Portland, OR",Oregon,31,Good,Ozone
2024-02-13,"Portland, OR",Oregon,54,Moderate,PM2.5
2024-02-14,"Portland, OR",Oregon,41,Good,PM2.5
2024-02-15,"Portland, OR",Oregon,30,Good,Ozone
2024-02-16,"Portland, OR",Oregon,33,Good,Ozone
2024-02-17,"Portland, OR",Oregon,31,Good,Ozone
2024-02-18,"Portland, OR",Oregon,27,Good,Ozone
2024-02-19,"Portland, OR",Oregon,26,Good,Ozone
2024-02-20,"Portland, OR",Oregon,19,Good,Ozone
2024-02-21,"Portland, OR",Oregon,29,Good,Ozone
2024-02-22,"Portland, OR",Oregon,27,Good,NO2
2024-02-23,"Portland, OR",Oregon,52,Moderate,PM2.5
2024-02-24,"Portland, OR",Oregon,61,Moderate,PM2.5
2024-02-25,"Portland, OR",Oregon,45,Good,PM2.5
2024-02-26,"Portland, OR",Oregon,31,Good,Ozone
2024-02-27,"Portland, OR",Oregon,31,Good,Ozone
2024-02-28,"Portland, OR",Oregon,34,Good,Ozone
2024-02-29,"Portland, OR",Oregon,36,Good,Ozone
2024-03-01,"Portland, OR",Oregon,34,Good,Ozone
2024-03-02,"Portland, OR",Oregon,33,Good,Ozone
2024-03-03,"Portland, OR",Oregon,32,Good,Ozone
2024-03-04,"Portland, OR",Oregon,31,Good,Ozone
2024-03-05,"Portland, OR",Oregon,44,Good,PM2.5
2024-03-06,"Portland, OR",Oregon,49,Good,PM2.5
2024-03-07,"Portland, OR",Oregon,54,Moderate,PM2.5
2024-03-08,"Portland, OR",Oregon,55,Moderate,PM2.5
2024-03-09,"Portland, OR",Oregon,40,Good,Ozone
2024-03-10,"Portland, OR",Oregon,40,Good,Ozone
2024-03-11,"Portland, OR",Oregon,32,Good,Ozone
2024-03-12,"Portland, OR",Oregon,38,Good,Ozone
2024-03-13,"Portland, OR",Oregon,32,Good,Ozone
2024-03-14,"Portland, OR",Oregon,37,Good,PM2.5
2024-03-15,"Portland, OR",Oregon,36,Good,Ozone
2024-03-16,"Portland, OR",Oregon,37,Good,Ozone
2024-03-17,"Portland, OR",Oregon,36,Good,PM2.5
2024-03-18,"Portland, OR",Oregon,56,Moderate,PM2.5
2024-03-19,"Portland, OR",Oregon,60,Moderate,PM2.5
2024-03-20,"Portland, OR",Oregon,35,Good,Ozone
2024-03-21,"Portland, OR",Oregon,34,Good,Ozone
2024-03-22,"Portland, OR",Oregon,39,Good,PM2.5
2024-03-23,"Portland, OR",Oregon,36,Good,Ozone
2024-03-24,"Portland, OR",Oregon,25,Good,Ozone
2024-03-25,"Portland, OR",Oregon,31,Good,PM2.5
2024-03-26,"Portland, OR",Oregon,35,Good,Ozone
2024-03-27,"Portland, OR",Oregon,38,Good,Ozone
2024-03-28,"Portland, OR",Oregon,38,Good,Ozone
2024-03-29,"Portland, OR",Oregon,38,Good,Ozone
2024-03-30,"Portland, OR",Oregon,39,Good,Ozone
2024-03-31,"Portland, OR",Oregon,38,Good,Ozone
2024-04-01,"Portland, OR",Oregon,51,Moderate,PM2.5
2024-04-02,"Portland, OR",Oregon,42,Good,PM2.5
2024-04-03,"Portland, OR",Oregon,36,Good,Ozone
2024-04-04,"Portland, OR",Oregon,31,Good,PM2.5
2024-04-05,"Portland, OR",Oregon,31,Good,Ozone
2024-04-06,"Portland, OR",Oregon,31,Good,Ozone
2024-04-07,"Portland, OR",Oregon,40,Good,Ozone
2024-04-08,"Portland, OR",Oregon,37,Good,Ozone
2024-04-09,"Portland, OR",Oregon,38,Good,Ozone
2024-04-10,"Portland, OR",Oregon,38,Good,Ozone
2024-04-11,"Portland, OR",Oregon,37,Good,Ozone
2024-04-12,"Portland, OR",Oregon,32,Good,Ozone
2024-04-13,"Portland, OR",Oregon,36,Good,PM2.5
2024-04-14,"Portland, OR",Oregon,40,Good,Ozone
2024-04-15,"Portland, OR",Oregon,40,Good,Ozone
2024-04-16,"Portland, OR",Oregon,39,Good,Ozone
2024-04-17,"Portland, OR",Oregon,38,Good,Ozone
2024-04-18,"Portland, OR",Oregon,43,Good,Ozone
2024-04-19,"Portland, OR",Oregon,42,Good,Ozone
2024-04-20,"Portland, OR",Oregon,42,Good,Ozone
2024-04-21,"Portland, OR",Oregon,42,Good,Ozone
2024-04-22,"Portland, OR",Oregon,37,Good,Ozone
2024-04-23,"Portland, OR",Oregon,48,Good,Ozone
2024-04-24,"Portland, OR",Oregon,37,Good,Ozone
2024-04-25,"Portland, OR",Oregon,30,Good,Ozone
2024-04-26,"Portland, OR",Oregon,31,Good,Ozone
2024-04-27,"Portland, OR",Oregon,33,Good,Ozone
2024-04-28,"Portland, OR",Oregon,40,Good,Ozone
2024-04-29,"Portland, OR",Oregon,35,Good,Ozone
2024-04-30,"Portland, OR",Oregon,29,Good,Ozone
2024-05-01,"Portland, OR",Oregon,37,Good,Ozone
2024-05-02,"Portland, OR",Oregon,30,Good,Ozone
2024-05-03,"Portland, OR",Oregon,27,Good,Ozone
2024-05-04,"Portland, OR",Oregon,32,Good,Ozone
2024-05-05,"Portland, OR",Oregon,31,Good,Ozone
2024-05-06,"Portland, OR",Oregon,36,Good,Ozone
2024-05-07,"Portland, OR",Oregon,31,Good,Ozone
2024-05-08,"Portland, OR",Oregon,36,Good,Ozone
2024-05-09,"Portland, OR",Oregon,40,Good,Ozone
2024-05-10,"Portland, OR",Oregon,47,Good,Ozone
2024-05-11,"Portland, OR",Oregon,61,Moderate,Ozone
2024-05-12,"Portland, OR",Oregon,45,Good,Ozone
2024-05-13,"Portland, OR",Oregon,31,Good,Ozone
2024-05-14,"Portland, OR",Oregon,42,Good,Ozone
2024-05-15,"Portland, OR",Oregon,35,Good,Ozone
2024-05-16,"Portland, OR",Oregon,31,Good,Ozone
2024-05-17,"Portland, OR",Oregon,35,Good,Ozone
2024-05-18,"Portland, OR",Oregon,33,Good,Ozone
2024-05-19,"Portland, OR",Oregon,38,Good,Ozone
2024-05-20,"Portland, OR",Oregon,36,Good,Ozone
2024-05-21,"Portland, OR",Oregon,28,Good,Ozone
2024-05-22,"Portland, OR",Oregon,31,Good,Ozone
2024-05-23,"Portland, OR",Oregon,31,Good,Ozone
2024-05-24,"Portland, OR",Oregon,34,Good,PM2.5
2024-05-25,"Portland, OR",Oregon,33,Good,Ozone
2024-05-26,"Portland, OR",Oregon,38,Good,Ozone
2024-05-27,"Portland, OR",Oregon,36,Good,Ozone
2024-05-28,"Portland, OR",Oregon,31,Good,Ozone
2024-05-29,"Portland, OR",Oregon,32,Good,Ozone
2024-05-30,"Portland, OR",Oregon,32,Good,Ozone
2024-05-31,"Portland, OR",Oregon,40,Good,Ozone
2024-06-01,"Portland, OR",Oregon,31,Good,Ozone
2024-06-02,"Portland, OR",Oregon,23,Good,Ozone
2024-06-03,"Portland, OR",Oregon,29,Good,Ozone
2024-06-04,"Portland, OR",Oregon,26,Good,Ozone
2024-06-05,"Portland, OR",Oregon,39,Good,Ozone
2024-06-06,"Portland, OR",Oregon,41,Good,Ozone
2024-06-07,"Portland, OR",Oregon,44,Good,Ozone
2024-06-08,"Portland, OR",Oregon,46,Good,Ozone
2024-06-09,"Portland, OR",Oregon,24,Good,Ozone
2024-06-10,"Portland, OR",Oregon,43,Good,Ozone
2024-06-11,"Portland, OR",Oregon,34,Good,Ozone
2024-06-12,"Portland, OR",Oregon,41,Good,Ozone
2024-06-13,"Portland, OR",Oregon,35,Good,Ozone
2024-06-14,"Portland, OR",Oregon,34,Good,Ozone
2024-06-15,"Portland, OR",Oregon,27,Good,Ozone
2024-06-16,"Portland, OR",Oregon,27,Good,Ozone
2024-06-17,"Portland, OR",Oregon,22,Good,Ozone
2024-06-18,"Portland, OR",Oregon,31,Good,Ozone
2024-06-19,"Portland, OR",Oregon,41,Good,Ozone
2024-06-20,"Portland, OR",Oregon,47,Good,Ozone
2024-06-21,"Portland, OR",Oregon,47,Good,Ozone
2024-06-22,"Portland, OR",Oregon,48,Good,Ozone
2024-06-23,"Portland, OR",Oregon,28,Good,Ozone
2024-06-24,"Portland, OR",Oregon,31,Good,Ozone
2024-06-25,"Portland, OR",Oregon,74,Moderate,Ozone
2024-06-26,"Portland, OR",Oregon,27,Good,Ozone
2024-06-27,"Portland, OR",Oregon,23,Good,Ozone
2024-06-28,"Portland, OR",Oregon,32,Good,Ozone
2024-06-29,"Portland, OR",Oregon,28,Good,Ozone
2024-06-30,"Portland, OR",Oregon,26,Good,Ozone
2024-07-01,"Portland, OR",Oregon,24,Good,Ozone
2024-07-02,"Portland, OR",Oregon,31,Good,Ozone
2024-07-03,"Portland, OR",Oregon,33,Good,Ozone
2024-07-04,"Portland, OR",Oregon,47,Good,Ozone
2024-07-05,"Portland, OR",Oregon,58,Moderate,PM2.5
2024-07-06,"Portland, OR",Oregon,45,Good,Ozone
2024-07-07,"Portland, OR",Oregon,58,Moderate,Ozone
2024-07-08,"Portland, OR",Oregon,93,Moderate,Ozone
2024-07-09,"Portland, OR",Oregon,90,Moderate,Ozone
2024-07-10,"Portland, OR",Oregon,39,Good,Ozone
2024-07-11,"Portland, OR",Oregon,30,Good,Ozone
2024-07-12,"Portland, OR",Oregon,36,Good,Ozone
2024-07-13,"Portland, OR",Oregon,43,Good,Ozone
2024-07-14,"Portland, OR",Oregon,36,Good,Ozone
2024-07-15,"Portland, OR",Oregon,28,Good,Ozone
2024-07-16,"Portland, OR",Oregon,54,Moderate,Ozone
2024-07-17,"Portland, OR",Oregon,42,Good,Ozone
2024-07-18,"Portland, OR",Oregon,47,Good,Ozone
2024-07-19,"Portland, OR",Oregon,39,Good,Ozone
2024-07-20,"Portland, OR",Oregon,44,Good,Ozone
2024-07-21,"Portland, OR",Oregon,24,Good,Ozone
2024-07-22,"Portland, OR",Oregon,26,Good,Ozone
2024-07-23,"Portland, OR",Oregon,36,Good,Ozone
2024-07-24,"Portland, OR",Oregon,31,Good,Ozone
2024-07-25,"Portland, OR",Oregon,26,Good,Ozone
2024-07-26,"Portland, OR",Oregon,36,Good,Ozone
2024-07-27,"Portland, OR",Oregon,31,Good,Ozone
2024-07-28,"Portland, OR",Oregon,42,Good,PM2.5
2024-07-29,"Portland, OR",Oregon,23,Good,PM2.5
2024-07-30,"Portland, OR",Oregon,24,Good,Ozone
2024-07-31,"Portland, OR",Oregon,31,Good,Ozone
2024-08-01,"Portland, OR",Oregon,54,Moderate,Ozone
2024-08-02,"Portland, OR",Oregon,44,Good,Ozone
2024-08-03,"Portland, OR",Oregon,37,Good,Ozone
2024-08-04,"Portland, OR",Oregon,40,Good,Ozone
2024-08-05,"Portland, OR",Oregon,41,Good,PM2.5
2024-08-06,"Portland, OR",Oregon,37,Good,PM2.5
2024-08-07,"Portland, OR",Oregon,48,Good,PM2.5
2024-08-08,"Portland, OR",Oregon,61,Moderate,PM2.5
2024-08-09,"Portland, OR",Oregon,55,Moderate,PM2.5
2024-08-10,"Portland, OR",Oregon,52,Moderate,PM2.5
2024-08-11,"Portland, OR",Oregon,26,Good,Ozone
2024-08-12,"Portland, OR",Oregon,32,Good,Ozone
2024-08-13,"Portland, OR",Oregon,35,Good,Ozone
2024-08-14,"Portland, OR",Oregon,37,Good,PM2.5
2024-08-15,"Portland, OR",Oregon,28,Good,PM2.5
2024-08-16,"Portland, OR",Oregon,28,Good,Ozone
2024-08-17,"Portland, OR",Oregon,44,Good,PM2.5
2024-08-18,"Portland, OR",Oregon,31,Good,Ozone
2024-08-19,"Portland, OR",Oregon,34,Good,Ozone
2024-08-20,"Portland, OR",Oregon,34,Good,PM2.5
2024-08-21,"Portland, OR",Oregon,26,Good,Ozone
2024-08-22,"Portland, OR",Oregon,27,Good,Ozone
2024-08-23,"Portland, OR",Oregon,27,Good,Ozone
2024-08-24,"Portland, OR",Oregon,33,Good,PM2.5
2024-08-25,"Portland, OR",Oregon,40,Good,PM2.5
2024-08-26,"Portland, OR",Oregon,44,Good,PM2.5
2024-08-27,"Portland, OR",Oregon,32,Good,Ozone
2024-08-28,"Portland, OR",Oregon,32,Good,Ozone
2024-08-29,"Portland, OR",Oregon,41,Good,Ozone
2024-08-30,"Portland, OR",Oregon,54,Moderate,Ozone
2024-08-31,"Portland, OR",Oregon,87,Moderate,Ozone
2024-09-01,"Portland, OR",Oregon,44,Good,Ozone
2024-09-02,"Portland, OR",Oregon,27,Good,PM2.5
2024-09-03,"Portland, OR",Oregon,24,Good,PM2.5
2024-09-04,"Portland, OR",Oregon,41,Good,PM2.5
2024-09-05,"Portland, OR",Oregon,73,Moderate,PM2.5
2024-09-06,"Portland, OR",Oregon,87,Moderate,Ozone
2024-09-07,"Portland, OR",Oregon,75,Moderate,PM2.5
2024-09-08,"Portland, OR",Oregon,55,Moderate,PM2.5
2024-09-09,"Portland, OR",Oregon,28,Good,PM2.5
2024-09-10,"Portland, OR",Oregon,33,Good,Ozone
2024-09-11,"Portland, OR",Oregon,22,Good,Ozone
2024-09-12,"Portland, OR",Oregon,24,Good,PM2.5
2024-09-13,"Portland, OR",Oregon,33,Good,PM2.5
2024-09-14,"Portland, OR",Oregon,24,Good,Ozone
2024-09-15,"Portland, OR",Oregon,27,Good,PM2.5
2024-09-16,"Portland, OR",Oregon,32,Good,PM2.5
2024-09-17,"Portland, OR",Oregon,27,Good,PM2.5
2024-09-18,"Portland, OR",Oregon,29,Good,PM2.5
2024-09-19,"Portland, OR",Oregon,29,Good,PM2.5
2024-09-20,"Portland, OR",Oregon,31,Good,Ozone
2024-09-21,"Portland, OR",Oregon,31,Good,Ozone
2024-09-22,"Portland, OR",Oregon,32,Good,PM2.5
2024-09-23,"Portland, OR",Oregon,17,Good,Ozone
2024-09-24,"Portland, OR",Oregon,31,Good,Ozone
2024-09-25,"Portland, OR",Oregon,19,Good,PM2.5
2024-09-26,"Portland, OR",Oregon,32,Good,PM2.5
2024-09-27,"Portland, OR",Oregon,32,Good,Ozone
2024-09-28,"Portland, OR",Oregon,29,Good,Ozone
2024-09-29,"Portland, OR",Oregon,33,Good,Ozone
2024-09-30,"Portland, OR",Oregon,35,Good,Ozone
2024-10-01,"Portland, OR",Oregon,38,Good,Ozone
2024-10-02,"Portland, OR",Oregon,35,Good,Ozone
2024-10-03,"Portland, OR",Oregon,36,Good,Ozone
2024-10-04,"Portland, OR",Oregon,44,Good,PM2.5
2024-10-05,"Portland, OR",Oregon,52,Moderate,PM2.5
2024-10-06,"Portland, OR",Oregon,53,Moderate,PM2.5
2024-10-07,"Portland, OR",Oregon,47,Good,PM2.5
2024-10-08,"Portland, OR",Oregon,43,Good,PM2.5
2024-10-09,"Portland, OR",Oregon,28,Good,Ozone
2024-10-10,"Portland, OR",Oregon,38,Good,PM2.5
2024-10-11,"Portland, OR",Oregon,47,Good,PM2.5
2024-10-12,"Portland, OR",Oregon,55,Moderate,PM2.5
2024-10-13,"Portland, OR",Oregon,68,Moderate,PM2.5
2024-10-14,"Portland, OR",Oregon,51,Moderate,PM2.5
2024-10-15,"Portland, OR",Oregon,39,Good,PM2.5
2024-10-16,"Portland, OR",Oregon,29,Good,Ozone
2024-10-17,"Portland, OR",Oregon,37,Good,PM2.5
2024-10-18,"Portland, OR",Oregon,56,Moderate,PM2.5
2024-10-19,"Portland, OR",Oregon,57,Moderate,PM2.5
2024-10-20,"Portland, OR",Oregon,58,Moderate,PM2.5
2024-10-21,"Portland, OR",Oregon,29,Good,Ozone
2024-10-22,"Portland, OR",Oregon,44,Good,PM2.5
2024-10-23,"Portland, OR",Oregon,57,Moderate,PM2.5
2024-10-24,"Portland, OR",Oregon,54,Moderate,PM2.5
2024-10-25,"Portland, OR",Oregon,30,Good,Ozone
2024-10-26,"Portland, OR",Oregon,41,Good,PM2.5
2024-10-27,"Portland, OR",Oregon,30,Good,Ozone
2024-10-28,"Portland, OR",Oregon,31,Good,PM2.5
2024-10-29,"Portland, OR",Oregon,48,Good,PM2.5
2024-10-30,"Portland, OR",Oregon,32,Good,PM2.5
2024-10-31,"Portland, OR",Oregon,33,Good,Ozone
2024-11-01,"Portland, OR",Oregon,34,Good,Ozone
2024-11-02,"Portland, OR",Oregon,26,Good,PM2.5
2024-11-03,"Portland, OR",Oregon,42,Good,PM2.5
2024-11-04,"Portland, OR",Oregon,37,Good,PM2.5
2024-11-05,"Portland, OR",Oregon,52,Moderate,PM2.5
2024-11-06,"Portland, OR",Oregon,54,Moderate,PM2.5
2024-11-07,"Portland, OR",Oregon,55,Moderate,PM2.5
2024-11-08,"Portland, OR",Oregon,69,Moderate,PM2.5
2024-11-09,"Portland, OR",Oregon,91,Moderate,PM2.5
2024-11-10,"Portland, OR",Oregon,69,Moderate,PM2.5
2024-11-11,"Portland, OR",Oregon,32,Good,Ozone
2024-11-12,"Portland, OR",Oregon,28,Good,PM2.5
2024-11-13,"Portland, OR",Oregon,32,Good,Ozone
2024-11-14,"Portland, OR",Oregon,31,Good,Ozone
2024-11-15,"Portland, OR",Oregon,51,Moderate,PM2.5
2024-11-16,"Portland, OR",Oregon,53,Moderate,PM2.5
2024-11-17,"Portland, OR",Oregon,31,Good,Ozone
2024-11-18,"Portland, OR",Oregon,30,Good,Ozone
2024-11-19,"Portland, OR",Oregon,28,Good,Ozone
2024-11-20,"Portland, OR",Oregon,30,Good,Ozone
2024-11-21,"Portland, OR",Oregon,41,Good,PM2.5
2024-11-22,"Portland, OR",Oregon,34,Good,Ozone
2024-11-23,"Portland, OR",Oregon,27,Good,Ozone
2024-11-24,"Portland, OR",Oregon,23,Good,Ozone
2024-11-25,"Portland, OR",Oregon,41,Good,PM2.5
2024-11-26,"Portland, OR",Oregon,58,Moderate,PM2.5
2024-11-27,"Portland, OR",Oregon,64,Moderate,PM2.5
2024-11-28,"Portland, OR",Oregon,52,Moderate,PM2.5
2024-11-29,"Portland, OR",Oregon,55,Moderate,PM2.5
2024-11-30,"Portland, OR",Oregon,52,Moderate,PM2.5
2024-12-01,"Portland, OR",Oregon,54,Moderate,PM2.5
2024-12-02,"Portland, OR",Oregon,55,Moderate,PM2.5
2024-12-03,"Portland, OR",Oregon,55,Moderate,PM2.5
2024-12-04,"Portland, OR",Oregon,29,Good,PM2.5
2024-12-05,"Portland, OR",Oregon,42,Good,PM2.5
2024-12-06,"Portland, OR",Oregon,44,Good,PM2.5
2024-12-07,"Portland, OR",Oregon,47,Good,PM2.5
2024-12-08,"Portland, OR",Oregon,29,Good,PM2.5
2024-12-09,"Portland, OR",Oregon,43,Good,PM2.5
2024-12-10,"Portland, OR",Oregon,52,Moderate,PM2.5
2024-12-11,"Portland, OR",Oregon,47,Good,PM2.5
2024-12-12,"Portland, OR",Oregon,41,Good,PM2.5
2024-12-13,"Portland, OR",Oregon,40,Good,PM2.5
2024-12-14,"Portland, OR",Oregon,21,Good,PM2.5
2024-12-15,"Portland, OR",Oregon,22,Good,PM2.5
2024-12-16,"Portland, OR",Oregon,27,Good,PM2.5
2024-12-17,"Portland, OR",Oregon,23,Good,PM2.5
2024-12-18,"Portland, OR",Oregon,37,Good,PM2.5
2024-12-19,"Portland, OR",Oregon,33,Good,PM2.5
2024-12-20,"Portland, OR",Oregon,25,Good,PM2.5
2024-12-21,"Portland, OR",Oregon,29,Good,Ozone
2024-12-22,"Portland, OR",Oregon,27,Good,PM2.5
2024-12-23,"Portland, OR",Oregon,40,Good,PM2.5
2024-12-24,"Portland, OR",Oregon,33,Good,PM2.5
2024-12-25,"Portland, OR",Oregon,48,Good,PM2.5
2024-12-26,"Portland, OR",Oregon,36,Good,Ozone
2024-12-27,"Portland, OR",Oregon,32,Good,Ozone
2024-12-28,"Portland, OR",Oregon,39,Good,PM2.5
2024-12-29,"Portland, OR",Oregon,28,Good,Ozone
2024-12-30,"Portland, OR",Oregon,38,Good,PM2.5
2024-12-31,"Portland, OR",Oregon,48,Good,PM2.5
2023-01-01,"Salt Lake City, UT",Utah,38,Good,PM2.5
2023-01-02,"Salt Lake City, UT",Utah,35,Good,Ozone
2023-01-03,"Salt Lake City, UT",Utah,60,Moderate,PM2.5
2023-01-04,"Salt Lake City, UT",Utah,56,Moderate,PM2.5
2023-01-05,"Salt Lake City, UT",Utah,35,Good,Ozone
2023-01-06,"Salt Lake City, UT",Utah,43,Good,PM2.5
2023-01-07,"Salt Lake City, UT",Utah,54,Moderate,PM2.5
2023-01-08,"Salt Lake City, UT",Utah,40,Good,NO2
2023-01-09,"Salt Lake City, UT",Utah,38,Good,NO2
2023-01-10,"Salt Lake City, UT",Utah,31,Good,Ozone
2023-01-11,"Salt Lake City, UT",Utah,42,Good,NO2
2023-01-12,"Salt Lake City, UT",Utah,43,Good,NO2
2023-01-13,"Salt Lake City, UT",Utah,57,Moderate,PM2.5
2023-01-14,"Salt Lake City, UT",Utah,55,Moderate,PM2.5
2023-01-15,"Salt Lake City, UT",Utah,38,Good,NO2
2023-01-16,"Salt Lake City, UT",Utah,38,Good,NO2
2023-01-17,"Salt Lake City, UT",Utah,49,Good,PM2.5
2023-01-18,"Salt Lake City, UT",Utah,39,Good,NO2
2023-01-19,"Salt Lake City, UT",Utah,48,Good,PM2.5
2023-01-20,"Salt Lake City, UT",Utah,39,Good,PM2.5
2023-01-21,"Salt Lake City, UT",Utah,46,Good,PM2.5
2023-01-22,"Salt Lake City, UT",Utah,53,Moderate,PM2.5
2023-01-23,"Salt Lake City, UT",Utah,49,Good,PM2.5
2023-01-24,"Salt Lake City, UT",Utah,53,Moderate,PM2.5
2023-01-25,"Salt Lake City, UT",Utah,69,Moderate,PM2.5
2023-01-26,"Salt Lake City, UT",Utah,70,Moderate,PM2.5
2023-01-27,"Salt Lake City, UT",Utah,43,Good,PM2.5
2023-01-28,"Salt Lake City, UT",Utah,35,Good,Ozone
2023-01-29,"Salt Lake City, UT",Utah,35,Good,NO2
2023-01-30,"Salt Lake City, UT",Utah,37,Good,Ozone
2023-01-31,"Salt Lake City, UT",Utah,64,Moderate,PM2.5
2023-02-01,"Salt Lake City, UT",Utah,93,Moderate,PM2.5
2023-02-02,"Salt Lake City, UT",Utah,115,Unhealthy for Sensitive Groups,PM2.5
2023-02-03,"Salt Lake City, UT",Utah,133,Unhealthy for Sensitive Groups,PM2.5
2023-02-04,"Salt Lake City, UT",Utah,143,Unhealthy for Sensitive Groups,PM2.5
2023-02-05,"Salt Lake City, UT",Utah,99,Moderate,PM2.5
2023-02-06,"Salt Lake City, UT",Utah,54,Moderate,PM2.5
2023-02-07,"Salt Lake City, UT",Utah,59,Moderate,PM2.5
2023-02-08,"Salt Lake City, UT",Utah,61,Moderate,PM2.5
2023-02-09,"Salt Lake City, UT",Utah,48,Good,NO2
2023-02-10,"Salt Lake City, UT",Utah,67,Moderate,PM2.5
2023-02-11,"Salt Lake City, UT",Utah,90,Moderate,PM2.5
2023-02-12,"Salt Lake City, UT",Utah,86,Moderate,PM2.5
2023-02-13,"Salt Lake City, UT",Utah,89,Moderate,PM2.5
2023-02-14,"Salt Lake City, UT",Utah,43,Good,NO2
2023-02-15,"Salt Lake City, UT",Utah,39,Good,Ozone
2023-02-16,"Salt Lake City, UT",Utah,50,Good,NO2
2023-02-17,"Salt Lake City, UT",Utah,63,Moderate,PM2.5
2023-02-18,"Salt Lake City, UT",Utah,76,Moderate,PM2.5
2023-02-19,"Salt Lake City, UT",Utah,55,Moderate,PM2.5
2023-02-20,"Salt Lake City, UT",Utah,43,Good,PM2.5
2023-02-21,"Salt Lake City, UT",Utah,43,Good,Ozone
2023-02-22,"Salt Lake City, UT",Utah,42,Good,Ozone
2023-02-23,"Salt Lake City, UT",Utah,41,Good,Ozone
2023-02-24,"Salt Lake City, UT",Utah,47,Good,Ozone
2023-02-25,"Salt Lake City, UT",Utah,53,Moderate,NO2
2023-02-26,"Salt Lake City, UT",Utah,54,Moderate,Ozone
2023-02-27,"Salt Lake City, UT",Utah,45,Good,Ozone
2023-02-28,"Salt Lake City, UT",Utah,46,Good,Ozone
2023-03-01,"Salt Lake City, UT",Utah,44,Good,Ozone
2023-03-02,"Salt Lake City, UT",Utah,44,Good,Ozone
2023-03-03,"Salt Lake City, UT",Utah,43,Good,Ozone
2023-03-04,"Salt Lake City, UT",Utah,47,Good,Ozone
2023-03-05,"Salt Lake City, UT",Utah,48,Good,Ozone
2023-03-06,"Salt Lake City, UT",Utah,49,Good,Ozone
2023-03-07,"Salt Lake City, UT",Utah,55,Moderate,PM2.5
2023-03-08,"Salt Lake City, UT",Utah,58,Moderate,PM2.5
2023-03-09,"Salt Lake City, UT",Utah,45,Good,NO2
2023-03-10,"Salt Lake City, UT",Utah,42,Good,Ozone
2023-03-11,"Salt Lake City, UT",Utah,44,Good,Ozone
2023-03-12,"Salt Lake City, UT",Utah,55,Moderate,PM2.5
2023-03-13,"Salt Lake City, UT",Utah,41,Good,PM2.5
2023-03-14,"Salt Lake City, UT",Utah,44,Good,Ozone
2023-03-15,"Salt Lake City, UT",Utah,44,Good,Ozone
2023-03-16,"Salt Lake City, UT",Utah,51,Moderate,Ozone
2023-03-17,"Salt Lake City, UT",Utah,64,Moderate,Ozone
2023-03-18,"Salt Lake City, UT",Utah,50,Good,Ozone
2023-03-19,"Salt Lake City, UT",Utah,46,Good,Ozone
2023-03-20,"Salt Lake City, UT",Utah,40,Good,Ozone
2023-03-21,"Salt Lake City, UT",Utah,42,Good,NO2
2023-03-22,"Salt Lake City, UT",Utah,50,Good,Ozone
2023-03-23,"Salt Lake City, UT",Utah,42,Good,Ozone
2023-03-24,"Salt Lake City, UT",Utah,44,Good,Ozone
2023-03-25,"Salt Lake City, UT",Utah,59,Moderate,PM10
2023-03-26,"Salt Lake City, UT",Utah,43,Good,Ozone
2023-03-27,"Salt Lake City, UT",Utah,40,Good,Ozone
2023-03-28,"Salt Lake City, UT",Utah,47,Good,Ozone
2023-03-29,"Salt Lake City, UT",Utah,45,Good,Ozone
2023-03-30,"Salt Lake City, UT",Utah,87,Moderate,NO2
2023-03-31,"Salt Lake City, UT",Utah,42,Good,Ozone
2023-04-01,"Salt Lake City, UT",Utah,47,Good,Ozone
2023-04-02,"Salt Lake City, UT",Utah,42,Good,Ozone
2023-04-03,"Salt Lake City, UT",Utah,43,Good,Ozone
2023-04-04,"Salt Lake City, UT",Utah,40,Good,Ozone
2023-04-05,"Salt Lake City, UT",Utah,44,Good,Ozone
2023-04-06,"Salt Lake City, UT",Utah,51,Moderate,NO2
2023-04-07,"Salt Lake City, UT",Utah,54,Moderate,NO2
2023-04-08,"Salt Lake City, UT",Utah,50,Good,PM2.5
2023-04-09,"Salt Lake City, UT",Utah,49,Good,Ozone
2023-04-10,"Salt Lake City, UT",Utah,61,Moderate,Ozone
2023-04-11,"Salt Lake City, UT",Utah,51,Moderate,Ozone
2023-04-12,"Salt Lake City, UT",Utah,75,Moderate,PM10
2023-04-13,"Salt Lake City, UT",Utah,48,Good,Ozone
2023-04-14,"Salt Lake City, UT",Utah,48,Good,NO2
2023-04-15,"Salt Lake City, UT",Utah,50,Good,Ozone
2023-04-16,"Salt Lake City, UT",Utah,51,Moderate,Ozone
2023-04-17,"Salt Lake City, UT",Utah,67,Moderate,Ozone
2023-04-18,"Salt Lake City, UT",Utah,76,Moderate,PM10
2023-04-19,"Salt Lake City, UT",Utah,44,Good,Ozone
2023-04-20,"Salt Lake City, UT",Utah,46,Good,Ozone
2023-04-21,"Salt Lake City, UT",Utah,41,Good,Ozone
2023-04-22,"Salt Lake City, UT",Utah,50,Good,Ozone
2023-04-23,"Salt Lake City, UT",Utah,54,Moderate,Ozone
2023-04-24,"Salt Lake City, UT",Utah,45,Good,Ozone
2023-04-25,"Salt Lake City, UT",Utah,38,Good,Ozone
2023-04-26,"Salt Lake City, UT",Utah,46,Good,PM2.5
2023-04-27,"Salt Lake City, UT",Utah,49,Good,Ozone
2023-04-28,"Salt Lake City, UT",Utah,87,Moderate,Ozone
2023-04-29,"Salt Lake City, UT",Utah,87,Moderate,Ozone
2023-04-30,"Salt Lake City, UT",Utah,90,Moderate,Ozone
2023-05-01,"Salt Lake City, UT",Utah,67,Moderate,Ozone
2023-05-02,"Salt Lake City, UT",Utah,61,Moderate,Ozone
2023-05-03,"Salt Lake City, UT",Utah,64,Moderate,Ozone
2023-05-04,"Salt Lake City, UT",Utah,50,Good,Ozone
2023-05-05,"Salt Lake City, UT",Utah,45,Good,Ozone
2023-05-06,"Salt Lake City, UT",Utah,45,Good,Ozone
2023-05-07,"Salt Lake City, UT",Utah,49,Good,Ozone
2023-05-08,"Salt Lake City, UT",Utah,48,Good,Ozone
2023-05-09,"Salt Lake City, UT",Utah,50,Good,Ozone
2023-05-10,"Salt Lake City, UT",Utah,54,Moderate,Ozone
2023-05-11,"Salt Lake City, UT",Utah,61,Moderate,Ozone
2023-05-12,"Salt Lake City, UT",Utah,51,Moderate,Ozone
2023-05-13,"Salt Lake City, UT",Utah,44,Good,Ozone
2023-05-14,"Salt Lake City, UT",Utah,71,Moderate,Ozone
2023-05-15,"Salt Lake City, UT",Utah,87,Moderate,Ozone
2023-05-16,"Salt Lake City, UT",Utah,87,Moderate,Ozone
2023-05-17,"Salt Lake City, UT",Utah,77,Moderate,Ozone
2023-05-18,"Salt Lake City, UT",Utah,80,Moderate,Ozone
2023-05-19,"Salt Lake City, UT",Utah,84,Moderate,Ozone
2023-05-20,"Salt Lake City, UT",Utah,108,Unhealthy for Sensitive Groups,Ozone
2023-05-21,"Salt Lake City, UT",Utah,100,Moderate,Ozone
2023-05-22,"Salt Lake City, UT",Utah,61,Moderate,Ozone
2023-05-23,"Salt Lake City, UT",Utah,54,Moderate,Ozone
2023-05-24,"Salt Lake City, UT",Utah,54,Moderate,Ozone
2023-05-25,"Salt Lake City, UT",Utah,49,Good,Ozone
2023-05-26,"Salt Lake City, UT",Utah,49,Good,Ozone
2023-05-27,"Salt Lake City, UT",Utah,50,Good,Ozone
2023-05-28,"Salt Lake City, UT",Utah,64,Moderate,Ozone
2023-05-29,"Salt Lake City, UT",Utah,84,Moderate,Ozone
2023-05-30,"Salt Lake City, UT",Utah,71,Moderate,Ozone
2023-05-31,"Salt Lake City, UT",Utah,58,Moderate,Ozone
2023-06-01,"Salt Lake City, UT",Utah,54,Moderate,Ozone
2023-06-02,"Salt Lake City, UT",Utah,50,Good,Ozone
2023-06-03,"Salt Lake City, UT",Utah,77,Moderate,Ozone
2023-06-04,"Salt Lake City, UT",Utah,97,Moderate,Ozone
2023-06-05,"Salt Lake City, UT",Utah,90,Moderate,Ozone
2023-06-06,"Salt Lake City, UT",Utah,51,Moderate,Ozone
2023-06-07,"Salt Lake City, UT",Utah,67,Moderate,Ozone
2023-06-08,"Salt Lake City, UT",Utah,71,Moderate,Ozone
2023-06-09,"Salt Lake City, UT",Utah,80,Moderate,Ozone
2023-06-10,"Salt Lake City, UT",Utah,90,Moderate,Ozone
2023-06-11,"Salt Lake City, UT",Utah,61,Moderate,Ozone
2023-06-12,"Salt Lake City, UT",Utah,64,Moderate,Ozone
2023-06-13,"Salt Lake City, UT",Utah,77,Moderate,Ozone
2023-06-14,"Salt Lake City, UT",Utah,61,Moderate,Ozone
2023-06-15,"Salt Lake City, UT",Utah,71,Moderate,Ozone
2023-06-16,"Salt Lake City, UT",Utah,115,Unhealthy for Sensitive Groups,Ozone
2023-06-17,"Salt Lake City, UT",Utah,80,Moderate,Ozone
2023-06-18,"Salt Lake City, UT",Utah,64,Moderate,Ozone
2023-06-19,"Salt Lake City, UT",Utah,67,Moderate,PM10
2023-06-20,"Salt Lake City, UT",Utah,45,Good,Ozone
2023-06-21,"Salt Lake City, UT",Utah,50,Good,Ozone
2023-06-22,"Salt Lake City, UT",Utah,100,Moderate,Ozone
2023-06-23,"Salt Lake City, UT",Utah,80,Moderate,Ozone
2023-06-24,"Salt Lake City, UT",Utah,87,Moderate,Ozone
2023-06-25,"Salt Lake City, UT",Utah,87,Moderate,Ozone
2023-06-26,"Salt Lake City, UT",Utah,84,Moderate,Ozone
2023-06-27,"Salt Lake City, UT",Utah,67,Moderate,Ozone
2023-06-28,"Salt Lake City, UT",Utah,51,Moderate,Ozone
2023-06-29,"Salt Lake City, UT",Utah,74,Moderate,Ozone
2023-06-30,"Salt Lake City, UT",Utah,80,Moderate,Ozone
2023-07-01,"Salt Lake City, UT",Utah,74,Moderate,Ozone
2023-07-02,"Salt Lake City, UT",Utah,61,Moderate,Ozone
2023-07-03,"Salt Lake City, UT",Utah,67,Moderate,Ozone
2023-07-04,"Salt Lake City, UT",Utah,74,Moderate,PM2.5
2023-07-05,"Salt Lake City, UT",Utah,90,Moderate,Ozone
2023-07-06,"Salt Lake City, UT",Utah,71,Moderate,Ozone
2023-07-07,"Salt Lake City, UT",Utah,108,Unhealthy for Sensitive Groups,Ozone
2023-07-08,"Salt Lake City, UT",Utah,112,Unhealthy for Sensitive Groups,Ozone
2023-07-09,"Salt Lake City, UT",Utah,77,Moderate,Ozone
2023-07-10,"Salt Lake City, UT",Utah,80,Moderate,Ozone
2023-07-11,"Salt Lake City, UT",Utah,71,Moderate,Ozone
2023-07-12,"Salt Lake City, UT",Utah,87,Moderate,Ozone
2023-07-13,"Salt Lake City, UT",Utah,87,Moderate,Ozone
2023-07-14,"Salt Lake City, UT",Utah,59,Moderate,PM2.5
2023-07-15,"Salt Lake City, UT",Utah,58,Moderate,Ozone
2023-07-16,"Salt Lake City, UT",Utah,64,Moderate,Ozone
2023-07-17,"Salt Lake City, UT",Utah,55,Moderate,PM2.5
2023-07-18,"Salt Lake City, UT",Utah,60,Moderate,PM2.5
2023-07-19,"Salt Lake City, UT",Utah,90,Moderate,Ozone
2023-07-20,"Salt Lake City, UT",Utah,119,Unhealthy for Sensitive Groups,Ozone
2023-07-21,"Salt Lake City, UT",Utah,87,Moderate,Ozone
2023-07-22,"Salt Lake City, UT",Utah,93,Moderate,Ozone
2023-07-23,"Salt Lake City, UT",Utah,50,Good,Ozone
2023-07-24,"Salt Lake City, UT",Utah,57,Moderate,PM2.5
2023-07-25,"Salt Lake City, UT",Utah,119,Unhealthy for Sensitive Groups,Ozone
2023-07-26,"Salt Lake City, UT",Utah,74,Moderate,Ozone
2023-07-27,"Salt Lake City, UT",Utah,54,Moderate,Ozone
2023-07-28,"Salt Lake City, UT",Utah,64,Moderate,Ozone
2023-07-29,"Salt Lake City, UT",Utah,71,Moderate,Ozone
2023-07-30,"Salt Lake City, UT",Utah,74,Moderate,Ozone
2023-07-31,"Salt Lake City, UT",Utah,71,Moderate,Ozone
2023-08-01,"Salt Lake City, UT",Utah,67,Moderate,Ozone
2023-08-02,"Salt Lake City, UT",Utah,49,Good,Ozone
2023-08-03,"Salt Lake City, UT",Utah,50,Good,Ozone
2023-08-04,"Salt Lake City, UT",Utah,90,Moderate,Ozone
2023-08-05,"Salt Lake City, UT",Utah,101,Unhealthy for Sensitive Groups,Ozone
2023-08-06,"Salt Lake City, UT",Utah,84,Moderate,Ozone
2023-08-07,"Salt Lake City, UT",Utah,84,Moderate,Ozone
2023-08-08,"Salt Lake City, UT",Utah,77,Moderate,Ozone
2023-08-09,"Salt Lake City, UT",Utah,129,Unhealthy for Sensitive Groups,Ozone
2023-08-10,"Salt Lake City, UT",Utah,84,Moderate,Ozone
2023-08-11,"Salt Lake City, UT",Utah,47,Good,Ozone
2023-08-12,"Salt Lake City, UT",Utah,74,Moderate,Ozone
2023-08-13,"Salt Lake City, UT",Utah,71,Moderate,Ozone
2023-08-14,"Salt Lake City, UT",Utah,115,Unhealthy for Sensitive Groups,Ozone
2023-08-15,"Salt Lake City, UT",Utah,122,Unhealthy for Sensitive Groups,Ozone
2023-08-16,"Salt Lake City, UT",Utah,126,Unhealthy for Sensitive Groups,Ozone
2023-08-17,"Salt Lake City, UT",Utah,64,Moderate,Ozone
2023-08-18,"Salt Lake City, UT",Utah,71,Moderate,Ozone
2023-08-19,"Salt Lake City, UT",Utah,49,Good,Ozone
2023-08-20,"Salt Lake City, UT",Utah,49,Good,Ozone
2023-08-21,"Salt Lake City, UT",Utah,42,Good,Ozone
2023-08-22,"Salt Lake City, UT",Utah,38,Good,Ozone
2023-08-23,"Salt Lake City, UT",Utah,51,Moderate,Ozone
2023-08-24,"Salt Lake City, UT",Utah,58,Moderate,Ozone
2023-08-25,"Salt Lake City, UT",Utah,84,Moderate,Ozone
2023-08-26,"Salt Lake City, UT",Utah,61,Moderate,Ozone
2023-08-27,"Salt Lake City, UT",Utah,80,Moderate,Ozone
2023-08-28,"Salt Lake City, UT",Utah,84,Moderate,Ozone
2023-08-29,"Salt Lake City, UT",Utah,51,Moderate,Ozone
2023-08-30,"Salt Lake City, UT",Utah,108,Unhealthy for Sensitive Groups,Ozone
2023-08-31,"Salt Lake City, UT",Utah,154,Unhealthy,Ozone
2023-09-01,"Salt Lake City, UT",Utah,84,Moderate,PM10
2023-09-02,"Salt Lake City, UT",Utah,49,Good,Ozone
2023-09-03,"Salt Lake City, UT",Utah,41,Good,Ozone
2023-09-04,"Salt Lake City, UT",Utah,43,Good,Ozone
2023-09-05,"Salt Lake City, UT",Utah,54,Moderate,Ozone
2023-09-06,"Salt Lake City, UT",Utah,54,Moderate,Ozone
2023-09-07,"Salt Lake City, UT",Utah,48,Good,Ozone
2023-09-08,"Salt Lake City, UT",Utah,46,Good,Ozone
2023-09-09,"Salt Lake City, UT",Utah,51,Moderate,PM2.5
2023-09-10,"Salt Lake City, UT",Utah,48,Good,Ozone
2023-09-11,"Salt Lake City, UT",Utah,84,Moderate,Ozone
2023-09-12,"Salt Lake City, UT",Utah,71,Moderate,Ozone
2023-09-13,"Salt Lake City, UT",Utah,53,Moderate,PM10
2023-09-14,"Salt Lake City, UT",Utah,50,Good,Ozone
2023-09-15,"Salt Lake City, UT",Utah,80,Moderate,Ozone
2023-09-16,"Salt Lake City, UT",Utah,100,Moderate,Ozone
2023-09-17,"Salt Lake City, UT",Utah,87,Moderate,Ozone
2023-09-18,"Salt Lake City, UT",Utah,49,Good,Ozone
2023-09-19,"Salt Lake City, UT",Utah,47,Good,PM2.5
2023-09-20,"Salt Lake City, UT",Utah,44,Good,Ozone
2023-09-21,"Salt Lake City, UT",Utah,49,Good,Ozone
2023-09-22,"Salt Lake City, UT",Utah,44,Good,Ozone
2023-09-23,"Salt Lake City, UT",Utah,54,Moderate,Ozone
2023-09-24,"Salt Lake City, UT",Utah,71,Moderate,Ozone
2023-09-25,"Salt Lake City, UT",Utah,58,Moderate,Ozone
2023-09-26,"Salt Lake City, UT",Utah,47,Good,Ozone
2023-09-27,"Salt Lake City, UT",Utah,46,Good,Ozone
2023-09-28,"Salt Lake City, UT",Utah,52,Moderate,PM2.5
2023-09-29,"Salt Lake City, UT",Utah,54,Moderate,Ozone
2023-09-30,"Salt Lake City, UT",Utah,54,Moderate,PM10
2023-10-01,"Salt Lake City, UT",Utah,49,Good,PM2.5
2023-10-02,"Salt Lake City, UT",Utah,38,Good,Ozone
2023-10-03,"Salt Lake City, UT",Utah,41,Good,PM2.5
2023-10-04,"Salt Lake City, UT",Utah,37,Good,PM2.5
2023-10-05,"Salt Lake City, UT",Utah,42,Good,PM2.5
2023-10-06,"Salt Lake City, UT",Utah,46,Good,PM2.5
2023-10-07,"Salt Lake City, UT",Utah,50,Good,Ozone
2023-10-08,"Salt Lake City, UT",Utah,47,Good,Ozone
2023-10-09,"Salt Lake City, UT",Utah,44,Good,Ozone
2023-10-10,"Salt Lake City, UT",Utah,43,Good,Ozone
2023-10-11,"Salt Lake City, UT",Utah,41,Good,Ozone
2023-10-12,"Salt Lake City, UT",Utah,31,Good,Ozone
2023-10-13,"Salt Lake City, UT",Utah,45,Good,PM2.5
2023-10-14,"Salt Lake City, UT",Utah,43,Good,PM2.5
2023-10-15,"Salt Lake City, UT",Utah,51,Moderate,PM2.5
2023-10-16,"Salt Lake City, UT",Utah,55,Moderate,PM2.5
2023-10-17,"Salt Lake City, UT",Utah,56,Moderate,PM2.5
2023-10-18,"Salt Lake City, UT",Utah,52,Moderate,PM2.5
2023-10-19,"Salt Lake City, UT",Utah,52,Moderate,PM2.5
2023-10-20,"Salt Lake City, UT",Utah,57,Moderate,PM2.5
2023-10-21,"Salt Lake City, UT",Utah,57,Moderate,PM2.5
2023-10-22,"Salt Lake City, UT",Utah,44,Good,PM2.5
2023-10-23,"Salt Lake City, UT",Utah,46,Good,PM2.5
2023-10-24,"Salt Lake City, UT",Utah,55,Moderate,PM2.5
2023-10-25,"Salt Lake City, UT",Utah,52,Moderate,PM10
2023-10-26,"Salt Lake City, UT",Utah,41,Good,Ozone
2023-10-27,"Salt Lake City, UT",Utah,39,Good,NO2
2023-10-28,"Salt Lake City, UT",Utah,36,Good,PM2.5
2023-10-29,"Salt Lake City, UT",Utah,38,Good,PM2.5
2023-10-30,"Salt Lake City, UT",Utah,53,Moderate,PM2.5
2023-10-31,"Salt Lake City, UT",Utah,78,Moderate,PM2.5
2023-11-01,"Salt Lake City, UT",Utah,72,Moderate,PM2.5
2023-11-02,"Salt Lake City, UT",Utah,63,Moderate,PM2.5
2023-11-03,"Salt Lake City, UT",Utah,56,Moderate,PM2.5
2023-11-04,"Salt Lake City, UT",Utah,52,Moderate,PM2.5
2023-11-05,"Salt Lake City, UT",Utah,53,Moderate,PM2.5
2023-11-06,"Salt Lake City, UT",Utah,44,Good,PM2.5
2023-11-07,"Salt Lake City, UT",Utah,37,Good,Ozone
2023-11-08,"Salt Lake City, UT",Utah,48,Good,PM2.5
2023-11-09,"Salt Lake City, UT",Utah,51,Moderate,PM2.5
2023-11-10,"Salt Lake City, UT",Utah,59,Moderate,PM2.5
2023-11-11,"Salt Lake City, UT",Utah,59,Moderate,PM2.5
2023-11-12,"Salt Lake City, UT",Utah,55,Moderate,PM2.5
2023-11-13,"Salt Lake City, UT",Utah,53,Moderate,PM2.5
2023-11-14,"Salt Lake City, UT",Utah,45,Good,PM2.5
2023-11-15,"Salt Lake City, UT",Utah,46,Good,PM2.5
2023-11-16,"Salt Lake City, UT",Utah,42,Good,PM2.5
2023-11-17,"Salt Lake City, UT",Utah,62,Moderate,PM2.5
2023-11-18,"Salt Lake City, UT",Utah,62,Moderate,PM2.5
2023-11-19,"Salt Lake City, UT",Utah,31,Good,Ozone
2023-11-20,"Salt Lake City, UT",Utah,30,Good,Ozone
2023-11-21,"Salt Lake City, UT",Utah,57,Moderate,PM2.5
2023-11-22,"Salt Lake City, UT",Utah,70,Moderate,PM2.5
2023-11-23,"Salt Lake City, UT",Utah,76,Moderate,PM2.5
2023-11-24,"Salt Lake City, UT",Utah,28,Good,PM2.5
2023-11-25,"Salt Lake City, UT",Utah,29,Good,Ozone
2023-11-26,"Salt Lake City, UT",Utah,50,Good,PM2.5
2023-11-27,"Salt Lake City, UT",Utah,69,Moderate,PM2.5
2023-11-28,"Salt Lake City, UT",Utah,90,Moderate,PM2.5
2023-11-29,"Salt Lake City, UT",Utah,99,Moderate,PM2.5
2023-11-30,"Salt Lake City, UT",Utah,96,Moderate,PM2.5
2023-12-01,"Salt Lake City, UT",Utah,75,Moderate,PM2.5
2023-12-02,"Salt Lake City, UT",Utah,37,Good,NO2
2023-12-03,"Salt Lake City, UT",Utah,32,Good,Ozone
2023-12-04,"Salt Lake City, UT",Utah,42,Good,PM2.5
2023-12-05,"Salt Lake City, UT",Utah,54,Moderate,PM2.5
2023-12-06,"Salt Lake City, UT",Utah,55,Moderate,PM2.5
2023-12-07,"Salt Lake City, UT",Utah,38,Good,NO2
2023-12-08,"Salt Lake City, UT",Utah,36,Good,Ozone
2023-12-09,"Salt Lake City, UT",Utah,34,Good,NO2
2023-12-10,"Salt Lake City, UT",Utah,41,Good,PM2.5
2023-12-11,"Salt Lake City, UT",Utah,61,Moderate,PM2.5
2023-12-12,"Salt Lake City, UT",Utah,72,Moderate,PM2.5
2023-12-13,"Salt Lake City, UT",Utah,62,Moderate,PM2.5
2023-12-14,"Salt Lake City, UT",Utah,63,Moderate,PM2.5
2023-12-15,"Salt Lake City, UT",Utah,80,Moderate,PM2.5
2023-12-16,"Salt Lake City, UT",Utah,89,Moderate,PM2.5
2023-12-17,"Salt Lake City, UT",Utah,99,Moderate,PM2.5
2023-12-18,"Salt Lake City, UT",Utah,100,Moderate,PM2.5
2023-12-19,"Salt Lake City, UT",Utah,91,Moderate,PM2.5
2023-12-20,"Salt Lake City, UT",Utah,79,Moderate,PM2.5
2023-12-21,"Salt Lake City, UT",Utah,76,Moderate,PM2.5
2023-12-22,"Salt Lake City, UT",Utah,66,Moderate,PM2.5
2023-12-23,"Salt Lake City, UT",Utah,45,Good,PM2.5
2023-12-24,"Salt Lake City, UT",Utah,33,Good,NO2
2023-12-25,"Salt Lake City, UT",Utah,53,Moderate,PM2.5
2023-12-26,"Salt Lake City, UT",Utah,57,Moderate,PM2.5
2023-12-27,"Salt Lake City, UT",Utah,70,Moderate,PM2.5
2023-12-28,"Salt Lake City, UT",Utah,84,Moderate,PM2.5
2023-12-29,"Salt Lake City, UT",Utah,93,Moderate,PM2.5
2023-12-30,"Salt Lake City, UT",Utah,97,Moderate,PM2.5
2023-12-31,"Salt Lake City, UT",Utah,95,Moderate,PM2.5
2024-01-01,"Salt Lake City, UT",Utah,117,Unhealthy for Sensitive Groups,PM2.5
2024-01-02,"Salt Lake City, UT",Utah,93,Moderate,PM2.5
2024-01-03,"Salt Lake City, UT",Utah,70,Moderate,PM2.5
2024-01-04,"Salt Lake City, UT",Utah,65,Moderate,PM2.5
2024-01-05,"Salt Lake City, UT",Utah,37,Good,PM2.5
2024-01-06,"Salt Lake City, UT",Utah,36,Good,Ozone
2024-01-07,"Salt Lake City, UT",Utah,34,Good,Ozone
2024-01-08,"Salt Lake City, UT",Utah,41,Good,PM2.5
2024-01-09,"Salt Lake City, UT",Utah,39,Good,Ozone
2024-01-10,"Salt Lake City, UT",Utah,40,Good,NO2
2024-01-11,"Salt Lake City, UT",Utah,39,Good,NO2
2024-01-12,"Salt Lake City, UT",Utah,41,Good,Ozone
2024-01-13,"Salt Lake City, UT",Utah,38,Good,Ozone
2024-01-14,"Salt Lake City, UT",Utah,41,Good,PM2.5
2024-01-15,"Salt Lake City, UT",Utah,48,Good,PM2.5
2024-01-16,"Salt Lake City, UT",Utah,63,Moderate,PM2.5
2024-01-17,"Salt Lake City, UT",Utah,70,Moderate,PM2.5
2024-01-18,"Salt Lake City, UT",Utah,49,Good,PM2.5
2024-01-19,"Salt Lake City, UT",Utah,56,Moderate,PM2.5
2024-01-20,"Salt Lake City, UT",Utah,73,Moderate,PM2.5
2024-01-21,"Salt Lake City, UT",Utah,63,Moderate,PM2.5
2024-01-22,"Salt Lake City, UT",Utah,55,Moderate,PM2.5
2024-01-23,"Salt Lake City, UT",Utah,71,Moderate,PM2.5
2024-01-24,"Salt Lake City, UT",Utah,47,Good,PM2.5
2024-01-25,"Salt Lake City, UT",Utah,44,Good,PM2.5
2024-01-26,"Salt Lake City, UT",Utah,34,Good,NO2
2024-01-27,"Salt Lake City, UT",Utah,52,Moderate,PM2.5
2024-01-28,"Salt Lake City, UT",Utah,67,Moderate,PM2.5
2024-01-29,"Salt Lake City, UT",Utah,82,Moderate,PM2.5
2024-01-30,"Salt Lake City, UT",Utah,81,Moderate,PM2.5
2024-01-31,"Salt Lake City, UT",Utah,52,Moderate,PM2.5
2024-02-01,"Salt Lake City, UT",Utah,32,Good,Ozone
2024-02-02,"Salt Lake City, UT",Utah,33,Good,Ozone
2024-02-03,"Salt Lake City, UT",Utah,35,Good,NO2
2024-02-04,"Salt Lake City, UT",Utah,41,Good,Ozone
2024-02-05,"Salt Lake City, UT",Utah,34,Good,Ozone
2024-02-06,"Salt Lake City, UT",Utah,36,Good,Ozone
2024-02-07,"Salt Lake City, UT",Utah,35,Good,PM2.5
2024-02-08,"Salt Lake City, UT",Utah,43,Good,NO2
2024-02-09,"Salt Lake City, UT",Utah,46,Good,NO2
2024-02-10,"Salt Lake City, UT",Utah,35,Good,Ozone
2024-02-11,"Salt Lake City, UT",Utah,38,Good,PM2.5
2024-02-12,"Salt Lake City, UT",Utah,54,Moderate,PM2.5
2024-02-13,"Salt Lake City, UT",Utah,44,Good,PM2.5
2024-02-14,"Salt Lake City, UT",Utah,40,Good,Ozone
2024-02-15,"Salt Lake City, UT",Utah,40,Good,Ozone
2024-02-16,"Salt Lake City, UT",Utah,36,Good,Ozone
2024-02-17,"Salt Lake City, UT",Utah,43,Good,Ozone
2024-02-18,"Salt Lake City, UT",Utah,42,Good,NO2
2024-02-19,"Salt Lake City, UT",Utah,42,Good,NO2
2024-02-20,"Salt Lake City, UT",Utah,44,Good,PM2.5
2024-02-21,"Salt Lake City, UT",Utah,36,Good,Ozone
2024-02-22,"Salt Lake City, UT",Utah,46,Good,PM2.5
2024-02-23,"Salt Lake City, UT",Utah,40,Good,PM2.5
2024-02-24,"Salt Lake City, UT",Utah,58,Moderate,Ozone
2024-02-25,"Salt Lake City, UT",Utah,47,Good,Ozone
2024-02-26,"Salt Lake City, UT",Utah,40,Good,Ozone
2024-02-27,"Salt Lake City, UT",Utah,41,Good,Ozone
2024-02-28,"Salt Lake City, UT",Utah,48,Good,Ozone
2024-02-29,"Salt Lake City, UT",Utah,49,Good,Ozone
2024-03-01,"Salt Lake City, UT",Utah,106,Unhealthy for Sensitive Groups,PM10
2024-03-02,"Salt Lake City, UT",Utah,230,Very Unhealthy,PM10
2024-03-03,"Salt Lake City, UT",Utah,45,Good,Ozone
2024-03-04,"Salt Lake City, UT",Utah,43,Good,Ozone
2024-03-05,"Salt Lake City, UT",Utah,41,Good,Ozone
2024-03-06,"Salt Lake City, UT",Utah,37,Good,Ozone
2024-03-07,"Salt Lake City, UT",Utah,39,Good,Ozone
2024-03-08,"Salt Lake City, UT",Utah,67,Moderate,Ozone
2024-03-09,"Salt Lake City, UT",Utah,67,Moderate,Ozone
2024-03-10,"Salt Lake City, UT",Utah,58,Moderate,Ozone
2024-03-11,"Salt Lake City, UT",Utah,43,Good,Ozone
2024-03-12,"Salt Lake City, UT",Utah,42,Good,Ozone
2024-03-13,"Salt Lake City, UT",Utah,40,Good,Ozone
2024-03-14,"Salt Lake City, UT",Utah,39,Good,Ozone
2024-03-15,"Salt Lake City, UT",Utah,43,Good,Ozone
2024-03-16,"Salt Lake City, UT",Utah,47,Good,Ozone
2024-03-17,"Salt Lake City, UT",Utah,45,Good,Ozone
2024-03-18,"Salt Lake City, UT",Utah,49,Good,Ozone
2024-03-19,"Salt Lake City, UT",Utah,50,Good,Ozone
2024-03-20,"Salt Lake City, UT",Utah,46,Good,Ozone
2024-03-21,"Salt Lake City, UT",Utah,51,Moderate,Ozone
2024-03-22,"Salt Lake City, UT",Utah,71,Moderate,Ozone
2024-03-23,"Salt Lake City, UT",Utah,74,Moderate,Ozone
2024-03-24,"Salt Lake City, UT",Utah,40,Good,Ozone
2024-03-25,"Salt Lake City, UT",Utah,39,Good,Ozone
2024-03-26,"Salt Lake City, UT",Utah,42,Good,Ozone
2024-03-27,"Salt Lake City, UT",Utah,44,Good,Ozone
2024-03-28,"Salt Lake City, UT",Utah,44,Good,Ozone
2024-03-29,"Salt Lake City, UT",Utah,46,Good,Ozone
2024-03-30,"Salt Lake City, UT",Utah,43,Good,Ozone
2024-03-31,"Salt Lake City, UT",Utah,45,Good,Ozone
2024-04-01,"Salt Lake City, UT",Utah,39,Good,Ozone
2024-04-02,"Salt Lake City, UT",Utah,54,Moderate,Ozone
2024-04-03,"Salt Lake City, UT",Utah,54,Moderate,Ozone
2024-04-04,"Salt Lake City, UT",Utah,64,Moderate,Ozone
2024-04-05,"Salt Lake City, UT",Utah,74,Moderate,Ozone
2024-04-06,"Salt Lake City, UT",Utah,42,Good,Ozone
2024-04-07,"Salt Lake City, UT",Utah,43,Good,Ozone
2024-04-08,"Salt Lake City, UT",Utah,43,Good,Ozone
2024-04-09,"Salt Lake City, UT",Utah,50,Good,Ozone
2024-04-10,"Salt Lake City, UT",Utah,61,Moderate,Ozone
2024-04-11,"Salt Lake City, UT",Utah,54,Moderate,PM2.5
2024-04-12,"Salt Lake City, UT",Utah,84,Moderate,Ozone
2024-04-13,"Salt Lake City, UT",Utah,87,Moderate,Ozone
2024-04-14,"Salt Lake City, UT",Utah,90,Moderate,Ozone
2024-04-15,"Salt Lake City, UT",Utah,74,Moderate,Ozone
2024-04-16,"Salt Lake City, UT",Utah,49,Good,Ozone
2024-04-17,"Salt Lake City, UT",Utah,77,Moderate,Ozone
2024-04-18,"Salt Lake City, UT",Utah,77,Moderate,Ozone
2024-04-19,"Salt Lake City, UT",Utah,54,Moderate,Ozone
2024-04-20,"Salt Lake City, UT",Utah,49,Good,Ozone
2024-04-21,"Salt Lake City, UT",Utah,50,Good,Ozone
2024-04-22,"Salt Lake City, UT",Utah,54,Moderate,Ozone
2024-04-23,"Salt Lake City, UT",Utah,77,Moderate,Ozone
2024-04-24,"Salt Lake City, UT",Utah,74,Moderate,Ozone
2024-04-25,"Salt Lake City, UT",Utah,77,Moderate,Ozone
2024-04-26,"Salt Lake City, UT",Utah,51,Moderate,Ozone
2024-04-27,"Salt Lake City, UT",Utah,43,Good,Ozone
2024-04-28,"Salt Lake City, UT",Utah,54,Moderate,Ozone
2024-04-29,"Salt Lake City, UT",Utah,48,Good,Ozone
2024-04-30,"Salt Lake City, UT",Utah,67,Moderate,Ozone
2024-05-01,"Salt Lake City, UT",Utah,48,Good,Ozone
2024-05-02,"Salt Lake City, UT",Utah,50,Good,Ozone
2024-05-03,"Salt Lake City, UT",Utah,101,Unhealthy for Sensitive Groups,Ozone
2024-05-04,"Salt Lake City, UT",Utah,90,Moderate,Ozone
2024-05-05,"Salt Lake City, UT",Utah,101,Unhealthy for Sensitive Groups,Ozone
2024-05-06,"Salt Lake City, UT",Utah,46,Good,Ozone
2024-05-07,"Salt Lake City, UT",Utah,44,Good,Ozone
2024-05-08,"Salt Lake City, UT",Utah,44,Good,Ozone
2024-05-09,"Salt Lake City, UT",Utah,44,Good,Ozone
2024-05-10,"Salt Lake City, UT",Utah,50,Good,Ozone
2024-05-11,"Salt Lake City, UT",Utah,67,Moderate,Ozone
2024-05-12,"Salt Lake City, UT",Utah,74,Moderate,Ozone
2024-05-13,"Salt Lake City, UT",Utah,67,Moderate,Ozone
2024-05-14,"Salt Lake City, UT",Utah,71,Moderate,Ozone
2024-05-15,"Salt Lake City, UT",Utah,71,Moderate,Ozone
2024-05-16,"Salt Lake City, UT",Utah,71,Moderate,Ozone
2024-05-17,"Salt Lake City, UT",Utah,74,Moderate,Ozone
2024-05-18,"Salt Lake City, UT",Utah,80,Moderate,Ozone
2024-05-19,"Salt Lake City, UT",Utah,80,Moderate,Ozone
2024-05-20,"Salt Lake City, UT",Utah,54,Moderate,Ozone
2024-05-21,"Salt Lake City, UT",Utah,48,Good,Ozone
2024-05-22,"Salt Lake City, UT",Utah,51,Moderate,Ozone
2024-05-23,"Salt Lake City, UT",Utah,54,Moderate,Ozone
2024-05-24,"Salt Lake City, UT",Utah,54,Moderate,Ozone
2024-05-25,"Salt Lake City, UT",Utah,49,Good,Ozone
2024-05-26,"Salt Lake City, UT",Utah,61,Moderate,Ozone
2024-05-27,"Salt Lake City, UT",Utah,74,Moderate,Ozone
2024-05-28,"Salt Lake City, UT",Utah,71,Moderate,Ozone
2024-05-29,"Salt Lake City, UT",Utah,64,Moderate,Ozone
2024-05-30,"Salt Lake City, UT",Utah,58,Moderate,Ozone
2024-05-31,"Salt Lake City, UT",Utah,61,Moderate,Ozone
2024-06-01,"Salt Lake City, UT",Utah,80,Moderate,Ozone
2024-06-02,"Salt Lake City, UT",Utah,64,Moderate,Ozone
2024-06-03,"Salt Lake City, UT",Utah,53,Moderate,PM2.5
2024-06-04,"Salt Lake City, UT",Utah,46,Good,PM2.5
2024-06-05,"Salt Lake City, UT",Utah,40,Good,PM2.5
2024-06-06,"Salt Lake City, UT",Utah,64,Moderate,Ozone
2024-06-07,"Salt Lake City, UT",Utah,56,Moderate,PM2.5
2024-06-08,"Salt Lake City, UT",Utah,71,Moderate,Ozone
2024-06-09,"Salt Lake City, UT",Utah,54,Moderate,Ozone
2024-06-10,"Salt Lake City, UT",Utah,84,Moderate,Ozone
2024-06-11,"Salt Lake City, UT",Utah,112,Unhealthy for Sensitive Groups,Ozone
2024-06-12,"Salt Lake City, UT",Utah,80,Moderate,Ozone
2024-06-13,"Salt Lake City, UT",Utah,84,Moderate,Ozone
2024-06-14,"Salt Lake City, UT",Utah,64,Moderate,Ozone
2024-06-15,"Salt Lake City, UT",Utah,67,Moderate,Ozone
2024-06-16,"Salt Lake City, UT",Utah,54,Moderate,Ozone
2024-06-17,"Salt Lake City, UT",Utah,63,Moderate,PM2.5
2024-06-18,"Salt Lake City, UT",Utah,50,Good,Ozone
2024-06-19,"Salt Lake City, UT",Utah,64,Moderate,Ozone
2024-06-20,"Salt Lake City, UT",Utah,97,Moderate,Ozone
2024-06-21,"Salt Lake City, UT",Utah,67,Moderate,Ozone
2024-06-22,"Salt Lake City, UT",Utah,84,Moderate,Ozone
2024-06-23,"Salt Lake City, UT",Utah,61,Moderate,Ozone
2024-06-24,"Salt Lake City, UT",Utah,87,Moderate,Ozone
2024-06-25,"Salt Lake City, UT",Utah,122,Unhealthy for Sensitive Groups,Ozone
2024-06-26,"Salt Lake City, UT",Utah,97,Moderate,Ozone
2024-06-27,"Salt Lake City, UT",Utah,58,Moderate,Ozone
2024-06-28,"Salt Lake City, UT",Utah,61,Moderate,Ozone
2024-06-29,"Salt Lake City, UT",Utah,74,Moderate,Ozone
2024-06-30,"Salt Lake City, UT",Utah,54,Moderate,Ozone
2024-07-01,"Salt Lake City, UT",Utah,71,Moderate,Ozone
2024-07-02,"Salt Lake City, UT",Utah,84,Moderate,Ozone
2024-07-03,"Salt Lake City, UT",Utah,97,Moderate,Ozone
2024-07-04,"Salt Lake City, UT",Utah,153,Unhealthy,PM2.5
2024-07-05,"Salt Lake City, UT",Utah,153,Unhealthy,PM2.5
2024-07-06,"Salt Lake City, UT",Utah,58,Moderate,PM2.5
2024-07-07,"Salt Lake City, UT",Utah,80,Moderate,Ozone
2024-07-08,"Salt Lake City, UT",Utah,133,Unhealthy for Sensitive Groups,Ozone
2024-07-09,"Salt Lake City, UT",Utah,115,Unhealthy for Sensitive Groups,Ozone
2024-07-10,"Salt Lake City, UT",Utah,122,Unhealthy for Sensitive Groups,Ozone
2024-07-11,"Salt Lake City, UT",Utah,108,Unhealthy for Sensitive Groups,Ozone
2024-07-12,"Salt Lake City, UT",Utah,112,Unhealthy for Sensitive Groups,Ozone
2024-07-13,"Salt Lake City, UT",Utah,97,Moderate,Ozone
2024-07-14,"Salt Lake City, UT",Utah,71,Moderate,Ozone
2024-07-15,"Salt Lake City, UT",Utah,101,Unhealthy for Sensitive Groups,Ozone
2024-07-16,"Salt Lake City, UT",Utah,101,Unhealthy for Sensitive Groups,Ozone
2024-07-17,"Salt Lake City, UT",Utah,143,Unhealthy for Sensitive Groups,Ozone
2024-07-18,"Salt Lake City, UT",Utah,115,Unhealthy for Sensitive Groups,Ozone
2024-07-19,"Salt Lake City, UT",Utah,97,Moderate,Ozone
2024-07-20,"Salt Lake City, UT",Utah,100,Moderate,Ozone
2024-07-21,"Salt Lake City, UT",Utah,90,Moderate,Ozone
2024-07-22,"Salt Lake City, UT",Utah,129,Unhealthy for Sensitive Groups,Ozone
2024-07-23,"Salt Lake City, UT",Utah,147,Unhealthy for Sensitive Groups,Ozone
2024-07-24,"Salt Lake City, UT",Utah,136,Unhealthy for Sensitive Groups,Ozone
2024-07-25,"Salt Lake City, UT",Utah,100,Moderate,Ozone
2024-07-26,"Salt Lake City, UT",Utah,126,Unhealthy for Sensitive Groups,Ozone
2024-07-27,"Salt Lake City, UT",Utah,90,Moderate,Ozone
2024-07-28,"Salt Lake City, UT",Utah,101,Unhealthy for Sensitive Groups,Ozone
2024-07-29,"Salt Lake City, UT",Utah,87,Moderate,Ozone
2024-07-30,"Salt Lake City, UT",Utah,108,Unhealthy for Sensitive Groups,Ozone
2024-07-31,"Salt Lake City, UT",Utah,119,Unhealthy for Sensitive Groups,Ozone
2024-08-01,"Salt Lake City, UT",Utah,122,Unhealthy for Sensitive Groups,Ozone
2024-08-02,"Salt Lake City, UT",Utah,156,Unhealthy,Ozone
2024-08-03,"Salt Lake City, UT",Utah,101,Unhealthy for Sensitive Groups,Ozone
2024-08-04,"Salt Lake City, UT",Utah,80,Moderate,Ozone
2024-08-05,"Salt Lake City, UT",Utah,93,Moderate,Ozone
2024-08-06,"Salt Lake City, UT",Utah,84,Moderate,Ozone
2024-08-07,"Salt Lake City, UT",Utah,87,Moderate,Ozone
2024-08-08,"Salt Lake City, UT",Utah,129,Unhealthy for Sensitive Groups,Ozone
2024-08-09,"Salt Lake City, UT",Utah,58,Moderate,Ozone
2024-08-10,"Salt Lake City, UT",Utah,72,Moderate,PM2.5
2024-08-11,"Salt Lake City, UT",Utah,74,Moderate,Ozone
2024-08-12,"Salt Lake City, UT",Utah,51,Moderate,PM2.5
2024-08-13,"Salt Lake City, UT",Utah,43,Good,Ozone
2024-08-14,"Salt Lake City, UT",Utah,51,Moderate,PM2.5
2024-08-15,"Salt Lake City, UT",Utah,48,Good,Ozone
2024-08-16,"Salt Lake City, UT",Utah,54,Moderate,Ozone
2024-08-17,"Salt Lake City, UT",Utah,48,Good,Ozone
2024-08-18,"Salt Lake City, UT",Utah,48,Good,Ozone
2024-08-19,"Salt Lake City, UT",Utah,46,Good,Ozone
2024-08-20,"Salt Lake City, UT",Utah,48,Good,Ozone
2024-08-21,"Salt Lake City, UT",Utah,50,Good,Ozone
2024-08-22,"Salt Lake City, UT",Utah,47,Good,Ozone
2024-08-23,"Salt Lake City, UT",Utah,44,Good,Ozone
2024-08-24,"Salt Lake City, UT",Utah,74,Moderate,Ozone
2024-08-25,"Salt Lake City, UT",Utah,52,Moderate,PM2.5
2024-08-26,"Salt Lake City, UT",Utah,67,Moderate,Ozone
2024-08-27,"Salt Lake City, UT",Utah,105,Unhealthy for Sensitive Groups,Ozone
2024-08-28,"Salt Lake City, UT",Utah,58,Moderate,Ozone
2024-08-29,"Salt Lake City, UT",Utah,74,Moderate,Ozone
2024-08-30,"Salt Lake City, UT",Utah,119,Unhealthy for Sensitive Groups,Ozone
2024-08-31,"Salt Lake City, UT",Utah,151,Unhealthy,Ozone
2024-09-01,"Salt Lake City, UT",Utah,126,Unhealthy for Sensitive Groups,Ozone
2024-09-02,"Salt Lake City, UT",Utah,51,Moderate,Ozone
2024-09-03,"Salt Lake City, UT",Utah,50,Good,Ozone
2024-09-04,"Salt Lake City, UT",Utah,94,Moderate,PM2.5
2024-09-05,"Salt Lake City, UT",Utah,97,Moderate,Ozone
2024-09-06,"Salt Lake City, UT",Utah,93,Moderate,Ozone
2024-09-07,"Salt Lake City, UT",Utah,101,Unhealthy for Sensitive Groups,Ozone
2024-09-08,"Salt Lake City, UT",Utah,64,Moderate,Ozone
2024-09-09,"Salt Lake City, UT",Utah,53,Moderate,PM2.5
2024-09-10,"Salt Lake City, UT",Utah,54,Moderate,Ozone
2024-09-11,"Salt Lake City, UT",Utah,144,Unhealthy for Sensitive Groups,PM2.5
2024-09-12,"Salt Lake City, UT",Utah,53,Moderate,PM2.5
2024-09-13,"Salt Lake City, UT",Utah,50,Good,Ozone
2024-09-14,"Salt Lake City, UT",Utah,77,Moderate,Ozone
2024-09-15,"Salt Lake City, UT",Utah,49,Good,PM2.5
2024-09-16,"Salt Lake City, UT",Utah,41,Good,Ozone
2024-09-17,"Salt Lake City, UT",Utah,50,Good,Ozone
2024-09-18,"Salt Lake City, UT",Utah,48,Good,Ozone
2024-09-19,"Salt Lake City, UT",Utah,58,Moderate,Ozone
2024-09-20,"Salt Lake City, UT",Utah,58,Moderate,Ozone
2024-09-21,"Salt Lake City, UT",Utah,51,Moderate,Ozone
2024-09-22,"Salt Lake City, UT",Utah,51,Moderate,Ozone
2024-09-23,"Salt Lake City, UT",Utah,47,Good,Ozone
2024-09-24,"Salt Lake City, UT",Utah,50,Good,Ozone
2024-09-25,"Salt Lake City, UT",Utah,58,Moderate,Ozone
2024-09-26,"Salt Lake City, UT",Utah,51,Moderate,Ozone
2024-09-27,"Salt Lake City, UT",Utah,71,Moderate,Ozone
2024-09-28,"Salt Lake City, UT",Utah,90,Moderate,Ozone
2024-09-29,"Salt Lake City, UT",Utah,48,Good,Ozone
2024-09-30,"Salt Lake City, UT",Utah,93,Moderate,Ozone
2024-10-01,"Salt Lake City, UT",Utah,101,Unhealthy for Sensitive Groups,Ozone
2024-10-02,"Salt Lake City, UT",Utah,59,Moderate,PM2.5
2024-10-03,"Salt Lake City, UT",Utah,61,Moderate,PM2.5
2024-10-04,"Salt Lake City, UT",Utah,60,Moderate,PM2.5
2024-10-05,"Salt Lake City, UT",Utah,60,Moderate,PM2.5
2024-10-06,"Salt Lake City, UT",Utah,54,Moderate,PM2.5
2024-10-07,"Salt Lake City, UT",Utah,62,Moderate,PM2.5
2024-10-08,"Salt Lake City, UT",Utah,63,Moderate,PM2.5
2024-10-09,"Salt Lake City, UT",Utah,60,Moderate,PM2.5
2024-10-10,"Salt Lake City, UT",Utah,53,Moderate,PM2.5
2024-10-11,"Salt Lake City, UT",Utah,56,Moderate,PM2.5
2024-10-12,"Salt Lake City, UT",Utah,52,Moderate,PM2.5
2024-10-13,"Salt Lake City, UT",Utah,60,Moderate,PM2.5
2024-10-14,"Salt Lake City, UT",Utah,67,Moderate,Ozone
2024-10-15,"Salt Lake City, UT",Utah,58,Moderate,PM2.5
2024-10-16,"Salt Lake City, UT",Utah,58,Moderate,PM10
2024-10-17,"Salt Lake City, UT",Utah,43,Good,PM2.5
2024-10-18,"Salt Lake City, UT",Utah,37,Good,Ozone
2024-10-19,"Salt Lake City, UT",Utah,47,Good,PM2.5
2024-10-20,"Salt Lake City, UT",Utah,52,Moderate,PM2.5
2024-10-21,"Salt Lake City, UT",Utah,39,Good,Ozone
2024-10-22,"Salt Lake City, UT",Utah,41,Good,Ozone
2024-10-23,"Salt Lake City, UT",Utah,49,Good,PM2.5
2024-10-24,"Salt Lake City, UT",Utah,140,Unhealthy for Sensitive Groups,Ozone
2024-10-25,"Salt Lake City, UT",Utah,136,Unhealthy for Sensitive Groups,Ozone
2024-10-26,"Salt Lake City, UT",Utah,65,Moderate,PM2.5
2024-10-27,"Salt Lake City, UT",Utah,41,Good,Ozone
2024-10-28,"Salt Lake City, UT",Utah,39,Good,PM10
2024-10-29,"Salt Lake City, UT",Utah,33,Good,Ozone
2024-10-30,"Salt Lake City, UT",Utah,38,Good,PM2.5
2024-10-31,"Salt Lake City, UT",Utah,36,Good,Ozone
2024-11-01,"Salt Lake City, UT",Utah,52,Moderate,PM2.5
2024-11-02,"Salt Lake City, UT",Utah,38,Good,Ozone
2024-11-03,"Salt Lake City, UT",Utah,35,Good,Ozone
2024-11-04,"Salt Lake City, UT",Utah,32,Good,Ozone
2024-11-05,"Salt Lake City, UT",Utah,35,Good,Ozone
2024-11-06,"Salt Lake City, UT",Utah,35,Good,PM2.5
2024-11-07,"Salt Lake City, UT",Utah,49,Good,PM2.5
2024-11-08,"Salt Lake City, UT",Utah,59,Moderate,PM2.5
2024-11-09,"Salt Lake City, UT",Utah,62,Moderate,PM2.5
2024-11-10,"Salt Lake City, UT",Utah,53,Moderate,PM2.5
2024-11-11,"Salt Lake City, UT",Utah,44,Good,Ozone
2024-11-12,"Salt Lake City, UT",Utah,38,Good,Ozone
2024-11-13,"Salt Lake City, UT",Utah,44,Good,PM2.5
2024-11-14,"Salt Lake City, UT",Utah,56,Moderate,PM2.5
2024-11-15,"Salt Lake City, UT",Utah,55,Moderate,PM2.5
2024-11-16,"Salt Lake City, UT",Utah,30,Good,Ozone
2024-11-17,"Salt Lake City, UT",Utah,44,Good,PM2.5
2024-11-18,"Salt Lake City, UT",Utah,36,Good,Ozone
2024-11-19,"Salt Lake City, UT",Utah,37,Good,Ozone
2024-11-20,"Salt Lake City, UT",Utah,44,Good,PM2.5
2024-11-21,"Salt Lake City, UT",Utah,54,Moderate,PM2.5
2024-11-22,"Salt Lake City, UT",Utah,56,Moderate,PM2.5
2024-11-23,"Salt Lake City, UT",Utah,43,Good,Ozone
2024-11-24,"Salt Lake City, UT",Utah,37,Good,Ozone
2024-11-25,"Salt Lake City, UT",Utah,36,Good,NO2
2024-11-26,"Salt Lake City, UT",Utah,34,Good,NO2
2024-11-27,"Salt Lake City, UT",Utah,36,Good,PM2.5
2024-11-28,"Salt Lake City, UT",Utah,56,Moderate,PM2.5
2024-11-29,"Salt Lake City, UT",Utah,56,Moderate,PM2.5
2024-11-30,"Salt Lake City, UT",Utah,60,Moderate,PM2.5
2024-12-01,"Salt Lake City, UT",Utah,75,Moderate,PM2.5
2024-12-02,"Salt Lake City, UT",Utah,94,Moderate,PM2.5
2024-12-03,"Salt Lake City, UT",Utah,103,Unhealthy for Sensitive Groups,PM2.5
2024-12-04,"Salt Lake City, UT",Utah,112,Unhealthy for Sensitive Groups,PM2.5
2024-12-05,"Salt Lake City, UT",Utah,126,Unhealthy for Sensitive Groups,PM2.5
2024-12-06,"Salt Lake City, UT",Utah,125,Unhealthy for Sensitive Groups,PM2.5
2024-12-07,"Salt Lake City, UT",Utah,106,Unhealthy for Sensitive Groups,PM2.5
2024-12-08,"Salt Lake City, UT",Utah,79,Moderate,PM2.5
2024-12-09,"Salt Lake City, UT",Utah,39,Good,PM2.5
2024-12-10,"Salt Lake City, UT",Utah,47,Good,PM2.5
2024-12-11,"Salt Lake City, UT",Utah,48,Good,PM2.5
2024-12-12,"Salt Lake City, UT",Utah,63,Moderate,PM2.5
2024-12-13,"Salt Lake City, UT",Utah,52,Moderate,PM2.5
2024-12-14,"Salt Lake City, UT",Utah,37,Good,Ozone
2024-12-15,"Salt Lake City, UT",Utah,37,Good,NO2
2024-12-16,"Salt Lake City, UT",Utah,33,Good,NO2
2024-12-17,"Salt Lake City, UT",Utah,49,Good,PM2.5
2024-12-18,"Salt Lake City, UT",Utah,40,Good,NO2
2024-12-19,"Salt Lake City, UT",Utah,68,Moderate,PM2.5
2024-12-20,"Salt Lake City, UT",Utah,83,Moderate,PM2.5
2024-12-21,"Salt Lake City, UT",Utah,91,Moderate,PM2.5
2024-12-22,"Salt Lake City, UT",Utah,86,Moderate,PM2.5
2024-12-23,"Salt Lake City, UT",Utah,83,Moderate,PM2.5
2024-12-24,"Salt Lake City, UT",Utah,53,Moderate,PM2.5
2024-12-25,"Salt Lake City, UT",Utah,31,Good,Ozone
2024-12-26,"Salt Lake City, UT",Utah,33,Good,Ozone
2024-12-27,"Salt Lake City, UT",Utah,35,Good,Ozone
2024-12-28,"Salt Lake City, UT",Utah,36,Good,Ozone
2024-12-29,"Salt Lake City, UT",Utah,35,Good,Ozone
2024-12-30,"Salt Lake City, UT",Utah,36,Good,Ozone
2024-12-31,"Salt Lake City, UT",Utah,45,Good,PM2.5
2023-01-01,"San Antonio, TX",Texas,309,Hazardous,PM2.5
2023-01-02,"San Antonio, TX",Texas,86,Moderate,PM2.5
2023-01-03,"San Antonio, TX",Texas,46,Good,PM2.5
2023-01-04,"San Antonio, TX",Texas,39,Good,Ozone
2023-01-05,"San Antonio, TX",Texas,37,Good,Ozone
2023-01-06,"San Antonio, TX",Texas,42,Good,PM2.5
2023-01-07,"San Antonio, TX",Texas,46,Good,PM2.5
2023-01-08,"San Antonio, TX",Texas,39,Good,Ozone
2023-01-09,"San Antonio, TX",Texas,48,Good,PM2.5
2023-01-10,"San Antonio, TX",Texas,53,Moderate,PM2.5
2023-01-11,"San Antonio, TX",Texas,61,Moderate,PM2.5
2023-01-12,"San Antonio, TX",Texas,35,Good,Ozone
2023-01-13,"San Antonio, TX",Texas,36,Good,Ozone
2023-01-14,"San Antonio, TX",Texas,39,Good,Ozone
2023-01-15,"San Antonio, TX",Texas,39,Good,Ozone
2023-01-16,"San Antonio, TX",Texas,55,Moderate,PM2.5
2023-01-17,"San Antonio, TX",Texas,62,Moderate,PM2.5
2023-01-18,"San Antonio, TX",Texas,54,Moderate,PM2.5
2023-01-19,"San Antonio, TX",Texas,36,Good,Ozone
2023-01-20,"San Antonio, TX",Texas,30,Good,Ozone
2023-01-21,"San Antonio, TX",Texas,52,Moderate,PM2.5
2023-01-22,"San Antonio, TX",Texas,38,Good,Ozone
2023-01-23,"San Antonio, TX",Texas,38,Good,Ozone
2023-01-24,"San Antonio, TX",Texas,32,Good,Ozone
2023-01-25,"San Antonio, TX",Texas,35,Good,Ozone
2023-01-26,"San Antonio, TX",Texas,38,Good,Ozone
2023-01-27,"San Antonio, TX",Texas,51,Moderate,PM2.5
2023-01-28,"San Antonio, TX",Texas,47,Good,PM2.5
2023-01-29,"San Antonio, TX",Texas,34,Good,PM2.5
2023-01-30,"San Antonio, TX",Texas,18,Good,PM2.5
2023-01-31,"San Antonio, TX",Texas,28,Good,PM2.5
2023-02-01,"San Antonio, TX",Texas,22,Good,Ozone
2023-02-02,"San Antonio, TX",Texas,31,Good,PM2.5
2023-02-03,"San Antonio, TX",Texas,53,Moderate,PM2.5
2023-02-04,"San Antonio, TX",Texas,54,Moderate,PM2.5
2023-02-05,"San Antonio, TX",Texas,51,Moderate,PM2.5
2023-02-06,"San Antonio, TX",Texas,34,Good,Ozone
2023-02-07,"San Antonio, TX",Texas,31,Good,PM2.5
2023-02-08,"San Antonio, TX",Texas,32,Good,NO2
2023-02-09,"San Antonio, TX",Texas,41,Good,Ozone
2023-02-10,"San Antonio, TX",Texas,34,Good,Ozone
2023-02-11,"San Antonio, TX",Texas,39,Good,Ozone
2023-02-12,"San Antonio, TX",Texas,55,Moderate,PM2.5
2023-02-13,"San Antonio, TX",Texas,48,Good,PM2.5
2023-02-14,"San Antonio, TX",Texas,47,Good,Ozone
2023-02-15,"San Antonio, TX",Texas,65,Moderate,PM2.5
2023-02-16,"San Antonio, TX",Texas,33,Good,Ozone
2023-02-17,"San Antonio, TX",Texas,39,Good,Ozone
2023-02-18,"San Antonio, TX",Texas,54,Moderate,PM2.5
2023-02-19,"San Antonio, TX",Texas,55,Moderate,PM2.5
2023-02-20,"San Antonio, TX",Texas,44,Good,PM2.5
2023-02-21,"San Antonio, TX",Texas,60,Moderate,PM2.5
2023-02-22,"San Antonio, TX",Texas,56,Moderate,PM2.5
2023-02-23,"San Antonio, TX",Texas,65,Moderate,PM2.5
2023-02-24,"San Antonio, TX",Texas,58,Moderate,PM2.5
2023-02-25,"San Antonio, TX",Texas,64,Moderate,PM2.5
2023-02-26,"San Antonio, TX",Texas,63,Moderate,PM2.5
2023-02-27,"San Antonio, TX",Texas,84,Moderate,Ozone
2023-02-28,"San Antonio, TX",Texas,64,Moderate,PM2.5
2023-03-01,"San Antonio, TX",Texas,82,Moderate,PM2.5
2023-03-02,"San Antonio, TX",Texas,83,Moderate,PM2.5
2023-03-03,"San Antonio, TX",Texas,77,Moderate,Ozone
2023-03-04,"San Antonio, TX",Texas,80,Moderate,Ozone
2023-03-05,"San Antonio, TX",Texas,67,Moderate,Ozone
2023-03-06,"San Antonio, TX",Texas,56,Moderate,PM2.5
2023-03-07,"San Antonio, TX",Texas,71,Moderate,PM2.5
2023-03-08,"San Antonio, TX",Texas,59,Moderate,PM2.5
2023-03-09,"San Antonio, TX",Texas,64,Moderate,PM2.5
2023-03-10,"San Antonio, TX",Texas,52,Moderate,PM2.5
2023-03-11,"San Antonio, TX",Texas,63,Moderate,PM2.5
2023-03-12,"San Antonio, TX",Texas,51,Moderate,PM2.5
2023-03-13,"San Antonio, TX",Texas,44,Good,Ozone
2023-03-14,"San Antonio, TX",Texas,48,Good,PM2.5
2023-03-15,"San Antonio, TX",Texas,53,Moderate,PM2.5
2023-03-16,"San Antonio, TX",Texas,48,Good,PM2.5
2023-03-17,"San Antonio, TX",Texas,41,Good,Ozone
2023-03-18,"San Antonio, TX",Texas,40,Good,Ozone
2023-03-19,"San Antonio, TX",Texas,44,Good,Ozone
2023-03-20,"San Antonio, TX",Texas,41,Good,Ozone
2023-03-21,"San Antonio, TX",Texas,31,Good,PM2.5
2023-03-22,"San Antonio, TX",Texas,53,Moderate,PM2.5
2023-03-23,"San Antonio, TX",Texas,54,Moderate,PM2.5
2023-03-24,"San Antonio, TX",Texas,52,Moderate,PM2.5
2023-03-25,"San Antonio, TX",Texas,50,Good,Ozone
2023-03-26,"San Antonio, TX",Texas,64,Moderate,PM2.5
2023-03-27,"San Antonio, TX",Texas,62,Moderate,PM2.5
2023-03-28,"San Antonio, TX",Texas,58,Moderate,Ozone
2023-03-29,"San Antonio, TX",Texas,52,Moderate,PM2.5
2023-03-30,"San Antonio, TX",Texas,54,Moderate,PM2.5
2023-03-31,"San Antonio, TX",Texas,58,Moderate,PM2.5
2023-04-01,"San Antonio, TX",Texas,67,Moderate,Ozone
2023-04-02,"San Antonio, TX",Texas,62,Moderate,PM2.5
2023-04-03,"San Antonio, TX",Texas,69,Moderate,PM2.5
2023-04-04,"San Antonio, TX",Texas,74,Moderate,PM2.5
2023-04-05,"San Antonio, TX",Texas,61,Moderate,PM2.5
2023-04-06,"San Antonio, TX",Texas,32,Good,Ozone
2023-04-07,"San Antonio, TX",Texas,28,Good,PM2.5
2023-04-08,"San Antonio, TX",Texas,37,Good,Ozone
2023-04-09,"San Antonio, TX",Texas,46,Good,PM2.5
2023-04-10,"San Antonio, TX",Texas,47,Good,PM2.5
2023-04-11,"San Antonio, TX",Texas,43,Good,Ozone
2023-04-12,"San Antonio, TX",Texas,61,Moderate,Ozone
2023-04-13,"San Antonio, TX",Texas,67,Moderate,Ozone
2023-04-14,"San Antonio, TX",Texas,44,Good,PM2.5
2023-04-15,"San Antonio, TX",Texas,47,Good,Ozone
2023-04-16,"San Antonio, TX",Texas,54,Moderate,Ozone
2023-04-17,"San Antonio, TX",Texas,77,Moderate,Ozone
2023-04-18,"San Antonio, TX",Texas,52,Moderate,PM2.5
2023-04-19,"San Antonio, TX",Texas,53,Moderate,PM2.5
2023-04-20,"San Antonio, TX",Texas,60,Moderate,PM2.5
2023-04-21,"San Antonio, TX",Texas,52,Moderate,PM2.5
2023-04-22,"San Antonio, TX",Texas,55,Moderate,PM2.5
2023-04-23,"San Antonio, TX",Texas,46,Good,PM2.5
2023-04-24,"San Antonio, TX",Texas,47,Good,PM2.5
2023-04-25,"San Antonio, TX",Texas,51,Moderate,PM2.5
2023-04-26,"San Antonio, TX",Texas,51,Moderate,PM2.5
2023-04-27,"San Antonio, TX",Texas,74,Moderate,Ozone
2023-04-28,"San Antonio, TX",Texas,47,Good,PM2.5
2023-04-29,"San Antonio, TX",Texas,43,Good,Ozone
2023-04-30,"San Antonio, TX",Texas,61,Moderate,Ozone
2023-05-01,"San Antonio, TX",Texas,54,Moderate,Ozone
2023-05-02,"San Antonio, TX",Texas,36,Good,Ozone
2023-05-03,"San Antonio, TX",Texas,61,Moderate,Ozone
2023-05-04,"San Antonio, TX",Texas,62,Moderate,PM2.5
2023-05-05,"San Antonio, TX",Texas,82,Moderate,PM2.5
2023-05-06,"San Antonio, TX",Texas,81,Moderate,PM2.5
2023-05-07,"San Antonio, TX",Texas,59,Moderate,PM2.5
2023-05-08,"San Antonio, TX",Texas,68,Moderate,PM2.5
2023-05-09,"San Antonio, TX",Texas,44,Good,Ozone
2023-05-10,"San Antonio, TX",Texas,49,Good,PM2.5
2023-05-11,"San Antonio, TX",Texas,82,Moderate,PM2.5
2023-05-12,"San Antonio, TX",Texas,85,Moderate,PM2.5
2023-05-13,"San Antonio, TX",Texas,48,Good,Ozone
2023-05-14,"San Antonio, TX",Texas,46,Good,Ozone
2023-05-15,"San Antonio, TX",Texas,45,Good,Ozone
2023-05-16,"San Antonio, TX",Texas,41,Good,Ozone
2023-05-17,"San Antonio, TX",Texas,67,Moderate,Ozone
2023-05-18,"San Antonio, TX",Texas,84,Moderate,Ozone
2023-05-19,"San Antonio, TX",Texas,51,Moderate,PM2.5
2023-05-20,"San Antonio, TX",Texas,46,Good,PM2.5
2023-05-21,"San Antonio, TX",Texas,77,Moderate,PM2.5
2023-05-22,"San Antonio, TX",Texas,100,Moderate,Ozone
2023-05-23,"San Antonio, TX",Texas,64,Moderate,Ozone
2023-05-24,"San Antonio, TX",Texas,64,Moderate,Ozone
2023-05-25,"San Antonio, TX",Texas,77,Moderate,Ozone
2023-05-26,"San Antonio, TX",Texas,67,Moderate,Ozone
2023-05-27,"San Antonio, TX",Texas,97,Moderate,Ozone
2023-05-28,"San Antonio, TX",Texas,56,Moderate,PM2.5
2023-05-29,"San Antonio, TX",Texas,55,Moderate,PM2.5
2023-05-30,"San Antonio, TX",Texas,54,Moderate,Ozone
2023-05-31,"San Antonio, TX",Texas,47,Good,Ozone
2023-06-01,"San Antonio, TX",Texas,42,Good,Ozone
2023-06-02,"San Antonio, TX",Texas,49,Good,PM2.5
2023-06-03,"San Antonio, TX",Texas,58,Moderate,Ozone
2023-06-04,"San Antonio, TX",Texas,44,Good,PM2.5
2023-06-05,"San Antonio, TX",Texas,58,Moderate,Ozone
2023-06-06,"San Antonio, TX",Texas,61,Moderate,Ozone
2023-06-07,"San Antonio, TX",Texas,93,Moderate,Ozone
2023-06-08,"San Antonio, TX",Texas,80,Moderate,Ozone
2023-06-09,"San Antonio, TX",Texas,64,Moderate,Ozone
2023-06-10,"San Antonio, TX",Texas,52,Moderate,PM2.5
2023-06-11,"San Antonio, TX",Texas,54,Moderate,PM2.5
2023-06-12,"San Antonio, TX",Texas,69,Moderate,PM2.5
2023-06-13,"San Antonio, TX",Texas,90,Moderate,PM2.5
2023-06-14,"San Antonio, TX",Texas,87,Moderate,PM2.5
2023-06-15,"San Antonio, TX",Texas,91,Moderate,PM2.5
2023-06-16,"San Antonio, TX",Texas,79,Moderate,PM2.5
2023-06-17,"San Antonio, TX",Texas,76,Moderate,PM2.5
2023-06-18,"San Antonio, TX",Texas,69,Moderate,PM2.5
2023-06-19,"San Antonio, TX",Texas,65,Moderate,PM2.5
2023-06-20,"San Antonio, TX",Texas,76,Moderate,PM2.5
2023-06-21,"San Antonio, TX",Texas,119,Unhealthy for Sensitive Groups,Ozone
2023-06-22,"San Antonio, TX",Texas,54,Moderate,PM2.5
2023-06-23,"San Antonio, TX",Texas,65,Moderate,PM2.5
2023-06-24,"San Antonio, TX",Texas,44,Good,PM2.5
2023-06-25,"San Antonio, TX",Texas,46,Good,PM2.5
2023-06-26,"San Antonio, TX",Texas,40,Good,Ozone
2023-06-27,"San Antonio, TX",Texas,56,Moderate,PM2.5
2023-06-28,"San Antonio, TX",Texas,52,Moderate,PM2.5
2023-06-29,"San Antonio, TX",Texas,45,Good,PM2.5
2023-06-30,"San Antonio, TX",Texas,39,Good,PM2.5
2023-07-01,"San Antonio, TX",Texas,36,Good,PM2.5
2023-07-02,"San Antonio, TX",Texas,41,Good,PM2.5
2023-07-03,"San Antonio, TX",Texas,41,Good,PM2.5
2023-07-04,"San Antonio, TX",Texas,48,Good,PM2.5
2023-07-05,"San Antonio, TX",Texas,40,Good,PM2.5
2023-07-06,"San Antonio, TX",Texas,28,Good,PM2.5
2023-07-07,"San Antonio, TX",Texas,46,Good,PM2.5
2023-07-08,"San Antonio, TX",Texas,50,Good,PM2.5
2023-07-09,"San Antonio, TX",Texas,50,Good,PM2.5
2023-07-10,"San Antonio, TX",Texas,60,Moderate,PM2.5
2023-07-11,"San Antonio, TX",Texas,58,Moderate,PM2.5
2023-07-12,"San Antonio, TX",Texas,59,Moderate,PM2.5
2023-07-13,"San Antonio, TX",Texas,58,Moderate,PM2.5
2023-07-14,"San Antonio, TX",Texas,63,Moderate,PM2.5
2023-07-15,"San Antonio, TX",Texas,72,Moderate,PM2.5
2023-07-16,"San Antonio, TX",Texas,77,Moderate,PM2.5
2023-07-17,"San Antonio, TX",Texas,67,Moderate,PM2.5
2023-07-18,"San Antonio, TX",Texas,65,Moderate,PM2.5
2023-07-19,"San Antonio, TX",Texas,66,Moderate,PM2.5
2023-07-20,"San Antonio, TX",Texas,64,Moderate,PM2.5
2023-07-21,"San Antonio, TX",Texas,61,Moderate,PM2.5
2023-07-22,"San Antonio, TX",Texas,55,Moderate,PM2.5
2023-07-23,"San Antonio, TX",Texas,53,Moderate,PM2.5
2023-07-24,"San Antonio, TX",Texas,64,Moderate,Ozone
2023-07-25,"San Antonio, TX",Texas,66,Moderate,PM2.5
2023-07-26,"San Antonio, TX",Texas,78,Moderate,PM2.5
2023-07-27,"San Antonio, TX",Texas,79,Moderate,PM2.5
2023-07-28,"San Antonio, TX",Texas,75,Moderate,PM2.5
2023-07-29,"San Antonio, TX",Texas,67,Moderate,PM2.5
2023-07-30,"San Antonio, TX",Texas,55,Moderate,PM2.5
2023-07-31,"San Antonio, TX",Texas,51,Moderate,PM2.5
2023-08-01,"San Antonio, TX",Texas,46,Good,PM2.5
2023-08-02,"San Antonio, TX",Texas,52,Moderate,PM2.5
2023-08-03,"San Antonio, TX",Texas,46,Good,PM2.5
2023-08-04,"San Antonio, TX",Texas,49,Good,PM2.5
2023-08-05,"San Antonio, TX",Texas,55,Moderate,PM2.5
2023-08-06,"San Antonio, TX",Texas,48,Good,PM2.5
2023-08-07,"San Antonio, TX",Texas,53,Moderate,PM2.5
2023-08-08,"San Antonio, TX",Texas,57,Moderate,PM2.5
2023-08-09,"San Antonio, TX",Texas,49,Good,PM2.5
2023-08-10,"San Antonio, TX",Texas,53,Moderate,PM2.5
2023-08-11,"San Antonio, TX",Texas,57,Moderate,PM2.5
2023-08-12,"San Antonio, TX",Texas,58,Moderate,PM2.5
2023-08-13,"San Antonio, TX",Texas,52,Moderate,PM2.5
2023-08-14,"San Antonio, TX",Texas,58,Moderate,PM2.5
2023-08-15,"San Antonio, TX",Texas,87,Moderate,Ozone
2023-08-16,"San Antonio, TX",Texas,112,Unhealthy for Sensitive Groups,Ozone
2023-08-17,"San Antonio, TX",Texas,67,Moderate,Ozone
2023-08-18,"San Antonio, TX",Texas,67,Moderate,Ozone
2023-08-19,"San Antonio, TX",Texas,50,Good,PM2.5
2023-08-20,"San Antonio, TX",Texas,60,Moderate,PM2.5
2023-08-21,"San Antonio, TX",Texas,80,Moderate,Ozone
2023-08-22,"San Antonio, TX",Texas,51,Moderate,PM2.5
2023-08-23,"San Antonio, TX",Texas,47,Good,PM2.5
2023-08-24,"San Antonio, TX",Texas,71,Moderate,Ozone
2023-08-25,"San Antonio, TX",Texas,105,Unhealthy for Sensitive Groups,Ozone
2023-08-26,"San Antonio, TX",Texas,74,Moderate,Ozone
2023-08-27,"San Antonio, TX",Texas,77,Moderate,Ozone
2023-08-28,"San Antonio, TX",Texas,100,Moderate,Ozone
2023-08-29,"San Antonio, TX",Texas,122,Unhealthy for Sensitive Groups,Ozone
2023-08-30,"San Antonio, TX",Texas,84,Moderate,Ozone
2023-08-31,"San Antonio, TX",Texas,126,Unhealthy for Sensitive Groups,Ozone
2023-09-01,"San Antonio, TX",Texas,136,Unhealthy for Sensitive Groups,Ozone
2023-09-02,"San Antonio, TX",Texas,119,Unhealthy for Sensitive Groups,Ozone
2023-09-03,"San Antonio, TX",Texas,71,Moderate,Ozone
2023-09-04,"San Antonio, TX",Texas,43,Good,PM2.5
2023-09-05,"San Antonio, TX",Texas,38,Good,PM2.5
2023-09-06,"San Antonio, TX",Texas,44,Good,Ozone
2023-09-07,"San Antonio, TX",Texas,58,Moderate,Ozone
2023-09-08,"San Antonio, TX",Texas,80,Moderate,Ozone
2023-09-09,"San Antonio, TX",Texas,48,Good,Ozone
2023-09-10,"San Antonio, TX",Texas,77,Moderate,Ozone
2023-09-11,"San Antonio, TX",Texas,115,Unhealthy for Sensitive Groups,Ozone
2023-09-12,"San Antonio, TX",Texas,77,Moderate,Ozone
2023-09-13,"San Antonio, TX",Texas,101,Unhealthy for Sensitive Groups,Ozone
2023-09-14,"San Antonio, TX",Texas,53,Moderate,PM2.5
2023-09-15,"San Antonio, TX",Texas,50,Good,Ozone
2023-09-16,"San Antonio, TX",Texas,51,Moderate,Ozone
2023-09-17,"San Antonio, TX",Texas,90,Moderate,Ozone
2023-09-18,"San Antonio, TX",Texas,112,Unhealthy for Sensitive Groups,Ozone
2023-09-19,"San Antonio, TX",Texas,97,Moderate,Ozone
2023-09-20,"San Antonio, TX",Texas,67,Moderate,Ozone
2023-09-21,"San Antonio, TX",Texas,50,Good,Ozone
2023-09-22,"San Antonio, TX",Texas,38,Good,PM2.5
2023-09-23,"San Antonio, TX",Texas,36,Good,PM2.5
2023-09-24,"San Antonio, TX",Texas,36,Good,PM2.5
2023-09-25,"San Antonio, TX",Texas,46,Good,Ozone
2023-09-26,"San Antonio, TX",Texas,51,Moderate,Ozone
2023-09-27,"San Antonio, TX",Texas,77,Moderate,Ozone
2023-09-28,"San Antonio, TX",Texas,54,Moderate,Ozone
2023-09-29,"San Antonio, TX",Texas,50,Good,Ozone
2023-09-30,"San Antonio, TX",Texas,41,Good,Ozone
2023-10-01,"San Antonio, TX",Texas,49,Good,Ozone
2023-10-02,"San Antonio, TX",Texas,41,Good,Ozone
2023-10-03,"San Antonio, TX",Texas,44,Good,Ozone
2023-10-04,"San Antonio, TX",Texas,33,Good,Ozone
2023-10-05,"San Antonio, TX",Texas,32,Good,Ozone
2023-10-06,"San Antonio, TX",Texas,51,Moderate,Ozone
2023-10-07,"San Antonio, TX",Texas,42,Good,Ozone
2023-10-08,"San Antonio, TX",Texas,50,Good,Ozone
2023-10-09,"San Antonio, TX",Texas,47,Good,Ozone
2023-10-10,"San Antonio, TX",Texas,47,Good,PM2.5
2023-10-11,"San Antonio, TX",Texas,36,Good,PM2.5
2023-10-12,"San Antonio, TX",Texas,37,Good,Ozone
2023-10-13,"San Antonio, TX",Texas,44,Good,Ozone
2023-10-14,"San Antonio, TX",Texas,35,Good,Ozone
2023-10-15,"San Antonio, TX",Texas,33,Good,Ozone
2023-10-16,"San Antonio, TX",Texas,35,Good,Ozone
2023-10-17,"San Antonio, TX",Texas,49,Good,Ozone
2023-10-18,"San Antonio, TX",Texas,50,Good,Ozone
2023-10-19,"San Antonio, TX",Texas,61,Moderate,Ozone
2023-10-20,"San Antonio, TX",Texas,54,Moderate,Ozone
2023-10-21,"San Antonio, TX",Texas,67,Moderate,Ozone
2023-10-22,"San Antonio, TX",Texas,38,Good,Ozone
2023-10-23,"San Antonio, TX",Texas,32,Good,PM2.5
2023-10-24,"San Antonio, TX",Texas,38,Good,PM2.5
2023-10-25,"San Antonio, TX",Texas,45,Good,PM2.5
2023-10-26,"San Antonio, TX",Texas,41,Good,PM2.5
2023-10-27,"San Antonio, TX",Texas,40,Good,PM2.5
2023-10-28,"San Antonio, TX",Texas,32,Good,Ozone
2023-10-29,"San Antonio, TX",Texas,29,Good,Ozone
2023-10-30,"San Antonio, TX",Texas,28,Good,Ozone
2023-10-31,"San Antonio, TX",Texas,44,Good,PM2.5
2023-11-01,"San Antonio, TX",Texas,43,Good,PM2.5
2023-11-02,"San Antonio, TX",Texas,48,Good,PM2.5
2023-11-03,"San Antonio, TX",Texas,52,Moderate,PM2.5
2023-11-04,"San Antonio, TX",Texas,52,Moderate,PM2.5
2023-11-05,"San Antonio, TX",Texas,54,Moderate,PM2.5
2023-11-06,"San Antonio, TX",Texas,31,Good,Ozone
2023-11-07,"San Antonio, TX",Texas,36,Good,PM2.5
2023-11-08,"San Antonio, TX",Texas,33,Good,PM2.5
2023-11-09,"San Antonio, TX",Texas,44,Good,PM2.5
2023-11-10,"San Antonio, TX",Texas,26,Good,PM2.5
2023-11-11,"San Antonio, TX",Texas,37,Good,PM2.5
2023-11-12,"San Antonio, TX",Texas,49,Good,PM2.5
2023-11-13,"San Antonio, TX",Texas,53,Moderate,PM2.5
2023-11-14,"San Antonio, TX",Texas,53,Moderate,PM2.5
2023-11-15,"San Antonio, TX",Texas,56,Moderate,PM2.5
2023-11-16,"San Antonio, TX",Texas,62,Moderate,PM2.5
2023-11-17,"San Antonio, TX",Texas,63,Moderate,PM2.5
2023-11-18,"San Antonio, TX",Texas,52,Moderate,PM2.5
2023-11-19,"San Antonio, TX",Texas,68,Moderate,PM2.5
2023-11-20,"San Antonio, TX",Texas,38,Good,Ozone
2023-11-21,"San Antonio, TX",Texas,30,Good,Ozone
2023-11-22,"San Antonio, TX",Texas,52,Moderate,PM2.5
2023-11-23,"San Antonio, TX",Texas,56,Moderate,PM2.5
2023-11-24,"San Antonio, TX",Texas,52,Moderate,PM2.5
2023-11-25,"San Antonio, TX",Texas,52,Moderate,PM2.5
2023-11-26,"San Antonio, TX",Texas,39,Good,PM2.5
2023-11-27,"San Antonio, TX",Texas,31,Good,Ozone
2023-11-28,"San Antonio, TX",Texas,37,Good,PM2.5
2023-11-29,"San Antonio, TX",Texas,43,Good,PM2.5
2023-11-30,"San Antonio, TX",Texas,24,Good,Ozone
2023-12-01,"San Antonio, TX",Texas,42,Good,PM2.5
2023-12-02,"San Antonio, TX",Texas,54,Moderate,PM2.5
2023-12-03,"San Antonio, TX",Texas,41,Good,PM2.5
2023-12-04,"San Antonio, TX",Texas,41,Good,PM2.5
2023-12-05,"San Antonio, TX",Texas,59,Moderate,PM2.5
2023-12-06,"San Antonio, TX",Texas,55,Moderate,PM2.5
2023-12-07,"San Antonio, TX",Texas,39,Good,Ozone
2023-12-08,"San Antonio, TX",Texas,52,Moderate,PM2.5
2023-12-09,"San Antonio, TX",Texas,53,Moderate,PM2.5
2023-12-10,"San Antonio, TX",Texas,52,Moderate,PM2.5
2023-12-11,"San Antonio, TX",Texas,50,Good,PM2.5
2023-12-12,"San Antonio, TX",Texas,41,Good,PM2.5
2023-12-13,"San Antonio, TX",Texas,37,Good,PM2.5
2023-12-14,"San Antonio, TX",Texas,55,Moderate,PM2.5
2023-12-15,"San Antonio, TX",Texas,51,Moderate,PM2.5
2023-12-16,"San Antonio, TX",Texas,43,Good,PM2.5
2023-12-17,"San Antonio, TX",Texas,56,Moderate,PM2.5
2023-12-18,"San Antonio, TX",Texas,44,Good,PM2.5
2023-12-19,"San Antonio, TX",Texas,46,Good,Ozone
2023-12-20,"San Antonio, TX",Texas,41,Good,PM2.5
2023-12-21,"San Antonio, TX",Texas,41,Good,PM2.5
2023-12-22,"San Antonio, TX",Texas,47,Good,PM2.5
2023-12-23,"San Antonio, TX",Texas,29,Good,Ozone
2023-12-24,"San Antonio, TX",Texas,41,Good,PM2.5
2023-12-25,"San Antonio, TX",Texas,28,Good,PM2.5
2023-12-26,"San Antonio, TX",Texas,38,Good,PM2.5
2023-12-27,"San Antonio, TX",Texas,40,Good,PM2.5
2023-12-28,"San Antonio, TX",Texas,40,Good,PM2.5
2023-12-29,"San Antonio, TX",Texas,39,Good,PM2.5
2023-12-30,"San Antonio, TX",Texas,64,Moderate,PM2.5
2023-12-31,"San Antonio, TX",Texas,166,Unhealthy,PM2.5
2024-01-01,"San Antonio, TX",Texas,199,Unhealthy,PM2.5
2024-01-02,"San Antonio, TX",Texas,54,Moderate,PM2.5
2024-01-03,"San Antonio, TX",Texas,29,Good,PM2.5
2024-01-04,"San Antonio, TX",Texas,55,Moderate,PM2.5
2024-01-05,"San Antonio, TX",Texas,33,Good,Ozone
2024-01-06,"San Antonio, TX",Texas,46,Good,PM2.5
2024-01-07,"San Antonio, TX",Texas,43,Good,PM2.5
2024-01-08,"San Antonio, TX",Texas,53,Moderate,PM10
2024-01-09,"San Antonio, TX",Texas,51,Moderate,PM2.5
2024-01-10,"San Antonio, TX",Texas,66,Moderate,PM2.5
2024-01-11,"San Antonio, TX",Texas,63,Moderate,PM2.5
2024-01-12,"San Antonio, TX",Texas,58,Moderate,PM2.5
2024-01-13,"San Antonio, TX",Texas,61,Moderate,PM2.5
2024-01-14,"San Antonio, TX",Texas,45,Good,PM2.5
2024-01-15,"San Antonio, TX",Texas,34,Good,PM2.5
2024-01-16,"San Antonio, TX",Texas,30,Good,Ozone
2024-01-17,"San Antonio, TX",Texas,55,Moderate,PM2.5
2024-01-18,"San Antonio, TX",Texas,58,Moderate,PM2.5
2024-01-19,"San Antonio, TX",Texas,51,Moderate,PM2.5
2024-01-20,"San Antonio, TX",Texas,37,Good,PM2.5
2024-01-21,"San Antonio, TX",Texas,56,Moderate,PM2.5
2024-01-22,"San Antonio, TX",Texas,34,Good,PM2.5
2024-01-23,"San Antonio, TX",Texas,38,Good,PM2.5
2024-01-24,"San Antonio, TX",Texas,23,Good,PM2.5
2024-01-25,"San Antonio, TX",Texas,32,Good,PM2.5
2024-01-26,"San Antonio, TX",Texas,52,Moderate,PM2.5
2024-01-27,"San Antonio, TX",Texas,34,Good,PM2.5
2024-01-28,"San Antonio, TX",Texas,40,Good,PM2.5
2024-01-29,"San Antonio, TX",Texas,48,Good,PM2.5
2024-01-30,"San Antonio, TX",Texas,49,Good,PM2.5
2024-01-31,"San Antonio, TX",Texas,53,Moderate,PM2.5
2024-02-01,"San Antonio, TX",Texas,47,Good,PM2.5
2024-02-02,"San Antonio, TX",Texas,35,Good,PM2.5
2024-02-03,"San Antonio, TX",Texas,35,Good,Ozone
2024-02-04,"San Antonio, TX",Texas,61,Moderate,PM10
2024-02-05,"San Antonio, TX",Texas,33,Good,Ozone
2024-02-06,"San Antonio, TX",Texas,52,Moderate,PM2.5
2024-02-07,"San Antonio, TX",Texas,54,Moderate,PM2.5
2024-02-08,"San Antonio, TX",Texas,48,Good,PM2.5
2024-02-09,"San Antonio, TX",Texas,75,Moderate,PM2.5
2024-02-10,"San Antonio, TX",Texas,62,Moderate,PM2.5
2024-02-11,"San Antonio, TX",Texas,33,Good,Ozone
2024-02-12,"San Antonio, TX",Texas,33,Good,Ozone
2024-02-13,"San Antonio, TX",Texas,44,Good,PM2.5
2024-02-14,"San Antonio, TX",Texas,36,Good,Ozone
2024-02-15,"San Antonio, TX",Texas,58,Moderate,PM2.5
2024-02-16,"San Antonio, TX",Texas,36,Good,Ozone
2024-02-17,"San Antonio, TX",Texas,30,Good,Ozone
2024-02-18,"San Antonio, TX",Texas,32,Good,Ozone
2024-02-19,"San Antonio, TX",Texas,52,Moderate,PM2.5
2024-02-20,"San Antonio, TX",Texas,54,Moderate,PM2.5
2024-02-21,"San Antonio, TX",Texas,51,Moderate,PM2.5
2024-02-22,"San Antonio, TX",Texas,44,Good,PM2.5
2024-02-23,"San Antonio, TX",Texas,48,Good,Ozone
2024-02-24,"San Antonio, TX",Texas,49,Good,Ozone
2024-02-25,"San Antonio, TX",Texas,55,Moderate,PM2.5
2024-02-26,"San Antonio, TX",Texas,67,Moderate,PM2.5
2024-02-27,"San Antonio, TX",Texas,88,Moderate,PM2.5
2024-02-28,"San Antonio, TX",Texas,60,Moderate,PM2.5
2024-02-29,"San Antonio, TX",Texas,35,Good,PM2.5
2024-03-01,"San Antonio, TX",Texas,64,Moderate,PM2.5
2024-03-02,"San Antonio, TX",Texas,58,Moderate,PM2.5
2024-03-03,"San Antonio, TX",Texas,60,Moderate,PM2.5
2024-03-04,"San Antonio, TX",Texas,68,Moderate,PM2.5
2024-03-05,"San Antonio, TX",Texas,64,Moderate,PM2.5
2024-03-06,"San Antonio, TX",Texas,63,Moderate,PM2.5
2024-03-07,"San Antonio, TX",Texas,63,Moderate,PM2.5
2024-03-08,"San Antonio, TX",Texas,46,Good,PM2.5
2024-03-09,"San Antonio, TX",Texas,33,Good,Ozone
2024-03-10,"San Antonio, TX",Texas,44,Good,Ozone
2024-03-11,"San Antonio, TX",Texas,44,Good,Ozone
2024-03-12,"San Antonio, TX",Texas,41,Good,PM2.5
2024-03-13,"San Antonio, TX",Texas,54,Moderate,PM2.5
2024-03-14,"San Antonio, TX",Texas,78,Moderate,PM2.5
2024-03-15,"San Antonio, TX",Texas,72,Moderate,PM2.5
2024-03-16,"San Antonio, TX",Texas,48,Good,PM2.5
2024-03-17,"San Antonio, TX",Texas,29,Good,Ozone
2024-03-18,"San Antonio, TX",Texas,45,Good,PM2.5
2024-03-19,"San Antonio, TX",Texas,34,Good,Ozone
2024-03-20,"San Antonio, TX",Texas,38,Good,Ozone
2024-03-21,"San Antonio, TX",Texas,36,Good,PM2.5
2024-03-22,"San Antonio, TX",Texas,45,Good,Ozone
2024-03-23,"San Antonio, TX",Texas,48,Good,Ozone
2024-03-24,"San Antonio, TX",Texas,60,Moderate,PM2.5
2024-03-25,"San Antonio, TX",Texas,68,Moderate,PM2.5
2024-03-26,"San Antonio, TX",Texas,44,Good,Ozone
2024-03-27,"San Antonio, TX",Texas,42,Good,Ozone
2024-03-28,"San Antonio, TX",Texas,58,Moderate,Ozone
2024-03-29,"San Antonio, TX",Texas,46,Good,Ozone
2024-03-30,"San Antonio, TX",Texas,44,Good,PM2.5
2024-03-31,"San Antonio, TX",Texas,63,Moderate,PM2.5
2024-04-01,"San Antonio, TX",Texas,102,Unhealthy for Sensitive Groups,PM2.5
2024-04-02,"San Antonio, TX",Texas,60,Moderate,PM10
2024-04-03,"San Antonio, TX",Texas,50,Good,Ozone
2024-04-04,"San Antonio, TX",Texas,64,Moderate,Ozone
2024-04-05,"San Antonio, TX",Texas,49,Good,Ozone
2024-04-06,"San Antonio, TX",Texas,49,Good,PM2.5
2024-04-07,"San Antonio, TX",Texas,49,Good,Ozone
2024-04-08,"San Antonio, TX",Texas,77,Moderate,PM2.5
2024-04-09,"San Antonio, TX",Texas,80,Moderate,PM2.5
2024-04-10,"San Antonio, TX",Texas,44,Good,Ozone
2024-04-11,"San Antonio, TX",Texas,47,Good,Ozone
2024-04-12,"San Antonio, TX",Texas,74,Moderate,Ozone
2024-04-13,"San Antonio, TX",Texas,61,Moderate,Ozone
2024-04-14,"San Antonio, TX",Texas,53,Moderate,PM2.5
2024-04-15,"San Antonio, TX",Texas,63,Moderate,PM2.5
2024-04-16,"San Antonio, TX",Texas,76,Moderate,PM2.5
2024-04-17,"San Antonio, TX",Texas,79,Moderate,PM2.5
2024-04-18,"San Antonio, TX",Texas,83,Moderate,PM2.5
2024-04-19,"San Antonio, TX",Texas,62,Moderate,PM2.5
2024-04-20,"San Antonio, TX",Texas,57,Moderate,PM2.5
2024-04-21,"San Antonio, TX",Texas,43,Good,Ozone
2024-04-22,"San Antonio, TX",Texas,46,Good,Ozone
2024-04-23,"San Antonio, TX",Texas,42,Good,PM2.5
2024-04-24,"San Antonio, TX",Texas,54,Moderate,PM2.5
2024-04-25,"San Antonio, TX",Texas,70,Moderate,PM2.5
2024-04-26,"San Antonio, TX",Texas,80,Moderate,PM2.5
2024-04-27,"San Antonio, TX",Texas,96,Moderate,PM2.5
2024-04-28,"San Antonio, TX",Texas,64,Moderate,PM2.5
2024-04-29,"San Antonio, TX",Texas,76,Moderate,PM2.5
2024-04-30,"San Antonio, TX",Texas,62,Moderate,PM2.5
2024-05-01,"San Antonio, TX",Texas,68,Moderate,PM2.5
2024-05-02,"San Antonio, TX",Texas,68,Moderate,PM2.5
2024-05-03,"San Antonio, TX",Texas,63,Moderate,PM2.5
2024-05-04,"San Antonio, TX",Texas,62,Moderate,PM2.5
2024-05-05,"San Antonio, TX",Texas,52,Moderate,PM2.5
2024-05-06,"San Antonio, TX",Texas,81,Moderate,PM2.5
2024-05-07,"San Antonio, TX",Texas,86,Moderate,PM2.5
2024-05-08,"San Antonio, TX",Texas,130,Unhealthy for Sensitive Groups,PM2.5
2024-05-09,"San Antonio, TX",Texas,113,Unhealthy for Sensitive Groups,PM2.5
2024-05-10,"San Antonio, TX",Texas,61,Moderate,Ozone
2024-05-11,"San Antonio, TX",Texas,48,Good,Ozone
2024-05-12,"San Antonio, TX",Texas,74,Moderate,PM2.5
2024-05-13,"San Antonio, TX",Texas,68,Moderate,PM2.5
2024-05-14,"San Antonio, TX",Texas,115,Unhealthy for Sensitive Groups,Ozone
2024-05-15,"San Antonio, TX",Texas,74,Moderate,Ozone
2024-05-16,"San Antonio, TX",Texas,68,Moderate,PM2.5
2024-05-17,"San Antonio, TX",Texas,90,Moderate,Ozone
2024-05-18,"San Antonio, TX",Texas,74,Moderate,Ozone
2024-05-19,"San Antonio, TX",Texas,90,Moderate,PM2.5
2024-05-20,"San Antonio, TX",Texas,85,Moderate,PM2.5
2024-05-21,"San Antonio, TX",Texas,106,Unhealthy for Sensitive Groups,PM2.5
2024-05-22,"San Antonio, TX",Texas,117,Unhealthy for Sensitive Groups,PM2.5
2024-05-23,"San Antonio, TX",Texas,106,Unhealthy for Sensitive Groups,PM2.5
2024-05-24,"San Antonio, TX",Texas,134,Unhealthy for Sensitive Groups,PM2.5
2024-05-25,"San Antonio, TX",Texas,126,Unhealthy for Sensitive Groups,PM2.5
2024-05-26,"San Antonio, TX",Texas,126,Unhealthy for Sensitive Groups,PM2.5
2024-05-27,"San Antonio, TX",Texas,152,Unhealthy,PM2.5
2024-05-28,"San Antonio, TX",Texas,91,Moderate,PM2.5
2024-05-29,"San Antonio, TX",Texas,101,Unhealthy for Sensitive Groups,Ozone
2024-05-30,"San Antonio, TX",Texas,88,Moderate,PM2.5
2024-05-31,"San Antonio, TX",Texas,67,Moderate,Ozone
2024-06-01,"San Antonio, TX",Texas,74,Moderate,PM2.5
2024-06-02,"San Antonio, TX",Texas,78,Moderate,PM2.5
2024-06-03,"San Antonio, TX",Texas,98,Moderate,PM2.5
2024-06-04,"San Antonio, TX",Texas,122,Unhealthy for Sensitive Groups,PM2.5
2024-06-05,"San Antonio, TX",Texas,86,Moderate,PM2.5
2024-06-06,"San Antonio, TX",Texas,105,Unhealthy for Sensitive Groups,Ozone
2024-06-07,"San Antonio, TX",Texas,143,Unhealthy for Sensitive Groups,Ozone
2024-06-08,"San Antonio, TX",Texas,71,Moderate,Ozone
2024-06-09,"San Antonio, TX",Texas,58,Moderate,PM2.5
2024-06-10,"San Antonio, TX",Texas,77,Moderate,Ozone
2024-06-11,"San Antonio, TX",Texas,64,Moderate,Ozone
2024-06-12,"San Antonio, TX",Texas,51,Moderate,PM2.5
2024-06-13,"San Antonio, TX",Texas,64,Moderate,Ozone
2024-06-14,"San Antonio, TX",Texas,80,Moderate,Ozone
2024-06-15,"San Antonio, TX",Texas,58,Moderate,PM2.5
2024-06-16,"San Antonio, TX",Texas,52,Moderate,PM2.5
2024-06-17,"San Antonio, TX",Texas,47,Good,PM2.5
2024-06-18,"San Antonio, TX",Texas,43,Good,PM2.5
2024-06-19,"San Antonio, TX",Texas,38,Good,PM2.5
2024-06-20,"San Antonio, TX",Texas,45,Good,PM2.5
2024-06-21,"San Antonio, TX",Texas,47,Good,PM2.5
2024-06-22,"San Antonio, TX",Texas,45,Good,PM2.5
2024-06-23,"San Antonio, TX",Texas,43,Good,Ozone
2024-06-24,"San Antonio, TX",Texas,39,Good,Ozone
2024-06-25,"San Antonio, TX",Texas,37,Good,PM2.5
2024-06-26,"San Antonio, TX",Texas,33,Good,PM2.5
2024-06-27,"San Antonio, TX",Texas,45,Good,Ozone
2024-06-28,"San Antonio, TX",Texas,58,Moderate,PM2.5
2024-06-29,"San Antonio, TX",Texas,57,Moderate,PM2.5
2024-06-30,"San Antonio, TX",Texas,55,Moderate,PM2.5
2024-07-01,"San Antonio, TX",Texas,70,Moderate,PM2.5
2024-07-02,"San Antonio, TX",Texas,73,Moderate,PM2.5
2024-07-03,"San Antonio, TX",Texas,57,Moderate,PM2.5
2024-07-04,"San Antonio, TX",Texas,55,Moderate,PM2.5
2024-07-05,"San Antonio, TX",Texas,66,Moderate,PM2.5
2024-07-06,"San Antonio, TX",Texas,54,Moderate,PM2.5
2024-07-07,"San Antonio, TX",Texas,43,Good,PM2.5
2024-07-08,"San Antonio, TX",Texas,41,Good,PM2.5
2024-07-09,"San Antonio, TX",Texas,50,Good,Ozone
2024-07-10,"San Antonio, TX",Texas,48,Good,Ozone
2024-07-11,"San Antonio, TX",Texas,97,Moderate,Ozone
2024-07-12,"San Antonio, TX",Texas,48,Good,PM2.5
2024-07-13,"San Antonio, TX",Texas,58,Moderate,PM2.5
2024-07-14,"San Antonio, TX",Texas,63,Moderate,PM2.5
2024-07-15,"San Antonio, TX",Texas,66,Moderate,PM2.5
2024-07-16,"San Antonio, TX",Texas,61,Moderate,PM2.5
2024-07-17,"San Antonio, TX",Texas,56,Moderate,PM2.5
2024-07-18,"San Antonio, TX",Texas,43,Good,PM2.5
2024-07-19,"San Antonio, TX",Texas,74,Moderate,Ozone
2024-07-20,"San Antonio, TX",Texas,54,Moderate,Ozone
2024-07-21,"San Antonio, TX",Texas,49,Good,PM2.5
2024-07-22,"San Antonio, TX",Texas,49,Good,PM2.5
2024-07-23,"San Antonio, TX",Texas,48,Good,PM2.5
2024-07-24,"San Antonio, TX",Texas,40,Good,PM2.5
2024-07-25,"San Antonio, TX",Texas,43,Good,Ozone
2024-07-26,"San Antonio, TX",Texas,55,Moderate,PM2.5
2024-07-27,"San Antonio, TX",Texas,53,Moderate,PM2.5
2024-07-28,"San Antonio, TX",Texas,36,Good,PM2.5
2024-07-29,"San Antonio, TX",Texas,55,Moderate,PM2.5
2024-07-30,"San Antonio, TX",Texas,69,Moderate,PM2.5
2024-07-31,"San Antonio, TX",Texas,109,Unhealthy for Sensitive Groups,PM2.5
2024-08-01,"San Antonio, TX",Texas,88,Moderate,PM2.5
2024-08-02,"San Antonio, TX",Texas,41,Good,PM2.5
2024-08-03,"San Antonio, TX",Texas,43,Good,Ozone
2024-08-04,"San Antonio, TX",Texas,55,Moderate,PM2.5
2024-08-05,"San Antonio, TX",Texas,80,Moderate,Ozone
2024-08-06,"San Antonio, TX",Texas,100,Moderate,Ozone
2024-08-07,"San Antonio, TX",Texas,61,Moderate,Ozone
2024-08-08,"San Antonio, TX",Texas,93,Moderate,Ozone
2024-08-09,"San Antonio, TX",Texas,53,Moderate,PM2.5
2024-08-10,"San Antonio, TX",Texas,74,Moderate,Ozone
2024-08-11,"San Antonio, TX",Texas,100,Moderate,Ozone
2024-08-12,"San Antonio, TX",Texas,48,Good,PM2.5
2024-08-13,"San Antonio, TX",Texas,56,Moderate,PM2.5
2024-08-14,"San Antonio, TX",Texas,38,Good,PM2.5
2024-08-15,"San Antonio, TX",Texas,52,Moderate,PM2.5
2024-08-16,"San Antonio, TX",Texas,46,Good,PM2.5
2024-08-17,"San Antonio, TX",Texas,37,Good,PM2.5
2024-08-18,"San Antonio, TX",Texas,44,Good,Ozone
2024-08-19,"San Antonio, TX",Texas,50,Good,Ozone
2024-08-20,"San Antonio, TX",Texas,51,Moderate,Ozone
2024-08-21,"San Antonio, TX",Texas,64,Moderate,Ozone
2024-08-22,"San Antonio, TX",Texas,80,Moderate,Ozone
2024-08-23,"San Antonio, TX",Texas,71,Moderate,Ozone
2024-08-24,"San Antonio, TX",Texas,58,Moderate,Ozone
2024-08-25,"San Antonio, TX",Texas,45,Good,Ozone
2024-08-26,"San Antonio, TX",Texas,41,Good,Ozone
2024-08-27,"San Antonio, TX",Texas,45,Good,Ozone
2024-08-28,"San Antonio, TX",Texas,33,Good,Ozone
2024-08-29,"San Antonio, TX",Texas,48,Good,Ozone
2024-08-30,"San Antonio, TX",Texas,41,Good,Ozone
2024-08-31,"San Antonio, TX",Texas,37,Good,Ozone
2024-09-01,"San Antonio, TX",Texas,35,Good,Ozone
2024-09-02,"San Antonio, TX",Texas,29,Good,PM2.5
2024-09-03,"San Antonio, TX",Texas,27,Good,Ozone
2024-09-04,"San Antonio, TX",Texas,56,Moderate,PM2.5
2024-09-05,"San Antonio, TX",Texas,54,Moderate,PM2.5
2024-09-06,"San Antonio, TX",Texas,42,Good,PM2.5
2024-09-07,"San Antonio, TX",Texas,54,Moderate,PM2.5
2024-09-08,"San Antonio, TX",Texas,49,Good,Ozone
2024-09-09,"San Antonio, TX",Texas,47,Good,Ozone
2024-09-10,"San Antonio, TX",Texas,48,Good,PM2.5
2024-09-11,"San Antonio, TX",Texas,43,Good,Ozone
2024-09-12,"San Antonio, TX",Texas,58,Moderate,Ozone
2024-09-13,"San Antonio, TX",Texas,44,Good,Ozone
2024-09-14,"San Antonio, TX",Texas,52,Moderate,PM2.5
2024-09-15,"San Antonio, TX",Texas,53,Moderate,PM2.5
2024-09-16,"San Antonio, TX",Texas,55,Moderate,PM2.5
2024-09-17,"San Antonio, TX",Texas,54,Moderate,Ozone
2024-09-18,"San Antonio, TX",Texas,31,Good,Ozone
2024-09-19,"San Antonio, TX",Texas,31,Good,PM2.5
2024-09-20,"San Antonio, TX",Texas,34,Good,PM2.5
2024-09-21,"San Antonio, TX",Texas,33,Good,Ozone
2024-09-22,"San Antonio, TX",Texas,37,Good,Ozone
2024-09-23,"San Antonio, TX",Texas,45,Good,Ozone
2024-09-24,"San Antonio, TX",Texas,47,Good,Ozone
2024-09-25,"San Antonio, TX",Texas,50,Good,Ozone
2024-09-26,"San Antonio, TX",Texas,61,Moderate,Ozone
2024-09-27,"San Antonio, TX",Texas,87,Moderate,Ozone
2024-09-28,"San Antonio, TX",Texas,80,Moderate,Ozone
2024-09-29,"San Antonio, TX",Texas,67,Moderate,Ozone
2024-09-30,"San Antonio, TX",Texas,119,Unhealthy for Sensitive Groups,Ozone
2024-10-01,"San Antonio, TX",Texas,101,Unhealthy for Sensitive Groups,Ozone
2024-10-02,"San Antonio, TX",Texas,58,Moderate,Ozone
2024-10-03,"San Antonio, TX",Texas,90,Moderate,Ozone
2024-10-04,"San Antonio, TX",Texas,74,Moderate,Ozone
2024-10-05,"San Antonio, TX",Texas,49,Good,PM2.5
2024-10-06,"San Antonio, TX",Texas,41,Good,Ozone
2024-10-07,"San Antonio, TX",Texas,55,Moderate,PM2.5
2024-10-08,"San Antonio, TX",Texas,93,Moderate,Ozone
2024-10-09,"San Antonio, TX",Texas,122,Unhealthy for Sensitive Groups,Ozone
2024-10-10,"San Antonio, TX",Texas,150,Unhealthy for Sensitive Groups,Ozone
2024-10-11,"San Antonio, TX",Texas,133,Unhealthy for Sensitive Groups,Ozone
2024-10-12,"San Antonio, TX",Texas,59,Moderate,PM2.5
2024-10-13,"San Antonio, TX",Texas,57,Moderate,PM2.5
2024-10-14,"San Antonio, TX",Texas,71,Moderate,Ozone
2024-10-15,"San Antonio, TX",Texas,62,Moderate,PM2.5
2024-10-16,"San Antonio, TX",Texas,59,Moderate,PM2.5
2024-10-17,"San Antonio, TX",Texas,50,Good,Ozone
2024-10-18,"San Antonio, TX",Texas,44,Good,Ozone
2024-10-19,"San Antonio, TX",Texas,44,Good,Ozone
2024-10-20,"San Antonio, TX",Texas,47,Good,Ozone
2024-10-21,"San Antonio, TX",Texas,47,Good,Ozone
2024-10-22,"San Antonio, TX",Texas,40,Good,Ozone
2024-10-23,"San Antonio, TX",Texas,42,Good,Ozone
2024-10-24,"San Antonio, TX",Texas,36,Good,Ozone
2024-10-25,"San Antonio, TX",Texas,42,Good,Ozone
2024-10-26,"San Antonio, TX",Texas,43,Good,Ozone
2024-10-27,"San Antonio, TX",Texas,38,Good,Ozone
2024-10-28,"San Antonio, TX",Texas,41,Good,PM2.5
2024-10-29,"San Antonio, TX",Texas,46,Good,PM2.5
2024-10-30,"San Antonio, TX",Texas,39,Good,PM2.5
2024-10-31,"San Antonio, TX",Texas,49,Good,PM2.5
2024-11-01,"San Antonio, TX",Texas,53,Moderate,PM2.5
2024-11-02,"San Antonio, TX",Texas,47,Good,PM2.5
2024-11-03,"San Antonio, TX",Texas,40,Good,PM2.5
2024-11-04,"San Antonio, TX",Texas,58,Moderate,PM2.5
2024-11-05,"San Antonio, TX",Texas,31,Good,Ozone
2024-11-06,"San Antonio, TX",Texas,46,Good,Ozone
2024-11-07,"San Antonio, TX",Texas,57,Moderate,PM2.5
2024-11-08,"San Antonio, TX",Texas,33,Good,PM2.5
2024-11-09,"San Antonio, TX",Texas,44,Good,Ozone
2024-11-10,"San Antonio, TX",Texas,45,Good,Ozone
2024-11-11,"San Antonio, TX",Texas,50,Good,PM2.5
2024-11-12,"San Antonio, TX",Texas,53,Moderate,PM2.5
2024-11-13,"San Antonio, TX",Texas,46,Good,PM2.5
2024-11-14,"San Antonio, TX",Texas,39,Good,Ozone
2024-11-15,"San Antonio, TX",Texas,49,Good,Ozone
2024-11-16,"San Antonio, TX",Texas,44,Good,Ozone
2024-11-17,"San Antonio, TX",Texas,35,Good,Ozone
2024-11-18,"San Antonio, TX",Texas,41,Good,Ozone
2024-11-19,"San Antonio, TX",Texas,40,Good,NO2
2024-11-20,"San Antonio, TX",Texas,39,Good,Ozone
2024-11-21,"San Antonio, TX",Texas,47,Good,PM2.5
2024-11-22,"San Antonio, TX",Texas,57,Moderate,PM2.5
2024-11-23,"San Antonio, TX",Texas,53,Moderate,PM2.5
2024-11-24,"San Antonio, TX",Texas,39,Good,Ozone
2024-11-25,"San Antonio, TX",Texas,39,Good,Ozone
2024-11-26,"San Antonio, TX",Texas,51,Moderate,PM2.5
2024-11-27,"San Antonio, TX",Texas,62,Moderate,PM2.5
2024-11-28,"San Antonio, TX",Texas,31,Good,Ozone
2024-11-29,"San Antonio, TX",Texas,37,Good,PM2.5
2024-11-30,"San Antonio, TX",Texas,49,Good,PM2.5
2024-12-01,"San Antonio, TX",Texas,53,Moderate,PM2.5
2024-12-02,"San Antonio, TX",Texas,45,Good,Ozone
2024-12-03,"San Antonio, TX",Texas,40,Good,PM2.5
2024-12-04,"San Antonio, TX",Texas,52,Moderate,PM2.5
2024-12-05,"San Antonio, TX",Texas,36,Good,PM2.5
2024-12-06,"San Antonio, TX",Texas,24,Good,Ozone
2024-12-07,"San Antonio, TX",Texas,28,Good,PM2.5
2024-12-08,"San Antonio, TX",Texas,46,Good,PM2.5
2024-12-09,"San Antonio, TX",Texas,57,Moderate,PM2.5
2024-12-10,"San Antonio, TX",Texas,28,Good,NO2
2024-12-11,"San Antonio, TX",Texas,37,Good,NO2
2024-12-12,"San Antonio, TX",Texas,45,Good,PM2.5
2024-12-13,"San Antonio, TX",Texas,32,Good,PM2.5
2024-12-14,"San Antonio, TX",Texas,25,Good,Ozone
2024-12-15,"San Antonio, TX",Texas,34,Good,PM2.5
2024-12-16,"San Antonio, TX",Texas,42,Good,PM2.5
2024-12-17,"San Antonio, TX",Texas,31,Good,Ozone
2024-12-18,"San Antonio, TX",Texas,29,Good,Ozone
2024-12-19,"San Antonio, TX",Texas,40,Good,PM2.5
2024-12-20,"San Antonio, TX",Texas,48,Good,PM2.5
2024-12-21,"San Antonio, TX",Texas,52,Moderate,PM2.5
2024-12-22,"San Antonio, TX",Texas,39,Good,PM2.5
2024-12-23,"San Antonio, TX",Texas,36,Good,Ozone
2024-12-24,"San Antonio, TX",Texas,52,Moderate,PM2.5
2024-12-25,"San Antonio, TX",Texas,30,Good,PM2.5
2024-12-26,"San Antonio, TX",Texas,55,Moderate,PM2.5
2024-12-27,"San Antonio, TX",Texas,52,Moderate,PM2.5
2024-12-28,"San Antonio, TX",Texas,63,Moderate,PM2.5
2024-12-29,"San Antonio, TX",Texas,37,Good,Ozone
2024-12-30,"San Antonio, TX",Texas,62,Moderate,PM2.5
2024-12-31,"San Antonio, TX",Texas,57,Moderate,PM2.5
2023-01-01,"San Diego, CA",California,60,Moderate,PM2.5
2023-01-02,"San Diego, CA",California,58,Moderate,PM2.5
2023-01-03,"San Diego, CA",California,37,Good,PM2.5
2023-01-04,"San Diego, CA",California,35,Good,Ozone
2023-01-05,"San Diego, CA",California,52,Moderate,PM2.5
2023-01-06,"San Diego, CA",California,58,Moderate,PM2.5
2023-01-07,"San Diego, CA",California,57,Moderate,PM2.5
2023-01-08,"San Diego, CA",California,72,Moderate,PM2.5
2023-01-09,"San Diego, CA",California,72,Moderate,PM2.5
2023-01-10,"San Diego, CA",California,44,Good,PM2.5
2023-01-11,"San Diego, CA",California,56,Moderate,PM2.5
2023-01-12,"San Diego, CA",California,49,Good,PM2.5
2023-01-13,"San Diego, CA",California,68,Moderate,PM2.5
2023-01-14,"San Diego, CA",California,74,Moderate,PM2.5
2023-01-15,"San Diego, CA",California,57,Moderate,PM2.5
2023-01-16,"San Diego, CA",California,51,Moderate,PM2.5
2023-01-17,"San Diego, CA",California,40,Good,Ozone
2023-01-18,"San Diego, CA",California,51,Moderate,PM2.5
2023-01-19,"San Diego, CA",California,56,Moderate,PM2.5
2023-01-20,"San Diego, CA",California,49,Good,PM2.5
2023-01-21,"San Diego, CA",California,55,Moderate,PM2.5
2023-01-22,"San Diego, CA",California,64,Moderate,PM2.5
2023-01-23,"San Diego, CA",California,54,Moderate,PM2.5
2023-01-24,"San Diego, CA",California,72,Moderate,PM10
2023-01-25,"San Diego, CA",California,73,Moderate,PM10
2023-01-26,"San Diego, CA",California,111,Unhealthy for Sensitive Groups,PM10
2023-01-27,"San Diego, CA",California,70,Moderate,PM10
2023-01-28,"San Diego, CA",California,66,Moderate,PM2.5
2023-01-29,"San Diego, CA",California,52,Moderate,PM2.5
2023-01-30,"San Diego, CA",California,39,Good,Ozone
2023-01-31,"San Diego, CA",California,41,Good,Ozone
2023-02-01,"San Diego, CA",California,56,Moderate,PM2.5
2023-02-02,"San Diego, CA",California,56,Moderate,PM10
2023-02-03,"San Diego, CA",California,63,Moderate,PM2.5
2023-02-04,"San Diego, CA",California,71,Moderate,PM2.5
2023-02-05,"San Diego, CA",California,67,Moderate,PM2.5
2023-02-06,"San Diego, CA",California,53,Moderate,PM2.5
2023-02-07,"San Diego, CA",California,63,Moderate,PM10
2023-02-08,"San Diego, CA",California,69,Moderate,PM10
2023-02-09,"San Diego, CA",California,94,Moderate,PM10
2023-02-10,"San Diego, CA",California,82,Moderate,PM10
2023-02-11,"San Diego, CA",California,64,Moderate,PM2.5
2023-02-12,"San Diego, CA",California,52,Moderate,PM2.5
2023-02-13,"San Diego, CA",California,52,Moderate,PM2.5
2023-02-14,"San Diego, CA",California,58,Moderate,PM2.5
2023-02-15,"San Diego, CA",California,38,Good,Ozone
2023-02-16,"San Diego, CA",California,59,Moderate,PM10
2023-02-17,"San Diego, CA",California,52,Moderate,PM10
2023-02-18,"San Diego, CA",California,53,Moderate,PM2.5
2023-02-19,"San Diego, CA",California,68,Moderate,PM2.5
2023-02-20,"San Diego, CA",California,67,Moderate,PM2.5
2023-02-21,"San Diego, CA",California,78,Moderate,PM2.5
2023-02-22,"San Diego, CA",California,71,Moderate,PM10
2023-02-23,"San Diego, CA",California,43,Good,Ozone
2023-02-24,"San Diego, CA",California,44,Good,Ozone
2023-02-25,"San Diego, CA",California,46,Good,Ozone
2023-02-26,"San Diego, CA",California,45,Good,Ozone
2023-02-27,"San Diego, CA",California,45,Good,Ozone
2023-02-28,"San Diego, CA",California,44,Good,Ozone
2023-03-01,"San Diego, CA",California,46,Good,Ozone
2023-03-02,"San Diego, CA",California,47,Good,Ozone
2023-03-03,"San Diego, CA",California,61,Moderate,Ozone
2023-03-04,"San Diego, CA",California,65,Moderate,PM2.5
2023-03-05,"San Diego, CA",California,54,Moderate,PM2.5
2023-03-06,"San Diego, CA",California,48,Good,Ozone
2023-03-07,"San Diego, CA",California,52,Moderate,PM2.5
2023-03-08,"San Diego, CA",California,52,Moderate,PM2.5
2023-03-09,"San Diego, CA",California,59,Moderate,PM2.5
2023-03-10,"San Diego, CA",California,77,Moderate,PM2.5
2023-03-11,"San Diego, CA",California,30,Good,Ozone
2023-03-12,"San Diego, CA",California,37,Good,Ozone
2023-03-13,"San Diego, CA",California,53,Moderate,PM2.5
2023-03-14,"San Diego, CA",California,64,Moderate,PM2.5
2023-03-15,"San Diego, CA",California,43,Good,Ozone
2023-03-16,"San Diego, CA",California,55,Moderate,PM2.5
2023-03-17,"San Diego, CA",California,63,Moderate,PM2.5
2023-03-18,"San Diego, CA",California,65,Moderate,PM2.5
2023-03-19,"San Diego, CA",California,66,Moderate,PM2.5
2023-03-20,"San Diego, CA",California,40,Good,Ozone
2023-03-21,"San Diego, CA",California,52,Moderate,PM2.5
2023-03-22,"San Diego, CA",California,50,Good,Ozone
2023-03-23,"San Diego, CA",California,43,Good,Ozone
2023-03-24,"San Diego, CA",California,51,Moderate,PM2.5
2023-03-25,"San Diego, CA",California,58,Moderate,Ozone
2023-03-26,"San Diego, CA",California,64,Moderate,Ozone
2023-03-27,"San Diego, CA",California,76,Moderate,PM10
2023-03-28,"San Diego, CA",California,65,Moderate,PM10
2023-03-29,"San Diego, CA",California,75,Moderate,PM10
2023-03-30,"San Diego, CA",California,47,Good,Ozone
2023-03-31,"San Diego, CA",California,51,Moderate,Ozone
2023-04-01,"San Diego, CA",California,64,Moderate,Ozone
2023-04-02,"San Diego, CA",California,68,Moderate,PM2.5
2023-04-03,"San Diego, CA",California,55,Moderate,PM2.5
2023-04-04,"San Diego, CA",California,47,Good,Ozone
2023-04-05,"San Diego, CA",California,58,Moderate,Ozone
2023-04-06,"San Diego, CA",California,64,Moderate,Ozone
2023-04-07,"San Diego, CA",California,97,Moderate,Ozone
2023-04-08,"San Diego, CA",California,64,Moderate,PM2.5
2023-04-09,"San Diego, CA",California,64,Moderate,Ozone
2023-04-10,"San Diego, CA",California,64,Moderate,PM2.5
2023-04-11,"San Diego, CA",California,80,Moderate,Ozone
2023-04-12,"San Diego, CA",California,85,Moderate,PM2.5
2023-04-13,"San Diego, CA",California,56,Moderate,PM2.5
2023-04-14,"San Diego, CA",California,59,Moderate,PM2.5
2023-04-15,"San Diego, CA",California,97,Moderate,Ozone
2023-04-16,"San Diego, CA",California,87,Moderate,Ozone
2023-04-17,"San Diego, CA",California,84,Moderate,Ozone
2023-04-18,"San Diego, CA",California,64,Moderate,PM2.5
2023-04-19,"San Diego, CA",California,74,Moderate,Ozone
2023-04-20,"San Diego, CA",California,93,Moderate,Ozone
2023-04-21,"San Diego, CA",California,129,Unhealthy for Sensitive Groups,Ozone
2023-04-22,"San Diego, CA",California,133,Unhealthy for Sensitive Groups,Ozone
2023-04-23,"San Diego, CA",California,93,Moderate,Ozone
2023-04-24,"San Diego, CA",California,73,Moderate,PM2.5
2023-04-25,"San Diego, CA",California,108,Unhealthy for Sensitive Groups,Ozone
2023-04-26,"San Diego, CA",California,70,Moderate,PM2.5
2023-04-27,"San Diego, CA",California,87,Moderate,Ozone
2023-04-28,"San Diego, CA",California,77,Moderate,Ozone
2023-04-29,"San Diego, CA",California,80,Moderate,Ozone
2023-04-30,"San Diego, CA",California,77,Moderate,Ozone
2023-05-01,"San Diego, CA",California,56,Moderate,PM2.5
2023-05-02,"San Diego, CA",California,47,Good,Ozone
2023-05-03,"San Diego, CA",California,47,Good,Ozone
2023-05-04,"San Diego, CA",California,39,Good,Ozone
2023-05-05,"San Diego, CA",California,42,Good,PM2.5
2023-05-06,"San Diego, CA",California,43,Good,Ozone
2023-05-07,"San Diego, CA",California,42,Good,Ozone
2023-05-08,"San Diego, CA",California,44,Good,Ozone
2023-05-09,"San Diego, CA",California,53,Moderate,PM2.5
2023-05-10,"San Diego, CA",California,44,Good,Ozone
2023-05-11,"San Diego, CA",California,77,Moderate,Ozone
2023-05-12,"San Diego, CA",California,84,Moderate,Ozone
2023-05-13,"San Diego, CA",California,77,Moderate,Ozone
2023-05-14,"San Diego, CA",California,97,Moderate,Ozone
2023-05-15,"San Diego, CA",California,84,Moderate,Ozone
2023-05-16,"San Diego, CA",California,90,Moderate,Ozone
2023-05-17,"San Diego, CA",California,101,Unhealthy for Sensitive Groups,Ozone
2023-05-18,"San Diego, CA",California,71,Moderate,Ozone
2023-05-19,"San Diego, CA",California,68,Moderate,PM2.5
2023-05-20,"San Diego, CA",California,63,Moderate,PM2.5
2023-05-21,"San Diego, CA",California,64,Moderate,Ozone
2023-05-22,"San Diego, CA",California,64,Moderate,Ozone
2023-05-23,"San Diego, CA",California,61,Moderate,Ozone
2023-05-24,"San Diego, CA",California,56,Moderate,PM2.5
2023-05-25,"San Diego, CA",California,58,Moderate,PM2.5
2023-05-26,"San Diego, CA",California,51,Moderate,Ozone
2023-05-27,"San Diego, CA",California,54,Moderate,Ozone
2023-05-28,"San Diego, CA",California,67,Moderate,Ozone
2023-05-29,"San Diego, CA",California,60,Moderate,PM2.5
2023-05-30,"San Diego, CA",California,42,Good,Ozone
2023-05-31,"San Diego, CA",California,37,Good,Ozone
2023-06-01,"San Diego, CA",California,45,Good,Ozone
2023-06-02,"San Diego, CA",California,133,Unhealthy for Sensitive Groups,Ozone
2023-06-03,"San Diego, CA",California,115,Unhealthy for Sensitive Groups,Ozone
2023-06-04,"San Diego, CA",California,108,Unhealthy for Sensitive Groups,Ozone
2023-06-05,"San Diego, CA",California,126,Unhealthy for Sensitive Groups,Ozone
2023-06-06,"San Diego, CA",California,77,Moderate,Ozone
2023-06-07,"San Diego, CA",California,61,Moderate,Ozone
2023-06-08,"San Diego, CA",California,61,Moderate,Ozone
2023-06-09,"San Diego, CA",California,64,Moderate,Ozone
2023-06-10,"San Diego, CA",California,50,Good,Ozone
2023-06-11,"San Diego, CA",California,35,Good,Ozone
2023-06-12,"San Diego, CA",California,38,Good,Ozone
2023-06-13,"San Diego, CA",California,41,Good,Ozone
2023-06-14,"San Diego, CA",California,50,Good,Ozone
2023-06-15,"San Diego, CA",California,53,Moderate,PM2.5
2023-06-16,"San Diego, CA",California,61,Moderate,Ozone
2023-06-17,"San Diego, CA",California,77,Moderate,Ozone
2023-06-18,"San Diego, CA",California,65,Moderate,PM2.5
2023-06-19,"San Diego, CA",California,74,Moderate,Ozone
2023-06-20,"San Diego, CA",California,84,Moderate,Ozone
2023-06-21,"San Diego, CA",California,74,Moderate,Ozone
2023-06-22,"San Diego, CA",California,71,Moderate,PM2.5
2023-06-23,"San Diego, CA",California,64,Moderate,Ozone
2023-06-24,"San Diego, CA",California,71,Moderate,Ozone
2023-06-25,"San Diego, CA",California,80,Moderate,Ozone
2023-06-26,"San Diego, CA",California,90,Moderate,Ozone
2023-06-27,"San Diego, CA",California,74,Moderate,Ozone
2023-06-28,"San Diego, CA",California,67,Moderate,Ozone
2023-06-29,"San Diego, CA",California,101,Unhealthy for Sensitive Groups,Ozone
2023-06-30,"San Diego, CA",California,112,Unhealthy for Sensitive Groups,Ozone
2023-07-01,"San Diego, CA",California,112,Unhealthy for Sensitive Groups,Ozone
2023-07-02,"San Diego, CA",California,108,Unhealthy for Sensitive Groups,Ozone
2023-07-03,"San Diego, CA",California,101,Unhealthy for Sensitive Groups,Ozone
2023-07-04,"San Diego, CA",California,74,Moderate,Ozone
2023-07-05,"San Diego, CA",California,119,Unhealthy for Sensitive Groups,Ozone
2023-07-06,"San Diego, CA",California,101,Unhealthy for Sensitive Groups,Ozone
2023-07-07,"San Diego, CA",California,87,Moderate,Ozone
2023-07-08,"San Diego, CA",California,119,Unhealthy for Sensitive Groups,Ozone
2023-07-09,"San Diego, CA",California,112,Unhealthy for Sensitive Groups,Ozone
2023-07-10,"San Diego, CA",California,93,Moderate,Ozone
2023-07-11,"San Diego, CA",California,119,Unhealthy for Sensitive Groups,Ozone
2023-07-12,"San Diego, CA",California,80,Moderate,Ozone
2023-07-13,"San Diego, CA",California,50,Good,Ozone
2023-07-14,"San Diego, CA",California,140,Unhealthy for Sensitive Groups,Ozone
2023-07-15,"San Diego, CA",California,119,Unhealthy for Sensitive Groups,Ozone
2023-07-16,"San Diego, CA",California,100,Moderate,Ozone
2023-07-17,"San Diego, CA",California,105,Unhealthy for Sensitive Groups,Ozone
2023-07-18,"San Diego, CA",California,112,Unhealthy for Sensitive Groups,Ozone
2023-07-19,"San Diego, CA",California,55,Moderate,PM2.5
2023-07-20,"San Diego, CA",California,101,Unhealthy for Sensitive Groups,Ozone
2023-07-21,"San Diego, CA",California,108,Unhealthy for Sensitive Groups,Ozone
2023-07-22,"San Diego, CA",California,108,Unhealthy for Sensitive Groups,Ozone
2023-07-23,"San Diego, CA",California,71,Moderate,Ozone
2023-07-24,"San Diego, CA",California,101,Unhealthy for Sensitive Groups,Ozone
2023-07-25,"San Diego, CA",California,133,Unhealthy for Sensitive Groups,Ozone
2023-07-26,"San Diego, CA",California,90,Moderate,Ozone
2023-07-27,"San Diego, CA",California,100,Moderate,Ozone
2023-07-28,"San Diego, CA",California,105,Unhealthy for Sensitive Groups,Ozone
2023-07-29,"San Diego, CA",California,105,Unhealthy for Sensitive Groups,Ozone
2023-07-30,"San Diego, CA",California,84,Moderate,Ozone
2023-07-31,"San Diego, CA",California,80,Moderate,Ozone
2023-08-01,"San Diego, CA",California,74,Moderate,Ozone
2023-08-02,"San Diego, CA",California,60,Moderate,PM2.5
2023-08-03,"San Diego, CA",California,84,Moderate,Ozone
2023-08-04,"San Diego, CA",California,101,Unhealthy for Sensitive Groups,Ozone
2023-08-05,"San Diego, CA",California,93,Moderate,Ozone
2023-08-06,"San Diego, CA",California,87,Moderate,Ozone
2023-08-07,"San Diego, CA",California,77,Moderate,Ozone
2023-08-08,"San Diego, CA",California,61,Moderate,PM2.5
2023-08-09,"San Diego, CA",California,48,Good,Ozone
2023-08-10,"San Diego, CA",California,39,Good,PM2.5
2023-08-11,"San Diego, CA",California,38,Good,Ozone
2023-08-12,"San Diego, CA",California,87,Moderate,Ozone
2023-08-13,"San Diego, CA",California,87,Moderate,Ozone
2023-08-14,"San Diego, CA",California,77,Moderate,Ozone
2023-08-15,"San Diego, CA",California,100,Moderate,Ozone
2023-08-16,"San Diego, CA",California,101,Unhealthy for Sensitive Groups,Ozone
2023-08-17,"San Diego, CA",California,93,Moderate,Ozone
2023-08-18,"San Diego, CA",California,77,Moderate,Ozone
2023-08-19,"San Diego, CA",California,61,Moderate,Ozone
2023-08-20,"San Diego, CA",California,51,Moderate,PM2.5
2023-08-21,"San Diego, CA",California,38,Good,PM2.5
2023-08-22,"San Diego, CA",California,56,Moderate,PM2.5
2023-08-23,"San Diego, CA",California,93,Moderate,Ozone
2023-08-24,"San Diego, CA",California,67,Moderate,Ozone
2023-08-25,"San Diego, CA",California,77,Moderate,Ozone
2023-08-26,"San Diego, CA",California,84,Moderate,Ozone
2023-08-27,"San Diego, CA",California,100,Moderate,Ozone
2023-08-28,"San Diego, CA",California,100,Moderate,Ozone
2023-08-29,"San Diego, CA",California,150,Unhealthy for Sensitive Groups,Ozone
2023-08-30,"San Diego, CA",California,147,Unhealthy for Sensitive Groups,Ozone
2023-08-31,"San Diego, CA",California,87,Moderate,Ozone
2023-09-01,"San Diego, CA",California,66,Moderate,PM2.5
2023-09-02,"San Diego, CA",California,52,Moderate,PM2.5
2023-09-03,"San Diego, CA",California,52,Moderate,PM2.5
2023-09-04,"San Diego, CA",California,47,Good,PM2.5
2023-09-05,"San Diego, CA",California,105,Unhealthy for Sensitive Groups,Ozone
2023-09-06,"San Diego, CA",California,90,Moderate,Ozone
2023-09-07,"San Diego, CA",California,100,Moderate,Ozone
2023-09-08,"San Diego, CA",California,67,Moderate,PM2.5
2023-09-09,"San Diego, CA",California,64,Moderate,Ozone
2023-09-10,"San Diego, CA",California,60,Moderate,PM2.5
2023-09-11,"San Diego, CA",California,69,Moderate,PM2.5
2023-09-12,"San Diego, CA",California,63,Moderate,PM2.5
2023-09-13,"San Diego, CA",California,65,Moderate,PM2.5
2023-09-14,"San Diego, CA",California,71,Moderate,Ozone
2023-09-15,"San Diego, CA",California,58,Moderate,Ozone
2023-09-16,"San Diego, CA",California,54,Moderate,Ozone
2023-09-17,"San Diego, CA",California,48,Good,Ozone
2023-09-18,"San Diego, CA",California,61,Moderate,Ozone
2023-09-19,"San Diego, CA",California,71,Moderate,Ozone
2023-09-20,"San Diego, CA",California,55,Moderate,PM2.5
2023-09-21,"San Diego, CA",California,65,Moderate,PM2.5
2023-09-22,"San Diego, CA",California,74,Moderate,PM2.5
2023-09-23,"San Diego, CA",California,87,Moderate,PM2.5
2023-09-24,"San Diego, CA",California,83,Moderate,PM2.5
2023-09-25,"San Diego, CA",California,79,Moderate,PM2.5
2023-09-26,"San Diego, CA",California,68,Moderate,PM2.5
2023-09-27,"San Diego, CA",California,115,Unhealthy for Sensitive Groups,Ozone
2023-09-28,"San Diego, CA",California,112,Unhealthy for Sensitive Groups,Ozone
2023-09-29,"San Diego, CA",California,67,Moderate,Ozone
2023-09-30,"San Diego, CA",California,37,Good,Ozone
2023-10-01,"San Diego, CA",California,39,Good,Ozone
2023-10-02,"San Diego, CA",California,54,Moderate,PM2.5
2023-10-03,"San Diego, CA",California,60,Moderate,PM2.5
2023-10-04,"San Diego, CA",California,74,Moderate,Ozone
2023-10-05,"San Diego, CA",California,72,Moderate,PM10
2023-10-06,"San Diego, CA",California,71,Moderate,Ozone
2023-10-07,"San Diego, CA",California,119,Unhealthy for Sensitive Groups,Ozone
2023-10-08,"San Diego, CA",California,84,Moderate,Ozone
2023-10-09,"San Diego, CA",California,63,Moderate,PM2.5
2023-10-10,"San Diego, CA",California,54,Moderate,PM2.5
2023-10-11,"San Diego, CA",California,47,Good,PM2.5
2023-10-12,"San Diego, CA",California,67,Moderate,PM2.5
2023-10-13,"San Diego, CA",California,73,Moderate,PM2.5
2023-10-14,"San Diego, CA",California,67,Moderate,Ozone
2023-10-15,"San Diego, CA",California,74,Moderate,Ozone
2023-10-16,"San Diego, CA",California,97,Moderate,Ozone
2023-10-17,"San Diego, CA",California,126,Unhealthy for Sensitive Groups,Ozone
2023-10-18,"San Diego, CA",California,105,Unhealthy for Sensitive Groups,Ozone
2023-10-19,"San Diego, CA",California,97,Moderate,Ozone
2023-10-20,"San Diego, CA",California,119,Unhealthy for Sensitive Groups,Ozone
2023-10-21,"San Diego, CA",California,85,Moderate,PM2.5
2023-10-22,"San Diego, CA",California,44,Good,PM2.5
2023-10-23,"San Diego, CA",California,38,Good,Ozone
2023-10-24,"San Diego, CA",California,67,Moderate,PM2.5
2023-10-25,"San Diego, CA",California,52,Moderate,PM2.5
2023-10-26,"San Diego, CA",California,44,Good,Ozone
2023-10-27,"San Diego, CA",California,65,Moderate,PM2.5
2023-10-28,"San Diego, CA",California,75,Moderate,PM2.5
2023-10-29,"San Diego, CA",California,81,Moderate,PM10
2023-10-30,"San Diego, CA",California,71,Moderate,PM10
2023-10-31,"San Diego, CA",California,79,Moderate,PM10
2023-11-01,"San Diego, CA",California,83,Moderate,PM10
2023-11-02,"San Diego, CA",California,80,Moderate,Ozone
2023-11-03,"San Diego, CA",California,115,Unhealthy for Sensitive Groups,Ozone
2023-11-04,"San Diego, CA",California,133,Unhealthy for Sensitive Groups,Ozone
2023-11-05,"San Diego, CA",California,115,Unhealthy for Sensitive Groups,Ozone
2023-11-06,"San Diego, CA",California,89,Moderate,PM2.5
2023-11-07,"San Diego, CA",California,69,Moderate,PM2.5
2023-11-08,"San Diego, CA",California,64,Moderate,PM2.5
2023-11-09,"San Diego, CA",California,78,Moderate,PM10
2023-11-10,"San Diego, CA",California,68,Moderate,PM10
2023-11-11,"San Diego, CA",California,74,Moderate,PM2.5
2023-11-12,"San Diego, CA",California,83,Moderate,PM2.5
2023-11-13,"San Diego, CA",California,70,Moderate,PM2.5
2023-11-14,"San Diego, CA",California,92,Moderate,PM10
2023-11-15,"San Diego, CA",California,81,Moderate,PM10
2023-11-16,"San Diego, CA",California,55,Moderate,PM2.5
2023-11-17,"San Diego, CA",California,63,Moderate,PM2.5
2023-11-18,"San Diego, CA",California,48,Good,PM2.5
2023-11-19,"San Diego, CA",California,58,Moderate,PM2.5
2023-11-20,"San Diego, CA",California,51,Moderate,PM2.5
2023-11-21,"San Diego, CA",California,42,Good,Ozone
2023-11-22,"San Diego, CA",California,52,Moderate,PM10
2023-11-23,"San Diego, CA",California,59,Moderate,PM2.5
2023-11-24,"San Diego, CA",California,53,Moderate,PM2.5
2023-11-25,"San Diego, CA",California,60,Moderate,PM2.5
2023-11-26,"San Diego, CA",California,38,Good,PM2.5
2023-11-27,"San Diego, CA",California,45,Good,PM2.5
2023-11-28,"San Diego, CA",California,55,Moderate,PM2.5
2023-11-29,"San Diego, CA",California,66,Moderate,PM2.5
2023-11-30,"San Diego, CA",California,39,Good,PM2.5
2023-12-01,"San Diego, CA",California,52,Moderate,PM2.5
2023-12-02,"San Diego, CA",California,65,Moderate,PM2.5
2023-12-03,"San Diego, CA",California,78,Moderate,PM2.5
2023-12-04,"San Diego, CA",California,98,Moderate,PM2.5
2023-12-05,"San Diego, CA",California,61,Moderate,NO2
2023-12-06,"San Diego, CA",California,80,Moderate,PM2.5
2023-12-07,"San Diego, CA",California,86,Moderate,PM2.5
2023-12-08,"San Diego, CA",California,70,Moderate,PM2.5
2023-12-09,"San Diego, CA",California,57,Moderate,PM10
2023-12-10,"San Diego, CA",California,55,Moderate,PM2.5
2023-12-11,"San Diego, CA",California,71,Moderate,PM2.5
2023-12-12,"San Diego, CA",California,91,Moderate,PM2.5
2023-12-13,"San Diego, CA",California,80,Moderate,PM2.5
2023-12-14,"San Diego, CA",California,68,Moderate,PM2.5
2023-12-15,"San Diego, CA",California,51,Moderate,PM10
2023-12-16,"San Diego, CA",California,61,Moderate,PM2.5
2023-12-17,"San Diego, CA",California,71,Moderate,PM2.5
2023-12-18,"San Diego, CA",California,83,Moderate,PM10
2023-12-19,"San Diego, CA",California,84,Moderate,PM2.5
2023-12-20,"San Diego, CA",California,65,Moderate,PM2.5
2023-12-21,"San Diego, CA",California,62,Moderate,PM2.5
2023-12-22,"San Diego, CA",California,39,Good,Ozone
2023-12-23,"San Diego, CA",California,65,Moderate,PM2.5
2023-12-24,"San Diego, CA",California,69,Moderate,PM2.5
2023-12-25,"San Diego, CA",California,99,Moderate,PM2.5
2023-12-26,"San Diego, CA",California,78,Moderate,PM2.5
2023-12-27,"San Diego, CA",California,91,Moderate,PM2.5
2023-12-28,"San Diego, CA",California,83,Moderate,PM2.5
2023-12-29,"San Diego, CA",California,99,Moderate,PM2.5
2023-12-30,"San Diego, CA",California,69,Moderate,PM2.5
2023-12-31,"San Diego, CA",California,90,Moderate,Ozone
2024-01-01,"San Diego, CA",California,90,Moderate,PM2.5
2024-01-02,"San Diego, CA",California,62,Moderate,PM2.5
2024-01-03,"San Diego, CA",California,63,Moderate,PM2.5
2024-01-04,"San Diego, CA",California,55,Moderate,PM2.5
2024-01-05,"San Diego, CA",California,66,Moderate,PM2.5
2024-01-06,"San Diego, CA",California,65,Moderate,PM2.5
2024-01-07,"San Diego, CA",California,40,Good,Ozone
2024-01-08,"San Diego, CA",California,58,Moderate,PM2.5
2024-01-09,"San Diego, CA",California,69,Moderate,PM2.5
2024-01-10,"San Diego, CA",California,70,Moderate,PM2.5
2024-01-11,"San Diego, CA",California,44,Good,Ozone
2024-01-12,"San Diego, CA",California,55,Moderate,PM2.5
2024-01-13,"San Diego, CA",California,63,Moderate,PM2.5
2024-01-14,"San Diego, CA",California,63,Moderate,PM2.5
2024-01-15,"San Diego, CA",California,65,Moderate,PM2.5
2024-01-16,"San Diego, CA",California,85,Moderate,PM2.5
2024-01-17,"San Diego, CA",California,82,Moderate,PM2.5
2024-01-18,"San Diego, CA",California,68,Moderate,PM2.5
2024-01-19,"San Diego, CA",California,70,Moderate,PM2.5
2024-01-20,"San Diego, CA",California,76,Moderate,PM2.5
2024-01-21,"San Diego, CA",California,38,Good,Ozone
2024-01-22,"San Diego, CA",California,36,Good,Ozone
2024-01-23,"San Diego, CA",California,36,Good,Ozone
2024-01-24,"San Diego, CA",California,50,Good,PM2.5
2024-01-25,"San Diego, CA",California,63,Moderate,PM2.5
2024-01-26,"San Diego, CA",California,54,Moderate,PM2.5
2024-01-27,"San Diego, CA",California,46,Good,Ozone
2024-01-28,"San Diego, CA",California,45,Good,Ozone
2024-01-29,"San Diego, CA",California,45,Good,Ozone
2024-01-30,"San Diego, CA",California,64,Moderate,PM2.5
2024-01-31,"San Diego, CA",California,73,Moderate,PM2.5
2024-02-01,"San Diego, CA",California,56,Moderate,PM2.5
2024-02-02,"San Diego, CA",California,42,Good,Ozone
2024-02-03,"San Diego, CA",California,45,Good,Ozone
2024-02-04,"San Diego, CA",California,42,Good,Ozone
2024-02-05,"San Diego, CA",California,42,Good,Ozone
2024-02-06,"San Diego, CA",California,42,Good,Ozone
2024-02-07,"San Diego, CA",California,44,Good,Ozone
2024-02-08,"San Diego, CA",California,44,Good,Ozone
2024-02-09,"San Diego, CA",California,45,Good,PM2.5
2024-02-10,"San Diego, CA",California,46,Good,PM2.5
2024-02-11,"San Diego, CA",California,56,Moderate,PM2.5
2024-02-12,"San Diego, CA",California,53,Moderate,PM2.5
2024-02-13,"San Diego, CA",California,68,Moderate,PM2.5
2024-02-14,"San Diego, CA",California,69,Moderate,PM2.5
2024-02-15,"San Diego, CA",California,50,Good,PM2.5
2024-02-16,"San Diego, CA",California,68,Moderate,PM2.5
2024-02-17,"San Diego, CA",California,59,Moderate,PM2.5
2024-02-18,"San Diego, CA",California,69,Moderate,PM2.5
2024-02-19,"San Diego, CA",California,62,Moderate,PM2.5
2024-02-20,"San Diego, CA",California,46,Good,PM2.5
2024-02-21,"San Diego, CA",California,42,Good,Ozone
2024-02-22,"San Diego, CA",California,54,Moderate,PM2.5
2024-02-23,"San Diego, CA",California,62,Moderate,PM2.5
2024-02-24,"San Diego, CA",California,65,Moderate,PM2.5
2024-02-25,"San Diego, CA",California,77,Moderate,PM2.5
2024-02-26,"San Diego, CA",California,82,Moderate,PM2.5
2024-02-27,"San Diego, CA",California,76,Moderate,PM2.5
2024-02-28,"San Diego, CA",California,67,Moderate,PM2.5
2024-02-29,"San Diego, CA",California,65,Moderate,PM2.5
2024-03-01,"San Diego, CA",California,41,Good,Ozone
2024-03-02,"San Diego, CA",California,39,Good,Ozone
2024-03-03,"San Diego, CA",California,41,Good,Ozone
2024-03-04,"San Diego, CA",California,40,Good,Ozone
2024-03-05,"San Diego, CA",California,59,Moderate,PM2.5
2024-03-06,"San Diego, CA",California,55,Moderate,PM2.5
2024-03-07,"San Diego, CA",California,41,Good,Ozone
2024-03-08,"San Diego, CA",California,54,Moderate,PM2.5
2024-03-09,"San Diego, CA",California,58,Moderate,PM2.5
2024-03-10,"San Diego, CA",California,63,Moderate,PM2.5
2024-03-11,"San Diego, CA",California,59,Moderate,PM2.5
2024-03-12,"San Diego, CA",California,56,Moderate,PM2.5
2024-03-13,"San Diego, CA",California,44,Good,PM2.5
2024-03-14,"San Diego, CA",California,62,Moderate,PM10
2024-03-15,"San Diego, CA",California,53,Moderate,PM2.5
2024-03-16,"San Diego, CA",California,59,Moderate,PM2.5
2024-03-17,"San Diego, CA",California,57,Moderate,PM2.5
2024-03-18,"San Diego, CA",California,58,Moderate,PM2.5
2024-03-19,"San Diego, CA",California,57,Moderate,PM2.5
2024-03-20,"San Diego, CA",California,74,Moderate,PM2.5
2024-03-21,"San Diego, CA",California,82,Moderate,PM2.5
2024-03-22,"San Diego, CA",California,66,Moderate,PM2.5
2024-03-23,"San Diego, CA",California,49,Good,PM2.5
2024-03-24,"San Diego, CA",California,44,Good,Ozone
2024-03-25,"San Diego, CA",California,49,Good,PM2.5
2024-03-26,"San Diego, CA",California,51,Moderate,Ozone
2024-03-27,"San Diego, CA",California,65,Moderate,PM2.5
2024-03-28,"San Diego, CA",California,54,Moderate,Ozone
2024-03-29,"San Diego, CA",California,58,Moderate,Ozone
2024-03-30,"San Diego, CA",California,44,Good,Ozone
2024-03-31,"San Diego, CA",California,46,Good,Ozone
2024-04-01,"San Diego, CA",California,48,Good,Ozone
2024-04-02,"San Diego, CA",California,58,Moderate,PM2.5
2024-04-03,"San Diego, CA",California,74,Moderate,Ozone
2024-04-04,"San Diego, CA",California,50,Good,Ozone
2024-04-05,"San Diego, CA",California,46,Good,Ozone
2024-04-06,"San Diego, CA",California,49,Good,Ozone
2024-04-07,"San Diego, CA",California,59,Moderate,PM2.5
2024-04-08,"San Diego, CA",California,62,Moderate,PM2.5
2024-04-09,"San Diego, CA",California,75,Moderate,PM2.5
2024-04-10,"San Diego, CA",California,90,Moderate,Ozone
2024-04-11,"San Diego, CA",California,77,Moderate,Ozone
2024-04-12,"San Diego, CA",California,77,Moderate,Ozone
2024-04-13,"San Diego, CA",California,64,Moderate,Ozone
2024-04-14,"San Diego, CA",California,54,Moderate,Ozone
2024-04-15,"San Diego, CA",California,71,Moderate,Ozone
2024-04-16,"San Diego, CA",California,71,Moderate,Ozone
2024-04-17,"San Diego, CA",California,112,Unhealthy for Sensitive Groups,Ozone
2024-04-18,"San Diego, CA",California,101,Unhealthy for Sensitive Groups,Ozone
2024-04-19,"San Diego, CA",California,61,Moderate,Ozone
2024-04-20,"San Diego, CA",California,74,Moderate,Ozone
2024-04-21,"San Diego, CA",California,74,Moderate,Ozone
2024-04-22,"San Diego, CA",California,77,Moderate,Ozone
2024-04-23,"San Diego, CA",California,53,Moderate,PM2.5
2024-04-24,"San Diego, CA",California,47,Good,Ozone
2024-04-25,"San Diego, CA",California,42,Good,Ozone
2024-04-26,"San Diego, CA",California,37,Good,PM2.5
2024-04-27,"San Diego, CA",California,53,Moderate,PM2.5
2024-04-28,"San Diego, CA",California,66,Moderate,PM2.5
2024-04-29,"San Diego, CA",California,76,Moderate,PM2.5
2024-04-30,"San Diego, CA",California,70,Moderate,PM2.5
2024-05-01,"San Diego, CA",California,67,Moderate,Ozone
2024-05-02,"San Diego, CA",California,84,Moderate,Ozone
2024-05-03,"San Diego, CA",California,84,Moderate,Ozone
2024-05-04,"San Diego, CA",California,58,Moderate,PM2.5
2024-05-05,"San Diego, CA",California,44,Good,Ozone
2024-05-06,"San Diego, CA",California,54,Moderate,Ozone
2024-05-07,"San Diego, CA",California,77,Moderate,Ozone
2024-05-08,"San Diego, CA",California,90,Moderate,Ozone
2024-05-09,"San Diego, CA",California,71,Moderate,PM2.5
2024-05-10,"San Diego, CA",California,84,Moderate,Ozone
2024-05-11,"San Diego, CA",California,71,Moderate,Ozone
2024-05-12,"San Diego, CA",California,84,Moderate,Ozone
2024-05-13,"San Diego, CA",California,80,Moderate,Ozone
2024-05-14,"San Diego, CA",California,80,Moderate,Ozone
2024-05-15,"San Diego, CA",California,53,Moderate,PM2.5
2024-05-16,"San Diego, CA",California,61,Moderate,Ozone
2024-05-17,"San Diego, CA",California,54,Moderate,Ozone
2024-05-18,"San Diego, CA",California,61,Moderate,Ozone
2024-05-19,"San Diego, CA",California,119,Unhealthy for Sensitive Groups,Ozone
2024-05-20,"San Diego, CA",California,74,Moderate,Ozone
2024-05-21,"San Diego, CA",California,80,Moderate,Ozone
2024-05-22,"San Diego, CA",California,77,Moderate,Ozone
2024-05-23,"San Diego, CA",California,67,Moderate,Ozone
2024-05-24,"San Diego, CA",California,54,Moderate,PM2.5
2024-05-25,"San Diego, CA",California,35,Good,Ozone
2024-05-26,"San Diego, CA",California,48,Good,Ozone
2024-05-27,"San Diego, CA",California,51,Moderate,PM2.5
2024-05-28,"San Diego, CA",California,58,Moderate,PM2.5
2024-05-29,"San Diego, CA",California,71,Moderate,Ozone
2024-05-30,"San Diego, CA",California,105,Unhealthy for Sensitive Groups,Ozone
2024-05-31,"San Diego, CA",California,100,Moderate,Ozone
2024-06-01,"San Diego, CA",California,93,Moderate,Ozone
2024-06-02,"San Diego, CA",California,70,Moderate,PM2.5
2024-06-03,"San Diego, CA",California,53,Moderate,PM2.5
2024-06-04,"San Diego, CA",California,64,Moderate,Ozone
2024-06-05,"San Diego, CA",California,80,Moderate,Ozone
2024-06-06,"San Diego, CA",California,105,Unhealthy for Sensitive Groups,Ozone
2024-06-07,"San Diego, CA",California,77,Moderate,Ozone
2024-06-08,"San Diego, CA",California,55,Moderate,PM2.5
2024-06-09,"San Diego, CA",California,49,Good,PM2.5
2024-06-10,"San Diego, CA",California,97,Moderate,Ozone
2024-06-11,"San Diego, CA",California,108,Unhealthy for Sensitive Groups,Ozone
2024-06-12,"San Diego, CA",California,80,Moderate,Ozone
2024-06-13,"San Diego, CA",California,61,Moderate,Ozone
2024-06-14,"San Diego, CA",California,84,Moderate,Ozone
2024-06-15,"San Diego, CA",California,101,Unhealthy for Sensitive Groups,Ozone
2024-06-16,"San Diego, CA",California,100,Moderate,Ozone
2024-06-17,"San Diego, CA",California,87,Moderate,Ozone
2024-06-18,"San Diego, CA",California,101,Unhealthy for Sensitive Groups,Ozone
2024-06-19,"San Diego, CA",California,90,Moderate,Ozone
2024-06-20,"San Diego, CA",California,84,Moderate,Ozone
2024-06-21,"San Diego, CA",California,93,Moderate,Ozone
2024-06-22,"San Diego, CA",California,100,Moderate,Ozone
2024-06-23,"San Diego, CA",California,80,Moderate,Ozone
2024-06-24,"San Diego, CA",California,87,Moderate,Ozone
2024-06-25,"San Diego, CA",California,61,Moderate,Ozone
2024-06-26,"San Diego, CA",California,67,Moderate,Ozone
2024-06-27,"San Diego, CA",California,74,Moderate,Ozone
2024-06-28,"San Diego, CA",California,105,Unhealthy for Sensitive Groups,Ozone
2024-06-29,"San Diego, CA",California,112,Unhealthy for Sensitive Groups,Ozone
2024-06-30,"San Diego, CA",California,64,Moderate,Ozone
2024-07-01,"San Diego, CA",California,93,Moderate,Ozone
2024-07-02,"San Diego, CA",California,115,Unhealthy for Sensitive Groups,Ozone
2024-07-03,"San Diego, CA",California,101,Unhealthy for Sensitive Groups,Ozone
2024-07-04,"San Diego, CA",California,87,Moderate,Ozone
2024-07-05,"San Diego, CA",California,101,Unhealthy for Sensitive Groups,Ozone
2024-07-06,"San Diego, CA",California,105,Unhealthy for Sensitive Groups,Ozone
2024-07-07,"San Diego, CA",California,101,Unhealthy for Sensitive Groups,Ozone
2024-07-08,"San Diego, CA",California,133,Unhealthy for Sensitive Groups,Ozone
2024-07-09,"San Diego, CA",California,159,Unhealthy,Ozone
2024-07-10,"San Diego, CA",California,154,Unhealthy,Ozone
2024-07-11,"San Diego, CA",California,136,Unhealthy for Sensitive Groups,Ozone
2024-07-12,"San Diego, CA",California,129,Unhealthy for Sensitive Groups,Ozone
2024-07-13,"San Diego, CA",California,100,Moderate,Ozone
2024-07-14,"San Diego, CA",California,93,Moderate,Ozone
2024-07-15,"San Diego, CA",California,58,Moderate,Ozone
2024-07-16,"San Diego, CA",California,67,Moderate,Ozone
2024-07-17,"San Diego, CA",California,87,Moderate,Ozone
2024-07-18,"San Diego, CA",California,90,Moderate,Ozone
2024-07-19,"San Diego, CA",California,108,Unhealthy for Sensitive Groups,Ozone
2024-07-20,"San Diego, CA",California,77,Moderate,Ozone
2024-07-21,"San Diego, CA",California,77,Moderate,Ozone
2024-07-22,"San Diego, CA",California,80,Moderate,Ozone
2024-07-23,"San Diego, CA",California,84,Moderate,Ozone
2024-07-24,"San Diego, CA",California,80,Moderate,Ozone
2024-07-25,"San Diego, CA",California,63,Moderate,PM2.5
2024-07-26,"San Diego, CA",California,67,Moderate,Ozone
2024-07-27,"San Diego, CA",California,61,Moderate,PM2.5
2024-07-28,"San Diego, CA",California,61,Moderate,PM2.5
2024-07-29,"San Diego, CA",California,67,Moderate,Ozone
2024-07-30,"San Diego, CA",California,84,Moderate,Ozone
2024-07-31,"San Diego, CA",California,90,Moderate,Ozone
2024-08-01,"San Diego, CA",California,74,Moderate,Ozone
2024-08-02,"San Diego, CA",California,105,Unhealthy for Sensitive Groups,Ozone
2024-08-03,"San Diego, CA",California,90,Moderate,Ozone
2024-08-04,"San Diego, CA",California,64,Moderate,Ozone
2024-08-05,"San Diego, CA",California,100,Moderate,Ozone
2024-08-06,"San Diego, CA",California,105,Unhealthy for Sensitive Groups,Ozone
2024-08-07,"San Diego, CA",California,66,Moderate,PM2.5
2024-08-08,"San Diego, CA",California,105,Unhealthy for Sensitive Groups,Ozone
2024-08-09,"San Diego, CA",California,74,Moderate,Ozone
2024-08-10,"San Diego, CA",California,100,Moderate,Ozone
2024-08-11,"San Diego, CA",California,73,Moderate,PM2.5
2024-08-12,"San Diego, CA",California,77,Moderate,Ozone
2024-08-13,"San Diego, CA",California,69,Moderate,PM2.5
2024-08-14,"San Diego, CA",California,84,Moderate,Ozone
2024-08-15,"San Diego, CA",California,101,Unhealthy for Sensitive Groups,Ozone
2024-08-16,"San Diego, CA",California,101,Unhealthy for Sensitive Groups,Ozone
2024-08-17,"San Diego, CA",California,62,Moderate,PM2.5
2024-08-18,"San Diego, CA",California,64,Moderate,Ozone
2024-08-19,"San Diego, CA",California,84,Moderate,Ozone
2024-08-20,"San Diego, CA",California,80,Moderate,Ozone
2024-08-21,"San Diego, CA",California,108,Unhealthy for Sensitive Groups,Ozone
2024-08-22,"San Diego, CA",California,77,Moderate,Ozone
2024-08-23,"San Diego, CA",California,93,Moderate,Ozone
2024-08-24,"San Diego, CA",California,87,Moderate,Ozone
2024-08-25,"San Diego, CA",California,63,Moderate,PM2.5
2024-08-26,"San Diego, CA",California,74,Moderate,Ozone
2024-08-27,"San Diego, CA",California,77,Moderate,Ozone
2024-08-28,"San Diego, CA",California,84,Moderate,Ozone
2024-08-29,"San Diego, CA",California,84,Moderate,Ozone
2024-08-30,"San Diego, CA",California,71,Moderate,Ozone
2024-08-31,"San Diego, CA",California,87,Moderate,Ozone
2024-09-01,"San Diego, CA",California,100,Moderate,Ozone
2024-09-02,"San Diego, CA",California,87,Moderate,Ozone
2024-09-03,"San Diego, CA",California,97,Moderate,Ozone
2024-09-04,"San Diego, CA",California,119,Unhealthy for Sensitive Groups,Ozone
2024-09-05,"San Diego, CA",California,136,Unhealthy for Sensitive Groups,Ozone
2024-09-06,"San Diego, CA",California,156,Unhealthy,Ozone
2024-09-07,"San Diego, CA",California,150,Unhealthy for Sensitive Groups,Ozone
2024-09-08,"San Diego, CA",California,133,Unhealthy for Sensitive Groups,Ozone
2024-09-09,"San Diego, CA",California,161,Unhealthy,Ozone
2024-09-10,"San Diego, CA",California,87,Moderate,Ozone
2024-09-11,"San Diego, CA",California,64,Moderate,Ozone
2024-09-12,"San Diego, CA",California,87,Moderate,Ozone
2024-09-13,"San Diego, CA",California,105,Unhealthy for Sensitive Groups,Ozone
2024-09-14,"San Diego, CA",California,90,Moderate,Ozone
2024-09-15,"San Diego, CA",California,64,Moderate,Ozone
2024-09-16,"San Diego, CA",California,44,Good,Ozone
2024-09-17,"San Diego, CA",California,50,Good,Ozone
2024-09-18,"San Diego, CA",California,61,Moderate,Ozone
2024-09-19,"San Diego, CA",California,54,Moderate,Ozone
2024-09-20,"San Diego, CA",California,46,Good,Ozone
2024-09-21,"San Diego, CA",California,71,Moderate,Ozone
2024-09-22,"San Diego, CA",California,80,Moderate,Ozone
2024-09-23,"San Diego, CA",California,93,Moderate,Ozone
2024-09-24,"San Diego, CA",California,105,Unhealthy for Sensitive Groups,Ozone
2024-09-25,"San Diego, CA",California,80,Moderate,Ozone
2024-09-26,"San Diego, CA",California,67,Moderate,Ozone
2024-09-27,"San Diego, CA",California,105,Unhealthy for Sensitive Groups,Ozone
2024-09-28,"San Diego, CA",California,90,Moderate,Ozone
2024-09-29,"San Diego, CA",California,64,Moderate,PM2.5
2024-09-30,"San Diego, CA",California,87,Moderate,Ozone
2024-10-01,"San Diego, CA",California,136,Unhealthy for Sensitive Groups,Ozone
2024-10-02,"San Diego, CA",California,147,Unhealthy for Sensitive Groups,Ozone
2024-10-03,"San Diego, CA",California,97,Moderate,Ozone
2024-10-04,"San Diego, CA",California,108,Unhealthy for Sensitive Groups,Ozone
2024-10-05,"San Diego, CA",California,133,Unhealthy for Sensitive Groups,Ozone
2024-10-06,"San Diego, CA",California,119,Unhealthy for Sensitive Groups,Ozone
2024-10-07,"San Diego, CA",California,97,Moderate,Ozone
2024-10-08,"San Diego, CA",California,87,Moderate,Ozone
2024-10-09,"San Diego, CA",California,77,Moderate,Ozone
2024-10-10,"San Diego, CA",California,105,Unhealthy for Sensitive Groups,Ozone
2024-10-11,"San Diego, CA",California,87,Moderate,PM2.5
2024-10-12,"San Diego, CA",California,80,Moderate,PM2.5
2024-10-13,"San Diego, CA",California,71,Moderate,Ozone
2024-10-14,"San Diego, CA",California,71,Moderate,Ozone
2024-10-15,"San Diego, CA",California,67,Moderate,Ozone
2024-10-16,"San Diego, CA",California,77,Moderate,Ozone
2024-10-17,"San Diego, CA",California,58,Moderate,PM2.5
2024-10-18,"San Diego, CA",California,60,Moderate,PM2.5
2024-10-19,"San Diego, CA",California,82,Moderate,PM10
2024-10-20,"San Diego, CA",California,71,Moderate,Ozone
2024-10-21,"San Diego, CA",California,74,Moderate,PM10
2024-10-22,"San Diego, CA",California,95,Moderate,PM10
2024-10-23,"San Diego, CA",California,126,Unhealthy for Sensitive Groups,Ozone
2024-10-24,"San Diego, CA",California,126,Unhealthy for Sensitive Groups,Ozone
2024-10-25,"San Diego, CA",California,115,Unhealthy for Sensitive Groups,Ozone
2024-10-26,"San Diego, CA",California,112,Unhealthy for Sensitive Groups,Ozone
2024-10-27,"San Diego, CA",California,87,Moderate,Ozone
2024-10-28,"San Diego, CA",California,65,Moderate,PM2.5
2024-10-29,"San Diego, CA",California,48,Good,PM2.5
2024-10-30,"San Diego, CA",California,60,Moderate,PM10
2024-10-31,"San Diego, CA",California,77,Moderate,PM10
2024-11-01,"San Diego, CA",California,72,Moderate,PM2.5
2024-11-02,"San Diego, CA",California,55,Moderate,PM2.5
2024-11-03,"San Diego, CA",California,53,Moderate,PM2.5
2024-11-04,"San Diego, CA",California,68,Moderate,PM2.5
2024-11-05,"San Diego, CA",California,68,Moderate,PM10
2024-11-06,"San Diego, CA",California,83,Moderate,PM10
2024-11-07,"San Diego, CA",California,53,Moderate,PM10
2024-11-08,"San Diego, CA",California,55,Moderate,PM10
2024-11-09,"San Diego, CA",California,80,Moderate,PM2.5
2024-11-10,"San Diego, CA",California,99,Moderate,PM2.5
2024-11-11,"San Diego, CA",California,90,Moderate,PM2.5
2024-11-12,"San Diego, CA",California,69,Moderate,PM2.5
2024-11-13,"San Diego, CA",California,63,Moderate,PM10
2024-11-14,"San Diego, CA",California,71,Moderate,PM2.5
2024-11-15,"San Diego, CA",California,51,Moderate,PM2.5
2024-11-16,"San Diego, CA",California,52,Moderate,PM2.5
2024-11-17,"San Diego, CA",California,74,Moderate,PM2.5
2024-11-18,"San Diego, CA",California,74,Moderate,PM2.5
2024-11-19,"San Diego, CA",California,71,Moderate,PM2.5
2024-11-20,"San Diego, CA",California,67,Moderate,Ozone
2024-11-21,"San Diego, CA",California,85,Moderate,PM2.5
2024-11-22,"San Diego, CA",California,87,Moderate,PM2.5
2024-11-23,"San Diego, CA",California,72,Moderate,PM2.5
2024-11-24,"San Diego, CA",California,67,Moderate,PM2.5
2024-11-25,"San Diego, CA",California,62,Moderate,PM2.5
2024-11-26,"San Diego, CA",California,79,Moderate,PM2.5
2024-11-27,"San Diego, CA",California,64,Moderate,PM2.5
2024-11-28,"San Diego, CA",California,66,Moderate,PM2.5
2024-11-29,"San Diego, CA",California,58,Moderate,PM10
2024-11-30,"San Diego, CA",California,57,Moderate,PM2.5
2024-12-01,"San Diego, CA",California,95,Moderate,PM2.5
2024-12-02,"San Diego, CA",California,88,Moderate,PM2.5
2024-12-03,"San Diego, CA",California,81,Moderate,PM2.5
2024-12-04,"San Diego, CA",California,86,Moderate,PM2.5
2024-12-05,"San Diego, CA",California,115,Unhealthy for Sensitive Groups,PM2.5
2024-12-06,"San Diego, CA",California,125,Unhealthy for Sensitive Groups,PM2.5
2024-12-07,"San Diego, CA",California,110,Unhealthy for Sensitive Groups,PM2.5
2024-12-08,"San Diego, CA",California,95,Moderate,PM2.5
2024-12-09,"San Diego, CA",California,104,Unhealthy for Sensitive Groups,PM2.5
2024-12-10,"San Diego, CA",California,88,Moderate,PM10
2024-12-11,"San Diego, CA",California,54,Moderate,PM2.5
2024-12-12,"San Diego, CA",California,71,Moderate,PM2.5
2024-12-13,"San Diego, CA",California,61,Moderate,PM2.5
2024-12-14,"San Diego, CA",California,86,Moderate,PM2.5
2024-12-15,"San Diego, CA",California,69,Moderate,PM2.5
2024-12-16,"San Diego, CA",California,74,Moderate,PM2.5
2024-12-17,"San Diego, CA",California,109,Unhealthy for Sensitive Groups,PM2.5
2024-12-18,"San Diego, CA",California,65,Moderate,PM2.5
2024-12-19,"San Diego, CA",California,77,Moderate,PM2.5
2024-12-20,"San Diego, CA",California,92,Moderate,PM2.5
2024-12-21,"San Diego, CA",California,86,Moderate,PM2.5
2024-12-22,"San Diego, CA",California,115,Unhealthy for Sensitive Groups,PM2.5
2024-12-23,"San Diego, CA",California,77,Moderate,PM2.5
2024-12-24,"San Diego, CA",California,59,Moderate,PM2.5
2024-12-25,"San Diego, CA",California,75,Moderate,PM2.5
2024-12-26,"San Diego, CA",California,81,Moderate,PM2.5
2024-12-27,"San Diego, CA",California,85,Moderate,PM2.5
2024-12-28,"San Diego, CA",California,69,Moderate,PM2.5
2024-12-29,"San Diego, CA",California,80,Moderate,PM2.5
2024-12-30,"San Diego, CA",California,68,Moderate,PM2.5
2024-12-31,"San Diego, CA",California,77,Moderate,PM2.5
2023-01-01,"San Francisco, CA",California,27,Good,Ozone
2023-01-02,"San Francisco, CA",California,24,Good,NO2
2023-01-03,"San Francisco, CA",California,20,Good,NO2
2023-01-04,"San Francisco, CA",California,38,Good,Ozone
2023-01-05,"San Francisco, CA",California,46,Good,PM2.5
2023-01-06,"San Francisco, CA",California,50,Good,PM2.5
2023-01-07,"San Francisco, CA",California,33,Good,Ozone
2023-01-08,"San Francisco, CA",California,40,Good,PM2.5
2023-01-09,"San Francisco, CA",California,51,Moderate,PM2.5
2023-01-10,"San Francisco, CA",California,39,Good,Ozone
2023-01-11,"San Francisco, CA",California,28,Good,Ozone
2023-01-12,"San Francisco, CA",California,31,Good,PM2.5
2023-01-13,"San Francisco, CA",California,32,Good,Ozone
2023-01-14,"San Francisco, CA",California,34,Good,Ozone
2023-01-15,"San Francisco, CA",California,32,Good,Ozone
2023-01-16,"San Francisco, CA",California,31,Good,Ozone
2023-01-17,"San Francisco, CA",California,29,Good,PM2.5
2023-01-18,"San Francisco, CA",California,33,Good,Ozone
2023-01-19,"San Francisco, CA",California,26,Good,Ozone
2023-01-20,"San Francisco, CA",California,36,Good,NO2
2023-01-21,"San Francisco, CA",California,39,Good,PM2.5
2023-01-22,"San Francisco, CA",California,33,Good,Ozone
2023-01-23,"San Francisco, CA",California,37,Good,NO2
2023-01-24,"San Francisco, CA",California,37,Good,PM2.5
2023-01-25,"San Francisco, CA",California,55,Moderate,PM2.5
2023-01-26,"San Francisco, CA",California,26,Good,Ozone
2023-01-27,"San Francisco, CA",California,40,Good,PM2.5
2023-01-28,"San Francisco, CA",California,42,Good,PM2.5
2023-01-29,"San Francisco, CA",California,30,Good,Ozone
2023-01-30,"San Francisco, CA",California,33,Good,NO2
2023-01-31,"San Francisco, CA",California,41,Good,NO2
2023-02-01,"San Francisco, CA",California,60,Moderate,PM2.5
2023-02-02,"San Francisco, CA",California,65,Moderate,PM2.5
2023-02-03,"San Francisco, CA",California,31,Good,PM2.5
2023-02-04,"San Francisco, CA",California,49,Good,PM2.5
2023-02-05,"San Francisco, CA",California,33,Good,Ozone
2023-02-06,"San Francisco, CA",California,29,Good,NO2
2023-02-07,"San Francisco, CA",California,52,Moderate,PM2.5
2023-02-08,"San Francisco, CA",California,55,Moderate,PM2.5
2023-02-09,"San Francisco, CA",California,56,Moderate,PM2.5
2023-02-10,"San Francisco, CA",California,34,Good,Ozone
2023-02-11,"San Francisco, CA",California,29,Good,Ozone
2023-02-12,"San Francisco, CA",California,48,Good,PM2.5
2023-02-13,"San Francisco, CA",California,57,Moderate,PM2.5
2023-02-14,"San Francisco, CA",California,31,Good,Ozone
2023-02-15,"San Francisco, CA",California,30,Good,NO2
2023-02-16,"San Francisco, CA",California,43,Good,PM2.5
2023-02-17,"San Francisco, CA",California,52,Moderate,PM2.5
2023-02-18,"San Francisco, CA",California,55,Moderate,PM2.5
2023-02-19,"San Francisco, CA",California,53,Moderate,PM2.5
2023-02-20,"San Francisco, CA",California,54,Moderate,PM2.5
2023-02-21,"San Francisco, CA",California,43,Good,PM2.5
2023-02-22,"San Francisco, CA",California,32,Good,Ozone
2023-02-23,"San Francisco, CA",California,33,Good,Ozone
2023-02-24,"San Francisco, CA",California,32,Good,Ozone
2023-02-25,"San Francisco, CA",California,32,Good,Ozone
2023-02-26,"San Francisco, CA",California,30,Good,Ozone
2023-02-27,"San Francisco, CA",California,32,Good,Ozone
2023-02-28,"San Francisco, CA",California,32,Good,Ozone
2023-03-01,"San Francisco, CA",California,31,Good,Ozone
2023-03-02,"San Francisco, CA",California,31,Good,NO2
2023-03-03,"San Francisco, CA",California,33,Good,Ozone
2023-03-04,"San Francisco, CA",California,36,Good,Ozone
2023-03-05,"San Francisco, CA",California,36,Good,Ozone
2023-03-06,"San Francisco, CA",California,32,Good,Ozone
2023-03-07,"San Francisco, CA",California,34,Good,Ozone
2023-03-08,"San Francisco, CA",California,36,Good,Ozone
2023-03-09,"San Francisco, CA",California,28,Good,Ozone
2023-03-10,"San Francisco, CA",California,34,Good,Ozone
2023-03-11,"San Francisco, CA",California,27,Good,PM2.5
2023-03-12,"San Francisco, CA",California,21,Good,Ozone
2023-03-13,"San Francisco, CA",California,23,Good,Ozone
2023-03-14,"San Francisco, CA",California,34,Good,Ozone
2023-03-15,"San Francisco, CA",California,31,Good,NO2
2023-03-16,"San Francisco, CA",California,29,Good,Ozone
2023-03-17,"San Francisco, CA",California,28,Good,Ozone
2023-03-18,"San Francisco, CA",California,34,Good,Ozone
2023-03-19,"San Francisco, CA",California,3,Good,CO
2023-03-20,"San Francisco, CA",California,37,Good,Ozone
2023-03-21,"San Francisco, CA",California,31,Good,Ozone
2023-03-22,"San Francisco, CA",California,30,Good,Ozone
2023-03-23,"San Francisco, CA",California,36,Good,Ozone
2023-03-24,"San Francisco, CA",California,33,Good,PM2.5
2023-03-25,"San Francisco, CA",California,33,Good,Ozone
2023-03-26,"San Francisco, CA",California,31,Good,Ozone
2023-03-27,"San Francisco, CA",California,36,Good,Ozone
2023-03-28,"San Francisco, CA",California,35,Good,Ozone
2023-03-29,"San Francisco, CA",California,32,Good,Ozone
2023-03-30,"San Francisco, CA",California,32,Good,Ozone
2023-03-31,"San Francisco, CA",California,42,Good,PM2.5
2023-04-01,"San Francisco, CA",California,32,Good,Ozone
2023-04-02,"San Francisco, CA",California,34,Good,Ozone
2023-04-03,"San Francisco, CA",California,31,Good,Ozone
2023-04-04,"San Francisco, CA",California,30,Good,Ozone
2023-04-05,"San Francisco, CA",California,30,Good,Ozone
2023-04-06,"San Francisco, CA",California,31,Good,Ozone
2023-04-07,"San Francisco, CA",California,25,Good,Ozone
2023-04-08,"San Francisco, CA",California,26,Good,Ozone
2023-04-09,"San Francisco, CA",California,31,Good,PM2.5
2023-04-10,"San Francisco, CA",California,19,Good,NO2
2023-04-11,"San Francisco, CA",California,35,Good,Ozone
2023-04-12,"San Francisco, CA",California,35,Good,PM2.5
2023-04-13,"San Francisco, CA",California,36,Good,PM2.5
2023-04-14,"San Francisco, CA",California,31,Good,Ozone
2023-04-15,"San Francisco, CA",California,34,Good,Ozone
2023-04-16,"San Francisco, CA",California,34,Good,Ozone
2023-04-17,"San Francisco, CA",California,33,Good,Ozone
2023-04-18,"San Francisco, CA",California,34,Good,Ozone
2023-04-19,"San Francisco, CA",California,33,Good,Ozone
2023-04-20,"San Francisco, CA",California,49,Good,PM2.5
2023-04-21,"San Francisco, CA",California,48,Good,PM2.5
2023-04-22,"San Francisco, CA",California,28,Good,PM2.5
2023-04-23,"San Francisco, CA",California,25,Good,Ozone
2023-04-24,"San Francisco, CA",California,52,Moderate,PM2.5
2023-04-25,"San Francisco, CA",California,51,Moderate,PM2.5
2023-04-26,"San Francisco, CA",California,41,Good,PM2.5
2023-04-27,"San Francisco, CA",California,34,Good,PM2.5
2023-04-28,"San Francisco, CA",California,26,Good,Ozone
2023-04-29,"San Francisco, CA",California,32,Good,Ozone
2023-04-30,"San Francisco, CA",California,39,Good,PM2.5
2023-05-01,"San Francisco, CA",California,31,Good,Ozone
2023-05-02,"San Francisco, CA",California,28,Good,Ozone
2023-05-03,"San Francisco, CA",California,26,Good,Ozone
2023-05-04,"San Francisco, CA",California,28,Good,Ozone
2023-05-05,"San Francisco, CA",California,28,Good,Ozone
2023-05-06,"San Francisco, CA",California,30,Good,Ozone
2023-05-07,"San Francisco, CA",California,32,Good,Ozone
2023-05-08,"San Francisco, CA",California,32,Good,Ozone
2023-05-09,"San Francisco, CA",California,33,Good,Ozone
2023-05-10,"San Francisco, CA",California,33,Good,Ozone
2023-05-11,"San Francisco, CA",California,27,Good,Ozone
2023-05-12,"San Francisco, CA",California,40,Good,PM2.5
2023-05-13,"San Francisco, CA",California,37,Good,PM2.5
2023-05-14,"San Francisco, CA",California,28,Good,Ozone
2023-05-15,"San Francisco, CA",California,26,Good,Ozone
2023-05-16,"San Francisco, CA",California,27,Good,Ozone
2023-05-17,"San Francisco, CA",California,31,Good,Ozone
2023-05-18,"San Francisco, CA",California,30,Good,Ozone
2023-05-19,"San Francisco, CA",California,24,Good,PM2.5
2023-05-20,"San Francisco, CA",California,22,Good,Ozone
2023-05-21,"San Francisco, CA",California,27,Good,PM2.5
2023-05-22,"San Francisco, CA",California,62,Moderate,PM2.5
2023-05-23,"San Francisco, CA",California,64,Moderate,PM2.5
2023-05-24,"San Francisco, CA",California,52,Moderate,PM2.5
2023-05-25,"San Francisco, CA",California,29,Good,Ozone
2023-05-26,"San Francisco, CA",California,26,Good,Ozone
2023-05-27,"San Francisco, CA",California,30,Good,Ozone
2023-05-28,"San Francisco, CA",California,43,Good,PM2.5
2023-05-29,"San Francisco, CA",California,25,Good,Ozone
2023-05-30,"San Francisco, CA",California,27,Good,Ozone
2023-05-31,"San Francisco, CA",California,51,Moderate,PM2.5
2023-06-01,"San Francisco, CA",California,54,Moderate,PM2.5
2023-06-02,"San Francisco, CA",California,51,Moderate,PM2.5
2023-06-03,"San Francisco, CA",California,55,Moderate,PM2.5
2023-06-04,"San Francisco, CA",California,55,Moderate,PM2.5
2023-06-05,"San Francisco, CA",California,27,Good,Ozone
2023-06-06,"San Francisco, CA",California,29,Good,Ozone
2023-06-07,"San Francisco, CA",California,28,Good,Ozone
2023-06-08,"San Francisco, CA",California,29,Good,Ozone
2023-06-09,"San Francisco, CA",California,29,Good,Ozone
2023-06-10,"San Francisco, CA",California,26,Good,Ozone
2023-06-11,"San Francisco, CA",California,26,Good,Ozone
2023-06-12,"San Francisco, CA",California,26,Good,Ozone
2023-06-13,"San Francisco, CA",California,24,Good,Ozone
2023-06-14,"San Francisco, CA",California,26,Good,Ozone
2023-06-15,"San Francisco, CA",California,42,Good,PM2.5
2023-06-16,"San Francisco, CA",California,28,Good,PM2.5
2023-06-17,"San Francisco, CA",California,34,Good,Ozone
2023-06-18,"San Francisco, CA",California,34,Good,PM2.5
2023-06-19,"San Francisco, CA",California,26,Good,Ozone
2023-06-20,"San Francisco, CA",California,30,Good,PM2.5
2023-06-21,"San Francisco, CA",California,36,Good,PM2.5
2023-06-22,"San Francisco, CA",California,31,Good,PM2.5
2023-06-23,"San Francisco, CA",California,25,Good,Ozone
2023-06-24,"San Francisco, CA",California,31,Good,PM2.5
2023-06-25,"San Francisco, CA",California,22,Good,Ozone
2023-06-26,"San Francisco, CA",California,18,Good,PM2.5
2023-06-27,"San Francisco, CA",California,18,Good,PM2.5
2023-06-28,"San Francisco, CA",California,22,Good,CO
2023-06-29,"San Francisco, CA",California,17,Good,Ozone
2023-06-30,"San Francisco, CA",California,20,Good,PM2.5
2023-07-01,"San Francisco, CA",California,36,Good,PM2.5
2023-07-02,"San Francisco, CA",California,43,Good,PM2.5
2023-07-03,"San Francisco, CA",California,36,Good,PM2.5
2023-07-04,"San Francisco, CA",California,36,Good,PM2.5
2023-07-05,"San Francisco, CA",California,26,Good,Ozone
2023-07-06,"San Francisco, CA",California,22,Good,Ozone
2023-07-07,"San Francisco, CA",California,25,Good,PM2.5
2023-07-08,"San Francisco, CA",California,24,Good,Ozone
2023-07-09,"San Francisco, CA",California,22,Good,Ozone
2023-07-10,"San Francisco, CA",California,12,Good,Ozone
2023-07-11,"San Francisco, CA",California,19,Good,Ozone
2023-07-12,"San Francisco, CA",California,18,Good,Ozone
2023-07-13,"San Francisco, CA",California,13,Good,PM2.5
2023-07-14,"San Francisco, CA",California,18,Good,Ozone
2023-07-15,"San Francisco, CA",California,26,Good,PM2.5
2023-07-16,"San Francisco, CA",California,41,Good,PM2.5
2023-07-17,"San Francisco, CA",California,54,Moderate,PM2.5
2023-07-18,"San Francisco, CA",California,52,Moderate,PM2.5
2023-07-19,"San Francisco, CA",California,29,Good,PM2.5
2023-07-20,"San Francisco, CA",California,45,Good,PM2.5
2023-07-21,"San Francisco, CA",California,44,Good,PM2.5
2023-07-22,"San Francisco, CA",California,53,Moderate,PM2.5
2023-07-23,"San Francisco, CA",California,44,Good,PM2.5
2023-07-24,"San Francisco, CA",California,18,Good,Ozone
2023-07-25,"San Francisco, CA",California,18,Good,Ozone
2023-07-26,"San Francisco, CA",California,52,Moderate,PM2.5
2023-07-27,"San Francisco, CA",California,52,Moderate,PM2.5
2023-07-28,"San Francisco, CA",California,34,Good,PM2.5
2023-07-29,"San Francisco, CA",California,28,Good,PM2.5
2023-07-30,"San Francisco, CA",California,40,Good,PM2.5
2023-07-31,"San Francisco, CA",California,53,Moderate,PM2.5
2023-08-01,"San Francisco, CA",California,27,Good,PM2.5
2023-08-02,"San Francisco, CA",California,21,Good,PM2.5
2023-08-03,"San Francisco, CA",California,17,Good,Ozone
2023-08-04,"San Francisco, CA",California,18,Good,Ozone
2023-08-05,"San Francisco, CA",California,30,Good,PM2.5
2023-08-06,"San Francisco, CA",California,50,Good,PM2.5
2023-08-07,"San Francisco, CA",California,18,Good,Ozone
2023-08-08,"San Francisco, CA",California,21,Good,Ozone
2023-08-09,"San Francisco, CA",California,22,Good,Ozone
2023-08-10,"San Francisco, CA",California,21,Good,Ozone
2023-08-11,"San Francisco, CA",California,21,Good,Ozone
2023-08-12,"San Francisco, CA",California,19,Good,Ozone
2023-08-13,"San Francisco, CA",California,18,Good,Ozone
2023-08-14,"San Francisco, CA",California,16,Good,Ozone
2023-08-15,"San Francisco, CA",California,20,Good,Ozone
2023-08-16,"San Francisco, CA",California,19,Good,Ozone
2023-08-17,"San Francisco, CA",California,23,Good,Ozone
2023-08-18,"San Francisco, CA",California,25,Good,Ozone
2023-08-19,"San Francisco, CA",California,21,Good,Ozone
2023-08-20,"San Francisco, CA",California,23,Good,Ozone
2023-08-21,"San Francisco, CA",California,26,Good,Ozone
2023-08-22,"San Francisco, CA",California,27,Good,Ozone
2023-08-23,"San Francisco, CA",California,29,Good,Ozone
2023-08-24,"San Francisco, CA",California,31,Good,Ozone
2023-08-25,"San Francisco, CA",California,31,Good,Ozone
2023-08-26,"San Francisco, CA",California,32,Good,Ozone
2023-08-27,"San Francisco, CA",California,26,Good,Ozone
2023-08-28,"San Francisco, CA",California,27,Good,Ozone
2023-08-29,"San Francisco, CA",California,24,Good,Ozone
2023-08-30,"San Francisco, CA",California,31,Good,Ozone
2023-08-31,"San Francisco, CA",California,22,Good,Ozone
2023-09-01,"San Francisco, CA",California,22,Good,Ozone
2023-09-02,"San Francisco, CA",California,23,Good,Ozone
2023-09-03,"San Francisco, CA",California,23,Good,Ozone
2023-09-04,"San Francisco, CA",California,28,Good,Ozone
2023-09-05,"San Francisco, CA",California,27,Good,Ozone
2023-09-06,"San Francisco, CA",California,36,Good,PM2.5
2023-09-07,"San Francisco, CA",California,26,Good,Ozone
2023-09-08,"San Francisco, CA",California,33,Good,PM2.5
2023-09-09,"San Francisco, CA",California,36,Good,PM2.5
2023-09-10,"San Francisco, CA",California,38,Good,PM2.5
2023-09-11,"San Francisco, CA",California,33,Good,PM2.5
2023-09-12,"San Francisco, CA",California,44,Good,PM2.5
2023-09-13,"San Francisco, CA",California,35,Good,PM2.5
2023-09-14,"San Francisco, CA",California,24,Good,PM2.5
2023-09-15,"San Francisco, CA",California,42,Good,PM2.5
2023-09-16,"San Francisco, CA",California,46,Good,PM2.5
2023-09-17,"San Francisco, CA",California,32,Good,PM2.5
2023-09-18,"San Francisco, CA",California,34,Good,PM2.5
2023-09-19,"San Francisco, CA",California,98,Moderate,PM2.5
2023-09-20,"San Francisco, CA",California,117,Unhealthy for Sensitive Groups,PM2.5
2023-09-21,"San Francisco, CA",California,90,Moderate,PM2.5
2023-09-22,"San Francisco, CA",California,94,Moderate,PM2.5
2023-09-23,"San Francisco, CA",California,76,Moderate,PM2.5
2023-09-24,"San Francisco, CA",California,26,Good,PM2.5
2023-09-25,"San Francisco, CA",California,26,Good,Ozone
2023-09-26,"San Francisco, CA",California,30,Good,PM2.5
2023-09-27,"San Francisco, CA",California,34,Good,PM2.5
2023-09-28,"San Francisco, CA",California,54,Moderate,PM2.5
2023-09-29,"San Francisco, CA",California,25,Good,PM2.5
2023-09-30,"San Francisco, CA",California,47,Good,PM2.5
2023-10-01,"San Francisco, CA",California,53,Moderate,PM2.5
2023-10-02,"San Francisco, CA",California,51,Moderate,PM2.5
2023-10-03,"San Francisco, CA",California,51,Moderate,PM2.5
2023-10-04,"San Francisco, CA",California,52,Moderate,PM2.5
2023-10-05,"San Francisco, CA",California,44,Good,PM2.5
2023-10-06,"San Francisco, CA",California,51,Moderate,PM2.5
2023-10-07,"San Francisco, CA",California,46,Good,PM2.5
2023-10-08,"San Francisco, CA",California,31,Good,Ozone
2023-10-09,"San Francisco, CA",California,31,Good,Ozone
2023-10-10,"San Francisco, CA",California,28,Good,Ozone
2023-10-11,"San Francisco, CA",California,48,Good,PM2.5
2023-10-12,"San Francisco, CA",California,38,Good,PM2.5
2023-10-13,"San Francisco, CA",California,39,Good,PM2.5
2023-10-14,"San Francisco, CA",California,35,Good,PM2.5
2023-10-15,"San Francisco, CA",California,43,Good,PM2.5
2023-10-16,"San Francisco, CA",California,21,Good,NO2
2023-10-17,"San Francisco, CA",California,18,Good,PM2.5
2023-10-18,"San Francisco, CA",California,54,Moderate,PM2.5
2023-10-19,"San Francisco, CA",California,55,Moderate,PM2.5
2023-10-20,"San Francisco, CA",California,42,Good,PM2.5
2023-10-21,"San Francisco, CA",California,30,Good,Ozone
2023-10-22,"San Francisco, CA",California,23,Good,Ozone
2023-10-23,"San Francisco, CA",California,38,Good,PM2.5
2023-10-24,"San Francisco, CA",California,55,Moderate,PM2.5
2023-10-25,"San Francisco, CA",California,31,Good,Ozone
2023-10-26,"San Francisco, CA",California,29,Good,Ozone
2023-10-27,"San Francisco, CA",California,33,Good,PM2.5
2023-10-28,"San Francisco, CA",California,49,Good,PM2.5
2023-10-29,"San Francisco, CA",California,31,Good,Ozone
2023-10-30,"San Francisco, CA",California,50,Good,PM2.5
2023-10-31,"San Francisco, CA",California,58,Moderate,PM2.5
2023-11-01,"San Francisco, CA",California,63,Moderate,PM2.5
2023-11-02,"San Francisco, CA",California,64,Moderate,PM2.5
2023-11-03,"San Francisco, CA",California,59,Moderate,PM2.5
2023-11-04,"San Francisco, CA",California,26,Good,PM2.5
2023-11-05,"San Francisco, CA",California,27,Good,Ozone
2023-11-06,"San Francisco, CA",California,31,Good,Ozone
2023-11-07,"San Francisco, CA",California,35,Good,PM2.5
2023-11-08,"San Francisco, CA",California,34,Good,PM2.5
2023-11-09,"San Francisco, CA",California,44,Good,PM2.5
2023-11-10,"San Francisco, CA",California,51,Moderate,PM2.5
2023-11-11,"San Francisco, CA",California,52,Moderate,PM2.5
2023-11-12,"San Francisco, CA",California,51,Moderate,PM2.5
2023-11-13,"San Francisco, CA",California,29,Good,PM2.5
2023-11-14,"San Francisco, CA",California,32,Good,NO2
2023-11-15,"San Francisco, CA",California,54,Moderate,PM2.5
2023-11-16,"San Francisco, CA",California,52,Moderate,PM2.5
2023-11-17,"San Francisco, CA",California,49,Good,PM2.5
2023-11-18,"San Francisco, CA",California,31,Good,Ozone
2023-11-19,"San Francisco, CA",California,29,Good,Ozone
2023-11-20,"San Francisco, CA",California,26,Good,NO2
2023-11-21,"San Francisco, CA",California,53,Moderate,PM2.5
2023-11-22,"San Francisco, CA",California,56,Moderate,PM2.5
2023-11-23,"San Francisco, CA",California,41,Good,PM2.5
2023-11-24,"San Francisco, CA",California,29,Good,Ozone
2023-11-25,"San Francisco, CA",California,26,Good,Ozone
2023-11-26,"San Francisco, CA",California,31,Good,PM2.5
2023-11-27,"San Francisco, CA",California,58,Moderate,PM2.5
2023-11-28,"San Francisco, CA",California,56,Moderate,PM2.5
2023-11-29,"San Francisco, CA",California,51,Moderate,PM2.5
2023-11-30,"San Francisco, CA",California,31,Good,Ozone
2023-12-01,"San Francisco, CA",California,28,Good,Ozone
2023-12-02,"San Francisco, CA",California,25,Good,Ozone
2023-12-03,"San Francisco, CA",California,29,Good,PM2.5
2023-12-04,"San Francisco, CA",California,43,Good,PM2.5
2023-12-05,"San Francisco, CA",California,57,Moderate,PM2.5
2023-12-06,"San Francisco, CA",California,38,Good,PM2.5
2023-12-07,"San Francisco, CA",California,32,Good,NO2
2023-12-08,"San Francisco, CA",California,25,Good,NO2
2023-12-09,"San Francisco, CA",California,34,Good,PM2.5
2023-12-10,"San Francisco, CA",California,53,Moderate,PM2.5
2023-12-11,"San Francisco, CA",California,49,Good,PM2.5
2023-12-12,"San Francisco, CA",California,41,Good,PM2.5
2023-12-13,"San Francisco, CA",California,52,Moderate,PM2.5
2023-12-14,"San Francisco, CA",California,74,Moderate,PM2.5
2023-12-15,"San Francisco, CA",California,71,Moderate,PM2.5
2023-12-16,"San Francisco, CA",California,66,Moderate,PM2.5
2023-12-17,"San Francisco, CA",California,62,Moderate,PM2.5
2023-12-18,"San Francisco, CA",California,31,Good,Ozone
2023-12-19,"San Francisco, CA",California,33,Good,Ozone
2023-12-20,"San Francisco, CA",California,30,Good,Ozone
2023-12-21,"San Francisco, CA",California,37,Good,PM2.5
2023-12-22,"San Francisco, CA",California,49,Good,PM2.5
2023-12-23,"San Francisco, CA",California,34,Good,PM2.5
2023-12-24,"San Francisco, CA",California,52,Moderate,PM2.5
2023-12-25,"San Francisco, CA",California,54,Moderate,PM2.5
2023-12-26,"San Francisco, CA",California,61,Moderate,PM2.5
2023-12-27,"San Francisco, CA",California,35,Good,PM2.5
2023-12-28,"San Francisco, CA",California,36,Good,PM2.5
2023-12-29,"San Francisco, CA",California,31,Good,Ozone
2023-12-30,"San Francisco, CA",California,28,Good,Ozone
2023-12-31,"San Francisco, CA",California,35,Good,PM2.5
2024-01-01,"San Francisco, CA",California,57,Moderate,PM2.5
2024-01-02,"San Francisco, CA",California,37,Good,PM2.5
2024-01-03,"San Francisco, CA",California,31,Good,NO2
2024-01-04,"San Francisco, CA",California,26,Good,NO2
2024-01-05,"San Francisco, CA",California,46,Good,PM2.5
2024-01-06,"San Francisco, CA",California,30,Good,Ozone
2024-01-07,"San Francisco, CA",California,25,Good,Ozone
2024-01-08,"San Francisco, CA",California,29,Good,NO2
2024-01-09,"San Francisco, CA",California,28,Good,Ozone
2024-01-10,"San Francisco, CA",California,31,Good,NO2
2024-01-11,"San Francisco, CA",California,26,Good,Ozone
2024-01-12,"San Francisco, CA",California,33,Good,PM2.5
2024-01-13,"San Francisco, CA",California,29,Good,Ozone
2024-01-14,"San Francisco, CA",California,25,Good,PM2.5
2024-01-15,"San Francisco, CA",California,23,Good,NO2
2024-01-16,"San Francisco, CA",California,54,Moderate,PM2.5
2024-01-17,"San Francisco, CA",California,26,Good,NO2
2024-01-18,"San Francisco, CA",California,47,Good,PM2.5
2024-01-19,"San Francisco, CA",California,55,Moderate,PM2.5
2024-01-20,"San Francisco, CA",California,29,Good,Ozone
2024-01-21,"San Francisco, CA",California,28,Good,Ozone
2024-01-22,"San Francisco, CA",California,27,Good,Ozone
2024-01-23,"San Francisco, CA",California,28,Good,Ozone
2024-01-24,"San Francisco, CA",California,28,Good,Ozone
2024-01-25,"San Francisco, CA",California,55,Moderate,PM2.5
2024-01-26,"San Francisco, CA",California,54,Moderate,PM2.5
2024-01-27,"San Francisco, CA",California,40,Good,PM2.5
2024-01-28,"San Francisco, CA",California,43,Good,PM2.5
2024-01-29,"San Francisco, CA",California,56,Moderate,PM2.5
2024-01-30,"San Francisco, CA",California,37,Good,PM2.5
2024-01-31,"San Francisco, CA",California,33,Good,Ozone
2024-02-01,"San Francisco, CA",California,31,Good,Ozone
2024-02-02,"San Francisco, CA",California,31,Good,Ozone
2024-02-03,"San Francisco, CA",California,30,Good,Ozone
2024-02-04,"San Francisco, CA",California,31,Good,Ozone
2024-02-05,"San Francisco, CA",California,40,Good,PM2.5
2024-02-06,"San Francisco, CA",California,31,Good,PM2.5
2024-02-07,"San Francisco, CA",California,31,Good,Ozone
2024-02-08,"San Francisco, CA",California,27,Good,PM2.5
2024-02-09,"San Francisco, CA",California,44,Good,PM2.5
2024-02-10,"San Francisco, CA",California,24,Good,NO2
2024-02-11,"San Francisco, CA",California,32,Good,PM2.5
2024-02-12,"San Francisco, CA",California,54,Moderate,PM2.5
2024-02-13,"San Francisco, CA",California,27,Good,Ozone
2024-02-14,"San Francisco, CA",California,31,Good,Ozone
2024-02-15,"San Francisco, CA",California,32,Good,PM2.5
2024-02-16,"San Francisco, CA",California,48,Good,PM2.5
2024-02-17,"San Francisco, CA",California,37,Good,PM2.5
2024-02-18,"San Francisco, CA",California,34,Good,Ozone
2024-02-19,"San Francisco, CA",California,35,Good,PM2.5
2024-02-20,"San Francisco, CA",California,36,Good,PM2.5
2024-02-21,"San Francisco, CA",California,29,Good,NO2
2024-02-22,"San Francisco, CA",California,33,Good,PM2.5
2024-02-23,"San Francisco, CA",California,26,Good,PM2.5
2024-02-24,"San Francisco, CA",California,37,Good,PM2.5
2024-02-25,"San Francisco, CA",California,31,Good,Ozone
2024-02-26,"San Francisco, CA",California,30,Good,Ozone
2024-02-27,"San Francisco, CA",California,27,Good,Ozone
2024-02-28,"San Francisco, CA",California,36,Good,PM2.5
2024-02-29,"San Francisco, CA",California,17,Good,PM2.5
2024-03-01,"San Francisco, CA",California,24,Good,PM2.5
2024-03-02,"San Francisco, CA",California,22,Good,PM2.5
2024-03-03,"San Francisco, CA",California,22,Good,PM2.5
2024-03-04,"San Francisco, CA",California,21,Good,PM2.5
2024-03-05,"San Francisco, CA",California,14,Good,PM2.5
2024-03-06,"San Francisco, CA",California,21,Good,PM2.5
2024-03-07,"San Francisco, CA",California,27,Good,PM2.5
2024-03-08,"San Francisco, CA",California,38,Good,PM2.5
2024-03-09,"San Francisco, CA",California,13,Good,PM2.5
2024-03-10,"San Francisco, CA",California,18,Good,PM2.5
2024-03-11,"San Francisco, CA",California,28,Good,PM2.5
2024-03-12,"San Francisco, CA",California,36,Good,PM2.5
2024-03-13,"San Francisco, CA",California,28,Good,PM2.5
2024-03-19,"San Francisco, CA",California,40,Good,PM2.5
2024-03-20,"San Francisco, CA",California,34,Good,PM2.5
2024-03-21,"San Francisco, CA",California,19,Good,PM2.5
2024-03-22,"San Francisco, CA",California,19,Good,PM2.5
2024-03-23,"San Francisco, CA",California,29,Good,PM2.5
2024-03-24,"San Francisco, CA",California,26,Good,PM2.5
2024-03-25,"San Francisco, CA",California,25,Good,PM2.5
2024-03-26,"San Francisco, CA",California,18,Good,PM2.5
2024-03-27,"San Francisco, CA",California,19,Good,PM2.5
2024-03-28,"San Francisco, CA",California,31,Good,PM2.5
2024-03-29,"San Francisco, CA",California,22,Good,PM2.5
2024-03-30,"San Francisco, CA",California,18,Good,PM2.5
2024-03-31,"San Francisco, CA",California,52,Moderate,PM2.5
2024-04-01,"San Francisco, CA",California,53,Moderate,PM2.5
2024-04-02,"San Francisco, CA",California,52,Moderate,PM2.5
2024-04-03,"San Francisco, CA",California,21,Good,PM2.5
2024-04-04,"San Francisco, CA",California,10,Good,PM2.5
2024-04-05,"San Francisco, CA",California,19,Good,PM2.5
2024-04-06,"San Francisco, CA",California,19,Good,PM2.5
2024-04-07,"San Francisco, CA",California,12,Good,PM2.5
2024-04-08,"San Francisco, CA",California,35,Good,PM2.5
2024-04-09,"San Francisco, CA",California,50,Good,PM2.5
2024-04-10,"San Francisco, CA",California,44,Good,PM2.5
2024-04-11,"San Francisco, CA",California,51,Moderate,PM2.5
2024-04-12,"San Francisco, CA",California,14,Good,PM2.5
2024-04-13,"San Francisco, CA",California,7,Good,PM2.5
2024-04-14,"San Francisco, CA",California,6,Good,PM2.5
2024-04-15,"San Francisco, CA",California,18,Good,PM2.5
2024-04-16,"San Francisco, CA",California,38,Good,PM2.5
2024-04-17,"San Francisco, CA",California,51,Moderate,PM2.5
2024-04-18,"San Francisco, CA",California,55,Moderate,PM2.5
2024-04-19,"San Francisco, CA",California,35,Good,PM2.5
2024-04-20,"San Francisco, CA",California,23,Good,PM2.5
2024-04-21,"San Francisco, CA",California,40,Good,PM2.5
2024-04-22,"San Francisco, CA",California,54,Moderate,PM2.5
2024-04-23,"San Francisco, CA",California,25,Good,PM2.5
2024-04-24,"San Francisco, CA",California,28,Good,PM2.5
2024-04-25,"San Francisco, CA",California,14,Good,PM2.5
2024-04-26,"San Francisco, CA",California,11,Good,PM2.5
2024-04-27,"San Francisco, CA",California,18,Good,PM2.5
2024-04-28,"San Francisco, CA",California,16,Good,PM2.5
2024-04-29,"San Francisco, CA",California,37,Good,PM2.5
2024-04-30,"San Francisco, CA",California,37,Good,PM2.5
2024-05-01,"San Francisco, CA",California,45,Good,PM2.5
2024-05-02,"San Francisco, CA",California,28,Good,PM2.5
2024-05-03,"San Francisco, CA",California,17,Good,PM2.5
2024-05-04,"San Francisco, CA",California,4,Good,PM2.5
2024-05-05,"San Francisco, CA",California,15,Good,PM2.5
2024-05-06,"San Francisco, CA",California,11,Good,PM2.5
2024-05-08,"San Francisco, CA",California,24,Good,PM2.5
2024-05-09,"San Francisco, CA",California,26,Good,PM2.5
2024-05-10,"San Francisco, CA",California,51,Moderate,PM2.5
2024-05-11,"San Francisco, CA",California,31,Good,PM2.5
2024-05-12,"San Francisco, CA",California,22,Good,PM2.5
2024-05-13,"San Francisco, CA",California,16,Good,PM2.5
2024-05-14,"San Francisco, CA",California,13,Good,PM2.5
2024-05-15,"San Francisco, CA",California,22,Good,PM2.5
2024-05-16,"San Francisco, CA",California,13,Good,PM2.5
2024-05-17,"San Francisco, CA",California,3,Good,PM2.5
2024-05-18,"San Francisco, CA",California,23,Good,PM2.5
2024-05-19,"San Francisco, CA",California,52,Moderate,PM2.5
2024-05-20,"San Francisco, CA",California,55,Moderate,PM2.5
2024-05-21,"San Francisco, CA",California,59,Moderate,PM2.5
2024-05-22,"San Francisco, CA",California,46,Good,PM2.5
2024-05-23,"San Francisco, CA",California,53,Moderate,PM2.5
2024-05-24,"San Francisco, CA",California,31,Good,PM2.5
2024-05-25,"San Francisco, CA",California,22,Good,PM2.5
2024-05-26,"San Francisco, CA",California,37,Good,PM2.5
2024-05-27,"San Francisco, CA",California,24,Good,PM2.5
2024-05-28,"San Francisco, CA",California,39,Good,PM2.5
2024-05-29,"San Francisco, CA",California,52,Moderate,PM2.5
2024-05-30,"San Francisco, CA",California,56,Moderate,PM2.5
2024-05-31,"San Francisco, CA",California,63,Moderate,PM2.5
2024-06-01,"San Francisco, CA",California,48,Good,PM2.5
2024-06-02,"San Francisco, CA",California,11,Good,PM2.5
2024-06-03,"San Francisco, CA",California,12,Good,PM2.5
2024-06-04,"San Francisco, CA",California,52,Moderate,PM2.5
2024-06-05,"San Francisco, CA",California,59,Moderate,PM2.5
2024-06-06,"San Francisco, CA",California,65,Moderate,PM2.5
2024-06-07,"San Francisco, CA",California,59,Moderate,PM2.5
2024-06-08,"San Francisco, CA",California,44,Good,PM2.5
2024-06-09,"San Francisco, CA",California,47,Good,PM2.5
2024-06-10,"San Francisco, CA",California,29,Good,PM2.5
2024-06-11,"San Francisco, CA",California,56,Moderate,PM2.5
2024-06-12,"San Francisco, CA",California,62,Moderate,PM2.5
2024-06-13,"San Francisco, CA",California,55,Moderate,PM2.5
2024-06-14,"San Francisco, CA",California,56,Moderate,PM2.5
2024-06-15,"San Francisco, CA",California,52,Moderate,PM2.5
2024-06-16,"San Francisco, CA",California,51,Moderate,PM2.5
2024-06-17,"San Francisco, CA",California,37,Good,PM2.5
2024-06-18,"San Francisco, CA",California,53,Moderate,PM2.5
2024-06-19,"San Francisco, CA",California,29,Good,PM2.5
2024-06-20,"San Francisco, CA",California,21,Good,PM2.5
2024-06-21,"San Francisco, CA",California,32,Good,PM2.5
2024-06-22,"San Francisco, CA",California,48,Good,PM2.5
2024-06-23,"San Francisco, CA",California,44,Good,PM2.5
2024-06-24,"San Francisco, CA",California,48,Good,PM2.5
2024-06-25,"San Francisco, CA",California,40,Good,PM2.5
2024-06-26,"San Francisco, CA",California,14,Good,PM2.5
2024-06-27,"San Francisco, CA",California,33,Good,PM2.5
2024-06-28,"San Francisco, CA",California,42,Good,PM2.5
2024-06-29,"San Francisco, CA",California,38,Good,PM2.5
2024-06-30,"San Francisco, CA",California,34,Good,PM2.5
2024-07-01,"San Francisco, CA",California,46,Good,PM2.5
2024-07-02,"San Francisco, CA",California,61,Moderate,PM2.5
2024-07-03,"San Francisco, CA",California,59,Moderate,PM2.5
2024-07-04,"San Francisco, CA",California,42,Good,PM2.5
2024-07-05,"San Francisco, CA",California,37,Good,PM2.5
2024-07-06,"San Francisco, CA",California,34,Good,PM2.5
2024-07-07,"San Francisco, CA",California,17,Good,PM2.5
2024-07-08,"San Francisco, CA",California,14,Good,PM2.5
2024-07-09,"San Francisco, CA",California,16,Good,PM2.5
2024-07-10,"San Francisco, CA",California,24,Good,PM2.5
2024-07-11,"San Francisco, CA",California,53,Moderate,PM2.5
2024-07-12,"San Francisco, CA",California,55,Moderate,PM2.5
2024-07-13,"San Francisco, CA",California,22,Good,PM2.5
2024-07-14,"San Francisco, CA",California,12,Good,PM2.5
2024-07-15,"San Francisco, CA",California,17,Good,PM2.5
2024-07-16,"San Francisco, CA",California,13,Good,PM2.5
2024-07-17,"San Francisco, CA",California,9,Good,PM2.5
2024-07-18,"San Francisco, CA",California,16,Good,PM2.5
2024-07-19,"San Francisco, CA",California,28,Good,PM2.5
2024-07-20,"San Francisco, CA",California,44,Good,PM2.5
2024-07-21,"San Francisco, CA",California,27,Good,PM2.5
2024-07-22,"San Francisco, CA",California,36,Good,PM2.5
2024-07-23,"San Francisco, CA",California,35,Good,PM2.5
2024-07-24,"San Francisco, CA",California,56,Moderate,PM2.5
2024-07-25,"San Francisco, CA",California,43,Good,PM2.5
2024-07-26,"San Francisco, CA",California,45,Good,PM2.5
2024-07-27,"San Francisco, CA",California,16,Good,PM2.5
2024-07-31,"San Francisco, CA",California,0,Good,PM2.5
2024-08-01,"San Francisco, CA",California,0,Good,PM2.5
2024-08-02,"San Francisco, CA",California,5,Good,PM2.5
2024-08-03,"San Francisco, CA",California,9,Good,PM2.5
2024-08-04,"San Francisco, CA",California,13,Good,PM2.5
2024-08-05,"San Francisco, CA",California,36,Good,PM2.5
2024-08-09,"San Francisco, CA",California,22,Good,PM2.5
2024-08-10,"San Francisco, CA",California,38,Good,PM2.5
2024-08-11,"San Francisco, CA",California,9,Good,PM2.5
2024-08-15,"San Francisco, CA",California,13,Good,PM2.5
2024-08-16,"San Francisco, CA",California,42,Good,PM2.5
2024-08-20,"San Francisco, CA",California,49,Good,PM2.5
2024-08-21,"San Francisco, CA",California,51,Moderate,PM2.5
2024-08-22,"San Francisco, CA",California,44,Good,PM2.5
2024-08-23,"San Francisco, CA",California,49,Good,PM2.5
2024-08-24,"San Francisco, CA",California,49,Good,PM2.5
2024-08-25,"San Francisco, CA",California,53,Moderate,PM2.5
2024-08-26,"San Francisco, CA",California,54,Moderate,PM2.5
2024-08-27,"San Francisco, CA",California,53,Moderate,PM2.5
2024-08-28,"San Francisco, CA",California,55,Moderate,PM2.5
2024-08-29,"San Francisco, CA",California,57,Moderate,PM2.5
2024-08-30,"San Francisco, CA",California,58,Moderate,PM2.5
2024-08-31,"San Francisco, CA",California,55,Moderate,PM2.5
2024-09-01,"San Francisco, CA",California,49,Good,PM2.5
2024-09-02,"San Francisco, CA",California,47,Good,PM2.5
2024-09-03,"San Francisco, CA",California,53,Moderate,PM2.5
2024-09-04,"San Francisco, CA",California,39,Good,PM2.5
2024-09-05,"San Francisco, CA",California,37,Good,PM2.5
2024-09-06,"San Francisco, CA",California,39,Good,PM2.5
2024-09-07,"San Francisco, CA",California,34,Good,PM2.5
2024-09-08,"San Francisco, CA",California,38,Good,PM2.5
2024-09-09,"San Francisco, CA",California,48,Good,PM2.5
2024-09-12,"San Francisco, CA",California,52,Moderate,PM2.5
2024-09-13,"San Francisco, CA",California,60,Moderate,PM2.5
2024-09-14,"San Francisco, CA",California,53,Moderate,PM2.5
2024-09-15,"San Francisco, CA",California,53,Moderate,PM2.5
2024-09-16,"San Francisco, CA",California,61,Moderate,PM2.5
2024-09-17,"San Francisco, CA",California,54,Moderate,PM2.5
2024-09-18,"San Francisco, CA",California,35,Good,PM2.5
2024-09-19,"San Francisco, CA",California,31,Good,PM2.5
2024-09-20,"San Francisco, CA",California,39,Good,PM2.5
2024-09-21,"San Francisco, CA",California,53,Moderate,PM2.5
2024-09-22,"San Francisco, CA",California,51,Moderate,PM2.5
2024-09-23,"San Francisco, CA",California,54,Moderate,PM2.5
2024-09-24,"San Francisco, CA",California,55,Moderate,PM2.5
2024-09-25,"San Francisco, CA",California,51,Moderate,PM2.5
2024-09-26,"San Francisco, CA",California,41,Good,PM2.5
2024-09-27,"San Francisco, CA",California,58,Moderate,PM2.5
2024-09-28,"San Francisco, CA",California,48,Good,PM2.5
2024-09-29,"San Francisco, CA",California,61,Moderate,PM2.5
2024-09-30,"San Francisco, CA",California,66,Moderate,PM2.5
2024-10-01,"San Francisco, CA",California,62,Moderate,PM2.5
2024-10-02,"San Francisco, CA",California,71,Moderate,PM2.5
2024-10-03,"San Francisco, CA",California,82,Moderate,PM2.5
2024-10-04,"San Francisco, CA",California,73,Moderate,PM2.5
2024-10-05,"San Francisco, CA",California,61,Moderate,PM2.5
2024-10-06,"San Francisco, CA",California,58,Moderate,PM2.5
2024-10-07,"San Francisco, CA",California,58,Moderate,PM2.5
2024-10-08,"San Francisco, CA",California,43,Good,PM2.5
2024-10-09,"San Francisco, CA",California,8,Good,PM2.5
2024-10-10,"San Francisco, CA",California,44,Good,PM2.5
2024-10-11,"San Francisco, CA",California,18,Good,PM2.5
2024-10-12,"San Francisco, CA",California,7,Good,PM2.5
2024-10-13,"San Francisco, CA",California,9,Good,PM2.5
2024-10-14,"San Francisco, CA",California,9,Good,PM2.5
2024-10-15,"San Francisco, CA",California,14,Good,PM2.5
2024-10-16,"San Francisco, CA",California,3,Good,PM2.5
2024-10-17,"San Francisco, CA",California,25,Good,PM2.5
2024-10-18,"San Francisco, CA",California,21,Good,PM2.5
2024-10-19,"San Francisco, CA",California,43,Good,PM2.5
2024-10-20,"San Francisco, CA",California,42,Good,PM2.5
2024-10-21,"San Francisco, CA",California,14,Good,PM2.5
2024-10-22,"San Francisco, CA",California,22,Good,PM2.5
2024-10-23,"San Francisco, CA",California,47,Good,PM2.5
2024-10-24,"San Francisco, CA",California,33,Good,PM2.5
2024-10-30,"San Francisco, CA",California,19,Good,PM2.5
2024-10-31,"San Francisco, CA",California,14,Good,PM2.5
2024-11-01,"San Francisco, CA",California,31,Good,PM2.5
2024-11-02,"San Francisco, CA",California,19,Good,PM2.5
2024-11-03,"San Francisco, CA",California,14,Good,PM2.5
2024-11-04,"San Francisco, CA",California,31,Good,PM2.5
2024-11-05,"San Francisco, CA",California,31,Good,PM2.5
2024-11-06,"San Francisco, CA",California,7,Good,PM2.5
2024-11-07,"San Francisco, CA",California,27,Good,PM2.5
2024-11-08,"San Francisco, CA",California,44,Good,PM2.5
2024-11-09,"San Francisco, CA",California,53,Moderate,PM2.5
2024-11-10,"San Francisco, CA",California,47,Good,PM2.5
2024-11-11,"San Francisco, CA",California,12,Good,PM2.5
2024-11-12,"San Francisco, CA",California,21,Good,PM2.5
2024-11-13,"San Francisco, CA",California,22,Good,PM2.5
2024-11-14,"San Francisco, CA",California,17,Good,PM2.5
2024-11-15,"San Francisco, CA",California,19,Good,PM2.5
2024-11-16,"San Francisco, CA",California,18,Good,PM2.5
2024-11-17,"San Francisco, CA",California,24,Good,PM2.5
2024-11-18,"San Francisco, CA",California,19,Good,PM2.5
2024-11-19,"San Francisco, CA",California,23,Good,PM2.5
2024-11-20,"San Francisco, CA",California,3,Good,PM2.5
2024-11-23,"San Francisco, CA",California,11,Good,PM2.5
2024-11-24,"San Francisco, CA",California,9,Good,PM2.5
2024-11-25,"San Francisco, CA",California,8,Good,PM2.5
2024-11-26,"San Francisco, CA",California,16,Good,PM2.5
2024-11-27,"San Francisco, CA",California,17,Good,PM2.5
2024-12-03,"San Francisco, CA",California,54,Moderate,PM2.5
2024-12-04,"San Francisco, CA",California,62,Moderate,PM2.5
2024-12-05,"San Francisco, CA",California,56,Moderate,PM2.5
2024-12-06,"San Francisco, CA",California,60,Moderate,PM2.5
2024-12-07,"San Francisco, CA",California,94,Moderate,PM2.5
2024-12-08,"San Francisco, CA",California,78,Moderate,PM2.5
2024-12-09,"San Francisco, CA",California,36,Good,PM2.5
2024-12-10,"San Francisco, CA",California,65,Moderate,PM2.5
2024-12-11,"San Francisco, CA",California,73,Moderate,PM2.5
2024-12-12,"San Francisco, CA",California,40,Good,PM2.5
2024-12-13,"San Francisco, CA",California,21,Good,PM2.5
2024-12-14,"San Francisco, CA",California,32,Good,PM2.5
2024-12-15,"San Francisco, CA",California,43,Good,PM2.5
2024-12-16,"San Francisco, CA",California,44,Good,PM2.5
2024-12-17,"San Francisco, CA",California,47,Good,PM2.5
2024-12-18,"San Francisco, CA",California,39,Good,PM2.5
2024-12-19,"San Francisco, CA",California,63,Moderate,PM2.5
2024-12-20,"San Francisco, CA",California,69,Moderate,PM2.5
2024-12-21,"San Francisco, CA",California,46,Good,PM2.5
2024-12-22,"San Francisco, CA",California,26,Good,PM2.5
2024-12-23,"San Francisco, CA",California,34,Good,PM2.5
2024-12-24,"San Francisco, CA",California,12,Good,PM2.5
2024-12-25,"San Francisco, CA",California,29,Good,PM2.5
2024-12-26,"San Francisco, CA",California,19,Good,PM2.5
2024-12-27,"San Francisco, CA",California,51,Moderate,PM2.5
2024-12-28,"San Francisco, CA",California,23,Good,PM2.5
2024-12-29,"San Francisco, CA",California,11,Good,PM2.5
2024-12-30,"San Francisco, CA",California,18,Good,PM2.5
2024-12-31,"San Francisco, CA",California,20,Good,PM2.5
2023-01-01,"Seattle, WA",Washington,67,Moderate,PM2.5
2023-01-02,"Seattle, WA",Washington,55,Moderate,PM2.5
2023-01-03,"Seattle, WA",Washington,43,Good,PM2.5
2023-01-04,"Seattle, WA",Washington,35,Good,PM2.5
2023-01-05,"Seattle, WA",Washington,32,Good,Ozone
2023-01-06,"Seattle, WA",Washington,52,Moderate,PM2.5
2023-01-07,"Seattle, WA",Washington,52,Moderate,PM2.5
2023-01-08,"Seattle, WA",Washington,55,Moderate,PM2.5
2023-01-09,"Seattle, WA",Washington,34,Good,PM2.5
2023-01-10,"Seattle, WA",Washington,46,Good,PM2.5
2023-01-11,"Seattle, WA",Washington,44,Good,PM2.5
2023-01-12,"Seattle, WA",Washington,33,Good,PM2.5
2023-01-13,"Seattle, WA",Washington,50,Good,PM2.5
2023-01-14,"Seattle, WA",Washington,36,Good,PM2.5
2023-01-15,"Seattle, WA",Washington,39,Good,PM2.5
2023-01-16,"Seattle, WA",Washington,47,Good,PM2.5
2023-01-17,"Seattle, WA",Washington,51,Moderate,PM2.5
2023-01-18,"Seattle, WA",Washington,42,Good,PM2.5
2023-01-19,"Seattle, WA",Washington,51,Moderate,PM2.5
2023-01-20,"Seattle, WA",Washington,58,Moderate,PM2.5
2023-01-21,"Seattle, WA",Washington,55,Moderate,PM2.5
2023-01-22,"Seattle, WA",Washington,53,Moderate,PM2.5
2023-01-23,"Seattle, WA",Washington,60,Moderate,PM2.5
2023-01-24,"Seattle, WA",Washington,59,Moderate,PM2.5
2023-01-25,"Seattle, WA",Washington,53,Moderate,PM2.5
2023-01-26,"Seattle, WA",Washington,59,Moderate,PM2.5
2023-01-27,"Seattle, WA",Washington,32,Good,PM2.5
2023-01-28,"Seattle, WA",Washington,42,Good,PM2.5
2023-01-29,"Seattle, WA",Washington,53,Moderate,PM2.5
2023-01-30,"Seattle, WA",Washington,61,Moderate,PM2.5
2023-01-31,"Seattle, WA",Washington,64,Moderate,PM2.5
2023-02-01,"Seattle, WA",Washington,67,Moderate,PM2.5
2023-02-02,"Seattle, WA",Washington,67,Moderate,PM2.5
2023-02-03,"Seattle, WA",Washington,57,Moderate,PM2.5
2023-02-04,"Seattle, WA",Washington,38,Good,PM2.5
2023-02-05,"Seattle, WA",Washington,39,Good,PM2.5
2023-02-06,"Seattle, WA",Washington,43,Good,PM2.5
2023-02-07,"Seattle, WA",Washington,48,Good,PM2.5
2023-02-08,"Seattle, WA",Washington,40,Good,PM2.5
2023-02-09,"Seattle, WA",Washington,55,Moderate,PM2.5
2023-02-10,"Seattle, WA",Washington,48,Good,PM2.5
2023-02-11,"Seattle, WA",Washington,57,Moderate,PM2.5
2023-02-12,"Seattle, WA",Washington,59,Moderate,PM2.5
2023-02-13,"Seattle, WA",Washington,38,Good,PM2.5
2023-02-14,"Seattle, WA",Washington,52,Moderate,PM2.5
2023-02-15,"Seattle, WA",Washington,56,Moderate,PM2.5
2023-02-16,"Seattle, WA",Washington,57,Moderate,PM2.5
2023-02-17,"Seattle, WA",Washington,55,Moderate,PM2.5
2023-02-18,"Seattle, WA",Washington,33,Good,PM2.5
2023-02-19,"Seattle, WA",Washington,52,Moderate,PM2.5
2023-02-20,"Seattle, WA",Washington,33,Good,Ozone
2023-02-21,"Seattle, WA",Washington,31,Good,Ozone
2023-02-22,"Seattle, WA",Washington,33,Good,Ozone
2023-02-23,"Seattle, WA",Washington,33,Good,Ozone
2023-02-24,"Seattle, WA",Washington,37,Good,PM2.5
2023-02-25,"Seattle, WA",Washington,60,Moderate,PM2.5
2023-02-26,"Seattle, WA",Washington,47,Good,PM2.5
2023-02-27,"Seattle, WA",Washington,38,Good,PM2.5
2023-02-28,"Seattle, WA",Washington,46,Good,PM2.5
2023-03-01,"Seattle, WA",Washington,54,Moderate,PM2.5
2023-03-02,"Seattle, WA",Washington,36,Good,Ozone
2023-03-03,"Seattle, WA",Washington,35,Good,Ozone
2023-03-04,"Seattle, WA",Washington,37,Good,PM2.5
2023-03-05,"Seattle, WA",Washington,52,Moderate,PM2.5
2023-03-06,"Seattle, WA",Washington,43,Good,PM2.5
2023-03-07,"Seattle, WA",Washington,77,Moderate,NO2
2023-03-08,"Seattle, WA",Washington,52,Moderate,PM2.5
2023-03-09,"Seattle, WA",Washington,42,Good,PM2.5
2023-03-10,"Seattle, WA",Washington,39,Good,NO2
2023-03-11,"Seattle, WA",Washington,43,Good,PM2.5
2023-03-12,"Seattle, WA",Washington,63,Moderate,PM2.5
2023-03-13,"Seattle, WA",Washington,37,Good,PM2.5
2023-03-14,"Seattle, WA",Washington,36,Good,PM2.5
2023-03-15,"Seattle, WA",Washington,38,Good,PM2.5
2023-03-16,"Seattle, WA",Washington,42,Good,PM2.5
2023-03-17,"Seattle, WA",Washington,58,Moderate,PM2.5
2023-03-18,"Seattle, WA",Washington,63,Moderate,PM2.5
2023-03-19,"Seattle, WA",Washington,61,Moderate,PM2.5
2023-03-20,"Seattle, WA",Washington,47,Good,PM2.5
2023-03-21,"Seattle, WA",Washington,37,Good,PM2.5
2023-03-22,"Seattle, WA",Washington,53,Moderate,PM2.5
2023-03-23,"Seattle, WA",Washington,40,Good,Ozone
2023-03-24,"Seattle, WA",Washington,36,Good,Ozone
2023-03-25,"Seattle, WA",Washington,38,Good,Ozone
2023-03-26,"Seattle, WA",Washington,41,Good,PM2.5
2023-03-27,"Seattle, WA",Washington,39,Good,Ozone
2023-03-28,"Seattle, WA",Washington,40,Good,Ozone
2023-03-29,"Seattle, WA",Washington,48,Good,PM2.5
2023-03-30,"Seattle, WA",Washington,53,Moderate,PM2.5
2023-03-31,"Seattle, WA",Washington,43,Good,PM2.5
2023-04-01,"Seattle, WA",Washington,39,Good,Ozone
2023-04-02,"Seattle, WA",Washington,38,Good,Ozone
2023-04-03,"Seattle, WA",Washington,35,Good,NO2
2023-04-04,"Seattle, WA",Washington,41,Good,NO2
2023-04-05,"Seattle, WA",Washington,41,Good,PM2.5
2023-04-06,"Seattle, WA",Washington,41,Good,PM2.5
2023-04-07,"Seattle, WA",Washington,33,Good,Ozone
2023-04-08,"Seattle, WA",Washington,33,Good,Ozone
2023-04-09,"Seattle, WA",Washington,33,Good,Ozone
2023-04-10,"Seattle, WA",Washington,38,Good,NO2
2023-04-11,"Seattle, WA",Washington,39,Good,Ozone
2023-04-12,"Seattle, WA",Washington,34,Good,PM2.5
2023-04-13,"Seattle, WA",Washington,38,Good,Ozone
2023-04-14,"Seattle, WA",Washington,39,Good,PM2.5
2023-04-15,"Seattle, WA",Washington,50,Good,PM2.5
2023-04-16,"Seattle, WA",Washington,46,Good,PM2.5
2023-04-17,"Seattle, WA",Washington,40,Good,Ozone
2023-04-18,"Seattle, WA",Washington,37,Good,Ozone
2023-04-19,"Seattle, WA",Washington,44,Good,Ozone
2023-04-20,"Seattle, WA",Washington,39,Good,Ozone
2023-04-21,"Seattle, WA",Washington,46,Good,PM2.5
2023-04-22,"Seattle, WA",Washington,45,Good,PM2.5
2023-04-23,"Seattle, WA",Washington,43,Good,Ozone
2023-04-24,"Seattle, WA",Washington,31,Good,Ozone
2023-04-25,"Seattle, WA",Washington,33,Good,Ozone
2023-04-26,"Seattle, WA",Washington,41,Good,PM2.5
2023-04-27,"Seattle, WA",Washington,42,Good,PM2.5
2023-04-28,"Seattle, WA",Washington,55,Moderate,PM2.5
2023-04-29,"Seattle, WA",Washington,57,Moderate,PM2.5
2023-04-30,"Seattle, WA",Washington,35,Good,Ozone
2023-05-01,"Seattle, WA",Washington,43,Good,PM2.5
2023-05-02,"Seattle, WA",Washington,47,Good,PM2.5
2023-05-03,"Seattle, WA",Washington,53,Moderate,PM2.5
2023-05-04,"Seattle, WA",Washington,28,Good,PM2.5
2023-05-05,"Seattle, WA",Washington,30,Good,PM2.5
2023-05-06,"Seattle, WA",Washington,42,Good,PM2.5
2023-05-07,"Seattle, WA",Washington,35,Good,Ozone
2023-05-08,"Seattle, WA",Washington,37,Good,Ozone
2023-05-09,"Seattle, WA",Washington,37,Good,Ozone
2023-05-10,"Seattle, WA",Washington,39,Good,Ozone
2023-05-11,"Seattle, WA",Washington,44,Good,PM2.5
2023-05-12,"Seattle, WA",Washington,49,Good,PM2.5
2023-05-13,"Seattle, WA",Washington,61,Moderate,Ozone
2023-05-14,"Seattle, WA",Washington,52,Moderate,PM2.5
2023-05-15,"Seattle, WA",Washington,56,Moderate,PM2.5
2023-05-16,"Seattle, WA",Washington,52,Moderate,PM2.5
2023-05-17,"Seattle, WA",Washington,55,Moderate,PM2.5
2023-05-18,"Seattle, WA",Washington,55,Moderate,PM2.5
2023-05-19,"Seattle, WA",Washington,47,Good,PM2.5
2023-05-20,"Seattle, WA",Washington,43,Good,Ozone
2023-05-21,"Seattle, WA",Washington,35,Good,Ozone
2023-05-22,"Seattle, WA",Washington,49,Good,PM2.5
2023-05-23,"Seattle, WA",Washington,47,Good,PM2.5
2023-05-24,"Seattle, WA",Washington,54,Moderate,PM2.5
2023-05-25,"Seattle, WA",Washington,56,Moderate,PM2.5
2023-05-26,"Seattle, WA",Washington,56,Moderate,PM2.5
2023-05-27,"Seattle, WA",Washington,51,Moderate,PM2.5
2023-05-28,"Seattle, WA",Washington,55,Moderate,PM2.5
2023-05-29,"Seattle, WA",Washington,57,Moderate,PM2.5
2023-05-30,"Seattle, WA",Washington,46,Good,PM2.5
2023-05-31,"Seattle, WA",Washington,40,Good,PM2.5
2023-06-01,"Seattle, WA",Washington,41,Good,Ozone
2023-06-02,"Seattle, WA",Washington,45,Good,Ozone
2023-06-03,"Seattle, WA",Washington,48,Good,Ozone
2023-06-04,"Seattle, WA",Washington,39,Good,Ozone
2023-06-05,"Seattle, WA",Washington,43,Good,Ozone
2023-06-06,"Seattle, WA",Washington,64,Moderate,Ozone
2023-06-07,"Seattle, WA",Washington,112,Unhealthy for Sensitive Groups,Ozone
2023-06-08,"Seattle, WA",Washington,55,Moderate,PM2.5
2023-06-09,"Seattle, WA",Washington,41,Good,PM2.5
2023-06-10,"Seattle, WA",Washington,42,Good,PM2.5
2023-06-11,"Seattle, WA",Washington,51,Moderate,PM2.5
2023-06-12,"Seattle, WA",Washington,55,Moderate,PM2.5
2023-06-13,"Seattle, WA",Washington,52,Moderate,PM2.5
2023-06-14,"Seattle, WA",Washington,51,Moderate,PM2.5
2023-06-15,"Seattle, WA",Washington,53,Moderate,PM2.5
2023-06-16,"Seattle, WA",Washington,52,Moderate,PM2.5
2023-06-17,"Seattle, WA",Washington,31,Good,PM2.5
2023-06-18,"Seattle, WA",Washington,29,Good,PM2.5
2023-06-19,"Seattle, WA",Washington,37,Good,PM2.5
2023-06-20,"Seattle, WA",Washington,33,Good,PM2.5
2023-06-21,"Seattle, WA",Washington,40,Good,PM2.5
2023-06-22,"Seattle, WA",Washington,47,Good,PM2.5
2023-06-23,"Seattle, WA",Washington,47,Good,PM2.5
2023-06-24,"Seattle, WA",Washington,34,Good,Ozone
2023-06-25,"Seattle, WA",Washington,43,Good,PM2.5
2023-06-26,"Seattle, WA",Washington,36,Good,Ozone
2023-06-27,"Seattle, WA",Washington,36,Good,PM2.5
2023-06-28,"Seattle, WA",Washington,39,Good,Ozone
2023-06-29,"Seattle, WA",Washington,43,Good,Ozone
2023-06-30,"Seattle, WA",Washington,42,Good,Ozone
2023-07-01,"Seattle, WA",Washington,46,Good,Ozone
2023-07-02,"Seattle, WA",Washington,38,Good,Ozone
2023-07-03,"Seattle, WA",Washington,46,Good,Ozone
2023-07-04,"Seattle, WA",Washington,97,Moderate,PM2.5
2023-07-05,"Seattle, WA",Washington,123,Unhealthy for Sensitive Groups,PM2.5
2023-07-06,"Seattle, WA",Washington,87,Moderate,Ozone
2023-07-07,"Seattle, WA",Washington,42,Good,PM2.5
2023-07-08,"Seattle, WA",Washington,34,Good,Ozone
2023-07-09,"Seattle, WA",Washington,44,Good,Ozone
2023-07-10,"Seattle, WA",Washington,23,Good,Ozone
2023-07-11,"Seattle, WA",Washington,37,Good,Ozone
2023-07-12,"Seattle, WA",Washington,39,Good,PM2.5
2023-07-13,"Seattle, WA",Washington,44,Good,Ozone
2023-07-14,"Seattle, WA",Washington,54,Moderate,Ozone
2023-07-15,"Seattle, WA",Washington,71,Moderate,Ozone
2023-07-16,"Seattle, WA",Washington,44,Good,Ozone
2023-07-17,"Seattle, WA",Washington,26,Good,Ozone
2023-07-18,"Seattle, WA",Washington,41,Good,Ozone
2023-07-19,"Seattle, WA",Washington,84,Moderate,Ozone
2023-07-20,"Seattle, WA",Washington,51,Moderate,Ozone
2023-07-21,"Seattle, WA",Washington,40,Good,PM2.5
2023-07-22,"Seattle, WA",Washington,32,Good,Ozone
2023-07-23,"Seattle, WA",Washington,42,Good,Ozone
2023-07-24,"Seattle, WA",Washington,35,Good,PM2.5
2023-07-25,"Seattle, WA",Washington,53,Moderate,PM2.5
2023-07-26,"Seattle, WA",Washington,36,Good,Ozone
2023-07-27,"Seattle, WA",Washington,38,Good,Ozone
2023-07-28,"Seattle, WA",Washington,50,Good,PM2.5
2023-07-29,"Seattle, WA",Washington,41,Good,PM2.5
2023-07-30,"Seattle, WA",Washington,38,Good,PM2.5
2023-07-31,"Seattle, WA",Washington,42,Good,Ozone
2023-08-01,"Seattle, WA",Washington,43,Good,Ozone
2023-08-02,"Seattle, WA",Washington,50,Good,Ozone
2023-08-03,"Seattle, WA",Washington,48,Good,Ozone
2023-08-04,"Seattle, WA",Washington,47,Good,Ozone
2023-08-05,"Seattle, WA",Washington,52,Moderate,PM2.5
2023-08-06,"Seattle, WA",Washington,43,Good,PM2.5
2023-08-07,"Seattle, WA",Washington,48,Good,PM2.5
2023-08-08,"Seattle, WA",Washington,39,Good,Ozone
2023-08-09,"Seattle, WA",Washington,40,Good,PM2.5
2023-08-10,"Seattle, WA",Washington,33,Good,PM2.5
2023-08-11,"Seattle, WA",Washington,43,Good,Ozone
2023-08-12,"Seattle, WA",Washington,37,Good,Ozone
2023-08-13,"Seattle, WA",Washington,58,Moderate,Ozone
2023-08-14,"Seattle, WA",Washington,84,Moderate,Ozone
2023-08-15,"Seattle, WA",Washington,90,Moderate,Ozone
2023-08-16,"Seattle, WA",Washington,93,Moderate,Ozone
2023-08-17,"Seattle, WA",Washington,90,Moderate,Ozone
2023-08-18,"Seattle, WA",Washington,53,Moderate,PM2.5
2023-08-19,"Seattle, WA",Washington,59,Moderate,PM2.5
2023-08-20,"Seattle, WA",Washington,165,Unhealthy,PM2.5
2023-08-21,"Seattle, WA",Washington,137,Unhealthy for Sensitive Groups,PM2.5
2023-08-22,"Seattle, WA",Washington,31,Good,Ozone
2023-08-23,"Seattle, WA",Washington,34,Good,PM2.5
2023-08-24,"Seattle, WA",Washington,55,Moderate,PM2.5
2023-08-25,"Seattle, WA",Washington,74,Moderate,PM2.5
2023-08-26,"Seattle, WA",Washington,112,Unhealthy for Sensitive Groups,Ozone
2023-08-27,"Seattle, WA",Washington,115,Unhealthy for Sensitive Groups,Ozone
2023-08-28,"Seattle, WA",Washington,67,Moderate,PM2.5
2023-08-29,"Seattle, WA",Washington,51,Moderate,PM2.5
2023-08-30,"Seattle, WA",Washington,34,Good,PM2.5
2023-08-31,"Seattle, WA",Washington,52,Moderate,PM2.5
2023-09-01,"Seattle, WA",Washington,51,Moderate,PM2.5
2023-09-02,"Seattle, WA",Washington,63,Moderate,PM2.5
2023-09-03,"Seattle, WA",Washington,51,Moderate,PM2.5
2023-09-04,"Seattle, WA",Washington,37,Good,PM2.5
2023-09-05,"Seattle, WA",Washington,52,Moderate,PM2.5
2023-09-06,"Seattle, WA",Washington,38,Good,PM2.5
2023-09-07,"Seattle, WA",Washington,41,Good,PM2.5
2023-09-08,"Seattle, WA",Washington,48,Good,PM2.5
2023-09-09,"Seattle, WA",Washington,55,Moderate,PM2.5
2023-09-10,"Seattle, WA",Washington,50,Good,PM2.5
2023-09-11,"Seattle, WA",Washington,32,Good,PM2.5
2023-09-12,"Seattle, WA",Washington,36,Good,PM2.5
2023-09-13,"Seattle, WA",Washington,42,Good,PM2.5
2023-09-14,"Seattle, WA",Washington,46,Good,PM2.5
2023-09-15,"Seattle, WA",Washington,56,Moderate,PM2.5
2023-09-16,"Seattle, WA",Washington,71,Moderate,Ozone
2023-09-17,"Seattle, WA",Washington,36,Good,PM2.5
2023-09-18,"Seattle, WA",Washington,37,Good,PM2.5
2023-09-19,"Seattle, WA",Washington,35,Good,PM2.5
2023-09-20,"Seattle, WA",Washington,33,Good,PM2.5
2023-09-21,"Seattle, WA",Washington,54,Moderate,PM2.5
2023-09-22,"Seattle, WA",Washington,58,Moderate,PM2.5
2023-09-23,"Seattle, WA",Washington,44,Good,PM2.5
2023-09-24,"Seattle, WA",Washington,52,Moderate,PM2.5
2023-09-25,"Seattle, WA",Washington,58,Moderate,PM2.5
2023-09-26,"Seattle, WA",Washington,32,Good,PM2.5
2023-09-27,"Seattle, WA",Washington,29,Good,Ozone
2023-09-28,"Seattle, WA",Washington,37,Good,PM2.5
2023-09-29,"Seattle, WA",Washington,49,Good,PM2.5
2023-09-30,"Seattle, WA",Washington,53,Moderate,PM2.5
2023-10-01,"Seattle, WA",Washington,57,Moderate,PM2.5
2023-10-02,"Seattle, WA",Washington,43,Good,PM2.5
2023-10-03,"Seattle, WA",Washington,39,Good,PM2.5
2023-10-04,"Seattle, WA",Washington,46,Good,PM2.5
2023-10-05,"Seattle, WA",Washington,52,Moderate,PM2.5
2023-10-06,"Seattle, WA",Washington,51,Moderate,PM2.5
2023-10-07,"Seattle, WA",Washington,60,Moderate,PM2.5
2023-10-08,"Seattle, WA",Washington,58,Moderate,PM2.5
2023-10-09,"Seattle, WA",Washington,53,Moderate,PM2.5
2023-10-10,"Seattle, WA",Washington,36,Good,PM2.5
2023-10-11,"Seattle, WA",Washington,30,Good,PM2.5
2023-10-12,"Seattle, WA",Washington,53,Moderate,PM2.5
2023-10-13,"Seattle, WA",Washington,51,Moderate,PM2.5
2023-10-14,"Seattle, WA",Washington,45,Good,PM2.5
2023-10-15,"Seattle, WA",Washington,43,Good,PM2.5
2023-10-16,"Seattle, WA",Washington,52,Moderate,PM2.5
2023-10-17,"Seattle, WA",Washington,49,Good,PM2.5
2023-10-18,"Seattle, WA",Washington,44,Good,PM2.5
2023-10-19,"Seattle, WA",Washington,44,Good,PM2.5
2023-10-20,"Seattle, WA",Washington,42,Good,PM2.5
2023-10-21,"Seattle, WA",Washington,52,Moderate,PM2.5
2023-10-22,"Seattle, WA",Washington,54,Moderate,PM2.5
2023-10-23,"Seattle, WA",Washington,53,Moderate,PM2.5
2023-10-24,"Seattle, WA",Washington,36,Good,PM2.5
2023-10-25,"Seattle, WA",Washington,32,Good,PM2.5
2023-10-26,"Seattle, WA",Washington,55,Moderate,PM2.5
2023-10-27,"Seattle, WA",Washington,53,Moderate,PM2.5
2023-10-28,"Seattle, WA",Washington,58,Moderate,PM2.5
2023-10-29,"Seattle, WA",Washington,60,Moderate,PM2.5
2023-10-30,"Seattle, WA",Washington,60,Moderate,PM2.5
2023-10-31,"Seattle, WA",Washington,79,Moderate,PM2.5
2023-11-01,"Seattle, WA",Washington,83,Moderate,PM2.5
2023-11-02,"Seattle, WA",Washington,44,Good,PM2.5
2023-11-03,"Seattle, WA",Washington,51,Moderate,PM2.5
2023-11-04,"Seattle, WA",Washington,34,Good,PM2.5
2023-11-05,"Seattle, WA",Washington,38,Good,PM2.5
2023-11-06,"Seattle, WA",Washington,43,Good,PM2.5
2023-11-07,"Seattle, WA",Washington,32,Good,PM2.5
2023-11-08,"Seattle, WA",Washington,52,Moderate,PM2.5
2023-11-09,"Seattle, WA",Washington,59,Moderate,PM2.5
2023-11-10,"Seattle, WA",Washington,51,Moderate,PM2.5
2023-11-11,"Seattle, WA",Washington,35,Good,Ozone
2023-11-12,"Seattle, WA",Washington,35,Good,PM2.5
2023-11-13,"Seattle, WA",Washington,34,Good,PM2.5
2023-11-14,"Seattle, WA",Washington,44,Good,PM2.5
2023-11-15,"Seattle, WA",Washington,58,Moderate,PM2.5
2023-11-16,"Seattle, WA",Washington,54,Moderate,PM2.5
2023-11-17,"Seattle, WA",Washington,60,Moderate,PM2.5
2023-11-18,"Seattle, WA",Washington,72,Moderate,PM2.5
2023-11-19,"Seattle, WA",Washington,30,Good,Ozone
2023-11-20,"Seattle, WA",Washington,50,Good,PM2.5
2023-11-21,"Seattle, WA",Washington,63,Moderate,PM2.5
2023-11-22,"Seattle, WA",Washington,45,Good,PM2.5
2023-11-23,"Seattle, WA",Washington,55,Moderate,PM2.5
2023-11-24,"Seattle, WA",Washington,60,Moderate,PM2.5
2023-11-25,"Seattle, WA",Washington,64,Moderate,PM2.5
2023-11-26,"Seattle, WA",Washington,68,Moderate,PM2.5
2023-11-27,"Seattle, WA",Washington,75,Moderate,PM2.5
2023-11-28,"Seattle, WA",Washington,86,Moderate,PM2.5
2023-11-29,"Seattle, WA",Washington,81,Moderate,PM2.5
2023-11-30,"Seattle, WA",Washington,71,Moderate,PM2.5
2023-12-01,"Seattle, WA",Washington,36,Good,PM2.5
2023-12-02,"Seattle, WA",Washington,34,Good,PM2.5
2023-12-03,"Seattle, WA",Washington,48,Good,PM2.5
2023-12-04,"Seattle, WA",Washington,54,Moderate,PM2.5
2023-12-05,"Seattle, WA",Washington,36,Good,NO2
2023-12-06,"Seattle, WA",Washington,51,Moderate,PM2.5
2023-12-07,"Seattle, WA",Washington,35,Good,PM2.5
2023-12-08,"Seattle, WA",Washington,48,Good,PM2.5
2023-12-09,"Seattle, WA",Washington,52,Moderate,PM2.5
2023-12-10,"Seattle, WA",Washington,33,Good,PM2.5
2023-12-11,"Seattle, WA",Washington,41,Good,PM2.5
2023-12-12,"Seattle, WA",Washington,55,Moderate,PM2.5
2023-12-13,"Seattle, WA",Washington,54,Moderate,PM2.5
2023-12-14,"Seattle, WA",Washington,51,Moderate,PM2.5
2023-12-15,"Seattle, WA",Washington,61,Moderate,PM2.5
2023-12-16,"Seattle, WA",Washington,67,Moderate,PM2.5
2023-12-17,"Seattle, WA",Washington,65,Moderate,PM2.5
2023-12-18,"Seattle, WA",Washington,66,Moderate,PM2.5
2023-12-19,"Seattle, WA",Washington,49,Good,PM2.5
2023-12-20,"Seattle, WA",Washington,54,Moderate,PM2.5
2023-12-21,"Seattle, WA",Washington,63,Moderate,PM2.5
2023-12-22,"Seattle, WA",Washington,39,Good,PM2.5
2023-12-23,"Seattle, WA",Washington,56,Moderate,PM2.5
2023-12-24,"Seattle, WA",Washington,53,Moderate,PM2.5
2023-12-25,"Seattle, WA",Washington,32,Good,PM2.5
2023-12-26,"Seattle, WA",Washington,35,Good,PM2.5
2023-12-27,"Seattle, WA",Washington,32,Good,PM2.5
2023-12-28,"Seattle, WA",Washington,36,Good,PM2.5
2023-12-29,"Seattle, WA",Washington,50,Good,PM2.5
2023-12-30,"Seattle, WA",Washington,41,Good,PM2.5
2023-12-31,"Seattle, WA",Washington,52,Moderate,PM2.5
2024-01-01,"Seattle, WA",Washington,71,Moderate,PM2.5
2024-01-02,"Seattle, WA",Washington,65,Moderate,PM2.5
2024-01-03,"Seattle, WA",Washington,51,Moderate,PM2.5
2024-01-04,"Seattle, WA",Washington,36,Good,PM2.5
2024-01-05,"Seattle, WA",Washington,53,Moderate,PM2.5
2024-01-06,"Seattle, WA",Washington,32,Good,PM2.5
2024-01-07,"Seattle, WA",Washington,55,Moderate,PM2.5
2024-01-08,"Seattle, WA",Washington,36,Good,Ozone
2024-01-09,"Seattle, WA",Washington,37,Good,Ozone
2024-01-10,"Seattle, WA",Washington,33,Good,PM2.5
2024-01-11,"Seattle, WA",Washington,32,Good,Ozone
2024-01-12,"Seattle, WA",Washington,33,Good,Ozone
2024-01-13,"Seattle, WA",Washington,52,Moderate,PM2.5
2024-01-14,"Seattle, WA",Washington,60,Moderate,PM2.5
2024-01-15,"Seattle, WA",Washington,58,Moderate,PM2.5
2024-01-16,"Seattle, WA",Washington,61,Moderate,PM2.5
2024-01-17,"Seattle, WA",Washington,53,Moderate,PM2.5
2024-01-18,"Seattle, WA",Washington,47,Good,PM2.5
2024-01-19,"Seattle, WA",Washington,51,Moderate,PM2.5
2024-01-20,"Seattle, WA",Washington,61,Moderate,PM2.5
2024-01-21,"Seattle, WA",Washington,31,Good,PM2.5
2024-01-22,"Seattle, WA",Washington,36,Good,PM2.5
2024-01-23,"Seattle, WA",Washington,42,Good,PM2.5
2024-01-24,"Seattle, WA",Washington,46,Good,PM2.5
2024-01-25,"Seattle, WA",Washington,33,Good,PM2.5
2024-01-26,"Seattle, WA",Washington,35,Good,PM2.5
2024-01-27,"Seattle, WA",Washington,32,Good,PM2.5
2024-01-28,"Seattle, WA",Washington,29,Good,PM2.5
2024-01-29,"Seattle, WA",Washington,58,Moderate,PM2.5
2024-01-30,"Seattle, WA",Washington,53,Moderate,PM2.5
2024-01-31,"Seattle, WA",Washington,54,Moderate,PM2.5
2024-02-01,"Seattle, WA",Washington,42,Good,PM2.5
2024-02-02,"Seattle, WA",Washington,43,Good,PM2.5
2024-02-03,"Seattle, WA",Washington,56,Moderate,PM2.5
2024-02-04,"Seattle, WA",Washington,46,Good,PM2.5
2024-02-05,"Seattle, WA",Washington,32,Good,PM2.5
2024-02-06,"Seattle, WA",Washington,48,Good,PM2.5
2024-02-07,"Seattle, WA",Washington,47,Good,PM2.5
2024-02-08,"Seattle, WA",Washington,49,Good,PM2.5
2024-02-09,"Seattle, WA",Washington,47,Good,PM2.5
2024-02-10,"Seattle, WA",Washington,52,Moderate,PM2.5
2024-02-11,"Seattle, WA",Washington,46,Good,PM2.5
2024-02-12,"Seattle, WA",Washington,27,Good,PM2.5
2024-02-13,"Seattle, WA",Washington,46,Good,PM2.5
2024-02-14,"Seattle, WA",Washington,34,Good,Ozone
2024-02-15,"Seattle, WA",Washington,35,Good,PM2.5
2024-02-16,"Seattle, WA",Washington,43,Good,PM2.5
2024-02-17,"Seattle, WA",Washington,37,Good,Ozone
2024-02-18,"Seattle, WA",Washington,38,Good,PM2.5
2024-02-19,"Seattle, WA",Washington,52,Moderate,PM2.5
2024-02-20,"Seattle, WA",Washington,49,Good,PM2.5
2024-02-21,"Seattle, WA",Washington,34,Good,PM2.5
2024-02-22,"Seattle, WA",Washington,38,Good,NO2
2024-02-23,"Seattle, WA",Washington,55,Moderate,PM2.5
2024-02-24,"Seattle, WA",Washington,40,Good,PM2.5
2024-02-25,"Seattle, WA",Washington,38,Good,Ozone
2024-02-26,"Seattle, WA",Washington,31,Good,Ozone
2024-02-27,"Seattle, WA",Washington,52,Moderate,PM2.5
2024-02-28,"Seattle, WA",Washington,36,Good,PM2.5
2024-02-29,"Seattle, WA",Washington,34,Good,Ozone
2024-03-01,"Seattle, WA",Washington,30,Good,Ozone
2024-03-02,"Seattle, WA",Washington,34,Good,Ozone
2024-03-03,"Seattle, WA",Washington,33,Good,Ozone
2024-03-04,"Seattle, WA",Washington,30,Good,Ozone
2024-03-05,"Seattle, WA",Washington,43,Good,PM2.5
2024-03-06,"Seattle, WA",Washington,53,Moderate,PM2.5
2024-03-07,"Seattle, WA",Washington,55,Moderate,PM2.5
2024-03-08,"Seattle, WA",Washington,52,Moderate,PM2.5
2024-03-09,"Seattle, WA",Washington,51,Moderate,PM2.5
2024-03-10,"Seattle, WA",Washington,37,Good,Ozone
2024-03-11,"Seattle, WA",Washington,33,Good,PM2.5
2024-03-12,"Seattle, WA",Washington,38,Good,PM2.5
2024-03-13,"Seattle, WA",Washington,58,Moderate,PM2.5
2024-03-14,"Seattle, WA",Washington,48,Good,PM2.5
2024-03-15,"Seattle, WA",Washington,47,Good,PM2.5
2024-03-16,"Seattle, WA",Washington,53,Moderate,PM2.5
2024-03-17,"Seattle, WA",Washington,56,Moderate,PM2.5
2024-03-18,"Seattle, WA",Washington,56,Moderate,PM2.5
2024-03-19,"Seattle, WA",Washington,58,Moderate,PM2.5
2024-03-20,"Seattle, WA",Washington,38,Good,PM2.5
2024-03-21,"Seattle, WA",Washington,42,Good,PM2.5
2024-03-22,"Seattle, WA",Washington,44,Good,PM2.5
2024-03-23,"Seattle, WA",Washington,46,Good,PM2.5
2024-03-24,"Seattle, WA",Washington,34,Good,Ozone
2024-03-25,"Seattle, WA",Washington,41,Good,PM2.5
2024-03-26,"Seattle, WA",Washington,40,Good,Ozone
2024-03-27,"Seattle, WA",Washington,32,Good,Ozone
2024-03-28,"Seattle, WA",Washington,36,Good,Ozone
2024-03-29,"Seattle, WA",Washington,40,Good,Ozone
2024-03-30,"Seattle, WA",Washington,41,Good,PM2.5
2024-03-31,"Seattle, WA",Washington,51,Moderate,PM2.5
2024-04-01,"Seattle, WA",Washington,52,Moderate,PM2.5
2024-04-02,"Seattle, WA",Washington,41,Good,Ozone
2024-04-03,"Seattle, WA",Washington,41,Good,Ozone
2024-04-04,"Seattle, WA",Washington,34,Good,Ozone
2024-04-05,"Seattle, WA",Washington,44,Good,PM2.5
2024-04-06,"Seattle, WA",Washington,36,Good,Ozone
2024-04-07,"Seattle, WA",Washington,42,Good,Ozone
2024-04-08,"Seattle, WA",Washington,53,Moderate,PM2.5
2024-04-09,"Seattle, WA",Washington,43,Good,Ozone
2024-04-10,"Seattle, WA",Washington,40,Good,PM2.5
2024-04-11,"Seattle, WA",Washington,47,Good,PM2.5
2024-04-12,"Seattle, WA",Washington,36,Good,Ozone
2024-04-13,"Seattle, WA",Washington,41,Good,PM2.5
2024-04-14,"Seattle, WA",Washington,52,Moderate,PM2.5
2024-04-15,"Seattle, WA",Washington,41,Good,Ozone
2024-04-16,"Seattle, WA",Washington,40,Good,Ozone
2024-04-17,"Seattle, WA",Washington,37,Good,PM2.5
2024-04-18,"Seattle, WA",Washington,42,Good,PM2.5
2024-04-19,"Seattle, WA",Washington,44,Good,Ozone
2024-04-20,"Seattle, WA",Washington,45,Good,Ozone
2024-04-21,"Seattle, WA",Washington,38,Good,Ozone
2024-04-22,"Seattle, WA",Washington,36,Good,Ozone
2024-04-23,"Seattle, WA",Washington,41,Good,Ozone
2024-04-24,"Seattle, WA",Washington,39,Good,Ozone
2024-04-25,"Seattle, WA",Washington,30,Good,Ozone
2024-04-26,"Seattle, WA",Washington,33,Good,Ozone
2024-04-27,"Seattle, WA",Washington,37,Good,Ozone
2024-04-28,"Seattle, WA",Washington,41,Good,Ozone
2024-04-29,"Seattle, WA",Washington,36,Good,Ozone
2024-04-30,"Seattle, WA",Washington,38,Good,Ozone
2024-05-01,"Seattle, WA",Washington,40,Good,Ozone
2024-05-02,"Seattle, WA",Washington,36,Good,NO2
2024-05-03,"Seattle, WA",Washington,43,Good,Ozone
2024-05-04,"Seattle, WA",Washington,37,Good,PM2.5
2024-05-05,"Seattle, WA",Washington,36,Good,Ozone
2024-05-06,"Seattle, WA",Washington,38,Good,Ozone
2024-05-07,"Seattle, WA",Washington,34,Good,Ozone
2024-05-08,"Seattle, WA",Washington,36,Good,Ozone
2024-05-09,"Seattle, WA",Washington,39,Good,Ozone
2024-05-10,"Seattle, WA",Washington,53,Moderate,PM2.5
2024-05-11,"Seattle, WA",Washington,67,Moderate,Ozone
2024-05-12,"Seattle, WA",Washington,48,Good,Ozone
2024-05-13,"Seattle, WA",Washington,37,Good,Ozone
2024-05-14,"Seattle, WA",Washington,44,Good,Ozone
2024-05-15,"Seattle, WA",Washington,44,Good,Ozone
2024-05-16,"Seattle, WA",Washington,36,Good,Ozone
2024-05-17,"Seattle, WA",Washington,35,Good,Ozone
2024-05-18,"Seattle, WA",Washington,36,Good,PM2.5
2024-05-19,"Seattle, WA",Washington,38,Good,Ozone
2024-05-20,"Seattle, WA",Washington,44,Good,PM2.5
2024-05-21,"Seattle, WA",Washington,36,Good,Ozone
2024-05-22,"Seattle, WA",Washington,39,Good,PM2.5
2024-05-23,"Seattle, WA",Washington,43,Good,PM2.5
2024-05-24,"Seattle, WA",Washington,31,Good,PM2.5
2024-05-25,"Seattle, WA",Washington,34,Good,Ozone
2024-05-26,"Seattle, WA",Washington,30,Good,Ozone
2024-05-27,"Seattle, WA",Washington,33,Good,Ozone
2024-05-28,"Seattle, WA",Washington,34,Good,Ozone
2024-05-29,"Seattle, WA",Washington,31,Good,Ozone
2024-05-30,"Seattle, WA",Washington,33,Good,Ozone
2024-05-31,"Seattle, WA",Washington,41,Good,Ozone
2024-06-01,"Seattle, WA",Washington,31,Good,Ozone
2024-06-02,"Seattle, WA",Washington,31,Good,Ozone
2024-06-03,"Seattle, WA",Washington,33,Good,Ozone
2024-06-04,"Seattle, WA",Washington,37,Good,PM2.5
2024-06-05,"Seattle, WA",Washington,48,Good,PM2.5
2024-06-06,"Seattle, WA",Washington,38,Good,Ozone
2024-06-07,"Seattle, WA",Washington,44,Good,Ozone
2024-06-08,"Seattle, WA",Washington,58,Moderate,Ozone
2024-06-09,"Seattle, WA",Washington,38,Good,Ozone
2024-06-10,"Seattle, WA",Washington,42,Good,NO2
2024-06-11,"Seattle, WA",Washington,39,Good,PM2.5
2024-06-12,"Seattle, WA",Washington,41,Good,Ozone
2024-06-13,"Seattle, WA",Washington,39,Good,Ozone
2024-06-14,"Seattle, WA",Washington,33,Good,Ozone
2024-06-15,"Seattle, WA",Washington,29,Good,Ozone
2024-06-16,"Seattle, WA",Washington,31,Good,Ozone
2024-06-17,"Seattle, WA",Washington,28,Good,PM2.5
2024-06-18,"Seattle, WA",Washington,31,Good,Ozone
2024-06-19,"Seattle, WA",Washington,40,Good,Ozone
2024-06-20,"Seattle, WA",Washington,61,Moderate,Ozone
2024-06-21,"Seattle, WA",Washington,77,Moderate,Ozone
2024-06-22,"Seattle, WA",Washington,39,Good,Ozone
2024-06-23,"Seattle, WA",Washington,27,Good,Ozone
2024-06-24,"Seattle, WA",Washington,31,Good,Ozone
2024-06-25,"Seattle, WA",Washington,49,Good,Ozone
2024-06-26,"Seattle, WA",Washington,30,Good,Ozone
2024-06-27,"Seattle, WA",Washington,23,Good,Ozone
2024-06-28,"Seattle, WA",Washington,34,Good,Ozone
2024-06-29,"Seattle, WA",Washington,40,Good,Ozone
2024-06-30,"Seattle, WA",Washington,24,Good,Ozone
2024-07-01,"Seattle, WA",Washington,32,Good,PM2.5
2024-07-02,"Seattle, WA",Washington,36,Good,Ozone
2024-07-03,"Seattle, WA",Washington,52,Moderate,PM2.5
2024-07-04,"Seattle, WA",Washington,73,Moderate,PM2.5
2024-07-05,"Seattle, WA",Washington,89,Moderate,PM2.5
2024-07-06,"Seattle, WA",Washington,51,Moderate,PM2.5
2024-07-07,"Seattle, WA",Washington,100,Moderate,Ozone
2024-07-08,"Seattle, WA",Washington,112,Unhealthy for Sensitive Groups,Ozone
2024-07-09,"Seattle, WA",Washington,119,Unhealthy for Sensitive Groups,Ozone
2024-07-10,"Seattle, WA",Washington,101,Unhealthy for Sensitive Groups,Ozone
2024-07-11,"Seattle, WA",Washington,44,Good,Ozone
2024-07-12,"Seattle, WA",Washington,52,Moderate,PM2.5
2024-07-13,"Seattle, WA",Washington,52,Moderate,PM2.5
2024-07-14,"Seattle, WA",Washington,52,Moderate,PM2.5
2024-07-15,"Seattle, WA",Washington,43,Good,PM2.5
2024-07-16,"Seattle, WA",Washington,71,Moderate,Ozone
2024-07-17,"Seattle, WA",Washington,84,Moderate,Ozone
2024-07-18,"Seattle, WA",Washington,51,Moderate,Ozone
2024-07-19,"Seattle, WA",Washington,45,Good,Ozone
2024-07-20,"Seattle, WA",Washington,61,Moderate,Ozone
2024-07-21,"Seattle, WA",Washington,34,Good,PM2.5
2024-07-22,"Seattle, WA",Washington,38,Good,PM2.5
2024-07-23,"Seattle, WA",Washington,39,Good,Ozone
2024-07-24,"Seattle, WA",Washington,33,Good,Ozone
2024-07-25,"Seattle, WA",Washington,32,Good,Ozone
2024-07-26,"Seattle, WA",Washington,38,Good,Ozone
2024-07-27,"Seattle, WA",Washington,44,Good,PM2.5
2024-07-28,"Seattle, WA",Washington,38,Good,PM2.5
2024-07-29,"Seattle, WA",Washington,31,Good,PM2.5
2024-07-30,"Seattle, WA",Washington,24,Good,PM2.5
2024-07-31,"Seattle, WA",Washington,37,Good,Ozone
2024-08-01,"Seattle, WA",Washington,50,Good,Ozone
2024-08-02,"Seattle, WA",Washington,64,Moderate,Ozone
2024-08-03,"Seattle, WA",Washington,57,Moderate,PM2.5
2024-08-04,"Seattle, WA",Washington,48,Good,Ozone
2024-08-05,"Seattle, WA",Washington,51,Moderate,PM2.5
2024-08-06,"Seattle, WA",Washington,41,Good,PM2.5
2024-08-07,"Seattle, WA",Washington,55,Moderate,PM2.5
2024-08-08,"Seattle, WA",Washington,90,Moderate,Ozone
2024-08-09,"Seattle, WA",Washington,80,Moderate,Ozone
2024-08-10,"Seattle, WA",Washington,57,Moderate,PM2.5
2024-08-11,"Seattle, WA",Washington,31,Good,PM2.5
2024-08-12,"Seattle, WA",Washington,36,Good,PM2.5
2024-08-13,"Seattle, WA",Washington,33,Good,PM2.5
2024-08-14,"Seattle, WA",Washington,52,Moderate,PM2.5
2024-08-15,"Seattle, WA",Washington,34,Good,PM2.5
2024-08-16,"Seattle, WA",Washington,42,Good,PM2.5
2024-08-17,"Seattle, WA",Washington,53,Moderate,PM2.5
2024-08-18,"Seattle, WA",Washington,43,Good,PM2.5
2024-08-19,"Seattle, WA",Washington,44,Good,PM2.5
2024-08-20,"Seattle, WA",Washington,42,Good,PM2.5
2024-08-21,"Seattle, WA",Washington,36,Good,PM2.5
2024-08-22,"Seattle, WA",Washington,46,Good,PM2.5
2024-08-23,"Seattle, WA",Washington,48,Good,PM2.5
2024-08-24,"Seattle, WA",Washington,34,Good,PM2.5
2024-08-25,"Seattle, WA",Washington,40,Good,PM2.5
2024-08-26,"Seattle, WA",Washington,52,Moderate,PM2.5
2024-08-27,"Seattle, WA",Washington,35,Good,PM2.5
2024-08-28,"Seattle, WA",Washington,40,Good,PM2.5
2024-08-29,"Seattle, WA",Washington,51,Moderate,PM2.5
2024-08-30,"Seattle, WA",Washington,54,Moderate,PM2.5
2024-08-31,"Seattle, WA",Washington,53,Moderate,PM2.5
2024-09-01,"Seattle, WA",Washington,60,Moderate,PM2.5
2024-09-02,"Seattle, WA",Washington,32,Good,PM2.5
2024-09-03,"Seattle, WA",Washington,39,Good,PM2.5
2024-09-04,"Seattle, WA",Washington,55,Moderate,PM2.5
2024-09-05,"Seattle, WA",Washington,59,Moderate,PM2.5
2024-09-06,"Seattle, WA",Washington,70,Moderate,PM2.5
2024-09-07,"Seattle, WA",Washington,71,Moderate,PM2.5
2024-09-08,"Seattle, WA",Washington,63,Moderate,PM2.5
2024-09-09,"Seattle, WA",Washington,44,Good,PM2.5
2024-09-10,"Seattle, WA",Washington,39,Good,PM2.5
2024-09-11,"Seattle, WA",Washington,37,Good,PM2.5
2024-09-12,"Seattle, WA",Washington,44,Good,PM2.5
2024-09-13,"Seattle, WA",Washington,52,Moderate,PM2.5
2024-09-14,"Seattle, WA",Washington,37,Good,PM2.5
2024-09-15,"Seattle, WA",Washington,36,Good,PM2.5
2024-09-16,"Seattle, WA",Washington,46,Good,PM2.5
2024-09-17,"Seattle, WA",Washington,33,Good,PM2.5
2024-09-18,"Seattle, WA",Washington,41,Good,PM2.5
2024-09-19,"Seattle, WA",Washington,53,Moderate,PM2.5
2024-09-20,"Seattle, WA",Washington,45,Good,PM2.5
2024-09-21,"Seattle, WA",Washington,55,Moderate,PM2.5
2024-09-22,"Seattle, WA",Washington,55,Moderate,PM2.5
2024-09-23,"Seattle, WA",Washington,36,Good,PM2.5
2024-09-24,"Seattle, WA",Washington,50,Good,PM2.5
2024-09-25,"Seattle, WA",Washington,35,Good,Ozone
2024-09-26,"Seattle, WA",Washington,36,Good,PM2.5
2024-09-27,"Seattle, WA",Washington,36,Good,Ozone
2024-09-28,"Seattle, WA",Washington,52,Moderate,PM2.5
2024-09-29,"Seattle, WA",Washington,34,Good,PM2.5
2024-09-30,"Seattle, WA",Washington,35,Good,PM2.5
2024-10-01,"Seattle, WA",Washington,46,Good,PM2.5
2024-10-02,"Seattle, WA",Washington,40,Good,PM2.5
2024-10-03,"Seattle, WA",Washington,51,Moderate,PM2.5
2024-10-04,"Seattle, WA",Washington,51,Moderate,PM2.5
2024-10-05,"Seattle, WA",Washington,41,Good,PM2.5
2024-10-06,"Seattle, WA",Washington,56,Moderate,PM2.5
2024-10-07,"Seattle, WA",Washington,57,Moderate,PM2.5
2024-10-08,"Seattle, WA",Washington,42,Good,PM2.5
2024-10-09,"Seattle, WA",Washington,33,Good,PM2.5
2024-10-10,"Seattle, WA",Washington,39,Good,PM2.5
2024-10-11,"Seattle, WA",Washington,54,Moderate,PM2.5
2024-10-12,"Seattle, WA",Washington,63,Moderate,PM2.5
2024-10-13,"Seattle, WA",Washington,61,Moderate,PM2.5
2024-10-14,"Seattle, WA",Washington,53,Moderate,PM2.5
2024-10-15,"Seattle, WA",Washington,35,Good,PM2.5
2024-10-16,"Seattle, WA",Washington,31,Good,Ozone
2024-10-17,"Seattle, WA",Washington,37,Good,PM2.5
2024-10-18,"Seattle, WA",Washington,31,Good,PM2.5
2024-10-19,"Seattle, WA",Washington,34,Good,Ozone
2024-10-20,"Seattle, WA",Washington,36,Good,Ozone
2024-10-21,"Seattle, WA",Washington,33,Good,Ozone
2024-10-22,"Seattle, WA",Washington,34,Good,PM2.5
2024-10-23,"Seattle, WA",Washington,53,Moderate,PM2.5
2024-10-24,"Seattle, WA",Washington,41,Good,PM2.5
2024-10-25,"Seattle, WA",Washington,52,Moderate,PM2.5
2024-10-26,"Seattle, WA",Washington,34,Good,PM2.5
2024-10-27,"Seattle, WA",Washington,34,Good,Ozone
2024-10-28,"Seattle, WA",Washington,37,Good,PM2.5
2024-10-29,"Seattle, WA",Washington,47,Good,PM2.5
2024-10-30,"Seattle, WA",Washington,37,Good,PM2.5
2024-10-31,"Seattle, WA",Washington,40,Good,PM2.5
2024-11-01,"Seattle, WA",Washington,31,Good,PM2.5
2024-11-02,"Seattle, WA",Washington,36,Good,PM2.5
2024-11-03,"Seattle, WA",Washington,42,Good,PM2.5
2024-11-04,"Seattle, WA",Washington,41,Good,PM2.5
2024-11-05,"Seattle, WA",Washington,48,Good,PM2.5
2024-11-06,"Seattle, WA",Washington,42,Good,PM2.5
2024-11-07,"Seattle, WA",Washington,66,Moderate,PM2.5
2024-11-08,"Seattle, WA",Washington,61,Moderate,PM2.5
2024-11-09,"Seattle, WA",Washington,71,Moderate,PM2.5
2024-11-10,"Seattle, WA",Washington,58,Moderate,PM2.5
2024-11-11,"Seattle, WA",Washington,31,Good,Ozone
2024-11-12,"Seattle, WA",Washington,32,Good,PM2.5
2024-11-13,"Seattle, WA",Washington,31,Good,Ozone
2024-11-14,"Seattle, WA",Washington,31,Good,Ozone
2024-11-15,"Seattle, WA",Washington,47,Good,PM2.5
2024-11-16,"Seattle, WA",Washington,38,Good,PM2.5
2024-11-17,"Seattle, WA",Washington,32,Good,Ozone
2024-11-18,"Seattle, WA",Washington,29,Good,Ozone
2024-11-19,"Seattle, WA",Washington,31,Good,Ozone
2024-11-20,"Seattle, WA",Washington,44,Good,PM2.5
2024-11-21,"Seattle, WA",Washington,60,Moderate,PM2.5
2024-11-22,"Seattle, WA",Washington,34,Good,PM2.5
2024-11-23,"Seattle, WA",Washington,44,Good,PM2.5
2024-11-24,"Seattle, WA",Washington,49,Good,PM2.5
2024-11-25,"Seattle, WA",Washington,37,Good,PM2.5
2024-11-26,"Seattle, WA",Washington,48,Good,PM2.5
2024-11-27,"Seattle, WA",Washington,54,Moderate,PM2.5
2024-11-28,"Seattle, WA",Washington,55,Moderate,PM2.5
2024-11-29,"Seattle, WA",Washington,60,Moderate,PM2.5
2024-11-30,"Seattle, WA",Washington,70,Moderate,PM2.5
2024-12-01,"Seattle, WA",Washington,75,Moderate,PM2.5
2024-12-02,"Seattle, WA",Washington,69,Moderate,PM2.5
2024-12-03,"Seattle, WA",Washington,61,Moderate,PM2.5
2024-12-04,"Seattle, WA",Washington,75,Moderate,PM2.5
2024-12-05,"Seattle, WA",Washington,66,Moderate,PM2.5
2024-12-06,"Seattle, WA",Washington,69,Moderate,PM2.5
2024-12-07,"Seattle, WA",Washington,42,Good,PM2.5
2024-12-08,"Seattle, WA",Washington,34,Good,Ozone
2024-12-09,"Seattle, WA",Washington,51,Moderate,PM2.5
2024-12-10,"Seattle, WA",Washington,42,Good,PM2.5
2024-12-11,"Seattle, WA",Washington,70,Moderate,PM2.5
2024-12-12,"Seattle, WA",Washington,62,Moderate,PM2.5
2024-12-13,"Seattle, WA",Washington,51,Moderate,PM2.5
2024-12-14,"Seattle, WA",Washington,34,Good,Ozone
2024-12-15,"Seattle, WA",Washington,43,Good,PM2.5
2024-12-16,"Seattle, WA",Washington,51,Moderate,PM2.5
2024-12-17,"Seattle, WA",Washington,31,Good,Ozone
2024-12-18,"Seattle, WA",Washington,38,Good,PM2.5
2024-12-19,"Seattle, WA",Washington,53,Moderate,PM2.5
2024-12-20,"Seattle, WA",Washington,63,Moderate,PM2.5
2024-12-21,"Seattle, WA",Washington,52,Moderate,PM2.5
2024-12-22,"Seattle, WA",Washington,32,Good,PM2.5
2024-12-23,"Seattle, WA",Washington,39,Good,PM2.5
2024-12-24,"Seattle, WA",Washington,52,Moderate,PM2.5
2024-12-25,"Seattle, WA",Washington,34,Good,PM2.5
2024-12-26,"Seattle, WA",Washington,34,Good,Ozone
2024-12-27,"Seattle, WA",Washington,36,Good,PM2.5
2024-12-28,"Seattle, WA",Washington,32,Good,Ozone
2024-12-29,"Seattle, WA",Washington,31,Good,PM2.5
2024-12-30,"Seattle, WA",Washington,28,Good,PM2.5
2024-12-31,"Seattle, WA",Washington,48,Good,PM2.5
2023-01-01,"Washington, DC",District Of Columbia,41,Good,PM2.5
2023-01-02,"Washington, DC",District Of Columbia,57,Moderate,PM2.5
2023-01-03,"Washington, DC",District Of Columbia,54,Moderate,PM2.5
2023-01-04,"Washington, DC",District Of Columbia,39,Good,PM2.5
2023-01-05,"Washington, DC",District Of Columbia,36,Good,NO2
2023-01-06,"Washington, DC",District Of Columbia,29,Good,PM2.5
2023-01-07,"Washington, DC",District Of Columbia,34,Good,PM2.5
2023-01-08,"Washington, DC",District Of Columbia,40,Good,PM2.5
2023-01-09,"Washington, DC",District Of Columbia,49,Good,PM2.5
2023-01-10,"Washington, DC",District Of Columbia,55,Moderate,PM2.5
2023-01-11,"Washington, DC",District Of Columbia,67,Moderate,PM2.5
2023-01-12,"Washington, DC",District Of Columbia,55,Moderate,PM2.5
2023-01-13,"Washington, DC",District Of Columbia,22,Good,Ozone
2023-01-14,"Washington, DC",District Of Columbia,25,Good,Ozone
2023-01-15,"Washington, DC",District Of Columbia,30,Good,Ozone
2023-01-16,"Washington, DC",District Of Columbia,38,Good,PM2.5
2023-01-17,"Washington, DC",District Of Columbia,59,Moderate,PM2.5
2023-01-18,"Washington, DC",District Of Columbia,48,Good,PM2.5
2023-01-19,"Washington, DC",District Of Columbia,52,Moderate,PM2.5
2023-01-20,"Washington, DC",District Of Columbia,26,Good,Ozone
2023-01-21,"Washington, DC",District Of Columbia,28,Good,Ozone
2023-01-22,"Washington, DC",District Of Columbia,51,Moderate,PM2.5
2023-01-23,"Washington, DC",District Of Columbia,27,Good,Ozone
2023-01-24,"Washington, DC",District Of Columbia,37,Good,PM2.5
2023-01-25,"Washington, DC",District Of Columbia,54,Moderate,PM2.5
2023-01-26,"Washington, DC",District Of Columbia,31,Good,Ozone
2023-01-27,"Washington, DC",District Of Columbia,33,Good,NO2
2023-01-28,"Washington, DC",District Of Columbia,44,Good,PM2.5
2023-01-29,"Washington, DC",District Of Columbia,53,Moderate,PM2.5
2023-01-30,"Washington, DC",District Of Columbia,52,Moderate,PM2.5
2023-01-31,"Washington, DC",District Of Columbia,41,Good,PM2.5
2023-02-01,"Washington, DC",District Of Columbia,53,Moderate,PM2.5
2023-02-02,"Washington, DC",District Of Columbia,60,Moderate,PM2.5
2023-02-03,"Washington, DC",District Of Columbia,40,Good,Ozone
2023-02-04,"Washington, DC",District Of Columbia,34,Good,Ozone
2023-02-05,"Washington, DC",District Of Columbia,38,Good,Ozone
2023-02-06,"Washington, DC",District Of Columbia,43,Good,PM2.5
2023-02-07,"Washington, DC",District Of Columbia,60,Moderate,PM2.5
2023-02-08,"Washington, DC",District Of Columbia,57,Moderate,PM2.5
2023-02-09,"Washington, DC",District Of Columbia,57,Moderate,PM2.5
2023-02-10,"Washington, DC",District Of Columbia,42,Good,Ozone
2023-02-11,"Washington, DC",District Of Columbia,42,Good,Ozone
2023-02-12,"Washington, DC",District Of Columbia,51,Moderate,PM2.5
2023-02-13,"Washington, DC",District Of Columbia,38,Good,Ozone
2023-02-14,"Washington, DC",District Of Columbia,43,Good,PM2.5
2023-02-15,"Washington, DC",District Of Columbia,39,Good,Ozone
2023-02-16,"Washington, DC",District Of Columbia,55,Moderate,PM2.5
2023-02-17,"Washington, DC",District Of Columbia,37,Good,PM2.5
2023-02-18,"Washington, DC",District Of Columbia,37,Good,Ozone
2023-02-19,"Washington, DC",District Of Columbia,44,Good,Ozone
2023-02-20,"Washington, DC",District Of Columbia,44,Good,PM2.5
2023-02-21,"Washington, DC",District Of Columbia,43,Good,Ozone
2023-02-22,"Washington, DC",District Of Columbia,37,Good,NO2
2023-02-23,"Washington, DC",District Of Columbia,52,Moderate,PM2.5
2023-02-24,"Washington, DC",District Of Columbia,39,Good,Ozone
2023-02-25,"Washington, DC",District Of Columbia,43,Good,PM2.5
2023-02-26,"Washington, DC",District Of Columbia,52,Moderate,PM2.5
2023-02-27,"Washington, DC",District Of Columbia,52,Moderate,PM2.5
2023-02-28,"Washington, DC",District Of Columbia,41,Good,PM2.5
2023-03-01,"Washington, DC",District Of Columbia,52,Moderate,PM2.5
2023-03-02,"Washington, DC",District Of Columbia,50,Good,PM2.5
2023-03-03,"Washington, DC",District Of Columbia,40,Good,PM2.5
2023-03-04,"Washington, DC",District Of Columbia,44,Good,Ozone
2023-03-05,"Washington, DC",District Of Columbia,45,Good,Ozone
2023-03-06,"Washington, DC",District Of Columbia,49,Good,PM2.5
2023-03-07,"Washington, DC",District Of Columbia,44,Good,Ozone
2023-03-08,"Washington, DC",District Of Columbia,44,Good,Ozone
2023-03-09,"Washington, DC",District Of Columbia,43,Good,Ozone
2023-03-10,"Washington, DC",District Of Columbia,43,Good,PM2.5
2023-03-11,"Washington, DC",District Of Columbia,40,Good,Ozone
2023-03-12,"Washington, DC",District Of Columbia,39,Good,PM2.5
2023-03-13,"Washington, DC",District Of Columbia,46,Good,PM2.5
2023-03-14,"Washington, DC",District Of Columbia,39,Good,Ozone
2023-03-15,"Washington, DC",District Of Columbia,48,Good,Ozone
2023-03-16,"Washington, DC",District Of Columbia,48,Good,Ozone
2023-03-17,"Washington, DC",District Of Columbia,66,Moderate,PM2.5
2023-03-18,"Washington, DC",District Of Columbia,46,Good,Ozone
2023-03-19,"Washington, DC",District Of Columbia,44,Good,Ozone
2023-03-20,"Washington, DC",District Of Columbia,44,Good,Ozone
2023-03-21,"Washington, DC",District Of Columbia,47,Good,PM2.5
2023-03-22,"Washington, DC",District Of Columbia,51,Moderate,Ozone
2023-03-23,"Washington, DC",District Of Columbia,63,Moderate,PM2.5
2023-03-24,"Washington, DC",District Of Columbia,37,Good,Ozone
2023-03-25,"Washington, DC",District Of Columbia,44,Good,PM2.5
2023-03-26,"Washington, DC",District Of Columbia,54,Moderate,Ozone
2023-03-27,"Washington, DC",District Of Columbia,56,Moderate,PM2.5
2023-03-28,"Washington, DC",District Of Columbia,49,Good,Ozone
2023-03-29,"Washington, DC",District Of Columbia,51,Moderate,Ozone
2023-03-30,"Washington, DC",District Of Columbia,51,Moderate,Ozone
2023-03-31,"Washington, DC",District Of Columbia,47,Good,Ozone
2023-04-01,"Washington, DC",District Of Columbia,44,Good,Ozone
2023-04-02,"Washington, DC",District Of Columbia,49,Good,Ozone
2023-04-03,"Washington, DC",District Of Columbia,47,Good,Ozone
2023-04-04,"Washington, DC",District Of Columbia,54,Moderate,Ozone
2023-04-05,"Washington, DC",District Of Columbia,59,Moderate,PM2.5
2023-04-06,"Washington, DC",District Of Columbia,53,Moderate,PM2.5
2023-04-07,"Washington, DC",District Of Columbia,42,Good,Ozone
2023-04-08,"Washington, DC",District Of Columbia,46,Good,Ozone
2023-04-09,"Washington, DC",District Of Columbia,54,Moderate,Ozone
2023-04-10,"Washington, DC",District Of Columbia,61,Moderate,Ozone
2023-04-11,"Washington, DC",District Of Columbia,71,Moderate,Ozone
2023-04-12,"Washington, DC",District Of Columbia,84,Moderate,Ozone
2023-04-13,"Washington, DC",District Of Columbia,101,Unhealthy for Sensitive Groups,Ozone
2023-04-14,"Washington, DC",District Of Columbia,56,Moderate,PM2.5
2023-04-15,"Washington, DC",District Of Columbia,46,Good,PM2.5
2023-04-16,"Washington, DC",District Of Columbia,51,Moderate,PM2.5
2023-04-17,"Washington, DC",District Of Columbia,48,Good,Ozone
2023-04-18,"Washington, DC",District Of Columbia,74,Moderate,Ozone
2023-04-19,"Washington, DC",District Of Columbia,84,Moderate,Ozone
2023-04-20,"Washington, DC",District Of Columbia,84,Moderate,Ozone
2023-04-21,"Washington, DC",District Of Columbia,93,Moderate,Ozone
2023-04-22,"Washington, DC",District Of Columbia,61,Moderate,Ozone
2023-04-23,"Washington, DC",District Of Columbia,45,Good,Ozone
2023-04-24,"Washington, DC",District Of Columbia,36,Good,Ozone
2023-04-25,"Washington, DC",District Of Columbia,39,Good,PM2.5
2023-04-26,"Washington, DC",District Of Columbia,52,Moderate,PM2.5
2023-04-27,"Washington, DC",District Of Columbia,55,Moderate,PM2.5
2023-04-28,"Washington, DC",District Of Columbia,45,Good,Ozone
2023-04-29,"Washington, DC",District Of Columbia,41,Good,Ozone
2023-04-30,"Washington, DC",District Of Columbia,39,Good,Ozone
2023-05-01,"Washington, DC",District Of Columbia,36,Good,Ozone
2023-05-02,"Washington, DC",District Of Columbia,31,Good,Ozone
2023-05-03,"Washington, DC",District Of Columbia,32,Good,Ozone
2023-05-04,"Washington, DC",District Of Columbia,35,Good,Ozone
2023-05-05,"Washington, DC",District Of Columbia,43,Good,Ozone
2023-05-06,"Washington, DC",District Of Columbia,50,Good,Ozone
2023-05-07,"Washington, DC",District Of Columbia,53,Moderate,PM2.5
2023-05-08,"Washington, DC",District Of Columbia,64,Moderate,Ozone
2023-05-09,"Washington, DC",District Of Columbia,42,Good,PM2.5
2023-05-10,"Washington, DC",District Of Columbia,50,Good,PM2.5
2023-05-11,"Washington, DC",District Of Columbia,80,Moderate,Ozone
2023-05-12,"Washington, DC",District Of Columbia,119,Unhealthy for Sensitive Groups,Ozone
2023-05-13,"Washington, DC",District Of Columbia,61,Moderate,PM2.5
2023-05-14,"Washington, DC",District Of Columbia,54,Moderate,PM2.5
2023-05-15,"Washington, DC",District Of Columbia,51,Moderate,Ozone
2023-05-16,"Washington, DC",District Of Columbia,54,Moderate,Ozone
2023-05-17,"Washington, DC",District Of Columbia,51,Moderate,Ozone
2023-05-18,"Washington, DC",District Of Columbia,51,Moderate,Ozone
2023-05-19,"Washington, DC",District Of Columbia,49,Good,Ozone
2023-05-20,"Washington, DC",District Of Columbia,49,Good,Ozone
2023-05-21,"Washington, DC",District Of Columbia,56,Moderate,PM2.5
2023-05-22,"Washington, DC",District Of Columbia,60,Moderate,PM2.5
2023-05-23,"Washington, DC",District Of Columbia,62,Moderate,PM2.5
2023-05-24,"Washington, DC",District Of Columbia,90,Moderate,Ozone
2023-05-25,"Washington, DC",District Of Columbia,58,Moderate,Ozone
2023-05-26,"Washington, DC",District Of Columbia,71,Moderate,Ozone
2023-05-27,"Washington, DC",District Of Columbia,54,Moderate,Ozone
2023-05-28,"Washington, DC",District Of Columbia,44,Good,Ozone
2023-05-29,"Washington, DC",District Of Columbia,40,Good,PM2.5
2023-05-30,"Washington, DC",District Of Columbia,68,Moderate,PM2.5
2023-05-31,"Washington, DC",District Of Columbia,77,Moderate,Ozone
2023-06-01,"Washington, DC",District Of Columbia,136,Unhealthy for Sensitive Groups,Ozone
2023-06-02,"Washington, DC",District Of Columbia,126,Unhealthy for Sensitive Groups,Ozone
2023-06-03,"Washington, DC",District Of Columbia,62,Moderate,PM2.5
2023-06-04,"Washington, DC",District Of Columbia,41,Good,PM2.5
2023-06-05,"Washington, DC",District Of Columbia,44,Good,Ozone
2023-06-06,"Washington, DC",District Of Columbia,89,Moderate,PM2.5
2023-06-07,"Washington, DC",District Of Columbia,169,Unhealthy,PM2.5
2023-06-08,"Washington, DC",District Of Columbia,196,Unhealthy,PM2.5
2023-06-09,"Washington, DC",District Of Columbia,71,Moderate,PM2.5
2023-06-10,"Washington, DC",District Of Columbia,70,Moderate,PM2.5
2023-06-11,"Washington, DC",District Of Columbia,82,Moderate,PM2.5
2023-06-12,"Washington, DC",District Of Columbia,57,Moderate,PM2.5
2023-06-13,"Washington, DC",District Of Columbia,51,Moderate,Ozone
2023-06-14,"Washington, DC",District Of Columbia,46,Good,Ozone
2023-06-15,"Washington, DC",District Of Columbia,87,Moderate,Ozone
2023-06-16,"Washington, DC",District Of Columbia,71,Moderate,Ozone
2023-06-17,"Washington, DC",District Of Columbia,75,Moderate,PM2.5
2023-06-18,"Washington, DC",District Of Columbia,71,Moderate,Ozone
2023-06-19,"Washington, DC",District Of Columbia,79,Moderate,PM2.5
2023-06-20,"Washington, DC",District Of Columbia,65,Moderate,PM2.5
2023-06-21,"Washington, DC",District Of Columbia,29,Good,PM2.5
2023-06-22,"Washington, DC",District Of Columbia,21,Good,PM2.5
2023-06-23,"Washington, DC",District Of Columbia,38,Good,PM2.5
2023-06-24,"Washington, DC",District Of Columbia,39,Good,Ozone
2023-06-25,"Washington, DC",District Of Columbia,41,Good,Ozone
2023-06-26,"Washington, DC",District Of Columbia,58,Moderate,PM2.5
2023-06-27,"Washington, DC",District Of Columbia,46,Good,Ozone
2023-06-28,"Washington, DC",District Of Columbia,108,Unhealthy for Sensitive Groups,PM2.5
2023-06-29,"Washington, DC",District Of Columbia,169,Unhealthy,PM2.5
2023-06-30,"Washington, DC",District Of Columbia,113,Unhealthy for Sensitive Groups,PM2.5
2023-07-01,"Washington, DC",District Of Columbia,89,Moderate,PM2.5
2023-07-02,"Washington, DC",District Of Columbia,61,Moderate,PM2.5
2023-07-03,"Washington, DC",District Of Columbia,52,Moderate,PM2.5
2023-07-04,"Washington, DC",District Of Columbia,131,Unhealthy for Sensitive Groups,PM2.5
2023-07-05,"Washington, DC",District Of Columbia,86,Moderate,PM2.5
2023-07-06,"Washington, DC",District Of Columbia,61,Moderate,PM2.5
2023-07-07,"Washington, DC",District Of Columbia,58,Moderate,PM2.5
2023-07-08,"Washington, DC",District Of Columbia,67,Moderate,Ozone
2023-07-09,"Washington, DC",District Of Columbia,43,Good,PM2.5
2023-07-10,"Washington, DC",District Of Columbia,49,Good,Ozone
2023-07-11,"Washington, DC",District Of Columbia,100,Moderate,Ozone
2023-07-12,"Washington, DC",District Of Columbia,87,Moderate,Ozone
2023-07-13,"Washington, DC",District Of Columbia,74,Moderate,Ozone
2023-07-14,"Washington, DC",District Of Columbia,51,Moderate,Ozone
2023-07-15,"Washington, DC",District Of Columbia,53,Moderate,PM2.5
2023-07-16,"Washington, DC",District Of Columbia,40,Good,PM2.5
2023-07-17,"Washington, DC",District Of Columbia,105,Unhealthy for Sensitive Groups,Ozone
2023-07-18,"Washington, DC",District Of Columbia,97,Moderate,Ozone
2023-07-19,"Washington, DC",District Of Columbia,80,Moderate,Ozone
2023-07-20,"Washington, DC",District Of Columbia,105,Unhealthy for Sensitive Groups,Ozone
2023-07-21,"Washington, DC",District Of Columbia,54,Moderate,Ozone
2023-07-22,"Washington, DC",District Of Columbia,47,Good,PM2.5
2023-07-23,"Washington, DC",District Of Columbia,52,Moderate,PM2.5
2023-07-24,"Washington, DC",District Of Columbia,44,Good,Ozone
2023-07-25,"Washington, DC",District Of Columbia,54,Moderate,PM2.5
2023-07-26,"Washington, DC",District Of Columbia,74,Moderate,Ozone
2023-07-27,"Washington, DC",District Of Columbia,64,Moderate,PM2.5
2023-07-28,"Washington, DC",District Of Columbia,61,Moderate,Ozone
2023-07-29,"Washington, DC",District Of Columbia,52,Moderate,PM2.5
2023-07-30,"Washington, DC",District Of Columbia,35,Good,Ozone
2023-07-31,"Washington, DC",District Of Columbia,43,Good,Ozone
2023-08-01,"Washington, DC",District Of Columbia,42,Good,PM2.5
2023-08-02,"Washington, DC",District Of Columbia,52,Moderate,PM2.5
2023-08-03,"Washington, DC",District Of Columbia,56,Moderate,PM2.5
2023-08-04,"Washington, DC",District Of Columbia,60,Moderate,PM2.5
2023-08-05,"Washington, DC",District Of Columbia,58,Moderate,PM2.5
2023-08-06,"Washington, DC",District Of Columbia,61,Moderate,PM2.5
2023-08-07,"Washington, DC",District Of Columbia,51,Moderate,PM2.5
2023-08-08,"Washington, DC",District Of Columbia,40,Good,Ozone
2023-08-09,"Washington, DC",District Of Columbia,58,Moderate,Ozone
2023-08-10,"Washington, DC",District Of Columbia,54,Moderate,PM2.5
2023-08-11,"Washington, DC",District Of Columbia,64,Moderate,Ozone
2023-08-12,"Washington, DC",District Of Columbia,67,Moderate,Ozone
2023-08-13,"Washington, DC",District Of Columbia,47,Good,PM2.5
2023-08-14,"Washington, DC",District Of Columbia,52,Moderate,PM2.5
2023-08-15,"Washington, DC",District Of Columbia,51,Moderate,PM2.5
2023-08-16,"Washington, DC",District Of Columbia,45,Good,Ozone
2023-08-17,"Washington, DC",District Of Columbia,54,Moderate,PM2.5
2023-08-18,"Washington, DC",District Of Columbia,46,Good,PM2.5
2023-08-19,"Washington, DC",District Of Columbia,60,Moderate,PM2.5
2023-08-20,"Washington, DC",District Of Columbia,64,Moderate,Ozone
2023-08-21,"Washington, DC",District Of Columbia,84,Moderate,Ozone
2023-08-22,"Washington, DC",District Of Columbia,56,Moderate,PM2.5
2023-08-23,"Washington, DC",District Of Columbia,58,Moderate,Ozone
2023-08-24,"Washington, DC",District Of Columbia,48,Good,PM2.5
2023-08-25,"Washington, DC",District Of Columbia,90,Moderate,Ozone
2023-08-26,"Washington, DC",District Of Columbia,44,Good,Ozone
2023-08-27,"Washington, DC",District Of Columbia,53,Moderate,PM2.5
2023-08-28,"Washington, DC",District Of Columbia,47,Good,PM2.5
2023-08-29,"Washington, DC",District Of Columbia,38,Good,PM2.5
2023-08-30,"Washington, DC",District Of Columbia,50,Good,Ozone
2023-08-31,"Washington, DC",District Of Columbia,42,Good,Ozone
2023-09-01,"Washington, DC",District Of Columbia,45,Good,Ozone
2023-09-02,"Washington, DC",District Of Columbia,48,Good,Ozone
2023-09-03,"Washington, DC",District Of Columbia,54,Moderate,Ozone
2023-09-04,"Washington, DC",District Of Columbia,52,Moderate,PM2.5
2023-09-05,"Washington, DC",District Of Columbia,71,Moderate,Ozone
2023-09-06,"Washington, DC",District Of Columbia,84,Moderate,Ozone
2023-09-07,"Washington, DC",District Of Columbia,62,Moderate,PM2.5
2023-09-08,"Washington, DC",District Of Columbia,64,Moderate,Ozone
2023-09-09,"Washington, DC",District Of Columbia,47,Good,PM2.5
2023-09-10,"Washington, DC",District Of Columbia,36,Good,PM2.5
2023-09-11,"Washington, DC",District Of Columbia,40,Good,Ozone
2023-09-12,"Washington, DC",District Of Columbia,50,Good,Ozone
2023-09-13,"Washington, DC",District Of Columbia,44,Good,Ozone
2023-09-14,"Washington, DC",District Of Columbia,43,Good,Ozone
2023-09-15,"Washington, DC",District Of Columbia,40,Good,Ozone
2023-09-16,"Washington, DC",District Of Columbia,42,Good,Ozone
2023-09-17,"Washington, DC",District Of Columbia,54,Moderate,PM2.5
2023-09-18,"Washington, DC",District Of Columbia,42,Good,Ozone
2023-09-19,"Washington, DC",District Of Columbia,36,Good,Ozone
2023-09-20,"Washington, DC",District Of Columbia,49,Good,Ozone
2023-09-21,"Washington, DC",District Of Columbia,56,Moderate,PM2.5
2023-09-22,"Washington, DC",District Of Columbia,48,Good,PM10
2023-09-23,"Washington, DC",District Of Columbia,23,Good,Ozone
2023-09-24,"Washington, DC",District Of Columbia,20,Good,Ozone
2023-09-25,"Washington, DC",District Of Columbia,23,Good,Ozone
2023-09-26,"Washington, DC",District Of Columbia,38,Good,PM2.5
2023-09-27,"Washington, DC",District Of Columbia,51,Moderate,PM2.5
2023-09-28,"Washington, DC",District Of Columbia,52,Moderate,PM2.5
2023-09-29,"Washington, DC",District Of Columbia,28,Good,PM2.5
2023-09-30,"Washington, DC",District Of Columbia,32,Good,Ozone
2023-10-01,"Washington, DC",District Of Columbia,47,Good,PM2.5
2023-10-02,"Washington, DC",District Of Columbia,52,Moderate,PM2.5
2023-10-03,"Washington, DC",District Of Columbia,56,Moderate,PM2.5
2023-10-04,"Washington, DC",District Of Columbia,56,Moderate,PM2.5
2023-10-05,"Washington, DC",District Of Columbia,48,Good,PM2.5
2023-10-06,"Washington, DC",District Of Columbia,52,Moderate,PM2.5
2023-10-07,"Washington, DC",District Of Columbia,31,Good,Ozone
2023-10-08,"Washington, DC",District Of Columbia,31,Good,Ozone
2023-10-09,"Washington, DC",District Of Columbia,31,Good,Ozone
2023-10-10,"Washington, DC",District Of Columbia,37,Good,PM2.5
2023-10-11,"Washington, DC",District Of Columbia,46,Good,Ozone
2023-10-12,"Washington, DC",District Of Columbia,53,Moderate,PM2.5
2023-10-13,"Washington, DC",District Of Columbia,53,Moderate,PM2.5
2023-10-14,"Washington, DC",District Of Columbia,39,Good,PM2.5
2023-10-15,"Washington, DC",District Of Columbia,24,Good,Ozone
2023-10-16,"Washington, DC",District Of Columbia,19,Good,Ozone
2023-10-17,"Washington, DC",District Of Columbia,21,Good,Ozone
2023-10-18,"Washington, DC",District Of Columbia,37,Good,PM2.5
2023-10-19,"Washington, DC",District Of Columbia,44,Good,PM2.5
2023-10-20,"Washington, DC",District Of Columbia,38,Good,PM2.5
2023-10-21,"Washington, DC",District Of Columbia,28,Good,Ozone
2023-10-22,"Washington, DC",District Of Columbia,33,Good,Ozone
2023-10-23,"Washington, DC",District Of Columbia,36,Good,Ozone
2023-10-24,"Washington, DC",District Of Columbia,52,Moderate,PM2.5
2023-10-25,"Washington, DC",District Of Columbia,54,Moderate,PM2.5
2023-10-26,"Washington, DC",District Of Columbia,55,Moderate,PM2.5
2023-10-27,"Washington, DC",District Of Columbia,56,Moderate,PM2.5
2023-10-28,"Washington, DC",District Of Columbia,56,Moderate,PM2.5
2023-10-29,"Washington, DC",District Of Columbia,58,Moderate,PM2.5
2023-10-30,"Washington, DC",District Of Columbia,34,Good,PM2.5
2023-10-31,"Washington, DC",District Of Columbia,31,Good,Ozone
2023-11-01,"Washington, DC",District Of Columbia,29,Good,PM2.5
2023-11-02,"Washington, DC",District Of Columbia,33,Good,PM2.5
2023-11-03,"Washington, DC",District Of Columbia,42,Good,PM2.5
2023-11-04,"Washington, DC",District Of Columbia,59,Moderate,PM2.5
2023-11-05,"Washington, DC",District Of Columbia,68,Moderate,PM2.5
2023-11-06,"Washington, DC",District Of Columbia,59,Moderate,PM2.5
2023-11-07,"Washington, DC",District Of Columbia,61,Moderate,PM2.5
2023-11-08,"Washington, DC",District Of Columbia,32,Good,NO2
2023-11-09,"Washington, DC",District Of Columbia,48,Good,PM2.5
2023-11-10,"Washington, DC",District Of Columbia,26,Good,Ozone
2023-11-11,"Washington, DC",District Of Columbia,50,Good,PM2.5
2023-11-12,"Washington, DC",District Of Columbia,55,Moderate,PM2.5
2023-11-13,"Washington, DC",District Of Columbia,62,Moderate,PM2.5
2023-11-14,"Washington, DC",District Of Columbia,40,Good,PM2.5
2023-11-15,"Washington, DC",District Of Columbia,52,Moderate,NO2
2023-11-16,"Washington, DC",District Of Columbia,60,Moderate,PM2.5
2023-11-17,"Washington, DC",District Of Columbia,58,Moderate,PM2.5
2023-11-18,"Washington, DC",District Of Columbia,30,Good,Ozone
2023-11-19,"Washington, DC",District Of Columbia,34,Good,Ozone
2023-11-20,"Washington, DC",District Of Columbia,44,Good,PM2.5
2023-11-21,"Washington, DC",District Of Columbia,30,Good,Ozone
2023-11-22,"Washington, DC",District Of Columbia,25,Good,Ozone
2023-11-23,"Washington, DC",District Of Columbia,34,Good,PM2.5
2023-11-24,"Washington, DC",District Of Columbia,48,Good,PM2.5
2023-11-25,"Washington, DC",District Of Columbia,37,Good,PM2.5
2023-11-26,"Washington, DC",District Of Columbia,55,Moderate,PM2.5
2023-11-27,"Washington, DC",District Of Columbia,28,Good,Ozone
2023-11-28,"Washington, DC",District Of Columbia,31,Good,Ozone
2023-11-29,"Washington, DC",District Of Columbia,41,Good,PM2.5
2023-11-30,"Washington, DC",District Of Columbia,44,Good,PM2.5
2023-12-01,"Washington, DC",District Of Columbia,60,Moderate,PM2.5
2023-12-02,"Washington, DC",District Of Columbia,70,Moderate,PM2.5
2023-12-03,"Washington, DC",District Of Columbia,42,Good,PM2.5
2023-12-04,"Washington, DC",District Of Columbia,32,Good,PM2.5
2023-12-05,"Washington, DC",District Of Columbia,33,Good,PM2.5
2023-12-06,"Washington, DC",District Of Columbia,39,Good,PM2.5
2023-12-07,"Washington, DC",District Of Columbia,39,Good,PM2.5
2023-12-08,"Washington, DC",District Of Columbia,55,Moderate,PM2.5
2023-12-09,"Washington, DC",District Of Columbia,72,Moderate,PM2.5
2023-12-10,"Washington, DC",District Of Columbia,51,Moderate,PM2.5
2023-12-11,"Washington, DC",District Of Columbia,25,Good,NO2
2023-12-12,"Washington, DC",District Of Columbia,29,Good,PM2.5
2023-12-13,"Washington, DC",District Of Columbia,33,Good,NO2
2023-12-14,"Washington, DC",District Of Columbia,55,Moderate,PM2.5
2023-12-15,"Washington, DC",District Of Columbia,52,Moderate,PM2.5
2023-12-16,"Washington, DC",District Of Columbia,60,Moderate,PM2.5
2023-12-17,"Washington, DC",District Of Columbia,60,Moderate,PM2.5
2023-12-18,"Washington, DC",District Of Columbia,28,Good,Ozone
2023-12-19,"Washington, DC",District Of Columbia,31,Good,Ozone
2023-12-20,"Washington, DC",District Of Columbia,41,Good,PM2.5
2023-12-21,"Washington, DC",District Of Columbia,60,Moderate,PM2.5
2023-12-22,"Washington, DC",District Of Columbia,58,Moderate,PM2.5
2023-12-23,"Washington, DC",District Of Columbia,50,Good,PM2.5
2023-12-24,"Washington, DC",District Of Columbia,58,Moderate,PM2.5
2023-12-25,"Washington, DC",District Of Columbia,59,Moderate,PM2.5
2023-12-26,"Washington, DC",District Of Columbia,51,Moderate,PM2.5
2023-12-27,"Washington, DC",District Of Columbia,22,Good,Ozone
2023-12-28,"Washington, DC",District Of Columbia,24,Good,PM2.5
2023-12-29,"Washington, DC",District Of Columbia,27,Good,Ozone
2023-12-30,"Washington, DC",District Of Columbia,26,Good,Ozone
2023-12-31,"Washington, DC",District Of Columbia,27,Good,Ozone
2024-01-01,"Washington, DC",District Of Columbia,52,Moderate,PM2.5
2024-01-02,"Washington, DC",District Of Columbia,28,Good,Ozone
2024-01-03,"Washington, DC",District Of Columbia,43,Good,PM2.5
2024-01-04,"Washington, DC",District Of Columbia,28,Good,PM2.5
2024-01-05,"Washington, DC",District Of Columbia,36,Good,PM2.5
2024-01-06,"Washington, DC",District Of Columbia,39,Good,PM2.5
2024-01-07,"Washington, DC",District Of Columbia,35,Good,PM2.5
2024-01-08,"Washington, DC",District Of Columbia,39,Good,PM2.5
2024-01-09,"Washington, DC",District Of Columbia,34,Good,Ozone
2024-01-10,"Washington, DC",District Of Columbia,26,Good,Ozone
2024-01-11,"Washington, DC",District Of Columbia,32,Good,NO2
2024-01-12,"Washington, DC",District Of Columbia,48,Good,PM2.5
2024-01-13,"Washington, DC",District Of Columbia,30,Good,Ozone
2024-01-14,"Washington, DC",District Of Columbia,35,Good,Ozone
2024-01-15,"Washington, DC",District Of Columbia,29,Good,Ozone
2024-01-16,"Washington, DC",District Of Columbia,46,Good,PM2.5
2024-01-17,"Washington, DC",District Of Columbia,41,Good,NO2
2024-01-18,"Washington, DC",District Of Columbia,54,Moderate,NO2
2024-01-19,"Washington, DC",District Of Columbia,60,Moderate,PM2.5
2024-01-20,"Washington, DC",District Of Columbia,31,Good,Ozone
2024-01-21,"Washington, DC",District Of Columbia,35,Good,Ozone
2024-01-22,"Washington, DC",District Of Columbia,62,Moderate,PM2.5
2024-01-23,"Washington, DC",District Of Columbia,65,Moderate,PM2.5
2024-01-24,"Washington, DC",District Of Columbia,66,Moderate,PM2.5
2024-01-25,"Washington, DC",District Of Columbia,64,Moderate,PM2.5
2024-01-26,"Washington, DC",District Of Columbia,36,Good,PM2.5
2024-01-27,"Washington, DC",District Of Columbia,41,Good,PM2.5
2024-01-28,"Washington, DC",District Of Columbia,22,Good,Ozone
2024-01-29,"Washington, DC",District Of Columbia,27,Good,Ozone
2024-01-30,"Washington, DC",District Of Columbia,25,Good,Ozone
2024-01-31,"Washington, DC",District Of Columbia,52,Moderate,PM2.5
2024-02-01,"Washington, DC",District Of Columbia,54,Moderate,PM2.5
2024-02-02,"Washington, DC",District Of Columbia,29,Good,NO2
2024-02-03,"Washington, DC",District Of Columbia,36,Good,PM2.5
2024-02-04,"Washington, DC",District Of Columbia,53,Moderate,PM2.5
2024-02-05,"Washington, DC",District Of Columbia,52,Moderate,PM2.5
2024-02-06,"Washington, DC",District Of Columbia,42,Good,NO2
2024-02-07,"Washington, DC",District Of Columbia,51,Moderate,PM2.5
2024-02-08,"Washington, DC",District Of Columbia,53,Moderate,PM2.5
2024-02-09,"Washington, DC",District Of Columbia,55,Moderate,PM2.5
2024-02-10,"Washington, DC",District Of Columbia,62,Moderate,PM2.5
2024-02-11,"Washington, DC",District Of Columbia,56,Moderate,PM2.5
2024-02-12,"Washington, DC",District Of Columbia,64,Moderate,PM2.5
2024-02-13,"Washington, DC",District Of Columbia,33,Good,NO2
2024-02-14,"Washington, DC",District Of Columbia,36,Good,Ozone
2024-02-15,"Washington, DC",District Of Columbia,45,Good,PM2.5
2024-02-16,"Washington, DC",District Of Columbia,37,Good,Ozone
2024-02-17,"Washington, DC",District Of Columbia,36,Good,Ozone
2024-02-18,"Washington, DC",District Of Columbia,35,Good,Ozone
2024-02-19,"Washington, DC",District Of Columbia,45,Good,PM2.5
2024-02-20,"Washington, DC",District Of Columbia,53,Moderate,PM2.5
2024-02-21,"Washington, DC",District Of Columbia,36,Good,Ozone
2024-02-22,"Washington, DC",District Of Columbia,41,Good,PM2.5
2024-02-23,"Washington, DC",District Of Columbia,59,Moderate,PM2.5
2024-02-24,"Washington, DC",District Of Columbia,37,Good,Ozone
2024-02-25,"Washington, DC",District Of Columbia,33,Good,Ozone
2024-02-26,"Washington, DC",District Of Columbia,50,Good,PM2.5
2024-02-27,"Washington, DC",District Of Columbia,61,Moderate,PM2.5
2024-02-28,"Washington, DC",District Of Columbia,53,Moderate,PM2.5
2024-02-29,"Washington, DC",District Of Columbia,37,Good,Ozone
2024-03-01,"Washington, DC",District Of Columbia,39,Good,NO2
2024-03-02,"Washington, DC",District Of Columbia,31,Good,Ozone
2024-03-03,"Washington, DC",District Of Columbia,39,Good,PM2.5
2024-03-04,"Washington, DC",District Of Columbia,38,Good,Ozone
2024-03-05,"Washington, DC",District Of Columbia,29,Good,Ozone
2024-03-06,"Washington, DC",District Of Columbia,34,Good,PM2.5
2024-03-07,"Washington, DC",District Of Columbia,33,Good,Ozone
2024-03-08,"Washington, DC",District Of Columbia,33,Good,Ozone
2024-03-09,"Washington, DC",District Of Columbia,33,Good,Ozone
2024-03-10,"Washington, DC",District Of Columbia,36,Good,Ozone
2024-03-11,"Washington, DC",District Of Columbia,42,Good,Ozone
2024-03-12,"Washington, DC",District Of Columbia,48,Good,Ozone
2024-03-13,"Washington, DC",District Of Columbia,53,Moderate,PM2.5
2024-03-14,"Washington, DC",District Of Columbia,64,Moderate,Ozone
2024-03-15,"Washington, DC",District Of Columbia,47,Good,PM2.5
2024-03-16,"Washington, DC",District Of Columbia,43,Good,Ozone
2024-03-17,"Washington, DC",District Of Columbia,43,Good,Ozone
2024-03-18,"Washington, DC",District Of Columbia,38,Good,Ozone
2024-03-19,"Washington, DC",District Of Columbia,37,Good,Ozone
2024-03-20,"Washington, DC",District Of Columbia,46,Good,Ozone
2024-03-21,"Washington, DC",District Of Columbia,40,Good,NO2
2024-03-22,"Washington, DC",District Of Columbia,37,Good,NO2
2024-03-23,"Washington, DC",District Of Columbia,37,Good,Ozone
2024-03-24,"Washington, DC",District Of Columbia,42,Good,Ozone
2024-03-25,"Washington, DC",District Of Columbia,41,Good,Ozone
2024-03-26,"Washington, DC",District Of Columbia,39,Good,PM2.5
2024-03-27,"Washington, DC",District Of Columbia,31,Good,PM2.5
2024-03-28,"Washington, DC",District Of Columbia,35,Good,PM2.5
2024-03-29,"Washington, DC",District Of Columbia,50,Good,Ozone
2024-03-30,"Washington, DC",District Of Columbia,41,Good,PM2.5
2024-03-31,"Washington, DC",District Of Columbia,47,Good,Ozone
2024-04-01,"Washington, DC",District Of Columbia,36,Good,PM2.5
2024-04-02,"Washington, DC",District Of Columbia,38,Good,Ozone
2024-04-03,"Washington, DC",District Of Columbia,37,Good,Ozone
2024-04-04,"Washington, DC",District Of Columbia,35,Good,Ozone
2024-04-05,"Washington, DC",District Of Columbia,37,Good,Ozone
2024-04-06,"Washington, DC",District Of Columbia,38,Good,Ozone
2024-04-07,"Washington, DC",District Of Columbia,43,Good,Ozone
2024-04-08,"Washington, DC",District Of Columbia,50,Good,PM2.5
2024-04-09,"Washington, DC",District Of Columbia,56,Moderate,PM2.5
2024-04-10,"Washington, DC",District Of Columbia,52,Moderate,PM2.5
2024-04-11,"Washington, DC",District Of Columbia,41,Good,Ozone
2024-04-12,"Washington, DC",District Of Columbia,45,Good,Ozone
2024-04-13,"Washington, DC",District Of Columbia,47,Good,Ozone
2024-04-14,"Washington, DC",District Of Columbia,54,Moderate,Ozone
2024-04-15,"Washington, DC",District Of Columbia,64,Moderate,Ozone
2024-04-16,"Washington, DC",District Of Columbia,58,Moderate,Ozone
2024-04-17,"Washington, DC",District Of Columbia,52,Moderate,PM2.5
2024-04-18,"Washington, DC",District Of Columbia,53,Moderate,PM2.5
2024-04-19,"Washington, DC",District Of Columbia,31,Good,Ozone
2024-04-20,"Washington, DC",District Of Columbia,48,Good,Ozone
2024-04-21,"Washington, DC",District Of Columbia,37,Good,Ozone
2024-04-22,"Washington, DC",District Of Columbia,47,Good,Ozone
2024-04-23,"Washington, DC",District Of Columbia,50,Good,Ozone
2024-04-24,"Washington, DC",District Of Columbia,50,Good,Ozone
2024-04-25,"Washington, DC",District Of Columbia,34,Good,Ozone
2024-04-26,"Washington, DC",District Of Columbia,38,Good,Ozone
2024-04-27,"Washington, DC",District Of Columbia,32,Good,Ozone
2024-04-28,"Washington, DC",District Of Columbia,56,Moderate,PM2.5
2024-04-29,"Washington, DC",District Of Columbia,64,Moderate,Ozone
2024-04-30,"Washington, DC",District Of Columbia,55,Moderate,PM2.5
2024-05-01,"Washington, DC",District Of Columbia,58,Moderate,Ozone
2024-05-02,"Washington, DC",District Of Columbia,87,Moderate,Ozone
2024-05-03,"Washington, DC",District Of Columbia,44,Good,PM2.5
2024-05-04,"Washington, DC",District Of Columbia,28,Good,Ozone
2024-05-05,"Washington, DC",District Of Columbia,32,Good,PM2.5
2024-05-06,"Washington, DC",District Of Columbia,47,Good,PM2.5
2024-05-07,"Washington, DC",District Of Columbia,43,Good,PM2.5
2024-05-08,"Washington, DC",District Of Columbia,51,Moderate,PM2.5
2024-05-09,"Washington, DC",District Of Columbia,45,Good,PM2.5
2024-05-10,"Washington, DC",District Of Columbia,34,Good,Ozone
2024-05-11,"Washington, DC",District Of Columbia,39,Good,Ozone
2024-05-12,"Washington, DC",District Of Columbia,38,Good,Ozone
2024-05-13,"Washington, DC",District Of Columbia,46,Good,Ozone
2024-05-14,"Washington, DC",District Of Columbia,42,Good,PM2.5
2024-05-15,"Washington, DC",District Of Columbia,39,Good,Ozone
2024-05-16,"Washington, DC",District Of Columbia,43,Good,Ozone
2024-05-17,"Washington, DC",District Of Columbia,39,Good,NO2
2024-05-18,"Washington, DC",District Of Columbia,41,Good,PM2.5
2024-05-19,"Washington, DC",District Of Columbia,52,Moderate,PM2.5
2024-05-20,"Washington, DC",District Of Columbia,51,Moderate,PM2.5
2024-05-21,"Washington, DC",District Of Columbia,44,Good,Ozone
2024-05-22,"Washington, DC",District Of Columbia,64,Moderate,Ozone
2024-05-23,"Washington, DC",District Of Columbia,58,Moderate,Ozone
2024-05-24,"Washington, DC",District Of Columbia,105,Unhealthy for Sensitive Groups,Ozone
2024-05-25,"Washington, DC",District Of Columbia,93,Moderate,Ozone
2024-05-26,"Washington, DC",District Of Columbia,74,Moderate,Ozone
2024-05-27,"Washington, DC",District Of Columbia,50,Good,PM2.5
2024-05-28,"Washington, DC",District Of Columbia,50,Good,Ozone
2024-05-29,"Washington, DC",District Of Columbia,44,Good,Ozone
2024-05-30,"Washington, DC",District Of Columbia,45,Good,Ozone
2024-05-31,"Washington, DC",District Of Columbia,48,Good,Ozone
2024-06-01,"Washington, DC",District Of Columbia,77,Moderate,Ozone
2024-06-02,"Washington, DC",District Of Columbia,55,Moderate,PM2.5
2024-06-03,"Washington, DC",District Of Columbia,53,Moderate,PM2.5
2024-06-04,"Washington, DC",District Of Columbia,90,Moderate,Ozone
2024-06-05,"Washington, DC",District Of Columbia,57,Moderate,PM2.5
2024-06-06,"Washington, DC",District Of Columbia,51,Moderate,PM2.5
2024-06-07,"Washington, DC",District Of Columbia,50,Good,Ozone
2024-06-08,"Washington, DC",District Of Columbia,51,Moderate,Ozone
2024-06-09,"Washington, DC",District Of Columbia,45,Good,Ozone
2024-06-10,"Washington, DC",District Of Columbia,51,Moderate,Ozone
2024-06-11,"Washington, DC",District Of Columbia,38,Good,Ozone
2024-06-12,"Washington, DC",District Of Columbia,61,Moderate,Ozone
2024-06-13,"Washington, DC",District Of Columbia,67,Moderate,Ozone
2024-06-14,"Washington, DC",District Of Columbia,101,Unhealthy for Sensitive Groups,Ozone
2024-06-15,"Washington, DC",District Of Columbia,49,Good,Ozone
2024-06-16,"Washington, DC",District Of Columbia,64,Moderate,Ozone
2024-06-17,"Washington, DC",District Of Columbia,58,Moderate,Ozone
2024-06-18,"Washington, DC",District Of Columbia,54,Moderate,PM2.5
2024-06-19,"Washington, DC",District Of Columbia,51,Moderate,Ozone
2024-06-20,"Washington, DC",District Of Columbia,51,Moderate,Ozone
2024-06-21,"Washington, DC",District Of Columbia,114,Unhealthy for Sensitive Groups,PM2.5
2024-06-22,"Washington, DC",District Of Columbia,84,Moderate,Ozone
2024-06-23,"Washington, DC",District Of Columbia,54,Moderate,PM2.5
2024-06-24,"Washington, DC",District Of Columbia,49,Good,Ozone
2024-06-25,"Washington, DC",District Of Columbia,49,Good,Ozone
2024-06-26,"Washington, DC",District Of Columbia,87,Moderate,Ozone
2024-06-27,"Washington, DC",District Of Columbia,74,Moderate,Ozone
2024-06-28,"Washington, DC",District Of Columbia,48,Good,Ozone
2024-06-29,"Washington, DC",District Of Columbia,49,Good,PM2.5
2024-06-30,"Washington, DC",District Of Columbia,55,Moderate,PM2.5
2024-07-01,"Washington, DC",District Of Columbia,34,Good,Ozone
2024-07-02,"Washington, DC",District Of Columbia,45,Good,Ozone
2024-07-03,"Washington, DC",District Of Columbia,58,Moderate,Ozone
2024-07-04,"Washington, DC",District Of Columbia,89,Moderate,PM2.5
2024-07-05,"Washington, DC",District Of Columbia,63,Moderate,PM2.5
2024-07-06,"Washington, DC",District Of Columbia,58,Moderate,PM2.5
2024-07-07,"Washington, DC",District Of Columbia,74,Moderate,Ozone
2024-07-08,"Washington, DC",District Of Columbia,80,Moderate,Ozone
2024-07-09,"Washington, DC",District Of Columbia,58,Moderate,Ozone
2024-07-10,"Washington, DC",District Of Columbia,50,Good,PM2.5
2024-07-11,"Washington, DC",District Of Columbia,61,Moderate,Ozone
2024-07-12,"Washington, DC",District Of Columbia,44,Good,Ozone
2024-07-13,"Washington, DC",District Of Columbia,50,Good,Ozone
2024-07-14,"Washington, DC",District Of Columbia,71,Moderate,Ozone
2024-07-15,"Washington, DC",District Of Columbia,80,Moderate,Ozone
2024-07-16,"Washington, DC",District Of Columbia,67,Moderate,Ozone
2024-07-17,"Washington, DC",District Of Columbia,97,Moderate,Ozone
2024-07-18,"Washington, DC",District Of Columbia,50,Good,PM2.5
2024-07-19,"Washington, DC",District Of Columbia,71,Moderate,Ozone
2024-07-20,"Washington, DC",District Of Columbia,52,Moderate,PM2.5
2024-07-21,"Washington, DC",District Of Columbia,84,Moderate,Ozone
2024-07-22,"Washington, DC",District Of Columbia,46,Good,PM2.5
2024-07-23,"Washington, DC",District Of Columbia,80,Moderate,Ozone
2024-07-24,"Washington, DC",District Of Columbia,51,Moderate,Ozone
2024-07-25,"Washington, DC",District Of Columbia,57,Moderate,PM2.5
2024-07-26,"Washington, DC",District Of Columbia,46,Good,Ozone
2024-07-27,"Washington, DC",District Of Columbia,48,Good,Ozone
2024-07-28,"Washington, DC",District Of Columbia,97,Moderate,Ozone
2024-07-29,"Washington, DC",District Of Columbia,90,Moderate,Ozone
2024-07-30,"Washington, DC",District Of Columbia,52,Moderate,PM2.5
2024-07-31,"Washington, DC",District Of Columbia,71,Moderate,Ozone
2024-08-01,"Washington, DC",District Of Columbia,133,Unhealthy for Sensitive Groups,Ozone
2024-08-02,"Washington, DC",District Of Columbia,56,Moderate,PM2.5
2024-08-03,"Washington, DC",District Of Columbia,54,Moderate,PM2.5
2024-08-04,"Washington, DC",District Of Columbia,49,Good,Ozone
2024-08-05,"Washington, DC",District Of Columbia,84,Moderate,Ozone
2024-08-06,"Washington, DC",District Of Columbia,51,Moderate,PM2.5
2024-08-07,"Washington, DC",District Of Columbia,32,Good,PM2.5
2024-08-08,"Washington, DC",District Of Columbia,32,Good,PM2.5
2024-08-09,"Washington, DC",District Of Columbia,33,Good,PM2.5
2024-08-10,"Washington, DC",District Of Columbia,54,Moderate,PM2.5
2024-08-11,"Washington, DC",District Of Columbia,41,Good,Ozone
2024-08-12,"Washington, DC",District Of Columbia,43,Good,Ozone
2024-08-13,"Washington, DC",District Of Columbia,39,Good,Ozone
2024-08-14,"Washington, DC",District Of Columbia,62,Moderate,PM2.5
2024-08-15,"Washington, DC",District Of Columbia,60,Moderate,PM2.5
2024-08-16,"Washington, DC",District Of Columbia,63,Moderate,PM2.5
2024-08-17,"Washington, DC",District Of Columbia,62,Moderate,PM2.5
2024-08-18,"Washington, DC",District Of Columbia,52,Moderate,PM2.5
2024-08-19,"Washington, DC",District Of Columbia,35,Good,Ozone
2024-08-20,"Washington, DC",District Of Columbia,33,Good,Ozone
2024-08-21,"Washington, DC",District Of Columbia,37,Good,Ozone
2024-08-22,"Washington, DC",District Of Columbia,43,Good,Ozone
2024-08-23,"Washington, DC",District Of Columbia,87,Moderate,Ozone
2024-08-24,"Washington, DC",District Of Columbia,71,Moderate,Ozone
2024-08-25,"Washington, DC",District Of Columbia,61,Moderate,Ozone
2024-08-26,"Washington, DC",District Of Columbia,58,Moderate,PM2.5
2024-08-27,"Washington, DC",District Of Columbia,90,Moderate,Ozone
2024-08-28,"Washington, DC",District Of Columbia,97,Moderate,Ozone
2024-08-29,"Washington, DC",District Of Columbia,61,Moderate,Ozone
2024-08-30,"Washington, DC",District Of Columbia,27,Good,PM2.5
2024-08-31,"Washington, DC",District Of Columbia,37,Good,Ozone
2024-09-01,"Washington, DC",District Of Columbia,37,Good,Ozone
2024-09-02,"Washington, DC",District Of Columbia,36,Good,Ozone
2024-09-03,"Washington, DC",District Of Columbia,45,Good,Ozone
2024-09-04,"Washington, DC",District Of Columbia,45,Good,Ozone
2024-09-05,"Washington, DC",District Of Columbia,43,Good,Ozone
2024-09-06,"Washington, DC",District Of Columbia,38,Good,Ozone
2024-09-07,"Washington, DC",District Of Columbia,26,Good,Ozone
2024-09-08,"Washington, DC",District Of Columbia,36,Good,Ozone
2024-09-09,"Washington, DC",District Of Columbia,44,Good,Ozone
2024-09-10,"Washington, DC",District Of Columbia,51,Moderate,Ozone
2024-09-11,"Washington, DC",District Of Columbia,67,Moderate,Ozone
2024-09-12,"Washington, DC",District Of Columbia,64,Moderate,Ozone
2024-09-13,"Washington, DC",District Of Columbia,42,Good,PM2.5
2024-09-14,"Washington, DC",District Of Columbia,74,Moderate,Ozone
2024-09-15,"Washington, DC",District Of Columbia,45,Good,PM2.5
2024-09-16,"Washington, DC",District Of Columbia,39,Good,Ozone
2024-09-17,"Washington, DC",District Of Columbia,40,Good,PM2.5
2024-09-18,"Washington, DC",District Of Columbia,31,Good,Ozone
2024-09-19,"Washington, DC",District Of Columbia,40,Good,Ozone
2024-09-20,"Washington, DC",District Of Columbia,52,Moderate,PM2.5
2024-09-21,"Washington, DC",District Of Columbia,41,Good,Ozone
2024-09-22,"Washington, DC",District Of Columbia,33,Good,Ozone
2024-09-23,"Washington, DC",District Of Columbia,30,Good,PM2.5
2024-09-24,"Washington, DC",District Of Columbia,28,Good,PM2.5
2024-09-25,"Washington, DC",District Of Columbia,24,Good,PM2.5
2024-09-26,"Washington, DC",District Of Columbia,31,Good,PM2.5
2024-09-27,"Washington, DC",District Of Columbia,27,Good,PM2.5
2024-09-28,"Washington, DC",District Of Columbia,40,Good,Ozone
2024-09-29,"Washington, DC",District Of Columbia,32,Good,PM2.5
2024-09-30,"Washington, DC",District Of Columbia,27,Good,PM2.5
2024-10-01,"Washington, DC",District Of Columbia,23,Good,Ozone
2024-10-02,"Washington, DC",District Of Columbia,31,Good,PM2.5
2024-10-03,"Washington, DC",District Of Columbia,40,Good,PM2.5
2024-10-04,"Washington, DC",District Of Columbia,40,Good,PM2.5
2024-10-05,"Washington, DC",District Of Columbia,44,Good,Ozone
2024-10-06,"Washington, DC",District Of Columbia,52,Moderate,PM2.5
2024-10-07,"Washington, DC",District Of Columbia,48,Good,PM2.5
2024-10-08,"Washington, DC",District Of Columbia,39,Good,Ozone
2024-10-09,"Washington, DC",District Of Columbia,42,Good,Ozone
2024-10-10,"Washington, DC",District Of Columbia,27,Good,NO2
2024-10-11,"Washington, DC",District Of Columbia,33,Good,NO2
2024-10-12,"Washington, DC",District Of Columbia,53,Moderate,PM2.5
2024-10-13,"Washington, DC",District Of Columbia,52,Moderate,PM2.5
2024-10-14,"Washington, DC",District Of Columbia,33,Good,NO2
2024-10-15,"Washington, DC",District Of Columbia,27,Good,Ozone
2024-10-16,"Washington, DC",District Of Columbia,28,Good,Ozone
2024-10-17,"Washington, DC",District Of Columbia,33,Good,Ozone
2024-10-18,"Washington, DC",District Of Columbia,34,Good,Ozone
2024-10-19,"Washington, DC",District Of Columbia,52,Moderate,PM2.5
2024-10-20,"Washington, DC",District Of Columbia,57,Moderate,PM2.5
2024-10-21,"Washington, DC",District Of Columbia,61,Moderate,Ozone
2024-10-22,"Washington, DC",District Of Columbia,54,Moderate,PM2.5
2024-10-23,"Washington, DC",District Of Columbia,55,Moderate,PM2.5
2024-10-24,"Washington, DC",District Of Columbia,52,Moderate,PM2.5
2024-10-25,"Washington, DC",District Of Columbia,32,Good,Ozone
2024-10-26,"Washington, DC",District Of Columbia,38,Good,Ozone
2024-10-27,"Washington, DC",District Of Columbia,34,Good,Ozone
2024-10-28,"Washington, DC",District Of Columbia,42,Good,PM2.5
2024-10-29,"Washington, DC",District Of Columbia,45,Good,PM2.5
2024-10-30,"Washington, DC",District Of Columbia,54,Moderate,PM2.5
2024-10-31,"Washington, DC",District Of Columbia,49,Good,PM2.5
2024-11-01,"Washington, DC",District Of Columbia,37,Good,Ozone
2024-11-02,"Washington, DC",District Of Columbia,34,Good,Ozone
2024-11-03,"Washington, DC",District Of Columbia,48,Good,PM2.5
2024-11-04,"Washington, DC",District Of Columbia,44,Good,PM2.5
2024-11-05,"Washington, DC",District Of Columbia,38,Good,PM2.5
2024-11-06,"Washington, DC",District Of Columbia,47,Good,PM2.5
2024-11-07,"Washington, DC",District Of Columbia,50,Good,PM2.5
2024-11-08,"Washington, DC",District Of Columbia,40,Good,Ozone
2024-11-09,"Washington, DC",District Of Columbia,31,Good,Ozone
2024-11-10,"Washington, DC",District Of Columbia,54,Moderate,PM2.5
2024-11-11,"Washington, DC",District Of Columbia,32,Good,NO2
2024-11-12,"Washington, DC",District Of Columbia,27,Good,Ozone
2024-11-13,"Washington, DC",District Of Columbia,33,Good,NO2
2024-11-14,"Washington, DC",District Of Columbia,41,Good,PM2.5
2024-11-15,"Washington, DC",District Of Columbia,32,Good,PM2.5
2024-11-16,"Washington, DC",District Of Columbia,34,Good,Ozone
2024-11-17,"Washington, DC",District Of Columbia,38,Good,PM2.5
2024-11-18,"Washington, DC",District Of Columbia,57,Moderate,PM2.5
2024-11-19,"Washington, DC",District Of Columbia,53,Moderate,PM2.5
2024-11-20,"Washington, DC",District Of Columbia,55,Moderate,PM2.5
2024-11-21,"Washington, DC",District Of Columbia,30,Good,Ozone
2024-11-22,"Washington, DC",District Of Columbia,17,Good,Ozone
2024-11-23,"Washington, DC",District Of Columbia,22,Good,Ozone
2024-11-24,"Washington, DC",District Of Columbia,27,Good,Ozone
2024-11-25,"Washington, DC",District Of Columbia,42,Good,PM2.5
2024-11-26,"Washington, DC",District Of Columbia,34,Good,PM2.5
2024-11-27,"Washington, DC",District Of Columbia,30,Good,NO2
2024-11-28,"Washington, DC",District Of Columbia,28,Good,Ozone
2024-11-29,"Washington, DC",District Of Columbia,28,Good,NO2
2024-11-30,"Washington, DC",District Of Columbia,39,Good,PM2.5
2024-12-01,"Washington, DC",District Of Columbia,47,Good,PM2.5
2024-12-02,"Washington, DC",District Of Columbia,26,Good,Ozone
2024-12-03,"Washington, DC",District Of Columbia,24,Good,Ozone
2024-12-04,"Washington, DC",District Of Columbia,39,Good,PM2.5
2024-12-05,"Washington, DC",District Of Columbia,28,Good,Ozone
2024-12-06,"Washington, DC",District Of Columbia,30,Good,Ozone
2024-12-07,"Washington, DC",District Of Columbia,28,Good,Ozone
2024-12-08,"Washington, DC",District Of Columbia,44,Good,PM2.5
2024-12-09,"Washington, DC",District Of Columbia,57,Moderate,PM2.5
2024-12-10,"Washington, DC",District Of Columbia,60,Moderate,PM2.5
2024-12-11,"Washington, DC",District Of Columbia,32,Good,PM2.5
2024-12-12,"Washington, DC",District Of Columbia,36,Good,Ozone
2024-12-13,"Washington, DC",District Of Columbia,52,Moderate,PM2.5
2024-12-14,"Washington, DC",District Of Columbia,46,Good,PM2.5
2024-12-15,"Washington, DC",District Of Columbia,46,Good,PM2.5
2024-12-16,"Washington, DC",District Of Columbia,37,Good,PM2.5
2024-12-17,"Washington, DC",District Of Columbia,46,Good,PM2.5
2024-12-18,"Washington, DC",District Of Columbia,47,Good,PM2.5
2024-12-19,"Washington, DC",District Of Columbia,26,Good,PM2.5
2024-12-20,"Washington, DC",District Of Columbia,53,Moderate,PM2.5
2024-12-21,"Washington, DC",District Of Columbia,34,Good,Ozone
2024-12-22,"Washington, DC",District Of Columbia,37,Good,NO2
2024-12-23,"Washington, DC",District Of Columbia,37,Good,PM2.5
2024-12-24,"Washington, DC",District Of Columbia,61,Moderate,PM2.5
2024-12-25,"Washington, DC",District Of Columbia,70,Moderate,PM2.5
2024-12-26,"Washington, DC",District Of Columbia,67,Moderate,PM2.5
2024-12-27,"Washington, DC",District Of Columbia,65,Moderate,PM2.5
2024-12-28,"Washington, DC",District Of Columbia,51,Moderate,PM2.5
2024-12-29,"Washington, DC",District Of Columbia,37,Good,Ozone
2024-12-30,"Washington, DC",District Of Columbia,36,Good,Ozone
2024-12-31,"Washington, DC",District Of Columbia,48,Good,PM2.5
