job_title,industry,experience,city,state,salary
Associate Consultant,Information Management,8 - 10 years,Seattle,WA,45000.0
Development Manager,Nonprofit,2 - 4 years,Dallas,TX,51000.0
Student Records Coordinator,Higher Education,8 - 10 years,Philadelphia,PA,54371.0
Copywriter,Business Services,11 - 20 years,New York,NY,80000.0
HR and Administrative Coordinator,Mental Health,5 - 7 years,Baltimore,MD,50000.0
Associate Professor,Higher Ed,8 - 10 years,Pittsburgh,PA,52000.0
Senior Marketing Manager,Media,8 - 10 years,Washington,DC,90000.0
Assistant Media Editor,Publishing,2 - 4 years,New York,NY,41000.0
Assistant Director of Development Research,Nonprofit,5 - 7 years,Boston,MA,67500.0
Pet sitter,Pet care,5 - 7 years,Pittsburgh,PA,15000.0
Catering Lead,Catering,2 - 4 years,San Francisco,CA,45000.0
Property Manager,Property Management,21 - 30 years,Washington,DC,139000.0
Business Analyst,Ecommerce,1 year or less,Boston,MA,68000.0
Content Marketing Specialist,Design Build,21 - 30 years,St. Louis,MO,56000.0
Executive Assistant,Tech,5 - 7 years,San Francisco,CA,77000.0
English Teacher,Education,5 - 7 years,Boston,MA,81500.0
Academic Specialist,Banking,8 - 10 years,Philadelphia,PA,42000.0
Practice Manager,Veterinary medicine,11 - 20 years,Pittsburgh,PA,50000.0
Circulation Supervisor,Academic Library,11 - 20 years,Denver,CO,31000.0
Systems Administrator,Government,11 - 20 years,Los Angeles,CA,120000.0
"Director, Consulting",Consulting,21 - 30 years,Seattle,WA,182000.0
Manager,Consulting,8 - 10 years,Washington,DC,110000.0
Human Resource Manager,Nonprofit,11 - 20 years,Denver,CO,61500.0
Grants Manager,Nonprofit (transportation advocacy),5 - 7 years,New York,NY,57000.0
Due Diligence Specialist,Compliance,5 - 7 years,San Francisco,CA,93500.0
Senior Manager,Financial Services,11 - 20 years,New York,NY,116245.0
Partner Marketing Manager,Marketing,8 - 10 years,Chicago,IL,170000.0
Natural Resource Specialist IV,Government,11 - 20 years,Austin,TX,60000.0
Administrative Assistant,Academic non-profit (scientific society),11 - 20 years,Pittsburgh,PA,39000.0
Office Manager,Photography,11 - 20 years,Phoenix,AZ,42000.0
Senior Accountant,Accounting,2 - 4 years,Philadelphia,PA,75000.0
Librarian,Higher Education,2 - 4 years,Philadelphia,PA,55000.0
Assciate,Health & Benefits,5 - 7 years,Atlanta,GA,85000.0
Legal Assistant,Law,2 - 4 years,Chicago,IL,30000.0
Associate Attorney,Law,2 - 4 years,Philadelphia,PA,125000.0
Teacher and administrator,Education,11 - 20 years,New York,NY,102000.0
Information Account Executive,Insurance,11 - 20 years,Chicago,IL,66500.0
Editor-in-Chief,Health and Wellness,5 - 7 years,Chicago,IL,40000.0
Program Manager & Staff Attorney,Nonprofit (government & court reform),21 - 30 years,Chicago,IL,57000.0
Senior estimator - mechanical,Construction,11 - 20 years,Pittsburgh,PA,72400.0
Exec Assistant to the CEO,Biotech,21 - 30 years,San Diego,CA,100000.0
Director,Higher Education,31 - 40 years,New York,NY,88000.0
Hardware Engineer,Tech,2 - 4 years,St. Louis,MO,72000.0
Consultant,Consulting,8 - 10 years,Washington,DC,75000.0
Veterinary Technician,Veterinary medicine,11 - 20 years,Pittsburgh,PA,35600.0
Project Engineer,Civil Engineering,2 - 4 years,Dallas,TX,70000.0
Senior Technical Product Manager,IT,11 - 20 years,Dallas,TX,135000.0
Assistant Managing Editor,Media/Journalism,11 - 20 years,New York,NY,105000.0
Library acquisitions specialist,Higher Education,11 - 20 years,Philadelphia,PA,33000.0
Social Media Specialist,Non-profit (medical research),8 - 10 years,Washington,DC,75000.0
Reporter,Journalism,5 - 7 years,Baltimore,MD,45000.0
Archivist,Library--College,8 - 10 years,Chicago,IL,62000.0
Policy Analyst,Government,11 - 20 years,Washington,DC,149000.0
Judicial Law Clerk,Law,2 - 4 years,Chicago,IL,48000.0
Account Manager,Insurance,2 - 4 years,San Diego,CA,44000.0
Associate,Asset Management,8 - 10 years,Dallas,TX,100000.0
Assistant Editor,Health care professional Organization,5 - 7 years,Washington,DC,51000.0
Lead Human Resources Generalist,Nonprofit,5 - 7 years,Seattle,WA,55162.0
Associate,Lawyer,8 - 10 years,Austin,TX,130000.0
Research Director,Politics,5 - 7 years,Washington,DC,80000.0
Graphic Designer,aquaria and conservation,1 year or less,Baltimore,MD,48500.0
Administrative Coordinator,Academic Administration,11 - 20 years,Portland,OR,47237.0
Program Assistant,Higher Education,5 - 7 years,Boston,MA,46000.0
Security Administrator,IT,31 - 40 years,Minneapolis,MN,69000.0
Membership and Operations Manager,Association,11 - 20 years,Washington,DC,60000.0
Designer,Advertising,8 - 10 years,Chicago,IL,65000.0
Marketing Associate,Consumer Packaged Goods,8 - 10 years,Chicago,IL,45000.0
Creative Content Manager,Tech/Startups (Creative focused team),5 - 7 years,New York,NY,110000.0
Benefits Financial Specialist,HR - Higher Ed,5 - 7 years,Chicago,IL,50481.0
Senior Development Manager,"Nonprofit Management, Fundraising",5 - 7 years,New York,NY,70000.0
coffee importer,Coffee,8 - 10 years,Portland,OR,68000.0
LOA Specialist,Telecom,11 - 20 years,Seattle,WA,58000.0
Health Scientist,Research,21 - 30 years,Atlanta,GA,90000.0
HR Manager,Higher Education,8 - 10 years,Denver,CO,55000.0
Junior Project Analyst/Technical Editor,Writing and Editing,2 - 4 years,Washington,DC,55550.0
Senior Business Analyst,Software,8 - 10 years,Austin,TX,98000.0
Payroll & Benefits Manager,Technology,5 - 7 years,Seattle,WA,81000.0
Editor,Media,11 - 20 years,New York,NY,154000.0
Software Engineer,IT,41 years or more,Los Angeles,CA,68000.0
Legal Assistant,Law,21 - 30 years,Chicago,IL,79000.0
Pharmacist,Medicine,5 - 7 years,Boston,MA,120000.0
Grants Manager (Development),Nonprofit (Human Services),8 - 10 years,Baltimore,MD,72000.0
SEO Specialist,Digital Marketing,5 - 7 years,Philadelphia,PA,42000.0
Human Resources Manager,Parks & Rec,11 - 20 years,Denver,CO,90000.0
Bookseller,Retail,5 - 7 years,New York,NY,36400.0
Social Worker,Legal services (nonprofit),8 - 10 years,New York,NY,65000.0
Communications Specialist,Communications,2 - 4 years,Minneapolis,MN,55000.0
Licensed clinical social worker,Social Services,8 - 10 years,Austin,TX,70000.0
QA Technical Manager,Biotechnology,5 - 7 years,San Francisco,CA,100400.0
Accounting Specialist IV,Finance,21 - 30 years,Washington,DC,64000.0
Data Scientist,Government,11 - 20 years,Washington,DC,138000.0
Senior Scientist,Environmental Consulting,11 - 20 years,Pittsburgh,PA,103000.0
"Manager, Demand Generation & Marketing Automation",Marketing,2 - 4 years,Chicago,IL,70000.0
Coder,Health Information Management,2 - 4 years,Pittsburgh,PA,36000.0
Senior Manager,Nonprofit,8 - 10 years,Seattle,WA,135000.0
Digital Marketing Manager,Software,11 - 20 years,Houston,TX,93000.0
Staff Accountant,Utilities,5 - 7 years,Houston,TX,63000.0
Executive Assistant,Nonprofit focused on art,5 - 7 years,Los Angeles,CA,23400.0
Production Coordinator,Event Production,2 - 4 years,New York,NY,58500.0
Senior Software Engineer,IT,8 - 10 years,Baltimore,MD,127600.0
Senior Associate Training & Development,Biotech,11 - 20 years,Los Angeles,CA,80000.0
Implementation Manager,Software,5 - 7 years,Boston,MA,75000.0
Inside Sales,Construction Manufacturing,11 - 20 years,Portland,OR,31000.0
Director,Defense,11 - 20 years,Los Angeles,CA,190000.0
Senior Data Scientist,Nonprofit,11 - 20 years,Washington,DC,145000.0
Software Engineer,Financial Services,11 - 20 years,Chicago,IL,250000.0
Payroll Specialist,Property Management,21 - 30 years,Portland,OR,51000.0
Consulting Manager,Financial Services,2 - 4 years,Boston,MA,89000.0
Senior Project Coordinator,Educational Asessment,11 - 20 years,Washington,DC,58855.0
Video Editor,Creative/Marketing,5 - 7 years,Dallas,TX,50000.0
Office Manager,Nonprofit (legal aid),5 - 7 years,San Francisco,CA,65000.0
Project Coordinator/recruiter,Staffing,2 - 4 years,Atlanta,GA,30000.0
Product Manager,Distribution services,2 - 4 years,Minneapolis,MN,68000.0
Research Associate,Academia,11 - 20 years,Boston,MA,90000.0
Director of Human Resources,Government Contracting,21 - 30 years,Washington,DC,165000.0
Program Manager,Federal contracts/professional services/for profit (education),11 - 20 years,Boston,MA,106000.0
Program Coordinator,Healthcare,5 - 7 years,Philadelphia,PA,53000.0
Partner,Law,11 - 20 years,Atlanta,GA,330000.0
Consultant,Real Estate Development,2 - 4 years,Atlanta,GA,70000.0
Senior Accountant,Telecommunications,5 - 7 years,Chicago,IL,90000.0
Administrative Attorney,Public sector,8 - 10 years,Boston,MA,94000.0
Grants and Contracts Coordinator,Legal (Non-profit),5 - 7 years,New York,NY,60608.0
Actuary,Insurance,8 - 10 years,Portland,OR,125000.0
Senior pre-media specialist,Publishing,8 - 10 years,Boston,MA,57000.0
Senior Academic Associate,Higher Education,21 - 30 years,Minneapolis,MN,67250.0
Assistant General Counsel/Compliance Officer,Legal Compliance,8 - 10 years,New York,NY,180000.0
Librarian,Education,5 - 7 years,Austin,TX,69000.0
Mail Clerk,Non-Profit Art Museum,8 - 10 years,New York,NY,28392.0
Writer/Editor,International Development,8 - 10 years,Washington,DC,71000.0
IT Director,Manufacturing,21 - 30 years,St. Louis,MO,95000.0
Library Circulation Manager,Academia,5 - 7 years,Austin,TX,39000.0
Director of government affairs,Renewable Energy,11 - 20 years,San Francisco,CA,180000.0
Software Engineer,Transportation & Logistics,2 - 4 years,Seattle,WA,90000.0
Program Coordinator,arts administration/higher ed,11 - 20 years,Philadelphia,PA,53000.0
Associate Editor,Publishing,5 - 7 years,Minneapolis,MN,31000.0
"Program Coordinator, Accreditation & Regulatory Compliance",Healthcare (Hospital),21 - 30 years,New York,NY,75000.0
Associate Director,"Higher Ed, Marketing & Communications",11 - 20 years,Philadelphia,PA,59000.0
Project Manager,Entertainment/games,8 - 10 years,Seattle,WA,90000.0
Media Planner + Buyer,Media,5 - 7 years,New York,NY,72500.0
Director,Architecture,11 - 20 years,Chicago,IL,116000.0
Budget and Policy Analyst,Government,8 - 10 years,Seattle,WA,132000.0
Digital Conversion Specialist,Libraries,8 - 10 years,Washington,DC,86000.0
Project Manager,Linguistics,11 - 20 years,Atlanta,GA,76000.0
Principal Mechanical Systems Engineer,Aerospace,11 - 20 years,Washington,DC,126000.0
SEO Manager,Media,8 - 10 years,New York,NY,65000.0
Librarian,Librarianship,11 - 20 years,New York,NY,65000.0
Analyst,Consulting,5 - 7 years,Seattle,WA,50000.0
Senior Manager,Public Relations,8 - 10 years,New York,NY,110000.0
Fundraiser,Nonprofit,11 - 20 years,Washington,DC,115000.0
Software Engineer,Archiving/Tech,5 - 7 years,San Francisco,CA,95000.0
Executive Assistant,Nonprofit,5 - 7 years,New York,NY,51500.0
Director of Customer Success,Technology,11 - 20 years,Chicago,IL,115000.0
Program Specialist,Federal Government,2 - 4 years,Washington,DC,56233.0
Associate Attorney,Law,2 - 4 years,Washington,DC,150000.0
Patent Examiner,Intellectual Property,31 - 40 years,Washington,DC,164000.0
Associate Research Advisor,Technology,1 year or less,Chicago,IL,50000.0
Client Manager,Insurance,11 - 20 years,San Diego,CA,60900.0
Customer Success Manager,Tech,8 - 10 years,Phoenix,AZ,43000.0
Survey Statistician,Survey research,2 - 4 years,Washington,DC,84000.0
Associate General Counsel,Law,21 - 30 years,Atlanta,GA,75000.0
Senior SRE,Tech,5 - 7 years,Seattle,WA,168000.0
Customer Service Representative,Leave of Absence Management,21 - 30 years,Minneapolis,MN,35685.0
Executive Assistant,Finance,5 - 7 years,New York,NY,80000.0
Senior Specialist,Biopharmaceuticals,8 - 10 years,Seattle,WA,104000.0
HR Manager,Healthcare,5 - 7 years,Chicago,IL,80000.0
Librarian,Education,21 - 30 years,Denver,CO,42000.0
Senior Counsel,Non-profit law,8 - 10 years,New York,NY,132000.0
"Director, Analyst",Information services,11 - 20 years,Chicago,IL,113950.0
Data Scientist,Legal non profit,8 - 10 years,New York,NY,102000.0
Senior Manager,Development,5 - 7 years,New York,NY,70000.0
Director of Solution Delivery,Website Development Consultancy,11 - 20 years,Chicago,IL,118000.0
Registered Dietitian,Healthcare,2 - 4 years,Chicago,IL,60000.0
Graduate Research Assistant,Public Health/Academia,8 - 10 years,Chicago,IL,23762.0
Booking agent,Performing Arts,8 - 10 years,New York,NY,65000.0
Office Administrator,Architecture,5 - 7 years,Portland,OR,46000.0
Senior Marketing Manager,Publishing,8 - 10 years,New York,NY,75000.0
Paralegal,Legal,11 - 20 years,Chicago,IL,60000.0
Data Scientist,Technology,5 - 7 years,New York,NY,165000.0
Associate Director of Publicity,Publishing,11 - 20 years,New York,NY,90000.0
Chief Assistant Public Defender,Legal,31 - 40 years,Atlanta,GA,99000.0
Functional Analyst,IT Consulting,2 - 4 years,Washington,DC,88000.0
Programs Support Supervisor,Education Non-profit,11 - 20 years,Seattle,WA,55000.0
Facilities Project Planning Coordinator,Sports,5 - 7 years,New York,NY,70000.0
Associate Financial Planner,Retail,11 - 20 years,New York,NY,78500.0
Camp Director,Non-profit youth development,5 - 7 years,New York,NY,65000.0
"Senior Manager, Digital Production",Publishing,11 - 20 years,New York,NY,71014.0
Staff Accountant,Legal Services,2 - 4 years,Portland,OR,66000.0
Director of Customer Service,B2B Sales,11 - 20 years,Dallas,TX,102888.0
Annual Fund Manager,Cultural Nonprofit (like museums),5 - 7 years,Denver,CO,64000.0
Program Administrator,Nonprofit/Government,11 - 20 years,Washington,DC,74000.0
HR Manager,Hospitality,11 - 20 years,Houston,TX,84460.0
Deputy Court Clerk,Government,8 - 10 years,San Francisco,CA,54000.0
Youth Services Librarian,Public Libraries,11 - 20 years,Philadelphia,PA,32000.0
Curator,Zoos,31 - 40 years,St. Louis,MO,75000.0
Infection Preventionist,Healthcare,5 - 7 years,Philadelphia,PA,78000.0
Planned Giving Assistant,Sort-of-Government-Run Performing Arts Nonprofit,5 - 7 years,Washington,DC,36000.0
Sales Manager,Fin tech,5 - 7 years,New York,NY,90000.0
Operations/Production Manager,Advertising/sales-LGBTQ focused,11 - 20 years,Atlanta,GA,50000.0
Assessment Coordinator/Analyst,Higher Education,5 - 7 years,Houston,TX,48277.0
IT Support Technician,Advertising,2 - 4 years,Boston,MA,46500.0
Project Coordinator,Marketing/Fundraising,11 - 20 years,New York,NY,45000.0
Associate,Nonprofit,2 - 4 years,Washington,DC,49500.0
Senior Assistant,Healthcare non-profit,8 - 10 years,Boston,MA,50022.0
Director of Internal Controls,Insurance,11 - 20 years,New York,NY,128000.0
Data Analyst,Software as a Service(SaaS),5 - 7 years,Dallas,TX,53000.0
Associate,Healthcare,1 year or less,Washington,DC,57000.0
Copywriter,Advertising,2 - 4 years,New York,NY,65000.0
copy chief or chief copy editor,Publishing,31 - 40 years,New York,NY,110000.0
Assistant Director,Nonprofit,5 - 7 years,New York,NY,68000.0
Special Education Teacher,Education,5 - 7 years,Boston,MA,56000.0
Research Associate,Research/Public Policy,2 - 4 years,Washington,DC,51500.0
Media Relations Associate,Public Relations,2 - 4 years,Washington,DC,51860.0
Paralegal,Legal,5 - 7 years,Boston,MA,68000.0
Associate Survey Manager,Compensation,5 - 7 years,Minneapolis,MN,64000.0
Senior Database Administrator,IT,21 - 30 years,St. Louis,MO,98500.0
Preservation Planner,Environmental Planning,8 - 10 years,Boston,MA,71000.0
"Senior Director, Admin",Nonprofit,11 - 20 years,Washington,DC,80000.0
Junior project scheduler,Government Contractor,8 - 10 years,Washington,DC,80000.0
Program Coordinator,Healthcare,2 - 4 years,Chicago,IL,40000.0
Human Resources Director,Healthcare,31 - 40 years,Seattle,WA,160000.0
Portfolio Analyst,Financial Services,5 - 7 years,New York,NY,225000.0
Proposal Manager,IT/Software,11 - 20 years,Denver,CO,86000.0
Business Analyst,Transportation policy,1 year or less,New York,NY,65500.0
Secretary,Law,11 - 20 years,Austin,TX,64000.0
Manager of temporary art exhibitions,Arts and Culture,11 - 20 years,San Francisco,CA,96000.0
Enrichment and behavior specialist,Biological/biomedical research,8 - 10 years,San Francisco,CA,64000.0
Principal Engineer,Aerospace,11 - 20 years,Phoenix,AZ,110000.0
Senior Consultant,Manufacturing,11 - 20 years,Atlanta,GA,185000.0
Consultant,Consulting,8 - 10 years,Minneapolis,MN,103000.0
Principal Program Manager,Technology,11 - 20 years,Boston,MA,147000.0
Donor Specialist,Nonprofit,5 - 7 years,Seattle,WA,43000.0
Policy Associate,Environment,2 - 4 years,Denver,CO,58000.0
Customer Experience Lead,Tech,11 - 20 years,Portland,OR,100000.0
Director of Human Resources,HR - Higher Ed,31 - 40 years,Boston,MA,102000.0
Senior Attorney,Nonprofit,11 - 20 years,Washington,DC,85000.0
Operations Manager,Catering (Wedding & Other Events),8 - 10 years,Portland,ME,65000.0
Librarian,Libraries,5 - 7 years,Baltimore,MD,45000.0
Software Engineer,Technology,8 - 10 years,Chicago,IL,94000.0
Marketing Manager,CPG,5 - 7 years,Dallas,TX,115000.0
Principal Software Engineer,Software,8 - 10 years,Portland,OR,195000.0
Tax Specialist,Oil & Gas,5 - 7 years,Pittsburgh,PA,75000.0
Gift Planning Officer,Nonprofit,8 - 10 years,Washington,DC,80000.0
General Manager,Parking,11 - 20 years,Phoenix,AZ,60000.0
Executive Director,Academia,11 - 20 years,Portland,OR,150000.0
DBA,IT,11 - 20 years,St. Louis,MO,109000.0
Librarian,Professional/Trade Associations,8 - 10 years,Washington,DC,55000.0
Assistant Editor,Publishing,2 - 4 years,New York,NY,45500.0
RIM Administrator,Biotech,21 - 30 years,Boston,MA,105000.0
Economist,Federal Government,5 - 7 years,Washington,DC,88959.0
Client Support,Early Childhood Education,8 - 10 years,Minneapolis,MN,35500.0
Quality Systems Administrator,Medical Devices,8 - 10 years,Portland,OR,45000.0
Product Manager,Educational Technology,8 - 10 years,Minneapolis,MN,67000.0
Policy Analyst,Nonprofit sector/public policy,5 - 7 years,Washington,DC,65000.0
Associate Analyst,Grocery/Retail,5 - 7 years,Austin,TX,49000.0
Manager,Nonprofit,8 - 10 years,Dallas,TX,70000.0
Department Head,Technology,8 - 10 years,Washington,DC,150000.0
Associate,Law,5 - 7 years,Chicago,IL,280000.0
Project Accountant,Architecture,8 - 10 years,San Francisco,CA,56000.0
Office Manager,Market Research,5 - 7 years,Washington,DC,67000.0
Senior Analyst,Public Safety,21 - 30 years,Portland,OR,88100.0
Chief of Staff,Higher Education,11 - 20 years,New York,NY,130000.0
Manager,Advertising,8 - 10 years,New York,NY,90000.0
Executive Administrative Assistant,Finance,2 - 4 years,Minneapolis,MN,50000.0
Associate,Consulting,1 year or less,New York,NY,73000.0
Policy Director,Nonprofit/Education/Association,21 - 30 years,Washington,DC,84000.0
Director,Finance,8 - 10 years,New York,NY,280000.0
Business Manager,Government consulting,8 - 10 years,Washington,DC,111500.0
Assistant Editor,Publishing,5 - 7 years,New York,NY,45390.0
Executive Assistant,Nonprofit,8 - 10 years,Washington,DC,59000.0
Analyst,Mortgage Industry,8 - 10 years,Denver,CO,40000.0
Manager of Media Relations,Nonprofit,8 - 10 years,New York,NY,75000.0
Major Gifts Officer,Nonprofit,11 - 20 years,Minneapolis,MN,70000.0
Research Associate,Healthcare,11 - 20 years,Portland,ME,52000.0
Associate,Nonprofit,8 - 10 years,New York,NY,100000.0
HR Administrator,Tech (software),5 - 7 years,Boston,MA,60000.0
Project Manager,Healthcare,21 - 30 years,Boston,MA,118000.0
Technical Product Manager,Travel,21 - 30 years,Los Angeles,CA,71000.0
Facilities Manager,Retail,21 - 30 years,St. Louis,MO,71600.0
Digital Communications Manager,Communications,11 - 20 years,St. Louis,MO,131000.0
Creative Director,Pet care (corporate),8 - 10 years,Los Angeles,CA,65000.0
Director of Administration,Higher Education,31 - 40 years,New York,NY,100000.0
Operations Manager,Food Manufacturing,8 - 10 years,New York,NY,50000.0
Landscape Designer,Landscape,5 - 7 years,Chicago,IL,45000.0
Attorney,Legal,8 - 10 years,Phoenix,AZ,105000.0
Training & Program Development Assistant,Training & Development,1 year or less,Pittsburgh,PA,36400.0
R&D Manager,Chemical,5 - 7 years,Chicago,IL,119000.0
Business Intelligence Analyst,Software,5 - 7 years,Boston,MA,100000.0
Science writer,science writing,5 - 7 years,Seattle,WA,84000.0
Software Engineer,Technology,5 - 7 years,Boston,MA,72000.0
Member Advisor,Banking,8 - 10 years,Portland,OR,38000.0
Image Request Coordinator,Research library,8 - 10 years,New York,NY,44000.0
Associate Project Manager,Aerospace,11 - 20 years,Denver,CO,72000.0
Certification Manager,Association,8 - 10 years,Washington,DC,85000.0
National Campus Leader,Human Resources,2 - 4 years,New York,NY,75000.0
Senior Information Officer,Government Contractor,5 - 7 years,Washington,DC,80000.0
Research Manager,Public Health,5 - 7 years,Dallas,TX,65000.0
Office Manager,Nonprofit,2 - 4 years,Boston,MA,47500.0
Director,Public Affairs,5 - 7 years,Washington,DC,87500.0
Senior Internal Auditor,Internal Auditor - Insurance,11 - 20 years,Chicago,IL,93500.0
Digital Marketing Manager,Publishing,8 - 10 years,San Francisco,CA,58500.0
Researcher,Consulting,11 - 20 years,Minneapolis,MN,98000.0
Assistant Director of Education,Museum and Heritage,5 - 7 years,Boston,MA,55000.0
Technology Strategist,Healthcare IT,8 - 10 years,Los Angeles,CA,110000.0
Database Administrator,Development,2 - 4 years,Chicago,IL,47000.0
Senior Research Associate,criminal justice non-profit,11 - 20 years,Austin,TX,80000.0
Digital Media Coordinator,"Embassy, Digital Media",2 - 4 years,Washington,DC,42000.0
Director Front End Technologies,Web Development,11 - 20 years,Washington,DC,115000.0
Vendor Manager,Language Services,5 - 7 years,New York,NY,65000.0
Data Analyst,Financial Services,8 - 10 years,New York,NY,112000.0
Epidemiologist,Government,8 - 10 years,Washington,DC,110000.0
Recruiter,Consulting,5 - 7 years,Portland,OR,72500.0
User Operations,User Operations / Ed-Tech,5 - 7 years,San Francisco,CA,80000.0
Youth Services Librarian,Libraries,2 - 4 years,Dallas,TX,46300.0
Office Manager,Nonprofit,21 - 30 years,Seattle,WA,90000.0
Legislative Aide (Congress),Government,1 year or less,New York,NY,46000.0
Law Clerk,Law,8 - 10 years,Atlanta,GA,110000.0
Senior Business Analyst,Marketing,8 - 10 years,Boston,MA,90000.0
EDI,Garment,41 years or more,New York,NY,66000.0
junior web designer,Hospitality,5 - 7 years,New York,NY,57000.0
Project Director,Nonprofit,8 - 10 years,Washington,DC,75000.0
"Public Relations, Senior Manager",Technology,11 - 20 years,Boston,MA,193000.0
Investment Adviser,Financial Services,11 - 20 years,Atlanta,GA,120000.0
Analyst,Payments/Financial Services,8 - 10 years,Houston,TX,67000.0
Resident Physician (Intern),Healthcare,1 year or less,Chicago,IL,54000.0
Supply Chain Manager,CPG,8 - 10 years,Los Angeles,CA,90000.0
IT Lead,Pharma,11 - 20 years,Philadelphia,PA,162000.0
Senior Software Engineer,Electronic Design Automation,11 - 20 years,Portland,OR,105000.0
Bibliographic specialist,Academia,21 - 30 years,Philadelphia,PA,60000.0
Program Coordinator,Higher Education,5 - 7 years,St. Louis,MO,45500.0
Project Engineer,Automotive,11 - 20 years,New York,NY,74500.0
Office Manager,Tech,2 - 4 years,Austin,TX,48000.0
Project Manager,publishing & media,11 - 20 years,New York,NY,62000.0
Director of Talent,SaaS,11 - 20 years,Boston,MA,100000.0
Union Organizer,Activism,2 - 4 years,San Diego,CA,55000.0
Accounting Manager,Food & Beverage,8 - 10 years,Boston,MA,96000.0
Director of Communications,State Government,5 - 7 years,Atlanta,GA,100000.0
Data Scientist,Energy,5 - 7 years,Houston,TX,92500.0
Senior Actuarial Analyst,Insurance,5 - 7 years,Philadelphia,PA,115000.0
Billing Specialist,Entertainment Technology,11 - 20 years,Los Angeles,CA,69000.0
Social Media Specialist,Digital Marketing,2 - 4 years,Minneapolis,MN,60000.0
Ethics Manager,Banking,11 - 20 years,Atlanta,GA,92500.0
Attorney,Legal,21 - 30 years,Washington,DC,170000.0
Instructional Designer,Healthcare,8 - 10 years,Seattle,WA,70000.0
Product Manager,Online media/tech,11 - 20 years,New York,NY,100000.0
College Success Advisor,Education Non-profit,21 - 30 years,Boston,MA,47500.0
Associate Provost,Higher Education,11 - 20 years,St. Louis,MO,112000.0
Executive Assistant,Management Consulting,11 - 20 years,Chicago,IL,75000.0
Creative Director,PR,8 - 10 years,Chicago,IL,70000.0
Associate Attorney,Legal,5 - 7 years,San Diego,CA,105000.0
Administrative Assistant,Religious Institution,8 - 10 years,New York,NY,56000.0
Director,Insurance (Property Casualty),11 - 20 years,Minneapolis,MN,104000.0
Product Marketing Manager,Tech,2 - 4 years,New York,NY,90000.0
Office Manager,Higher Ed,11 - 20 years,Portland,OR,52000.0
Senior Content Marketing Strategist,Tech,21 - 30 years,Chicago,IL,82500.0
Associate Attorney,Legal,2 - 4 years,Pittsburgh,PA,220000.0
"Teacher, private high school",Education,8 - 10 years,Los Angeles,CA,82000.0
Director,Market Research,11 - 20 years,New York,NY,95000.0
Operations Manager,Technology,2 - 4 years,Washington,DC,87000.0
Editor-in-Chief,Media,8 - 10 years,Washington,DC,160000.0
Senior Applied Data Scientist,Political Consulting,2 - 4 years,Washington,DC,92000.0
Director of Admissions,Education,8 - 10 years,Philadelphia,PA,55000.0
Public Affairs Specialist,Federal Government,2 - 4 years,Washington,DC,81000.0
Operations Director,Wireless adjacent,5 - 7 years,Denver,CO,62000.0
"VP, Portfolio Manager",Banking,8 - 10 years,Atlanta,GA,115000.0
Marketing Communications Specialist,Healthcare,2 - 4 years,Atlanta,GA,52000.0
Content Strategist,Technology,8 - 10 years,San Francisco,CA,105000.0
Senior HR Generalist,Legal,8 - 10 years,Chicago,IL,89000.0
"Director, Development Communications",Public Media,11 - 20 years,Minneapolis,MN,105000.0
HR Supervisor,Legal,8 - 10 years,Boston,MA,105000.0
Managing Editor,Media/Journalism,11 - 20 years,Portland,ME,40000.0
Vice President,Consulting,11 - 20 years,Chicago,IL,109000.0
Associate Professor,Education,5 - 7 years,Baltimore,MD,71050.0
Marketing Director,Public Accounting,21 - 30 years,Philadelphia,PA,175000.0
"Director, Donor Relations",Fundraising/Donor Relations,11 - 20 years,Los Angeles,CA,97500.0
Executive Assistant,Academia,8 - 10 years,Portland,OR,53000.0
Process Consultant,Healthcare,5 - 7 years,Pittsburgh,PA,79000.0
Senior Data Scientist,Technology,8 - 10 years,Boston,MA,140000.0
Program Associate,Nonprofit,5 - 7 years,Austin,TX,34000.0
Registered dietitian/department manager,Healthcare/not for profit,5 - 7 years,St. Louis,MO,58475.0
Scheduling Coordinator/Office Admin,Temporary staffing,11 - 20 years,Seattle,WA,35000.0
Graphic Designer,Food and Beverage,2 - 4 years,New York,NY,47000.0
TV News Producer,Journalism,11 - 20 years,Chicago,IL,80000.0
Proposal Manager,Health Insurance (Pharmacy Benefits Manager),31 - 40 years,Philadelphia,PA,77000.0
General Manager,Financial Services,11 - 20 years,Atlanta,GA,85000.0
Accountant,Fabric,5 - 7 years,New York,NY,35000.0
Assistant Dean,Higher Education,11 - 20 years,Baltimore,MD,92000.0
Project Manager,Insurance,11 - 20 years,Philadelphia,PA,88000.0
Manager,Healthcare,21 - 30 years,New York,NY,62500.0
Editor,Marketing,11 - 20 years,Austin,TX,60000.0
Transportation Engineer,State Government,11 - 20 years,Houston,TX,66000.0
Sales Administrative Coordinator,Truck leasing,8 - 10 years,Pittsburgh,PA,37000.0
Assistant Editor,Publishing,5 - 7 years,New York,NY,42000.0
Program Associate,Non profit; academic society,1 year or less,Washington,DC,36000.0
Human Resources & Payroll Manager,Information Technology,11 - 20 years,San Francisco,CA,85000.0
Senior Guest Service Specialist,Hospitality / Administration,5 - 7 years,Boston,MA,50250.0
SEO & Content Specialist,Online Marketing,11 - 20 years,St. Louis,MO,56000.0
"Director, Market Transparency",Financial Services,11 - 20 years,Washington,DC,143000.0
Digital Marketing Manager,Tech,5 - 7 years,Seattle,WA,80000.0
Instructional Designer,Higher Education,2 - 4 years,Minneapolis,MN,62000.0
"Associate Vice President, Human Capital",Human Services,21 - 30 years,New York,NY,139000.0
Senior Researcher,Nonprofit,11 - 20 years,Minneapolis,MN,40400.0
Event Planner,Government consulting,8 - 10 years,Washington,DC,50000.0
Senior business analyst,Health Insurance,8 - 10 years,Philadelphia,PA,85500.0
Research Specialist,Public Library,11 - 20 years,Boston,MA,75000.0
Senior director workforce operations,Technology,21 - 30 years,St. Louis,MO,164000.0
Operations Manager,Nonprofit,8 - 10 years,Washington,DC,72000.0
Music Coordinator,Music Licensing,2 - 4 years,New York,NY,42160.0
growth & partnerships manager,Nonprofit,5 - 7 years,Chicago,IL,60500.0
Managing attorney,Legal services (nonprofit),5 - 7 years,Houston,TX,82000.0
Supervising Librarian,Libraries,11 - 20 years,Seattle,WA,94379.0
Scholarship Officer,Academia,11 - 20 years,New York,NY,61500.0
Marketing Manager,Book publishing,5 - 7 years,New York,NY,57000.0
Software Implementation Engineer,Software,11 - 20 years,Seattle,WA,130000.0
HR Generalist,Government,11 - 20 years,St. Louis,MO,56000.0
Program Manager,Medical Education,31 - 40 years,Portland,ME,68770.0
Assistant Professor of History,Academia,8 - 10 years,Pittsburgh,PA,58700.0
Marketing Director,Manufacturing,21 - 30 years,Austin,TX,160000.0
Software Engineer,Healthcare,11 - 20 years,Denver,CO,95000.0
Frontline manager,US Federal Government,8 - 10 years,Washington,DC,117000.0
Production Assistant,museum/government,11 - 20 years,Washington,DC,65000.0
Consumer Loans Operations Specialist,Banking (credit union),8 - 10 years,Seattle,WA,40500.0
Video Editor,Market Research,8 - 10 years,St. Louis,MO,65000.0
Principal,Forensic Accounting,8 - 10 years,Washington,DC,145000.0
VP,Music,8 - 10 years,New York,NY,180000.0
Senior Data Analyst,Healthcare,8 - 10 years,Seattle,WA,105000.0
Publisher,Publishing,11 - 20 years,Philadelphia,PA,90000.0
Records Manager,Oil & Gas,11 - 20 years,Denver,CO,84460.0
Executive Assistant,Municipal Government,21 - 30 years,New York,NY,90000.0
Therapist,Mental Healthcare,11 - 20 years,Atlanta,GA,50000.0
Planner,Nonprofit,2 - 4 years,New York,NY,44000.0
Marketing Manager,Healthcare,21 - 30 years,Chicago,IL,136000.0
Senior Marketing Manager,Marketing for a manufacturer,8 - 10 years,Boston,MA,80000.0
Data Analyst,Immigration Law,8 - 10 years,San Francisco,CA,85000.0
Editor,Government training,21 - 30 years,Seattle,WA,67000.0
Senior Quality Assurance Engineer,Software,11 - 20 years,Seattle,WA,106000.0
Sales Operations Associate,Sales,2 - 4 years,Boston,MA,45000.0
Volunteer Coordinator,Nonprofit,2 - 4 years,Chicago,IL,34500.0
Senior Associate,Tax/Legal,2 - 4 years,Washington,DC,101000.0
Archivist,Library/Academia,8 - 10 years,New York,NY,72000.0
Associate,Legal,5 - 7 years,Chicago,IL,280000.0
Assistant/Junior Designer,Publishing,2 - 4 years,New York,NY,40000.0
Software Engineer,Tech,2 - 4 years,New York,NY,90000.0
Marketing Coordinator,Marketing,8 - 10 years,New York,NY,47000.0
Executive Assistant,Nonprofit,11 - 20 years,Phoenix,AZ,60900.0
Video Editor,TV Production,21 - 30 years,Philadelphia,PA,91000.0
Assistant Director,Higher Education,2 - 4 years,Philadelphia,PA,38000.0
Human Resources Manager,Construction,5 - 7 years,Seattle,WA,66560.0
Marketing Manager,Technology,2 - 4 years,Seattle,WA,77000.0
Assistant Production Director,Performing Arts,11 - 20 years,Minneapolis,MN,50000.0
Development Associate,Nonprofit,2 - 4 years,Portland,OR,49920.0
Lead Data Analyst,Big Data,2 - 4 years,New York,NY,80400.0
Administrative Coordinator,Academia (at a university),8 - 10 years,Boston,MA,43000.0
Lead Analyst,Utilities,11 - 20 years,Atlanta,GA,106000.0
Receptionist,Law,2 - 4 years,Boston,MA,33000.0
Proposal Manager,Engineering / Construction,8 - 10 years,Denver,CO,115000.0
Assistant Professor,Academia,1 year or less,Washington,DC,115000.0
Senior Consultant,Consulting,5 - 7 years,Washington,DC,140000.0
Law Clerk,Legal - federal government,1 year or less,Washington,DC,56000.0
Process Improvement Specialist,Government,5 - 7 years,Denver,CO,65000.0
Economist,Public sector,8 - 10 years,Seattle,WA,96000.0
Specialist,Association Management,11 - 20 years,Chicago,IL,54039.0
Account Manager,Advertising,2 - 4 years,New York,NY,65000.0
Event Manager,Non-Profit (Think Tank),5 - 7 years,Washington,DC,60000.0
Processing Archivist (specialist 2),Libraries,5 - 7 years,New York,NY,63312.0
Platform Engineer,Transportation,21 - 30 years,St. Louis,MO,135000.0
Sales Analyst,Lottery,5 - 7 years,Chicago,IL,72100.0
Project Manager,Legal,8 - 10 years,Philadelphia,PA,75000.0
Director of Communications and Operations,Social Work - Nonprofit,11 - 20 years,Dallas,TX,61000.0
Legal Assistant,Legal,31 - 40 years,Houston,TX,70000.0
Associate Director,Non Profit (Fundraising),5 - 7 years,Boston,MA,74000.0
Director of Software Engineering,Tech,11 - 20 years,Boston,MA,180000.0
Senior Tech Appl Analyst,Human Capital Management,11 - 20 years,Minneapolis,MN,69042.0
Senior Instructional Designer,Healthcare Insurance,21 - 30 years,Denver,CO,83000.0
Records Analyst,Utilities,11 - 20 years,Phoenix,AZ,64000.0
Director of Quality Assurance,Fashion,21 - 30 years,New York,NY,110000.0
Accounts Receivable Clerk/Inventory Control,Seafood Processing,11 - 20 years,Portland,ME,41080.0
Literary Agent,Publishing,11 - 20 years,New York,NY,80000.0
Communications and Development Director,Nonprofit fundraising,11 - 20 years,San Francisco,CA,125000.0
Key Costumer,Television Production,8 - 10 years,Los Angeles,CA,95000.0
US Office Manager,Fintech,5 - 7 years,New York,NY,72000.0
Youth Suicide Prevention Program Coordinator,Nonprofit mental health awareness,2 - 4 years,Boston,MA,42000.0
Economist,Government,8 - 10 years,Chicago,IL,88000.0
"Analyst, Labor and Employee Relations",HR,11 - 20 years,San Francisco,CA,76800.0
Staff Accountant,Accounting,2 - 4 years,Boston,MA,50000.0
"Health, Safety, Environment, and Security Manager",Chemical Manufacturing,21 - 30 years,Pittsburgh,PA,116000.0
Library Media Specialiat,Education,8 - 10 years,St. Louis,MO,57000.0
Project Manager,Higher Ed,5 - 7 years,Los Angeles,CA,53000.0
Office Manager,Tech,5 - 7 years,San Francisco,CA,72000.0
Family law attorney,Legal,5 - 7 years,San Francisco,CA,95000.0
Principal Web Developer,Nonprofit,8 - 10 years,Boston,MA,105000.0
Research Assistant,Cancer Research,8 - 10 years,Seattle,WA,41000.0
Pharmacist,Managed Care (Health care),2 - 4 years,San Francisco,CA,140000.0
Communications Manager,Nonprofit,8 - 10 years,Washington,DC,90000.0
Program Administrator,Higher Education Administration,5 - 7 years,Boston,MA,53560.0
Network Engineer,Non-profit tech,8 - 10 years,San Francisco,CA,102000.0
Proposal Writer,Business Development,8 - 10 years,Washington,DC,76000.0
Team manager,Environmental due diligence,11 - 20 years,Denver,CO,85000.0
"Technical Writer, Hardware",Tech,8 - 10 years,New York,NY,100000.0
Computer Systems Engineer 1,Defense Research,11 - 20 years,Washington,DC,100000.0
Tax Manager,Leasing,8 - 10 years,Philadelphia,PA,69000.0
Director of Accounting,Retail,8 - 10 years,Boston,MA,82000.0
Department Manager,Retail,2 - 4 years,Austin,TX,45000.0
Software Engineer,Software,2 - 4 years,Denver,CO,77000.0
Digital Content Specialist,Publishing,11 - 20 years,New York,NY,73500.0
"Senior Vice President, Human Resources",Technology,11 - 20 years,New York,NY,230000.0
Proofreader,Publishing,11 - 20 years,Los Angeles,CA,60000.0
Senior Digital Project Manager,Tech/Media,5 - 7 years,Austin,TX,87500.0
Curator,Museum/arts,5 - 7 years,Washington,DC,68000.0
Senior Project Accountant,Design/Engineering,21 - 30 years,New York,NY,99000.0
Test Engineer,Defense,8 - 10 years,Denver,CO,101000.0
Associate Producer,Events / experience mktg,2 - 4 years,Washington,DC,70000.0
Associate,Law,5 - 7 years,New York,NY,83000.0
Software Engineer,Software Development,8 - 10 years,St. Louis,MO,80000.0
Office Manager,Nonprofit,21 - 30 years,Austin,TX,47000.0
"Senior Associate, Grantwriter",Environmental non-profit,5 - 7 years,Boston,MA,50000.0
Senior Tax Associate,Wealth Management,5 - 7 years,Philadelphia,PA,91000.0
Director,Diversity and Inclusion - higher education/student affairs,8 - 10 years,Atlanta,GA,65000.0
Senior Project Manager,Nonprofit - energy efficiency,5 - 7 years,Chicago,IL,73000.0
Lending Officer,Mortgage,11 - 20 years,Minneapolis,MN,87000.0
Deputy Commissioner,Govt,21 - 30 years,New York,NY,150000.0
Software Engineer,Computer Software,5 - 7 years,Atlanta,GA,66000.0
Senior Associate,Nonprofit communications,8 - 10 years,Washington,DC,78000.0
Manager,Publishing,21 - 30 years,Washington,DC,91000.0
CRM Manager,Retail,8 - 10 years,San Diego,CA,80000.0
Inside Sales Representative,Sales,5 - 7 years,Atlanta,GA,85000.0
Director of Human Resources,Healthcare,8 - 10 years,Minneapolis,MN,120000.0
Senior Technical Program Manager,Technology,21 - 30 years,Seattle,WA,160000.0
Web writer,Higher Ed,11 - 20 years,New York,NY,79500.0
Human Resources Business Partner,Technology,21 - 30 years,Boston,MA,101000.0
"Assistant Director, Annual Giving, Membership, and Donor Engagement",Nonprofit fundraising,11 - 20 years,New York,NY,79000.0
"Senior Associate Director, Career Development",Higher Education,21 - 30 years,New York,NY,75000.0
Grants Manager,Nonprofit,2 - 4 years,New York,NY,78000.0
Associate Professor,Academia,11 - 20 years,Chicago,IL,85000.0
Programmer Analyst,Clinical Research,11 - 20 years,Washington,DC,76000.0
Policy Research Director,State Government,5 - 7 years,Boston,MA,54000.0
Senior Outreach Coordinator,Nonprofit,8 - 10 years,Washington,DC,64169.0
Head of Brand,Consumer Goods,2 - 4 years,Los Angeles,CA,85000.0
Senior Associate,Consulting,5 - 7 years,Washington,DC,105000.0
Program Specialist,Academia,5 - 7 years,Baltimore,MD,50000.0
Senior Manager for Artificial Intelligence,Technology,11 - 20 years,Boston,MA,220000.0
Staff Attorney,Legal Services,11 - 20 years,Portland,OR,54600.0
Graduate Medical Education Program Coordinator,Healthcare Administration,5 - 7 years,Dallas,TX,51000.0
Grant Coordinator,Higher Education,11 - 20 years,Minneapolis,MN,75000.0
Executive Director,Arts nonprofit -- classical music performance,41 years or more,San Francisco,CA,108000.0
Senior Digital Sales Planner,Digital Advertising,8 - 10 years,San Diego,CA,60000.0
Enrollment  Specialist,Nonprofit social services,2 - 4 years,Philadelphia,PA,32000.0
Software Engineer,Tech (Adtech startup),5 - 7 years,New York,NY,140000.0
Docket Coordinator,Law,2 - 4 years,St. Louis,MO,31000.0
Business Applications Analyst,SaaS,8 - 10 years,Los Angeles,CA,78948.0
Associate,Law (BigLaw),5 - 7 years,Washington,DC,355000.0
Entertainment Director,Hospitality Industry,1 year or less,Chicago,IL,60000.0
Senior Regulatory Counsel,Financial Services,5 - 7 years,Denver,CO,82500.0
Senior Accountant,Manufacturing,21 - 30 years,Portland,OR,77000.0
Specialist,Film and Television,5 - 7 years,Los Angeles,CA,150000.0
Inventory Manager,Logistics/Warehousing,2 - 4 years,New York,NY,45000.0
Business Analyst,Marketing sales,11 - 20 years,Minneapolis,MN,60000.0
Technical trainer,Pharma,11 - 20 years,San Diego,CA,90000.0
Senior Digital Marketing Manager,Publishing,8 - 10 years,New York,NY,75000.0
California Policy Manager,Nonprofit,5 - 7 years,San Francisco,CA,65000.0
Coordinator,Education,2 - 4 years,Baltimore,MD,39000.0
Senior Campus Recruiter,Consulting,8 - 10 years,New York,NY,73000.0
Teacher,Education,8 - 10 years,Washington,DC,68000.0
IT Engineer,Banking,11 - 20 years,Minneapolis,MN,118000.0
Graduate Student,Biomedical Research,1 year or less,Houston,TX,31000.0
Senior Finance Manager,Consumer Product Goods,11 - 20 years,Philadelphia,PA,142000.0
Compensation Analyst,Healthcare Human Resources,8 - 10 years,Baltimore,MD,70000.0
Associate,Law,2 - 4 years,Washington,DC,170000.0
Developer Marketing Manager,Tech-Payments,8 - 10 years,Denver,CO,75000.0
Senior Associate,Public Relations/Consulting,2 - 4 years,New York,NY,100000.0
Clinical Research Specialist,Medical Research,8 - 10 years,New York,NY,65000.0
Attorney,Energy,8 - 10 years,Seattle,WA,168000.0
Asst prof,Academia,11 - 20 years,St. Louis,MO,98640.0
Registrar Coordinator,Higher Education,11 - 20 years,Pittsburgh,PA,47500.0
Marine Engineer,Ship repair,21 - 30 years,San Diego,CA,160000.0
Asset management analyst,Non-profit housing,5 - 7 years,Denver,CO,60000.0
Librarian,Academia,11 - 20 years,Pittsburgh,PA,58000.0
"Director, eCommerce",Corporate Retail,11 - 20 years,New York,NY,129100.0
Account Manager,Financial Services,11 - 20 years,Dallas,TX,68000.0
Associate Content Strategist,Marketing,8 - 10 years,New York,NY,55000.0
Technical Writer,Technology,11 - 20 years,Seattle,WA,150000.0
Deputy Recorder/customer service specialist III,County Government,11 - 20 years,Seattle,WA,45000.0
Senior Product Manager,Technology,31 - 40 years,New York,NY,120000.0
UX Consultant,Higher Education,11 - 20 years,Denver,CO,69000.0
Reporter,Journalism,2 - 4 years,Washington,DC,57000.0
PhD student/researcher,Biophysics,2 - 4 years,Boston,MA,37260.0
Compliance policy manager,Financial Services,8 - 10 years,Denver,CO,134000.0
Sales Associate,Customer Service,1 year or less,Washington,DC,24000.0
Senior performance analyst,City Government,5 - 7 years,San Francisco,CA,97000.0
Metadata Librarian,Libraries,2 - 4 years,Washington,DC,41600.0
Data Operations Manager,Finance (Wealth Management),8 - 10 years,New York,NY,120000.0
Grants Manager,Philanthropy,5 - 7 years,New York,NY,57000.0
Supplier Quality Assurance,Food Manufacturing,8 - 10 years,Chicago,IL,86000.0
Quantitative Trader,Finance,1 year or less,New York,NY,175000.0
HR Specialist,Financial,2 - 4 years,Portland,OR,49500.0
Senior Impact & Information Management Officer,Social Certification,8 - 10 years,Chicago,IL,65000.0
Front End Team Lead,Development,5 - 7 years,Minneapolis,MN,61000.0
Assistant Project Manager,Real Estate Development,2 - 4 years,Chicago,IL,65000.0
Infrastructure administrator,IT,8 - 10 years,Chicago,IL,117000.0
HR Generalist,Higher Education,8 - 10 years,Atlanta,GA,48000.0
Senior Manager Software Development,Tech / non profit,21 - 30 years,Washington,DC,125000.0
Senior Associate,Federal Consulting,5 - 7 years,Washington,DC,115000.0
Librarian,Education,8 - 10 years,Boston,MA,62269.0
"Specialist, Publications",Association,2 - 4 years,Chicago,IL,45000.0
Philanthropy advisor,B-corp,5 - 7 years,San Francisco,CA,75000.0
Fundraising Manager,Nonprofit,2 - 4 years,Atlanta,GA,48000.0
Program Administrator,specialty society for healthcare,2 - 4 years,New York,NY,56650.0
Managing Editor,Journalism,11 - 20 years,Washington,DC,94500.0
Senior Information Architect,Tech,5 - 7 years,Seattle,WA,165000.0
Financial Aid Counselor,Higher Education,11 - 20 years,Austin,TX,38840.0
"Senior Manager, Growth",Media,5 - 7 years,New York,NY,90000.0
Engineering Manager,Tech,8 - 10 years,Washington,DC,160000.0
Manufacturing Engineer,Commercial Aerospace,1 year or less,Portland,OR,74000.0
Grants and Database Coordinator,Nonprofits (think tank),2 - 4 years,Washington,DC,42500.0
Learning & Development Manager,Non-Profit Management,11 - 20 years,Atlanta,GA,63000.0
Senior Bioinformatics Scientist,Science,8 - 10 years,San Diego,CA,110000.0
VP of Content,Public Relations,21 - 30 years,New York,NY,167000.0
Software Engineering Manager,Software,8 - 10 years,San Francisco,CA,220000.0
Senior Implementation Research Analyst,Internet Technology,2 - 4 years,Los Angeles,CA,80000.0
Data Analyst/BI Analyst,Advertising Technology,1 year or less,San Francisco,CA,85000.0
Director of eLearning,Higher Education,11 - 20 years,Los Angeles,CA,107000.0
Senior Graphic Designer,Publishing/Media,5 - 7 years,Denver,CO,42000.0
Evaluation Manager,Nonprofit,5 - 7 years,Seattle,WA,71000.0
Operations Associate,Nonprofit,2 - 4 years,Los Angeles,CA,41500.0
Designer,Apparel/Retail,21 - 30 years,Seattle,WA,80000.0
Senior Advisor,Government,8 - 10 years,New York,NY,175000.0
Reporter,Media,2 - 4 years,New York,NY,71500.0
Associate Research Analyst,Tech,2 - 4 years,Portland,OR,49000.0
Instructional Designer,IT,31 - 40 years,Seattle,WA,120000.0
Manager,Technology,8 - 10 years,Minneapolis,MN,72000.0
Research Coordinator,Tech,2 - 4 years,San Francisco,CA,110000.0
Engineering Manager,Tech/Software,8 - 10 years,San Francisco,CA,180000.0
Chief Marketing Officer,Technology,21 - 30 years,Seattle,WA,250000.0
Data reporter,Journalism,8 - 10 years,New York,NY,60000.0
Senior Audit Manager,Accounting,8 - 10 years,Portland,ME,85000.0
After School Program Site Leader,Education,5 - 7 years,Portland,ME,25000.0
Assistant Professor,Academia,11 - 20 years,Philadelphia,PA,90000.0
Software Architect,Software,21 - 30 years,Boston,MA,94800.0
Executive Assistant,Health care nonprofit,2 - 4 years,Washington,DC,41600.0
Informatics Consultant,Healthcare,5 - 7 years,Chicago,IL,75000.0
Attorney,Legal,5 - 7 years,Phoenix,AZ,100000.0
Senior Specialist,Human Resources,8 - 10 years,St. Louis,MO,65000.0
Project Associate,International Development,8 - 10 years,Washington,DC,54000.0
Strategy Director,Healthcare,8 - 10 years,Baltimore,MD,108000.0
Chief of Operations,Construction Manufacturing,11 - 20 years,Baltimore,MD,70000.0
Senior Ad Ops Associate,Digital Advertising,11 - 20 years,Portland,OR,65000.0
Senior Consultant,Consulting,2 - 4 years,Chicago,IL,76000.0
Managing Editor,Publishing,5 - 7 years,New York,NY,80000.0
Counsel,Legal,8 - 10 years,Houston,TX,315000.0
Executive Assistant,Consulting,2 - 4 years,Washington,DC,50000.0
Staff writer,Media,2 - 4 years,New York,NY,45000.0
Senior Coordinator Associate,Oil & Gas,8 - 10 years,Denver,CO,48500.0
Operations Specialist,banking/ financial services,11 - 20 years,Seattle,WA,46000.0
Credit Analyst,Banking,5 - 7 years,Minneapolis,MN,63000.0
Program Coordinator,Government,8 - 10 years,Boston,MA,81000.0
Museum Collections Specialist,Museums,2 - 4 years,Washington,DC,40006.0
Office Assistant,State Government,31 - 40 years,Chicago,IL,48780.0
Senior Developmental Editor,Book publishing,11 - 20 years,San Diego,CA,75000.0
Assistant Professor,Academia,2 - 4 years,Philadelphia,PA,57000.0
Program Director,Education/mentoring,8 - 10 years,Minneapolis,MN,45000.0
Computer Engineer,Semiconductor,8 - 10 years,Austin,TX,133000.0
Senior Secretary,Education,5 - 7 years,San Diego,CA,48636.0
Program Manager,Technology,11 - 20 years,Seattle,WA,120000.0
Legal Secretary,Legal,21 - 30 years,Washington,DC,90000.0
Accounting Senior Staff,Aerospace and Defense,11 - 20 years,Dallas,TX,127000.0
Executive Assistant,Government,2 - 4 years,Dallas,TX,59000.0
Crisis Counselor Supervisor,mental health (I have my MSW),2 - 4 years,New York,NY,58500.0
Executive Administrative Assistant,Finance,8 - 10 years,Philadelphia,PA,57500.0
COO,Nonprofit,21 - 30 years,Washington,DC,150000.0
Associate,Media,2 - 4 years,New York,NY,49000.0
Research Assistant,Public Policy,2 - 4 years,Washington,DC,44260.0
Program Coordinator,Higher Education,2 - 4 years,Washington,DC,40000.0
Account Manager,Advertising,5 - 7 years,Dallas,TX,95000.0
Senior Software Engineering Manager,Entertainment,11 - 20 years,New York,NY,165000.0
Manager,Insurance,11 - 20 years,Dallas,TX,80000.0
Director of Operations,Nonprofit,8 - 10 years,San Diego,CA,51500.0
Compliance specialist for student employment,Higher Ed Administration,5 - 7 years,Boston,MA,61000.0
Associate Director of Development,Non-profit Theater,5 - 7 years,New York,NY,43000.0
Facilities Coordinator,Non-Profit Performing Arts,8 - 10 years,Chicago,IL,38000.0
Institutional giving associate,Non-profit Theater,2 - 4 years,New York,NY,40000.0
Director,Nonprofit,11 - 20 years,New York,NY,103500.0
Senior Quality Engineer,Software Development,11 - 20 years,Pittsburgh,PA,109000.0
Business Analyst,Software,11 - 20 years,Seattle,WA,56000.0
Research Project Manager,Legal,11 - 20 years,New York,NY,140000.0
Training & Development Specialist,Human Resources - Financial Institution,8 - 10 years,Seattle,WA,62000.0
Analyst,Consulting (Public Sector),1 year or less,Washington,DC,70000.0
Research and evaluation analyst,Education Non-profit,8 - 10 years,Baltimore,MD,72000.0
Editor,Media,11 - 20 years,Washington,DC,140000.0
Associate Production Manager,Live Events / Media,5 - 7 years,New York,NY,66000.0
Product Launch Manager,Cosmetics / Consumer Goods,11 - 20 years,New York,NY,94000.0
Senior Consultant,Consulting,11 - 20 years,New York,NY,120000.0
Software Engineer,IT,8 - 10 years,Austin,TX,185000.0
Embryologist,Healthcare,8 - 10 years,Washington,DC,105000.0
Assistant Director,Research,8 - 10 years,New York,NY,73800.0
Assistant Communications Manager,Financial Services,5 - 7 years,Seattle,WA,60000.0
principal economist,Economic Consulting,11 - 20 years,Washington,DC,95000.0
Executive Assistant and Board Liaison,Nonprofit (education focus),2 - 4 years,Portland,OR,42000.0
Lead Departmental Data Analyst,Healthcare,21 - 30 years,Chicago,IL,56968.0
Program Coordinator,Academia (administrator),5 - 7 years,New York,NY,39600.0
Senior Corporate Paralegal,Legal,21 - 30 years,Washington,DC,80000.0
Library Assistant,Library,5 - 7 years,Philadelphia,PA,35000.0
Development and Marketing Manager,museum (non-profit),11 - 20 years,Baltimore,MD,47837.0
Editor,Academic Publishing,5 - 7 years,New York,NY,66000.0
Senior Support Engineer,Software,11 - 20 years,Boston,MA,145000.0
Pharmacy Analyst,Healthcare,11 - 20 years,Seattle,WA,92000.0
IT Specialist (INFOSEC),Government/Military - US,11 - 20 years,Washington,DC,135000.0
Associate Editor,Publishing,2 - 4 years,Washington,DC,69000.0
Finance Manager,Museums,21 - 30 years,New York,NY,84365.0
Freelance reporter,Media,2 - 4 years,New York,NY,22000.0
Marketing Coordinator,Marketing,2 - 4 years,Baltimore,MD,57000.0
Attorney,Law (government),8 - 10 years,Washington,DC,137000.0
Assistant Director,Higher Education Administration,5 - 7 years,Chicago,IL,49000.0
Video game writer,Writing/entertainment,21 - 30 years,San Francisco,CA,100000.0
News editor,Journalism,2 - 4 years,Washington,DC,49500.0
Attorney,Law,11 - 20 years,Chicago,IL,360000.0
Senior Associate,Law,8 - 10 years,Boston,MA,132000.0
Public Sector Consultant,Management Consulting,5 - 7 years,Portland,OR,80000.0
Vice President - Compliance,Finance,8 - 10 years,New York,NY,125000.0
Administrative Assistant,Publishing,21 - 30 years,New York,NY,54000.0
Manager,Consulting - Financial Services,8 - 10 years,New York,NY,125000.0
Marketing & Digital Producer,Television,5 - 7 years,New York,NY,67000.0
"Principal Technical Writer, Senior Team Lead",Software,11 - 20 years,Boston,MA,127000.0
Associate Editor,Publishing,2 - 4 years,Boston,MA,35000.0
Senior Global Data Specialist,Education,11 - 20 years,New York,NY,101656.0
Content Marketing Manager,Tech,8 - 10 years,Austin,TX,95000.0
Associate Attorney,Law,2 - 4 years,Minneapolis,MN,92500.0
Client Success Director,Software,8 - 10 years,Denver,CO,82000.0
Product Manager,Tech,8 - 10 years,San Francisco,CA,135000.0
Senior Associate,Financial,2 - 4 years,St. Louis,MO,66000.0
Administrative Assistant,Social Science Research,5 - 7 years,Washington,DC,42500.0
Technical Writer,Insurance,11 - 20 years,Boston,MA,75000.0
Senior Data Analyst,Retail,11 - 20 years,Minneapolis,MN,102500.0
Postdoctoral researcher,Academia,2 - 4 years,San Diego,CA,53000.0
Principal R&D Engineer,Medical Devices,11 - 20 years,Minneapolis,MN,135000.0
Senior Associate,Public Accounting,2 - 4 years,Chicago,IL,69000.0
Geochemist,Environmental Consulting,8 - 10 years,Minneapolis,MN,80080.0
Marketing Manager,Manufacturing,8 - 10 years,Pittsburgh,PA,125000.0
Manager,Book publishing,5 - 7 years,New York,NY,60000.0
Program Officer,Foundations (nonprofit),5 - 7 years,Washington,DC,67000.0
Technical Research Assistant,Research Science,2 - 4 years,Boston,MA,33150.0
Foreign Affairs Specialist,Government,11 - 20 years,Washington,DC,105000.0
Marketing Associate,SEO,2 - 4 years,Boston,MA,45000.0
Licensed Marriage and Family Therapist,Mental Health,2 - 4 years,Los Angeles,CA,58000.0
Director of Public Affairs,Government Relations,8 - 10 years,Washington,DC,80000.0
Assistant,Entertainment,2 - 4 years,Los Angeles,CA,42000.0
Software Engineer,Technology,5 - 7 years,San Francisco,CA,185000.0
Development and Operations Director,Community Organizing/Social Justice,8 - 10 years,Los Angeles,CA,78000.0
Senior Associate,Consulting,5 - 7 years,New York,NY,130000.0
Portfolio Manager,Finance,11 - 20 years,Houston,TX,105000.0
Operations Coordinator,Healthcare,11 - 20 years,Chicago,IL,90000.0
Marketing Specialist,Marketing,5 - 7 years,Philadelphia,PA,55000.0
Executive Assistant,Executive Search,21 - 30 years,Chicago,IL,76000.0
Planner,Land Use Planning,8 - 10 years,Los Angeles,CA,85000.0
Administrative Assistant,Finance,2 - 4 years,New York,NY,80000.0
Vice President,Public Relations,11 - 20 years,Washington,DC,151000.0
Senior Project Manager,Environmental Graphic Design,8 - 10 years,New York,NY,67000.0
Academic advisor and program coordinator,Professional organization/certificate program management. Non-profit.,21 - 30 years,Boston,MA,55000.0
Director of Public Health Initiatives,Nonprofit healthcare advocacy,11 - 20 years,New York,NY,105000.0
Development Manager,Software,11 - 20 years,Denver,CO,125000.0
customs compliance analyst,retailer (corporate),11 - 20 years,Boston,MA,63000.0
Staff Director,Government (Congress),8 - 10 years,Washington,DC,125000.0
Assistant Registrar,Museums,5 - 7 years,Pittsburgh,PA,32000.0
Dean of admissions,Academia/admissions,11 - 20 years,New York,NY,210000.0
Vulnerability Researcher,Tech,5 - 7 years,Atlanta,GA,61800.0
Operations Manager,Biotech,5 - 7 years,Seattle,WA,76500.0
Real Estate Analyst,Affordable Housing,2 - 4 years,Los Angeles,CA,77000.0
Project Manager,Market Research,8 - 10 years,Philadelphia,PA,70000.0
Project Coordinator,Planning/Design,1 year or less,Boston,MA,47000.0
Accounting Clerk,Museums,2 - 4 years,Washington,DC,31200.0
Credentialing Coordinator,Healthcare,11 - 20 years,Pittsburgh,PA,35000.0
Librarian,Library,11 - 20 years,Chicago,IL,79836.0
QA,Tech,8 - 10 years,Portland,OR,75000.0
Research Associate,Health care policy/Non-profit,5 - 7 years,Washington,DC,90000.0
HR Generalist,Investments,5 - 7 years,Denver,CO,65000.0
Economist,Consulting,2 - 4 years,Washington,DC,70000.0
Software Engineer,Marketing,2 - 4 years,New York,NY,110000.0
Director,Medical credentialling,21 - 30 years,Chicago,IL,139000.0
Assistant Production Manager,Publishing,5 - 7 years,New York,NY,50000.0
Strategic Planning,Nonprofit,11 - 20 years,San Francisco,CA,60000.0
Manager,Consulting,5 - 7 years,Washington,DC,121000.0
Policy Analyst,government human services,11 - 20 years,Minneapolis,MN,72000.0
Accountant,Finance,2 - 4 years,Portland,OR,52000.0
Deputy Director,Public Libraries,11 - 20 years,St. Louis,MO,135000.0
Academic Advisor,Academia,5 - 7 years,New York,NY,60000.0
Transportation Planner,Local Government Administration,5 - 7 years,San Francisco,CA,100000.0
Consulting Engineer,Engineering,11 - 20 years,Denver,CO,123000.0
Development Associate,Nonprofit,5 - 7 years,St. Louis,MO,49500.0
Senior Associate Director,Higher Education,21 - 30 years,Boston,MA,98000.0
Financial Analyst,Professional Services,2 - 4 years,Atlanta,GA,56000.0
Account Manager,Marketing,8 - 10 years,Denver,CO,56000.0
Access Services Manager,Academic Library,5 - 7 years,Baltimore,MD,50000.0
HR Manager,Legal,8 - 10 years,Seattle,WA,80000.0
Project Manager,Legal Services,11 - 20 years,Chicago,IL,98700.0
Office Coordinator,Consulting,2 - 4 years,Seattle,WA,45760.0
Senior Software Engineer,Ecommerce,5 - 7 years,New York,NY,135000.0
"Manager, Staffing",Supply Chain,11 - 20 years,Phoenix,AZ,112000.0
Assistant Director,Nonprofit - Education Services,8 - 10 years,Austin,TX,94000.0
"Director, Client Services",Stafffing,8 - 10 years,Washington,DC,86000.0
Digital Marketing Manager,Theater/Performing Arts,2 - 4 years,New York,NY,65000.0
"Associate Director, SEO",Marketing Agency,11 - 20 years,Boston,MA,120000.0
Associate,Legal,2 - 4 years,New York,NY,190000.0
Database Analyst,Consulting,11 - 20 years,Portland,OR,60000.0
Associate Attorney,Law,2 - 4 years,Chicago,IL,115000.0
Assistant Professor,Academia,11 - 20 years,Washington,DC,91000.0
Project Controls Specialist,Energy/Oil & Gas,21 - 30 years,Houston,TX,89500.0
Senior Design Manager UX/UI,Technology,11 - 20 years,New York,NY,202000.0
Event Manager,Higher Ed,2 - 4 years,St. Louis,MO,50000.0
Manager,Higher Education,5 - 7 years,Boston,MA,68500.0
graduate student/research assistant,Academia,1 year or less,Philadelphia,PA,25200.0
Research Analyst,Advertising,2 - 4 years,Los Angeles,CA,61000.0
Software Engineer,Energy,5 - 7 years,Atlanta,GA,83000.0
Lease administration manager,Real Estate,11 - 20 years,New York,NY,103000.0
Senior Project Manager,Pharmaceutical,11 - 20 years,Boston,MA,122000.0
Legal Secretary,Legal,11 - 20 years,Phoenix,AZ,45000.0
Marketing Manager,Corporate Education,5 - 7 years,Minneapolis,MN,85000.0
Associate Director,Nonprofit,5 - 7 years,Chicago,IL,77500.0
Teacher,K-12 Education,5 - 7 years,Boston,MA,78500.0
Senior Program Manager,Research,11 - 20 years,Washington,DC,110000.0
Communications Director,Nonprofit,8 - 10 years,Washington,DC,125000.0
Conflicts Analyst (risk management),Law,11 - 20 years,Washington,DC,58100.0
MA Program Coordinator,Higher Education,2 - 4 years,Washington,DC,42000.0
Engineer,User interface web design,11 - 20 years,Chicago,IL,130000.0
Resource Manager,Research,11 - 20 years,Chicago,IL,67500.0
YA librarian,Library,8 - 10 years,New York,NY,56000.0
Product Specialist,Tech,11 - 20 years,San Francisco,CA,105000.0
school social worker,Social Work,11 - 20 years,Baltimore,MD,70000.0
Senior Researcher,Robotics,5 - 7 years,Boston,MA,105000.0
Production Associate for Online Development,Education,5 - 7 years,Austin,TX,46500.0
VP of Regulatory Reporting,FinReg,5 - 7 years,New York,NY,121000.0
Hematology Specialist,Veterinary Diagnostics,11 - 20 years,Chicago,IL,65000.0
Marketing Manager,Healthcare,8 - 10 years,New York,NY,80000.0
Executive Assistant,Architecture,11 - 20 years,New York,NY,62000.0
Finance Manager,Insurance,11 - 20 years,Baltimore,MD,107000.0
Senior Environmental Project Manager,Engineering and Higher Ed,11 - 20 years,Boston,MA,105000.0
CRM Manager,Nonprofit,8 - 10 years,Denver,CO,52000.0
Billing Analyst,Real Estate Investment,11 - 20 years,Denver,CO,55000.0
Executive Assistant and Grants Officer,Nonprofit,5 - 7 years,Washington,DC,55000.0
Archivist,Federal Government,5 - 7 years,Washington,DC,83000.0
Global Agent,Freight Forwarding,5 - 7 years,Seattle,WA,53000.0
"Assistant Director, Community-Based Learning",Higher Ed Administration,11 - 20 years,Philadelphia,PA,50000.0
Assistant Director,Higher Ed,5 - 7 years,Boston,MA,62000.0
Recreation & Community Services Specialist,Government,11 - 20 years,Los Angeles,CA,75000.0
Sales Support Manager,HVAC,8 - 10 years,Pittsburgh,PA,90000.0
Technical Account Manager,Ecommerce,5 - 7 years,Seattle,WA,111000.0
Program Assistant,Government Contracting,8 - 10 years,Washington,DC,79000.0
Senior Analyst,Government,11 - 20 years,Washington,DC,103000.0
Process Engineer,Engineering,5 - 7 years,Portland,OR,135000.0
Graphic Designer/Art Director,Graphic Design,31 - 40 years,New York,NY,48256.0
Statistical Data Analyst,Public Health,2 - 4 years,Boston,MA,55000.0
Teacher,Education,8 - 10 years,Portland,OR,44000.0
Senior Research Analyst,Research/Consulting,2 - 4 years,Boston,MA,105000.0
"Learning & Development, Associate (HR)",Financial Services,5 - 7 years,New York,NY,62000.0
Staff Assistant,Federal Government,11 - 20 years,Washington,DC,140632.0
Human Resources Assistant,Engineering,11 - 20 years,Portland,OR,52000.0
Marketing Manager,Architecture,5 - 7 years,Los Angeles,CA,88500.0
Program Manager,Education Non-profit,8 - 10 years,Seattle,WA,62000.0
Administrative Assistant,State agency,5 - 7 years,Austin,TX,37200.0
Assistant Director of CRM,Higher Education,2 - 4 years,Atlanta,GA,50000.0
Associate,Government,5 - 7 years,New York,NY,80000.0
Program Manager,Government,5 - 7 years,Phoenix,AZ,50000.0
Customer Success,Technology,11 - 20 years,New York,NY,65000.0
Scientist,Biotech,2 - 4 years,San Francisco,CA,121000.0
Attorney,Law,2 - 4 years,New York,NY,65000.0
Project Manager,Real Estate,8 - 10 years,Chicago,IL,87000.0
Outreach manager,Nonprofit advocacy,5 - 7 years,Washington,DC,54000.0
Communication and Events  Officer,Nonprofit,2 - 4 years,Seattle,WA,52000.0
Senior Software Engineer,Web Development,5 - 7 years,Boston,MA,125000.0
Test Engineer,Technology,2 - 4 years,Pittsburgh,PA,112500.0
Librarian,Libraries,5 - 7 years,New York,NY,68000.0
HR Manager,Professional Services,21 - 30 years,San Francisco,CA,112000.0
Director,Education,5 - 7 years,Los Angeles,CA,85000.0
Program Director,Nonprofit,2 - 4 years,Boston,MA,57000.0
Digital Strategist,Political Consulting,1 year or less,Washington,DC,50000.0
Digital Specialist,Healthcare,5 - 7 years,Atlanta,GA,45000.0
Director of Individual Giving,Nonprofit,11 - 20 years,Washington,DC,88000.0
Software Engineer,Tech,2 - 4 years,New York,NY,117000.0
Senior Operations Manager,Ecommerce,8 - 10 years,Chicago,IL,105000.0
Teacher,Education,8 - 10 years,New York,NY,75000.0
Business Operations Analyst,Software Services,11 - 20 years,Washington,DC,92000.0
Associate Director of Development,Nonprofit,5 - 7 years,Chicago,IL,57000.0
Editor,Publishing,5 - 7 years,New York,NY,65000.0
Associate Director of Admission,Education,8 - 10 years,Philadelphia,PA,53000.0
Recruiting Coordinator,Property Management,5 - 7 years,Seattle,WA,57000.0
Senior Technical Writer,Technology,5 - 7 years,San Francisco,CA,137000.0
Digital Producer,Sports,5 - 7 years,Portland,OR,104000.0
Associate General Counsel,Media,11 - 20 years,New York,NY,190000.0
Structural Engineer,Architecture/Engineering,8 - 10 years,Boston,MA,105000.0
Patent Attorney,Law,21 - 30 years,Seattle,WA,160000.0
Innovation,Apparel + Footwear,11 - 20 years,Portland,OR,118000.0
Customer Support Advisor,Tech,11 - 20 years,New York,NY,55481.0
Circulation Assistant,Libraries,2 - 4 years,Boston,MA,36873.0
Senior Associate,Consulting,2 - 4 years,Washington,DC,82000.0
Senior Recruiting Manager,Education Management (Tutoring Company),8 - 10 years,Houston,TX,48290.0
Accounts Payable / HR Asst,Law,8 - 10 years,Baltimore,MD,60000.0
Public Health Analyst,Public Health,8 - 10 years,Washington,DC,105000.0
Social Worker,Nonprofit,5 - 7 years,New York,NY,62500.0
Digital Marketing Manager,University,5 - 7 years,Minneapolis,MN,56500.0
Project Manager,Public Health,11 - 20 years,San Francisco,CA,95000.0
Senior Program Manager,Higher Education,5 - 7 years,San Diego,CA,66325.0
Software Engineer,Nonprofit,8 - 10 years,Washington,DC,70000.0
Director of Guest Experience,Museums,11 - 20 years,Los Angeles,CA,97000.0
Marketing Director,Marketing,8 - 10 years,Washington,DC,90100.0
Practice Support Analyst,Legal,11 - 20 years,New York,NY,99850.0
Specialist,Nonprofit,8 - 10 years,Washington,DC,96000.0
Career Counselor,Social Services,8 - 10 years,Minneapolis,MN,38000.0
Inventory,Food Manufacturing,5 - 7 years,St. Louis,MO,32000.0
Executive Director,Non-Profit Technology,8 - 10 years,San Francisco,CA,154294.0
Grant Writer,Nonprofit,2 - 4 years,Philadelphia,PA,40800.0
Executive Director,Environmental non-profit,11 - 20 years,Chicago,IL,65000.0
Senior Organizer,Nonprofit,2 - 4 years,New York,NY,62700.0
Principal Research Analyst,State Government,21 - 30 years,Denver,CO,101000.0
Business Manager,Nonprofit social services,5 - 7 years,Boston,MA,53000.0
Literary Agent,Book publishing,8 - 10 years,New York,NY,42000.0
"Senior Manager, (Department Name)",Financial Services,11 - 20 years,Atlanta,GA,115000.0
Advancement Associate,K-8 Advancement/Development,2 - 4 years,San Francisco,CA,55000.0
Administrative Assistant,Healthcare,8 - 10 years,Boston,MA,57309.0
Project Manager,Test Preparation,5 - 7 years,Los Angeles,CA,95000.0
Executive Assistant,Nonprofit,21 - 30 years,Washington,DC,78000.0
Product Owner,Product Development,11 - 20 years,Portland,OR,60000.0
Project Editor,Academic Publishing,2 - 4 years,Los Angeles,CA,51542.0
Laboratory Manager,Government science,21 - 30 years,San Francisco,CA,150000.0
High school English teacher,Education,8 - 10 years,St. Louis,MO,43500.0
Supervising/Managing Editor,Educational Publishing,11 - 20 years,New York,NY,69750.0
certification specialist,Association,5 - 7 years,Washington,DC,56000.0
Customer Service Representative,Travel/Hospitality,21 - 30 years,Portland,OR,32000.0
HR Manager,Nonprofit,5 - 7 years,San Francisco,CA,90000.0
Director of Prospect Development,Non-Profits (Academic),11 - 20 years,New York,NY,96000.0
Consulting Arborist,Arboriculture,8 - 10 years,Austin,TX,25000.0
Professional Research Assistant,Academia/Research,5 - 7 years,Chicago,IL,70000.0
Paralegal,Professional Services,11 - 20 years,San Francisco,CA,97500.0
Senior Software Engineer,Tech,2 - 4 years,Phoenix,AZ,115000.0
Admin Asst,Finance,11 - 20 years,New York,NY,52000.0
Digital Communications Manager,Nonprofit,11 - 20 years,Washington,DC,90000.0
VP Operations,Consulting,21 - 30 years,Pittsburgh,PA,75000.0
Project Architect,Architecture,5 - 7 years,Portland,OR,61800.0
Research Specialist,Academic Research,5 - 7 years,Atlanta,GA,38000.0
Case Assistant,Law,2 - 4 years,Seattle,WA,35500.0
Senior Manager,Ecommerce,11 - 20 years,New York,NY,105000.0
Senior Copywriter,e-Commerce/Retail/Marketing,8 - 10 years,Boston,MA,77000.0
Legal Secretary,Legal Services,11 - 20 years,San Francisco,CA,90000.0
Informationist (health sciences librarian),Special libraries / health association,5 - 7 years,Chicago,IL,80500.0
Lawyer Talent Associate,Legal Services,2 - 4 years,Chicago,IL,52000.0
Associate Director of Finance,Nonprofit,5 - 7 years,New York,NY,82000.0
Web Designer,Web development (for education),5 - 7 years,Chicago,IL,63000.0
Executive Assistant,Healthcare,8 - 10 years,Los Angeles,CA,60000.0
Director of Finance & Administration,Nonprofit,11 - 20 years,Seattle,WA,83000.0
Cataloging Librarian,Librarianship (federal government),2 - 4 years,Washington,DC,71901.0
Program Assistant,Nonprofit,1 year or less,Philadelphia,PA,36920.0
HR Manager,Financial Services,5 - 7 years,New York,NY,125000.0
Junior systems administrator,IT,5 - 7 years,Boston,MA,66000.0
Digital Content Specialist/Reporter,Nonprofit communications,5 - 7 years,New York,NY,44000.0
Senior Project Designer,Environmental Graphic Design,11 - 20 years,Los Angeles,CA,85000.0
Senior Editor,Museum publishing,21 - 30 years,Los Angeles,CA,83500.0
Director of Information Security,Information Security/Management,11 - 20 years,Boston,MA,175000.0
Financial Analyst,Higher Education,2 - 4 years,Chicago,IL,51000.0
Production Controller,Academic Publishing,8 - 10 years,Chicago,IL,37480.0
Reference and Instruction Librarian,Academic LIbrarianship,8 - 10 years,Baltimore,MD,52500.0
Catalog operations associate,Ecommerce,2 - 4 years,Boston,MA,40000.0
Senior Program Officer,Philanthropy,5 - 7 years,Minneapolis,MN,100093.0
Marketing Communications Specialist,SaaS,5 - 7 years,Boston,MA,53000.0
Finance Manager,Commercial Construction,11 - 20 years,Phoenix,AZ,92000.0
Project Architect,Architecture,8 - 10 years,Seattle,WA,80080.0
Research Specialist,Research,2 - 4 years,Chicago,IL,40000.0
Analyst,Political,8 - 10 years,Washington,DC,92000.0
International tax manager,Finance,11 - 20 years,Dallas,TX,165000.0
Staff Attorney,Law,5 - 7 years,Baltimore,MD,62500.0
Teacher,Public school education,11 - 20 years,Baltimore,MD,53000.0
Contracts Analyst,Medical Devices,8 - 10 years,Austin,TX,78500.0
Teacher,Education,21 - 30 years,Austin,TX,55000.0
Public Information Officer/writer,Academic communications,8 - 10 years,Chicago,IL,82000.0
Attorney,Non Profit/ Legal Aid,2 - 4 years,New York,NY,50700.0
Director of Housing Initiatives,Affordable Housing (Semi-Governmental),11 - 20 years,Seattle,WA,104000.0
Development Manager,Nonprofit,11 - 20 years,Washington,DC,45000.0
Early intervention teacher therapist,Education,11 - 20 years,Portland,OR,69000.0
Of Counsel,Legal,21 - 30 years,New York,NY,155000.0
Director,Music,5 - 7 years,Los Angeles,CA,135000.0
Title 1 peer facilitator,Education,11 - 20 years,Houston,TX,58000.0
Associate Editor,Media,5 - 7 years,New York,NY,62000.0
Marketing Manager,Publishing,5 - 7 years,New York,NY,60000.0
Accounting & Reporting Manager,Private Equity,21 - 30 years,Houston,TX,115000.0
Research Director,Political,8 - 10 years,Washington,DC,100000.0
Human Resources Associate,Nonprofit,5 - 7 years,New York,NY,48466.0
Associate Editor,Media,5 - 7 years,New York,NY,60000.0
Business Intelligence Developer/Analyst,Travel,2 - 4 years,Boston,MA,84000.0
Social Worker,Social Work,11 - 20 years,Boston,MA,60000.0
Director of Prospect Development,Fundraising,11 - 20 years,New York,NY,125000.0
Systems Administrator,Information Technology,8 - 10 years,San Francisco,CA,54000.0
Graphic Designer,Public Library,8 - 10 years,Chicago,IL,48000.0
PhD Student/Teaching Assistant,Academia,5 - 7 years,Boston,MA,34000.0
Registrar,Healthcare,11 - 20 years,New York,NY,40054.0
Account Manager,Communications,5 - 7 years,Dallas,TX,60000.0
Attorney,Law,11 - 20 years,Philadelphia,PA,143000.0
Owner (tutoring company),Education,11 - 20 years,Los Angeles,CA,60000.0
Senior Manager,Real Estate,11 - 20 years,Boston,MA,98000.0
Director of Development & Marketing,Nonprofit - Education & Youth Development,11 - 20 years,Seattle,WA,82500.0
Project Manager,Advertising,2 - 4 years,New York,NY,48000.0
Manager,Tech,8 - 10 years,Washington,DC,70000.0
Writer/Editor,Communications,21 - 30 years,Washington,DC,60000.0
Senior Director,Digital Marketing,11 - 20 years,Los Angeles,CA,95000.0
Pricing Manager,Logitistics,8 - 10 years,Philadelphia,PA,72000.0
"Assistant, Event Operations",Healthcare,2 - 4 years,Washington,DC,44200.0
Faculty Research Specialist,Public Health Research,5 - 7 years,Washington,DC,62500.0
Director of Technology,Nonprofit,5 - 7 years,Seattle,WA,61000.0
Associate Director of Digital Marketing,Higher Education,8 - 10 years,Boston,MA,80000.0
Sales Support Associate,Energy,5 - 7 years,Boston,MA,70000.0
Senior Account Manager,Marketing,8 - 10 years,Washington,DC,83000.0
Senior Editor,Education,8 - 10 years,Chicago,IL,68400.0
Surgical Technologist,Medicine,11 - 20 years,Austin,TX,56000.0
Senior Analyst,Technology,2 - 4 years,New York,NY,120000.0
Quality Manager,Healthcare,21 - 30 years,Philadelphia,PA,95000.0
Senior Research Associate,Nonprofit,8 - 10 years,New York,NY,68000.0
Senior Event Producer,Events,5 - 7 years,Washington,DC,75000.0
Project Manager,Technology,5 - 7 years,Boston,MA,92000.0
Digital Content Producer,Arts Education,2 - 4 years,Philadelphia,PA,40000.0
Associate,Public Accounting,1 year or less,San Francisco,CA,69000.0
Assistant Director,Higher Education,11 - 20 years,Chicago,IL,67500.0
Associate Attorney,Legal,2 - 4 years,Seattle,WA,185000.0
Copywriter,Nonprofit,11 - 20 years,San Diego,CA,59550.0
Program Advisor,Higher Ed,5 - 7 years,New York,NY,55000.0
Graphic Designer,Financial Services,8 - 10 years,Dallas,TX,63000.0
Software Engineer,Finance,1 year or less,Atlanta,GA,83000.0
Senior Contract Manager,Legal,21 - 30 years,Philadelphia,PA,146000.0
Operations Manager,Adult Education,11 - 20 years,Philadelphia,PA,70000.0
Office Manager/Bookkeeper,Architecture and Design,2 - 4 years,Chicago,IL,52000.0
Senior Public Relations Specialist,Travel,11 - 20 years,Minneapolis,MN,71000.0
Talent Agent,Entertainment,11 - 20 years,San Francisco,CA,50000.0
VFX Producer,Entertainment,11 - 20 years,New York,NY,110000.0
Project Coordinator,Interior Design,5 - 7 years,Los Angeles,CA,55000.0
Senior Media Strategist,Digital Media,5 - 7 years,New York,NY,70000.0
Biostatistician,Academia,2 - 4 years,Philadelphia,PA,56000.0
Marriage and Family Therapist,Healthcare,5 - 7 years,Seattle,WA,60000.0
Proposal Manager,Software,5 - 7 years,Minneapolis,MN,90000.0
Data journalist,Journalism/Media,2 - 4 years,New York,NY,51000.0
Quality Improvement Director,behavioral health/non-profit,11 - 20 years,Baltimore,MD,56500.0
Associate Director,Nonprofit,8 - 10 years,New York,NY,83000.0
Supervisor,Entertainment - Finance,5 - 7 years,Los Angeles,CA,95000.0
Manager,Entertainment,11 - 20 years,Los Angeles,CA,80000.0
Attorney,Legal,2 - 4 years,Los Angeles,CA,250000.0
Attorney,Legal,8 - 10 years,Washington,DC,151000.0
Transportation Sales Executive,Transportation Logstics,5 - 7 years,Phoenix,AZ,80000.0
Book Editor,Publishing,8 - 10 years,New York,NY,58500.0
Grant and Business Manager,Higher Ed,11 - 20 years,Boston,MA,72000.0
Program Manager for Leadership Development,Human Resources,11 - 20 years,Washington,DC,102000.0
Customer Success Advocate,Technology,1 year or less,Boston,MA,50200.0
Administrative Assistant,Ecommerce,5 - 7 years,Seattle,WA,55000.0
Copywriter,Advertising,8 - 10 years,Atlanta,GA,65000.0
Project Manager,Market Research,2 - 4 years,Seattle,WA,70000.0
Director,Legal,11 - 20 years,Washington,DC,220000.0
Program Manager,Education Non-profit,5 - 7 years,Washington,DC,72000.0
Marketing Coordinator,Gaming,1 year or less,Austin,TX,54000.0
Social Media/Editor,Media,2 - 4 years,Chicago,IL,68000.0
Deputy CFO,Government,11 - 20 years,Austin,TX,120000.0
Attorney,Government,8 - 10 years,Boston,MA,102000.0
Scientist,Academic science,1 year or less,Seattle,WA,50004.0
Software Engineer,Film Production,41 years or more,Los Angeles,CA,120000.0
Training & Development Manager,Construction,8 - 10 years,Chicago,IL,90000.0
Account Executive,Media - Advertising,2 - 4 years,Chicago,IL,50000.0
Associate Director of Admissions,Higher Education,11 - 20 years,Chicago,IL,105000.0
Benefits Specialist,Third party logistics,21 - 30 years,Dallas,TX,65000.0
Anesthesiologist,Medicine,8 - 10 years,Boston,MA,300000.0
Director of Marketing,Nonprofit,5 - 7 years,Washington,DC,72000.0
Senior Manager,Market Research,5 - 7 years,Boston,MA,92000.0
Manage of Corporate Relationships,Association Management,8 - 10 years,Chicago,IL,64000.0
Software Engineer,Tech,2 - 4 years,San Francisco,CA,155000.0
Clinical Research Coordinator,Clinical Research (employer is a university),1 year or less,Philadelphia,PA,43000.0
Lead Data Scientist,Insurance,8 - 10 years,Boston,MA,145000.0
Associate,Law,2 - 4 years,New York,NY,200000.0
Associate Director of Marketing,Media,2 - 4 years,New York,NY,93000.0
Instructional Designer,Higher Education,5 - 7 years,Washington,DC,63200.0
Executive Assistant,Nonprofit,8 - 10 years,Denver,CO,61000.0
Assocaite Attorney,Law,5 - 7 years,New York,NY,107000.0
Senior Paralegal,Legal,11 - 20 years,Seattle,WA,105000.0
Territory Manager,Medical Devices,8 - 10 years,Denver,CO,150000.0
Child Welfare Program Specialist,Government social services,11 - 20 years,San Francisco,CA,96000.0
Accountant,Non Profit/ Legal Aid,11 - 20 years,Los Angeles,CA,58540.0
Recruiting Associate,Executive Consulting/Executive Search,5 - 7 years,Los Angeles,CA,70000.0
Geospatial Technician,Aviation/Navigation,1 year or less,Denver,CO,47000.0
Office Manager,Construction,11 - 20 years,Chicago,IL,60000.0
Director of Services,Professional Services,8 - 10 years,Austin,TX,127000.0
Meeting Planner,Education,11 - 20 years,Atlanta,GA,60409.0
Underwriter,Insurance,11 - 20 years,Boston,MA,87000.0
Manager,Television,11 - 20 years,New York,NY,72000.0
Director of Partnerships,Non-Profit Performing Arts,11 - 20 years,Chicago,IL,75000.0
Sales Rep,Lab equipment,5 - 7 years,Atlanta,GA,100000.0
Library Associate,Libraries,2 - 4 years,Minneapolis,MN,43000.0
Occupancy Planner,Tech,8 - 10 years,San Francisco,CA,105000.0
Advisor,Academia,11 - 20 years,Chicago,IL,62000.0
Early childhood teacher,Education,2 - 4 years,Dallas,PA,20800.0
Senior Clinical Data Analyst,Healthcare,21 - 30 years,Minneapolis,MN,76000.0
Marketing Assistant,Non-profit arts,2 - 4 years,New York,NY,37000.0
Case Manager,Retail,2 - 4 years,St. Louis,MO,32000.0
Senior Associate,Consulting (nonprofits),2 - 4 years,Washington,DC,65000.0
Membership marketing manager,Museums,5 - 7 years,Chicago,IL,50000.0
Postdoctoral Fellow,Research (academia),5 - 7 years,Atlanta,GA,48800.0
Manager of Executive Office and Governance,Nonprofit,5 - 7 years,Washington,DC,74000.0
Product Manager,Computer Software,11 - 20 years,Philadelphia,PA,150000.0
Reservations Supervisor,Nonprofit,21 - 30 years,Seattle,WA,51700.0
Accounting Assitant,Nonprofit,5 - 7 years,Washington,DC,36800.0
HR Development Manager,Manufacturing (Food and Beverage),8 - 10 years,Seattle,WA,90000.0
Administrative Manager,Higher Education,5 - 7 years,New York,NY,56000.0
Database Analyst,Investment Real Estate (sort of),5 - 7 years,Boston,MA,52000.0
Organic Performance Director,Marketing/Advertising,5 - 7 years,Seattle,WA,105000.0
Process Engineer,Automotive,5 - 7 years,Philadelphia,PA,75000.0
Human Resources Manager,Medical Devices,8 - 10 years,Chicago,IL,70000.0
Development Manager,Nonprofit,8 - 10 years,Philadelphia,PA,63000.0
Senior Business Manager,Nonprofit,11 - 20 years,Atlanta,GA,78000.0
Executive Director,Nonprofit social services,21 - 30 years,Minneapolis,MN,93000.0
Writer/Editor,Communications,5 - 7 years,Washington,DC,80000.0
Program Manager,SaaS,21 - 30 years,San Francisco,CA,130000.0
Software Engineer,Defense - Software,1 year or less,Boston,MA,78000.0
Admissions Specialist,Higher Ed,8 - 10 years,Philadelphia,PA,35500.0
Project Consultant,Public Relations,2 - 4 years,Seattle,WA,50050.0
Accounting Manager,Accounting,11 - 20 years,Chicago,IL,70000.0
Assistant Director,Higher Education,11 - 20 years,Atlanta,GA,82200.0
Technical Writer,Tech - a startup,11 - 20 years,San Francisco,CA,85000.0
Associate,Engineering Consultant,11 - 20 years,Baltimore,MD,140000.0
Artist Liaison,Arts,5 - 7 years,New York,NY,70000.0
Quantitative Risk Analyst,Finance,2 - 4 years,Dallas,TX,74975.0
Lead Content Strategist,Healthcare,11 - 20 years,Portland,OR,90000.0
HR Business Partner,K-12 Education,8 - 10 years,Houston,TX,65600.0
Sales Manager,Publishing,5 - 7 years,Washington,DC,55000.0
Social Media Manager,Entertainment,2 - 4 years,Atlanta,GA,24500.0
Digital Media Analyst,Media,2 - 4 years,Minneapolis,MN,57000.0
Content Strategist,Tech,5 - 7 years,Seattle,WA,84500.0
Office Manager,Marketing,5 - 7 years,Boston,MA,63000.0
Senior Project Manager,Construction,21 - 30 years,Washington,DC,140000.0
Marketing Coordinator,Construction,21 - 30 years,Philadelphia,PA,67500.0
Call Center Analyst,Call Center / Sales,2 - 4 years,Los Angeles,CA,40000.0
Production Editor,Nonprofit,5 - 7 years,New York,NY,59500.0
Document Control Coordinator,Medical Device Startup,11 - 20 years,Boston,MA,65000.0
Analyst,Federal government (aviation),5 - 7 years,Washington,DC,96000.0
"Manager, Provider Relations",Health Insurance,11 - 20 years,San Diego,CA,110000.0
Academic Advisor,Education,5 - 7 years,Washington,DC,49000.0
Graphic Designer in the marketing department,Financial Services,11 - 20 years,Philadelphia,PA,52500.0
Librarian,Information Science,5 - 7 years,Chicago,IL,78000.0
Associate Editor,Media,5 - 7 years,Boston,MA,40000.0
Senior Quality Engineer,Medical device/tissue,11 - 20 years,Denver,CO,95000.0
Instructional Designer,Online Education,8 - 10 years,Chicago,IL,60000.0
Associate Professor,Academia,8 - 10 years,Los Angeles,CA,81000.0
"Senior Assistant Registrar, Exhibitions",Non-profit Musem,2 - 4 years,Los Angeles,CA,60000.0
Sales Operations Manager,IT Consulting,8 - 10 years,Minneapolis,MN,95000.0
Director,Management Consulting,21 - 30 years,Washington,DC,154000.0
Credentialing Coordinator,Healthcare Technology,8 - 10 years,Boston,MA,48700.0
Staff Training Assistant,Legal,2 - 4 years,Chicago,IL,40000.0
Legislative Correspondent,Government,2 - 4 years,Washington,DC,45000.0
Librarian,Libraries,11 - 20 years,Denver,CO,55000.0
Animator,Media,2 - 4 years,Los Angeles,CA,30000.0
Legal Assistant,Law,5 - 7 years,Portland,OR,47000.0
Associate Publicist,Publishing,2 - 4 years,New York,NY,37000.0
Director of Operations,Nonprofit,11 - 20 years,Austin,TX,75000.0
Communications Associate,Nonprofit,2 - 4 years,Washington,DC,53000.0
Senior Total Rewards Analyst,Entertainment/Games/Animation,5 - 7 years,New York,NY,95000.0
Outdoor Programs Coordinator,Education,8 - 10 years,Seattle,WA,70000.0
Marketing Manager,Financial Services,5 - 7 years,New York,NY,90000.0
Senior Recruiter,HR,11 - 20 years,Washington,DC,94000.0
Operations Manager,Natural Products (Food/Beverage),11 - 20 years,Denver,CO,72768.0
Account & Operations Director,Healthcare,11 - 20 years,Minneapolis,MN,105000.0
Photographer,Creative,21 - 30 years,Minneapolis,MN,54500.0
Graduate student researcher,Tech,1 year or less,San Diego,CA,25000.0
Pre-K teacher,Early Education,2 - 4 years,Boston,MA,33600.0
Senior Library Clerk,Library,21 - 30 years,Denver,CO,39092.0
External Relations Coordinator,Higher Education,31 - 40 years,Minneapolis,MN,68500.0
Baseball Research Analyst,Professional Sports (Baseball),8 - 10 years,Minneapolis,MN,80000.0
Senior Software Engineer,Software,31 - 40 years,Baltimore,MD,120000.0
Senior Designer,Media,8 - 10 years,New York,NY,85000.0
Epidemiologist,Public Health,8 - 10 years,Chicago,IL,85000.0
Editor,Book publishing,8 - 10 years,New York,NY,58500.0
operations risk analyst 2,Banking,5 - 7 years,St. Louis,MO,52000.0
Manager of Editorial Operations,news media,11 - 20 years,Philadelphia,PA,68028.0
Head of Operations and Budget,Public Service/Finance,21 - 30 years,Boston,MA,93500.0
Congregational Administrator,Church,21 - 30 years,Boston,MA,43191.0
Safety Manager,State govt,31 - 40 years,Austin,TX,83000.0
Instructional Designer,Higher Education,8 - 10 years,Washington,DC,75000.0
video audience,Media,11 - 20 years,New York,NY,80000.0
Librarian,Librarianship,5 - 7 years,Washington,DC,67093.0
Program Manager,Nonprofit,5 - 7 years,Chicago,IL,54000.0
Fellow Physician,Medicine,5 - 7 years,New York,NY,82000.0
Content creator/writer,Writing,5 - 7 years,Baltimore,MD,40000.0
Training & Career Development Coordinator,Higher Education Human Resources,8 - 10 years,Los Angeles,CA,71000.0
Academic Affairs Administrator,Higher Education,8 - 10 years,New York,NY,60000.0
Assistant Director,Libraries,21 - 30 years,Chicago,IL,107300.0
School police officer,Law Enforcement,5 - 7 years,Philadelphia,PA,31000.0
"Associate Director, Human Resources",Advertising,8 - 10 years,New York,NY,137000.0
Department Director,Higher Ed,8 - 10 years,New York,NY,96000.0
Content Marketing Specialist,SaaS,2 - 4 years,Chicago,IL,60000.0
Customer Service Representative,Dental Appliances,2 - 4 years,Austin,TX,34000.0
QA Manager,Biotech,11 - 20 years,Boston,MA,120000.0
Development Director,Nonprofit,8 - 10 years,Denver,CO,60000.0
Knowledge Manager,Engineering,21 - 30 years,Boston,MA,135000.0
Creative Director,Creative,11 - 20 years,New York,NY,140000.0
Director of Marketing,Technology/Saas,11 - 20 years,Philadelphia,PA,65000.0
Global IT Director,Information Technology & Security,11 - 20 years,San Francisco,CA,185000.0
Program Analyst,Government,5 - 7 years,Washington,DC,103477.0
Senior Strategy Analyst,Healthcare,8 - 10 years,Washington,DC,85000.0
Consultant,Consulting,2 - 4 years,Portland,OR,100100.0
Senior Communications Manager,Consumer Goods,11 - 20 years,Atlanta,GA,141000.0
Senior Designer,Publishing,2 - 4 years,New York,NY,60000.0
DBA/Programmer,Healthcare,11 - 20 years,St. Louis,MO,85000.0
Editor,Publishing,11 - 20 years,Boston,MA,60000.0
Optician,Retail,8 - 10 years,Chicago,IL,61000.0
Librarian,Nonprofit,21 - 30 years,New York,NY,55000.0
HR Business Partner,Tech,5 - 7 years,Austin,TX,90000.0
"Associate Director, Advancement Operations",Nonprofit fundraising/development (higher ed),5 - 7 years,Philadelphia,PA,65000.0
Social Media Manager,Hospitality,5 - 7 years,Los Angeles,CA,59000.0
Account Supervisor,Public Relations - Agency,8 - 10 years,Portland,OR,80000.0
Contracts Coordinator,Publishing,5 - 7 years,New York,NY,44250.0
Legal Assistant,Entertainment,11 - 20 years,Los Angeles,CA,65000.0
Grant Writer,Nonprofit,11 - 20 years,Baltimore,MD,60000.0
Senior Planner,Government,11 - 20 years,Portland,OR,85000.0
Associate Professor,Higher Ed,5 - 7 years,Chicago,IL,55000.0
Software Engineer,Software,8 - 10 years,Portland,OR,143000.0
Postdoctoral Research Associate,Academia,8 - 10 years,Los Angeles,CA,53000.0
Principal Software Engineer,Healthcare IT,11 - 20 years,Boston,MA,128000.0
Event and Administration Manager,Event Management/Operations,5 - 7 years,Boston,MA,80000.0
Staff Attorney,Law,11 - 20 years,Atlanta,GA,85000.0
Librarian,Government,21 - 30 years,Austin,TX,56000.0
Patient Service Associate,Healthcare,2 - 4 years,Philadelphia,PA,35000.0
Senior Software Engineer,DoD,5 - 7 years,Washington,DC,113000.0
Senior Manager FP&A,Accounting,11 - 20 years,New York,NY,115000.0
business development specialist,Technology Sales,8 - 10 years,San Francisco,CA,170000.0
"Manager, Program Management",Technology,8 - 10 years,San Francisco,CA,98500.0
Associate,Law,5 - 7 years,New York,NY,275000.0
Staff Attorney,Non-profit law,2 - 4 years,Washington,DC,57500.0
Program Manager,Technology,11 - 20 years,Austin,TX,97343.0
Senior Technical Writer,Mass media,11 - 20 years,Dallas,TX,95000.0
"Full-time, non-tenure professor",Academia,11 - 20 years,Philadelphia,PA,66500.0
Paralegal,Legal,31 - 40 years,Atlanta,GA,85000.0
Registrar,Higher Education,11 - 20 years,Minneapolis,MN,66000.0
Director of Operations,"Tech, Food, Operations",5 - 7 years,Chicago,IL,120000.0
Warehouse Manager,Oil & Gas,8 - 10 years,Houston,TX,103000.0
New Product Engineer,Glass,1 year or less,Pittsburgh,PA,65000.0
Mechanical Engineer,Energy,2 - 4 years,San Francisco,CA,102000.0
Librarian,Government,21 - 30 years,Austin,TX,56000.0
Quality Technician,Pharmaceutical,1 year or less,Chicago,IL,50000.0
Director of Marketing,Media,8 - 10 years,Minneapolis,MN,82000.0
Software Engineer,Tech,2 - 4 years,Portland,OR,77000.0
Teacher,Education,11 - 20 years,Los Angeles,CA,65000.0
Program Manager,IT,11 - 20 years,Austin,TX,103010.0
Program Manager,Software,11 - 20 years,Seattle,WA,155515.0
Senior Project Manager,"Retail food service, corporate HQ",11 - 20 years,Seattle,WA,108000.0
HR and Benefits Manager,Religious nonprofit,31 - 40 years,New York,NY,90000.0
Vice President,Public Relations,11 - 20 years,New York,NY,134750.0
Director Marketing & Communications,Nonprofit,11 - 20 years,St. Louis,MO,62000.0
Scientist,Government,2 - 4 years,Washington,DC,91000.0
Policy Analyst,Government,2 - 4 years,Washington,DC,69581.0
HR Director,Entertainment,8 - 10 years,Los Angeles,CA,80000.0
Research Coordinator,Finance,5 - 7 years,New York,NY,92000.0
Contracts Director,Nonprofit,21 - 30 years,New York,NY,170000.0
Employment Specialist,Higher Education,11 - 20 years,St. Louis,MO,45000.0
Associate,Law (Big law firm),8 - 10 years,Austin,TX,245000.0
GL Accountant,retail/manufacturing,21 - 30 years,Portland,OR,56000.0
Contract Manager,Healthcare,21 - 30 years,Minneapolis,MN,90000.0
Forensic Scientist,Law Enforcement,21 - 30 years,Chicago,IL,98000.0
Manager,Financial Services,8 - 10 years,Boston,MA,48000.0
Actuary,Benefits Consulting,11 - 20 years,Washington,DC,110000.0
Manager of Project Managers,Healthcare,11 - 20 years,Portland,OR,116000.0
Executive Project Coordinator,Higher Education,11 - 20 years,Pittsburgh,PA,34500.0
Communications Specialist,Healthcare,2 - 4 years,Boston,MA,54000.0
Clinical Research Project Manager,Healthcare,2 - 4 years,Boston,MA,68000.0
Senior Training Associate,Saas software,8 - 10 years,Baltimore,MD,60000.0
Producer,Television,5 - 7 years,Atlanta,GA,60000.0
Advocacy and Engagement Coordinator,Environmental non-profit,1 year or less,New York,NY,30000.0
director architecture construction,Hospitality,11 - 20 years,Washington,DC,157000.0
Director,Higher Education Fundraising,11 - 20 years,Philadelphia,PA,85000.0
Associate Attorney,Law,8 - 10 years,Philadelphia,PA,175000.0
Accountant,Accounting,1 year or less,Denver,CO,62400.0
Analyst Supervisor,Government,11 - 20 years,Washington,DC,138000.0
HR Manager,Human Resources,11 - 20 years,Washington,DC,55000.0
Senior Software Engineer,Technology,21 - 30 years,Seattle,WA,146000.0
Executive Assistant,Professional Services,11 - 20 years,Austin,TX,57000.0
Senior Producer,Media,8 - 10 years,New York,NY,82000.0
Content Manager,Advertising,5 - 7 years,Portland,OR,75000.0
HR Manager,Legal,11 - 20 years,New York,NY,120500.0
VP communications,Technology,21 - 30 years,Washington,DC,250000.0
Writer,College communications office,8 - 10 years,Baltimore,MD,50000.0
Reference Librarian,Libraries,11 - 20 years,Houston,TX,20000.0
Technical Assistant,Insurance,11 - 20 years,Portland,OR,42200.0
Scrum Master Manager,Software,11 - 20 years,Chicago,IL,112300.0
Associate,Law,5 - 7 years,Houston,TX,305000.0
Senior Editor,Publishing,41 years or more,New York,NY,87000.0
Senior Vice President (agency),Public Relations,11 - 20 years,New York,NY,175000.0
Controller,Non-Profit/Higher Education,11 - 20 years,Minneapolis,MN,75000.0
Fundraising Data Analyst,Nonprofit,2 - 4 years,New York,NY,65000.0
Social Worker,Healthcare,2 - 4 years,Baltimore,MD,70000.0
Implementation Specialist,International Trade Customs Brokerage,11 - 20 years,Portland,OR,78000.0
Internal Audit Manager,Entertainment,5 - 7 years,New York,NY,115000.0
RN,Healthcare,2 - 4 years,Washington,DC,55000.0
Outreach Coordinator,Nonprofit,2 - 4 years,Washington,DC,55000.0
Administrative Coordinator,Healthcare,8 - 10 years,Portland,OR,55328.0
Director,Higher Education,8 - 10 years,Minneapolis,MN,65500.0
Communications Specialist,Government,2 - 4 years,Washington,DC,68500.0
Senior Consultant,Healthcare,11 - 20 years,New York,NY,147000.0
"Associate, Digital Platforms",Publishing,2 - 4 years,New York,NY,49000.0
intl liaison and scholarship administrator,Association,31 - 40 years,Chicago,IL,81000.0
Assistant Attorney,Law,2 - 4 years,New York,NY,68000.0
Editor,Legal,21 - 30 years,Chicago,IL,58500.0
Educational Consultant,Publishing,5 - 7 years,Philadelphia,PA,62029.0
Institutional Giving Manager,Nonprofit Development,2 - 4 years,New York,NY,67000.0
Director of Technical Project Management,Non-profit IT,11 - 20 years,Atlanta,GA,107000.0
Structural Engineering Specialist,Infrastructure / Transportation,2 - 4 years,New York,NY,65500.0
Controller,Finance,11 - 20 years,San Francisco,CA,150000.0
Sales and Marketing,Publishing,11 - 20 years,New York,NY,87000.0
Digital Strategist,Nonprofit,8 - 10 years,Boston,MA,55000.0
Senior Software Engineer,Network Security,21 - 30 years,Austin,TX,164000.0
Counsel,International Relations,11 - 20 years,Washington,DC,84000.0
Program Coordinator,Nonprofit,5 - 7 years,Chicago,IL,49000.0
Lead Technical Writer and Information Architect,IT,11 - 20 years,Philadelphia,PA,90000.0
Administrative Coordinator,Education (Public University),21 - 30 years,Portland,OR,52056.0
Senior Marketing Manager,Renewable Energy,2 - 4 years,New York,NY,95000.0
Administrative Assistant/Project Manager,NFP Cultural Institution,8 - 10 years,Chicago,IL,43225.0
Public health researcher,Non-Profit Public Health,11 - 20 years,Boston,MA,62500.0
Correspondent,Media,11 - 20 years,Washington,DC,110000.0
Research Associate,Research/Advisory,2 - 4 years,New York,NY,67500.0
Executive Assistant,Banking,5 - 7 years,San Francisco,CA,70000.0
Software Engineer,Government,11 - 20 years,Portland,OR,90000.0
Library Assistant,Academic Libraries,8 - 10 years,Minneapolis,MN,40064.0
Kindergarten teacher,Education,5 - 7 years,Boston,MA,47000.0
Executive Assistant/Operations Coordinator,Media,2 - 4 years,New York,NY,42000.0
Contract Specialist,Oil and Gas,2 - 4 years,Houston,TX,49000.0
Assistant Counsel,Law,8 - 10 years,Washington,DC,106000.0
Records Manager,Legal,41 years or more,Denver,CO,86000.0
Advancement Director,Education Non-profit,5 - 7 years,New York,NY,79000.0
Business Analyst,Insurance,8 - 10 years,Denver,CO,80000.0
Analyst,Recruiting,1 year or less,Seattle,WA,60000.0
Marketing Associate,Fashion tech/garments,5 - 7 years,New York,NY,55000.0
Corporate Payroll Manager,Hospitality,11 - 20 years,Portland,OR,90000.0
Controls Engineer,Energy (Oil and Gas),5 - 7 years,Houston,TX,112500.0
Senior Specialist,Insurance,11 - 20 years,Seattle,WA,65000.0
Freelance Designer,Fashion Design,11 - 20 years,San Francisco,CA,100000.0
Software Engineer,Technology,2 - 4 years,Philadelphia,PA,74000.0
Corporate executive chef,Hospitality,21 - 30 years,Dallas,TX,115000.0
Strategist,Design,5 - 7 years,Chicago,IL,62000.0
Principal Software Engineer,Technology (social media software),8 - 10 years,San Francisco,CA,180000.0
Renewable Energy Program Manager,Municipal Government/Electric Utility,11 - 20 years,Seattle,WA,82000.0
Technical Services Librarian,Librarianship,2 - 4 years,New York,NY,75000.0
Coordinator,Education,5 - 7 years,San Francisco,CA,53000.0
Paralegal,Legal support,8 - 10 years,Atlanta,GA,46000.0
Senior Software Engineer,Technology,5 - 7 years,Atlanta,GA,112000.0
Publicity Manager,Publishing,5 - 7 years,New York,NY,65000.0
Product Manager,Media,5 - 7 years,Boston,MA,70000.0
Technical Writer,Software,11 - 20 years,Chicago,IL,52000.0
Deputy Director,Legal services (nonprofit),8 - 10 years,New York,NY,91000.0
Assistant Director,Higher Ed,11 - 20 years,Boston,MA,75000.0
Associate,Law,1 year or less,Washington,DC,190000.0
Sales Manager,Publishing/Print,21 - 30 years,New York,NY,81500.0
Assistant Office Manager,Finance,5 - 7 years,Boston,MA,51000.0
Director,Ecommerce,11 - 20 years,St. Louis,MO,85000.0
Procurement Analyst,Government,11 - 20 years,Washington,DC,127000.0
Education Specialist,Museum Education,5 - 7 years,San Francisco,CA,34000.0
Executive Assistant,Association,11 - 20 years,Washington,DC,89000.0
Library Access Services Assistant Manager,Academic Library,8 - 10 years,Portland,OR,45000.0
Senior Benefits & Wellness Analyst,Technology,11 - 20 years,Chicago,IL,71500.0
Librarian/Assistant Professor,Higher Education,8 - 10 years,Washington,DC,57000.0
Training and Communication Specialist,Healthcare,11 - 20 years,Phoenix,AZ,62500.0
Chief of Staff,Nonprofit,8 - 10 years,Philadelphia,PA,75000.0
Administrative Assistant,Museums,2 - 4 years,Washington,DC,40000.0
Manager,Nonprofit,5 - 7 years,Chicago,IL,52000.0
Meeting Planner,Meeting Planning,11 - 20 years,New York,NY,54500.0
Director,Engineering Consulting,21 - 30 years,Pittsburgh,PA,116000.0
Search & Social Director,Digital Media,8 - 10 years,New York,NY,126000.0
Analyst,K-12 Education,8 - 10 years,Seattle,WA,75368.0
Aircraft Dispatcher,Aviation,5 - 7 years,Dallas,TX,115000.0
Meetings & Events Coordinator,Nonprofit,8 - 10 years,New York,NY,56000.0
Senior Marketing Manager,Nonprofit scholarly publishing,11 - 20 years,Washington,DC,107000.0
Associate Producer,Video Production,5 - 7 years,Seattle,WA,42000.0
Senior Media Buyer,Media/Advertising,8 - 10 years,Los Angeles,CA,80500.0
Library Technician,Government Archives,2 - 4 years,Washington,DC,40825.0
Administrative Aide,Higher Ed,2 - 4 years,New York,NY,55000.0
Vice President,Political Consulting,11 - 20 years,Washington,DC,60000.0
Senior Battery Engineer,Science,8 - 10 years,Denver,CO,105000.0
Lead System Engineer,IT,11 - 20 years,Seattle,WA,135000.0
Senior revenue accountant,Software,11 - 20 years,Denver,CO,95000.0
Development Coordinator,Nonprofit,2 - 4 years,Atlanta,GA,42000.0
Instructional Designer,Tech/Print/Publishing,11 - 20 years,Austin,TX,50000.0
Associate Director of Development,Nonprofit,5 - 7 years,Chicago,IL,55000.0
Editor,Journalism,21 - 30 years,Washington,DC,83000.0
Special Projects Facilitator,Parks and Recreation,2 - 4 years,Chicago,IL,42000.0
Client Manager,Advertising,8 - 10 years,Washington,DC,98000.0
Senior Product Marketing Manager,Tech,11 - 20 years,San Francisco,CA,125000.0
Senior Project Manager,Government consulting,21 - 30 years,Washington,DC,136000.0
Senior Career Coach,Higher Education,5 - 7 years,Austin,TX,48500.0
Coordinator,Higher Education,21 - 30 years,Los Angeles,CA,47320.0
Practice Admin,Recruiting,8 - 10 years,Portland,ME,63000.0
Production Editor,Publishing,5 - 7 years,Boston,MA,50000.0
Travel Manager,Event Management,5 - 7 years,New York,NY,50000.0
Marketing Coordinator,Bookselling,8 - 10 years,Portland,OR,38000.0
Sales Operations Manager,Tech,5 - 7 years,San Francisco,CA,135000.0
Editor,Publishing,8 - 10 years,Philadelphia,PA,70000.0
Managing Editor,Publishing,5 - 7 years,Chicago,IL,55000.0
IO Psychologist,Gov't consulting,8 - 10 years,Washington,DC,85000.0
Information System Security Officer,Cyber Security,11 - 20 years,Denver,CO,122000.0
Development Associate,Nonprofit fundraising,8 - 10 years,New York,NY,62000.0
Marketing Coordinator,Construction,21 - 30 years,Philadelphia,PA,68000.0
Editorial Coordinator,Nonprofit,5 - 7 years,Washington,DC,47000.0
Technical Designer,Fashion,8 - 10 years,Los Angeles,CA,75000.0
Program Director,Higher Education,11 - 20 years,Boston,MA,55000.0
Student Services Coordinator,Higher Ed,1 year or less,Seattle,WA,41000.0
Systems Analyst,IT,21 - 30 years,Washington,DC,95000.0
Research Assistant,Social Science Research,2 - 4 years,Washington,DC,49192.0
Software deployment consultant,Software,11 - 20 years,Portland,OR,65000.0
Archivist,Museums,8 - 10 years,Los Angeles,CA,41000.0
Associate Archivist,Medical,21 - 30 years,New York,NY,67000.0
Branch Manager,Public Library,11 - 20 years,Dallas,TX,85000.0
Project Manager,Academia/Research,5 - 7 years,Philadelphia,PA,82000.0
Digital Marketing Project Manager,Technology,5 - 7 years,Seattle,WA,90000.0
Attorney,Law,5 - 7 years,Philadelphia,PA,78500.0
Research Assistant,Nonprofit,5 - 7 years,Minneapolis,MN,40000.0
HR Benefits Coordinator,Human Resources,2 - 4 years,Chicago,IL,56000.0
Program Specialist,Energy,2 - 4 years,Chicago,IL,53000.0
PSS,Government,31 - 40 years,Washington,DC,107000.0
Customer Engagement,Tech,8 - 10 years,San Francisco,CA,87750.0
Program Analyst,Government Contractor,1 year or less,Washington,DC,61500.0
Program Associate,Nonprofit,5 - 7 years,San Francisco,CA,72000.0
Patient service representative,Healthcare,8 - 10 years,Seattle,WA,39000.0
Copy Chief,Publishing,8 - 10 years,New York,NY,75000.0
Regulatory Affairs Specialist,Medical Devices,2 - 4 years,Pittsburgh,PA,61000.0
Software Engineer,IT,8 - 10 years,Atlanta,GA,62000.0
Editor,E-Learning,11 - 20 years,Phoenix,AZ,79000.0
Senior Video Editor,Marketing,11 - 20 years,Chicago,IL,63000.0
Library Assistant,Library,8 - 10 years,St. Louis,MO,38000.0
Executive Assistant,Nonprofit,2 - 4 years,Philadelphia,PA,42000.0
Customer Support Manager,Online Publishing,11 - 20 years,New York,NY,82000.0
Project Manager,Project Management,8 - 10 years,Denver,CO,76000.0
SaaS Specialist,Technology,5 - 7 years,New York,NY,78000.0
Corporate Quality Manager,Food safety and quality,8 - 10 years,Seattle,WA,85000.0
Recruiting Specialist,Digital Marketing,2 - 4 years,Boston,MA,74000.0
Communications Manager,Retail,11 - 20 years,Philadelphia,PA,80000.0
Attorney,Legal,11 - 20 years,Portland,OR,90000.0
Senior Marketing Coordinator,Tech,8 - 10 years,San Diego,CA,105000.0
archival processing specialist,Library/archives,5 - 7 years,Chicago,IL,47763.0
Technical Instructor,Acadamia,2 - 4 years,Boston,MA,43100.0
Outpatient Therapist,Mental Health,2 - 4 years,Boston,MA,32000.0
Software Engineer,financial/procurement,21 - 30 years,Los Angeles,CA,110000.0
RN,Healthcare,21 - 30 years,Philadelphia,PA,80000.0
Assistant Director of Institutional Giving,Nonprofits - museums,8 - 10 years,New York,NY,82500.0
Digital Content Strategist,Ecommerce,8 - 10 years,Atlanta,GA,65000.0
HR Coordinator,Nonprofit,2 - 4 years,Boston,MA,44000.0
Terminal Manager,Transportation,5 - 7 years,Houston,TX,91000.0
"Freelance musician, classical music",Music,11 - 20 years,Boston,MA,45000.0
Admissions Counselor,Higher Education,2 - 4 years,Phoenix,AZ,35700.0
Attorney,Law,5 - 7 years,Philadelphia,PA,280000.0
Development Officer,Nonprofit,21 - 30 years,Atlanta,GA,80000.0
Historian,Government,8 - 10 years,Washington,DC,84000.0
Compensation Analyst,Human Resources,2 - 4 years,New York,NY,72000.0
Digital Asset Manager,Digital Media/Publishing,2 - 4 years,New York,NY,55000.0
Entertainment Editor,journalism/news,8 - 10 years,New York,NY,110000.0
Salon Manager,Beauty,5 - 7 years,Washington,DC,45000.0
Assistant Production Manager,Publishing,11 - 20 years,New York,NY,58500.0
Solutions Consultant,Technology,5 - 7 years,Minneapolis,MN,110000.0
Analysts,Government,11 - 20 years,New York,NY,150000.0
Senior Software Engineer,Healthcare Related,31 - 40 years,Denver,CO,142000.0
Content Manager,Tech,11 - 20 years,Pittsburgh,PA,80000.0
Clinical Director,Mental Health,21 - 30 years,New York,NY,85000.0
Program Manager,Nonprofit,8 - 10 years,Washington,DC,52500.0
Graphic Designer,Architecture,5 - 7 years,Portland,OR,65000.0
Corporate Communications Senior Manager,Insurance,11 - 20 years,Boston,MA,172000.0
Director of Public Relations,Financial Technology,11 - 20 years,New York,NY,107000.0
Library Technician,Academic Library,2 - 4 years,Boston,MA,37000.0
Editor,Publishing,1 year or less,Philadelphia,PA,71000.0
Events Coordinator,Nonprofit,8 - 10 years,Washington,DC,50100.0
Communications Manager,Government Relations,2 - 4 years,New York,NY,49000.0
Financial Analyst,Government Finance,5 - 7 years,Washington,DC,80000.0
Processing Archivist/Archivist 1,Archives (spec. Museum Archives),2 - 4 years,Seattle,WA,32000.0
Artist Liaison,Arts,8 - 10 years,Los Angeles,CA,72000.0
Destination Sales Executive,Hospitality,11 - 20 years,Phoenix,AZ,60000.0
Associate Editor,Publishing,5 - 7 years,New York,NY,42000.0
Bar Director,Hospitality,11 - 20 years,San Francisco,CA,92000.0
Customer Service Representative,Public Library,2 - 4 years,Dallas,TX,25022.0
Adult Services Librarian,Public Library,5 - 7 years,Chicago,IL,44000.0
Senior Advisory Systems Engineer,Defense Industry,31 - 40 years,Baltimore,MD,178000.0
Group Sales Associate,Arts and Culture,5 - 7 years,Chicago,IL,47000.0
"Associate director, partnerships and programs",Nonprofit: digital health education,8 - 10 years,Philadelphia,PA,79000.0
Adult Program Manager,Nonprofit social services,11 - 20 years,Portland,OR,47000.0
Reporter,Journalism,5 - 7 years,Chicago,IL,49000.0
Quality Assurance,Medical Devices,8 - 10 years,Atlanta,GA,87000.0
Development Director,Nonprofit,11 - 20 years,Denver,CO,65000.0
Analyst,Healthcare,11 - 20 years,Portland,OR,76000.0
Talent & Culture Associate,Human Resources,1 year or less,Washington,DC,51000.0
Archivist,County Government,11 - 20 years,Austin,TX,60000.0
Actuary,Health Insurance,5 - 7 years,New York,NY,120000.0
Graphic Designer,Graphic Design,2 - 4 years,Minneapolis,MN,57000.0
Accounting Manager,Accounting,21 - 30 years,Houston,TX,118000.0
Senior Project Manager,Digital,5 - 7 years,Philadelphia,PA,65000.0
Software Engineer,Technology,5 - 7 years,Minneapolis,MN,82000.0
"Manager, Corporate Intelligence",media/broadcasting,11 - 20 years,Atlanta,GA,92000.0
Account Manager,Insurance,8 - 10 years,Portland,OR,51675.0
Study Coordinator,Academia/Research,8 - 10 years,Atlanta,GA,45700.0
Licensing Manager/Business Affairs,Music Industry,5 - 7 years,New York,NY,75000.0
Account Manager,IT,8 - 10 years,New York,NY,54000.0
Senior Fullstack Software Engineer,Software,8 - 10 years,Boston,MA,122000.0
Manager of Student Accounts,Higher Ed,5 - 7 years,Boston,MA,53000.0
Communications Director,CPG,21 - 30 years,Dallas,TX,200000.0
Senior Product Designer,Tech,8 - 10 years,New York,NY,135000.0
Recruiter,Government,5 - 7 years,Denver,CO,61000.0
Reporter,Media,11 - 20 years,New York,NY,70000.0
Assistant Director,Higher Education,5 - 7 years,Boston,MA,74000.0
Program Associate,Nonprofit (environmental policy),5 - 7 years,Los Angeles,CA,43000.0
Operations Specialist,accessibility/technology,2 - 4 years,Boston,MA,67000.0
Teacher,Education,1 year or less,San Diego,CA,50000.0
Development Manager,Nonprofit fundraising,5 - 7 years,Dallas,TX,50000.0
"Senior Associate, Health Practice",International health/development,8 - 10 years,Washington,DC,68000.0
Pricing Analyst,Market Research,1 year or less,Washington,DC,50000.0
Communications & Marketing Associate,Association,2 - 4 years,Washington,DC,45000.0
Teacher,Education,11 - 20 years,New York,NY,45000.0
Fund Development Assistant,Homelessness services,2 - 4 years,Seattle,WA,43600.0
Senior Manager Communications and PR,Pharmaceutical (Vendor),8 - 10 years,Boston,MA,95000.0
Senior Product Designer,Tech,8 - 10 years,New York,NY,135000.0
Engineer,Energy,5 - 7 years,Houston,TX,110000.0
Associate,Nonprofit,1 year or less,Boston,MA,40000.0
Communications Analyst,Consulting,2 - 4 years,New York,NY,70000.0
Marketing Coordinator,Publishing,2 - 4 years,New York,NY,43000.0
Consultant,energy/environment,2 - 4 years,Chicago,IL,66000.0
Safe Patient Handling Coordinator,Healthcare,31 - 40 years,Los Angeles,CA,84000.0
Public Information Officer,Government (local level),11 - 20 years,Los Angeles,CA,81000.0
Analyst,Government,11 - 20 years,Boston,MA,69000.0
Accountant,retail (multi-state chain),21 - 30 years,Minneapolis,MN,90000.0
Librarian,Higher Education,8 - 10 years,Boston,MA,66000.0
Office & Marketing Manager,Real Estate,5 - 7 years,Chicago,IL,50000.0
Head Librarian,Higher Education,8 - 10 years,Austin,TX,80000.0
Department Administrator,Higher Education,11 - 20 years,Boston,MA,50000.0
Implementation Manager,Software,11 - 20 years,Chicago,IL,80000.0
Database Administrator,Tech,11 - 20 years,Seattle,WA,114000.0
Program Coordinator,Social Services,2 - 4 years,New York,NY,36000.0
Staff Assistant,Healthcare,8 - 10 years,Boston,MA,44304.0
Administrative Professional,Consulting,8 - 10 years,Chicago,IL,60000.0
Senior Employee Relations Partner,Medical Devices,5 - 7 years,Minneapolis,MN,100000.0
Associate,Environmental,5 - 7 years,Denver,CO,60000.0
Senior Animal Trainer,Zoo/animal care,11 - 20 years,San Diego,CA,54000.0
Director of Marketing,Marketing,8 - 10 years,Los Angeles,CA,110000.0
Manager of Customer Retention,SaaS,11 - 20 years,Chicago,IL,101000.0
Senior Financial Analyst,Hospitality,11 - 20 years,Chicago,IL,70000.0
Senior Manager Communications and Change Management,Professional Services,11 - 20 years,Chicago,IL,106000.0
Special Events Coordinator,Nonprofit,2 - 4 years,Chicago,IL,47500.0
VP Marketing,Publishing,21 - 30 years,New York,NY,168000.0
Attorney,Legal,11 - 20 years,Dallas,TX,135000.0
Imaging Services Manager,University,5 - 7 years,Los Angeles,CA,65000.0
Platform Editor,Media,5 - 7 years,New York,NY,95000.0
Marketing & Communications Manager,Marketing/Communications,21 - 30 years,Atlanta,GA,69000.0
Manager,Technology,8 - 10 years,San Francisco,CA,240000.0
Contract Manager,Technology,11 - 20 years,San Francisco,CA,125000.0
Scientist,Biochemistry- pharmaceuticals,8 - 10 years,Boston,MA,110000.0
"Senior Manager, Engagement & Training",Non-Profit Management,11 - 20 years,San Francisco,CA,78000.0
Senior Assistant,Accounting,2 - 4 years,St. Louis,MO,41500.0
Technical Writer,Aerospace,8 - 10 years,Washington,DC,90000.0
Associate,Legal,8 - 10 years,Los Angeles,CA,265000.0
Business Support Officer,Finance,11 - 20 years,San Francisco,CA,70000.0
eDiscovery Project Manager,Litigation Support,5 - 7 years,Chicago,IL,90000.0
Rehabilitation and Recovery Coordinator,Managed Care,11 - 20 years,Boston,MA,48500.0
"VP, CRM",Finance,11 - 20 years,New York,NY,143000.0
Strategy Chief,Public Relations,11 - 20 years,Chicago,IL,150000.0
Director,State Government,21 - 30 years,Austin,TX,98000.0
Advancement Manager,non-profit grant writing/fund development,11 - 20 years,Phoenix,AZ,53000.0
Packaging Supervisor,Life Sciences- IVD Manufacturing,5 - 7 years,St. Louis,MO,73000.0
Educational Diagnostician,Education,5 - 7 years,Houston,TX,65000.0
IT Manager,Technology Startup,11 - 20 years,Pittsburgh,PA,93000.0
Manager of Institutional Gifts,Arts,21 - 30 years,St. Louis,MO,51000.0
Research Coordinator,Nonprofit advocacy,11 - 20 years,New York,NY,94000.0
Deputy Creative Director,Marketing,11 - 20 years,Houston,TX,70200.0
Principal Consultant (Project Manager),Energy/Consulting,11 - 20 years,Boston,MA,92000.0
Box Office Manager,Arts Administration,11 - 20 years,New York,NY,76000.0
Administrative Manager,Transportation,5 - 7 years,San Francisco,CA,61000.0
Senior Technical Writer,Cyber Security,8 - 10 years,San Diego,CA,75000.0
Director of Communications,Nonprofit,11 - 20 years,Houston,TX,125000.0
Data Analyst,Biotech,5 - 7 years,Portland,ME,65000.0
Program Attorney,Continuing Education,8 - 10 years,Boston,MA,74000.0
Product Marketing Manager,Medical Devices,8 - 10 years,Austin,TX,78000.0
Coordinator,Entertainment,2 - 4 years,Los Angeles,CA,49000.0
Legal Secretary/Legal Assistant,Law,31 - 40 years,Seattle,WA,96717.0
Associate Attorney,Legal,5 - 7 years,Los Angeles,CA,297500.0
Freelance copy editor/proofreader,Publishing,11 - 20 years,New York,NY,65000.0
Director,Nonprofit,11 - 20 years,Washington,DC,77000.0
Senior Project Manager,Energy,11 - 20 years,San Francisco,CA,115000.0
Trial Attorney,Law (government),8 - 10 years,Washington,DC,128000.0
Program Manager,Healthcare,21 - 30 years,Houston,TX,115000.0
Associate,Law,5 - 7 years,New York,NY,209000.0
Marketing Communications,BiotechMar,8 - 10 years,Los Angeles,CA,70000.0
Major Gifts Coordinator,Nonprofit,2 - 4 years,New York,NY,60000.0
Senior Product Manager,Tech,8 - 10 years,Seattle,WA,151000.0
Technical Program Manager,Technology,5 - 7 years,Seattle,WA,139000.0
Architect,Credit Card Processing,31 - 40 years,Atlanta,GA,137000.0
Technical Writer,Cyber Security,8 - 10 years,San Diego,CA,59900.0
Convergent Programming Officer,Higher Education,8 - 10 years,Austin,TX,52000.0
Program Coordinator,Non-profit: member associations,11 - 20 years,San Francisco,CA,61000.0
Engineering Manager,Mobile Apps,11 - 20 years,Denver,CO,150000.0
Development Manager,Nonprofit,11 - 20 years,Washington,DC,45000.0
Senior Manager,Management Consulting,11 - 20 years,Washington,DC,180000.0
Data Scientist,Tech,5 - 7 years,San Francisco,CA,94000.0
SVP Marketing,Advertising,21 - 30 years,New York,NY,210000.0
Engineer,State Government,5 - 7 years,Atlanta,GA,101000.0
Consultant,International organization,5 - 7 years,Washington,DC,74000.0
Controller,Real Estate Development,11 - 20 years,San Francisco,CA,85000.0
Associate Architect,Architecture,5 - 7 years,New York,NY,75000.0
"Public Relations, Senior Manager",Fashion,8 - 10 years,New York,NY,110000.0
Senior Software Engineer,Software,11 - 20 years,Washington,DC,130000.0
"VP, Diversity & Inclusion",Technology,21 - 30 years,New York,NY,350000.0
public defender,Law - Public Interest,5 - 7 years,Washington,DC,104000.0
Training Materials Coordinator,Mental Healthcare,5 - 7 years,Seattle,WA,40000.0
Underwriter,Insurance,5 - 7 years,St. Louis,MO,39400.0
Children's Librarian,Public sector,5 - 7 years,Washington,DC,70000.0
Product Analyst,EdTech,8 - 10 years,Portland,OR,67400.0
Business Intelligence Specialist,Higher Education,5 - 7 years,Boston,MA,73000.0
SAP system administrator Material Data Specialist,IT for an industrial metals company,5 - 7 years,Seattle,WA,65000.0
agency attorney,Government,8 - 10 years,New York,NY,68000.0
Lead Curriculum Developer,Educational Technology,5 - 7 years,Philadelphia,PA,65000.0
Assistant,Finance,2 - 4 years,New York,NY,75000.0
Project Manager,Higher Education,11 - 20 years,Washington,DC,61200.0
Attorney,Law (government),8 - 10 years,Washington,DC,137000.0
Patent Attorney,Legal,2 - 4 years,Los Angeles,CA,90500.0
Administrative Associate,Insurance,2 - 4 years,Portland,OR,53000.0
Private Wealth Analyst,Finance,11 - 20 years,Boston,MA,150000.0
Legal Assistant,Law,8 - 10 years,Portland,ME,64000.0
Acquisitions and Assessment Librarian,Higher Education (Librarian),2 - 4 years,Atlanta,GA,47500.0
Compliance Manager,Compliance,11 - 20 years,Philadelphia,PA,90000.0
Software Engineer,Technology,2 - 4 years,Washington,DC,125000.0
Senior Housing Finance Consultant,Nonprofit,11 - 20 years,Los Angeles,CA,135000.0
PhD student,Engineering,1 year or less,Boston,MA,40000.0
Engraver (laser),Awards & Recognition,11 - 20 years,Atlanta,GA,40000.0
Assistant Managing Editor,Medical publishing,11 - 20 years,Baltimore,MD,74840.0
Digital Designer,Ecommerce,11 - 20 years,Los Angeles,CA,81000.0
Firm Administrator,Legal,8 - 10 years,Austin,TX,95000.0
PR Rep,Government,1 year or less,Chicago,IL,54000.0
Senior Software Engineer,Media,5 - 7 years,Washington,DC,132000.0
UX/UI Designer,Technology,21 - 30 years,Washington,DC,120000.0
Production Manager,Digital Media Production,5 - 7 years,Chicago,IL,68000.0
AVP,Financial Services / Insurance,5 - 7 years,Boston,MA,140000.0
Order fulfillment associate,Retai,1 year or less,Portland,OR,17000.0
Order Management/Logsitics,Indoor Fitness,8 - 10 years,Portland,OR,54080.0
Marketing Manager,Higher Education,8 - 10 years,Washington,DC,63500.0
Principal,Education/Religion,11 - 20 years,Houston,TX,72100.0
"Director, Teaching and Learning Center",Higher Education,11 - 20 years,Philadelphia,PA,77000.0
Young Adult Librarian,Public Librarianship,5 - 7 years,New York,NY,60000.0
Sales Manager,Publishing,8 - 10 years,New York,NY,63400.0
Senior Director,Media,11 - 20 years,Atlanta,GA,95000.0
Head of Talent and Leadership Development,Talent Management,11 - 20 years,Dallas,TX,127000.0
Administrative Coordinator,Higher Education,2 - 4 years,Boston,MA,54000.0
Arena sales and service rep,Sports,2 - 4 years,Minneapolis,MN,40000.0
Corporate Safety Director,Construction,41 years or more,Atlanta,GA,110000.0
Collection Development Manager,Library,11 - 20 years,Atlanta,GA,68000.0
Office Manager,Engineering,11 - 20 years,Baltimore,MD,75000.0
Grant Manager,Academia,5 - 7 years,Boston,MA,70000.0
Collections Analysis Librarian,Library,11 - 20 years,Philadelphia,PA,68000.0
Aquatics Director,Fitness,11 - 20 years,Atlanta,GA,32000.0
Administrative Specialist,State University,8 - 10 years,Seattle,WA,65000.0
Senior Billing Specialist,Legal,5 - 7 years,Washington,DC,57000.0
Senior Vehicle Engineer,Automotive & Aerospace,11 - 20 years,Boston,MA,89000.0
Campaign specialist,Publishing,5 - 7 years,Chicago,IL,35000.0
Senior Writer,education services,21 - 30 years,Chicago,IL,76000.0
Senior Policy Associate,Non-Profit/Association,5 - 7 years,Washington,DC,68500.0
advertising operations manager,Advertising,11 - 20 years,Los Angeles,CA,118450.0
Data Analyst,IT,21 - 30 years,St. Louis,MO,100000.0
Sales Operations Supervisor,Tech,8 - 10 years,Portland,OR,62000.0
Communications Director,Nonprofit,11 - 20 years,Houston,TX,69850.0
Sales Generalist,Computer/print hardware,11 - 20 years,Boston,MA,90000.0
Finance Manager,Equipment FInance,11 - 20 years,Chicago,IL,105000.0
Facilities Coordinator,Real Estate,8 - 10 years,Boston,MA,45000.0
QA Analyst,Tech,5 - 7 years,New York,NY,85000.0
"Associate Director, Employee Relations",Higher Education,5 - 7 years,New York,NY,90000.0
Associte 1st year,Lawyer,2 - 4 years,Washington,DC,115000.0
Alumni Data Coordinator,University,2 - 4 years,Boston,MA,54060.0
Senior Marketing Manager,Tech,21 - 30 years,Chicago,IL,126000.0
Senior Production Editor,Publishing,5 - 7 years,New York,NY,58500.0
Supervisor of academic programs,Higher Education Administration,8 - 10 years,Washington,DC,71300.0
Data Analyst,Insurance,8 - 10 years,Philadelphia,PA,64300.0
Data processing coordinator,Nonprofit Development,2 - 4 years,Washington,DC,53000.0
International Programs Liaison,Professional Association,11 - 20 years,Chicago,IL,61800.0
Alliances Director,Tech,8 - 10 years,Minneapolis,MN,125000.0
"Manager, Procurement Operations",Fintech,11 - 20 years,San Francisco,CA,84000.0
Staff writer,Media,8 - 10 years,Washington,DC,74800.0
Senior Policy Analyst,Nonprofit (environmental policy),11 - 20 years,Washington,DC,95000.0
Senior Designer,Design,5 - 7 years,New York,NY,125000.0
Associate Product Manager,Nonprofit,2 - 4 years,New York,NY,60000.0
Senior Editor,Publishing,11 - 20 years,Washington,DC,87000.0
Program Manager,Big tech,5 - 7 years,Boston,MA,93000.0
Executive Editor,Publishing,11 - 20 years,New York,NY,92700.0
Senior Consultant,Actuarial Consulting,8 - 10 years,New York,NY,120000.0
Assistant Producer,Journalism,1 year or less,Washington,DC,47500.0
Investment Analyst,Commercial Real Estate,11 - 20 years,New York,NY,96000.0
Career Development Specialist,Higher Education,8 - 10 years,Houston,TX,55000.0
Data Analyst,Education Administration,11 - 20 years,Denver,CO,60000.0
Administrative Assistant,Engineering/Surveying,2 - 4 years,Boston,MA,38000.0
Senior Marketing Manager,Media,8 - 10 years,New York,NY,92000.0
Chief Financial Officer,Professional Services,8 - 10 years,St. Louis,MO,105000.0
Events and Communications Manager,Education Administration,5 - 7 years,Washington,DC,54000.0
Project Engineer,Water Resources Engineering,5 - 7 years,Denver,CO,81640.0
Senior Vice President,Marketing research consulting,21 - 30 years,Chicago,IL,250000.0
Product Manager,Healthcare,5 - 7 years,Chicago,IL,80000.0
Attorney,Law,5 - 7 years,Los Angeles,CA,255000.0
Grants Specialist,Research Administration,11 - 20 years,St. Louis,MO,46500.0
Program development manager,Environmental non-profit,2 - 4 years,Washington,DC,70500.0
Program Associate,Nonprofit,5 - 7 years,Washington,DC,50300.0
Screenwriter,Television,11 - 20 years,Los Angeles,CA,400000.0
Associate,Law,5 - 7 years,St. Louis,MO,134000.0
Program Director,Nonprofit,11 - 20 years,New York,NY,70000.0
Senior EHS Engineer,Automotive,5 - 7 years,Atlanta,GA,100000.0
Program Coordinator,Academia,8 - 10 years,Philadelphia,PA,52700.0
Executive Assistant,Management Consulting,21 - 30 years,Houston,TX,73000.0
Development Director,Nonprofit fundraising,2 - 4 years,Chicago,IL,60000.0
Corporate Relations Senior Consultant,Insurance,8 - 10 years,Chicago,IL,80000.0
Epidemiologist,Government,8 - 10 years,Portland,OR,70000.0
Digital Communications Manager,Church,5 - 7 years,Boston,MA,48000.0
National Sales Rep,Food Manufacturing,8 - 10 years,Chicago,IL,90000.0
Counselor/Advocate,Nonprofit social services,5 - 7 years,Chicago,IL,33000.0
Manager,Arts,11 - 20 years,Philadelphia,PA,57500.0
Administrative Coordinator,Healthcare,5 - 7 years,Boston,MA,40000.0
Regulatory Specialist,Academics / Medical Research,21 - 30 years,Minneapolis,MN,68000.0
Associate Director,Media,5 - 7 years,New York,NY,90000.0
Archivist,museum (non-profit),8 - 10 years,New York,NY,60000.0
Library Manager,Government,11 - 20 years,Atlanta,GA,67000.0
Assistant Director of Admissions,Higher Education,2 - 4 years,Washington,DC,57000.0
ACD Art Director,Advertising,21 - 30 years,New York,NY,150000.0
Director,City Government,5 - 7 years,New York,NY,81000.0
Data Scientist,Utilities,2 - 4 years,New York,NY,80900.0
Economist,Government,5 - 7 years,Washington,DC,85000.0
"Director, Email Operations",Nonprofit,8 - 10 years,New York,NY,132400.0
Development Associate,Public Media,5 - 7 years,Austin,TX,42000.0
Deputy Director,Arts Administration,11 - 20 years,Portland,ME,66500.0
Staff Assistant,Government,8 - 10 years,Los Angeles,CA,50000.0
Clinician,Mental health/social work,2 - 4 years,Boston,MA,48000.0
Digital Engagement Manager,Nonprofit,8 - 10 years,Washington,DC,72000.0
Software Engineering Intern,Tech,1 year or less,San Francisco,CA,79000.0
Editor,Publishing/Media,8 - 10 years,New York,NY,58500.0
Materials scientist,Aviation,5 - 7 years,Portland,OR,120000.0
Software Engineer,Technology,1 year or less,San Francisco,CA,120000.0
Employment Specialist,Employment Development,8 - 10 years,Portland,OR,46500.0
Merchandising Manager,Interior Design,5 - 7 years,Philadelphia,PA,34000.0
Investment Associate,Investment Management,5 - 7 years,Chicago,IL,120000.0
Case manager/emergency services coordinator,Nonprofit,5 - 7 years,Los Angeles,CA,39000.0
Member Services Manager,Museum Field/Trade Association,8 - 10 years,Washington,DC,52000.0
Creative Director,Beauty,11 - 20 years,New York,NY,131000.0
Audience research specialist,Museums,5 - 7 years,Washington,DC,56000.0
Marketing Coordinator,Marketing,2 - 4 years,Seattle,WA,42000.0
"Director, Public Relations",Entertainment media,8 - 10 years,New York,NY,115000.0
Senior Analyst,Advertising,2 - 4 years,New York,NY,75000.0
Editorial Assistant,Publishing,2 - 4 years,New York,NY,30000.0
Executive Assistant,Healthcare/Pharma,21 - 30 years,Philadelphia,PA,74000.0
"Manager, business process & technology",Tech (software),5 - 7 years,San Francisco,CA,101000.0
Director of Annual Giving,Higher Ed,11 - 20 years,Boston,MA,90000.0
Counsel,State Government,8 - 10 years,Boston,MA,92000.0
Associate Director of Operations,Nonprofit,2 - 4 years,Denver,CO,56500.0
Project Manager,Non-profit housing,5 - 7 years,New York,NY,70000.0
"VP, Research & Insights",Media / Professional Association,11 - 20 years,Washington,DC,96900.0
Associate IRB Chair,Healthcare,11 - 20 years,Boston,MA,71400.0
Event Coordinator,Tech,5 - 7 years,Seattle,WA,60000.0
"Manager, Prospect Research",Fundraising,5 - 7 years,New York,NY,77500.0
Administrative Coordinator,Higher Education,5 - 7 years,Washington,DC,50980.0
Copywriter,Marketing,8 - 10 years,Boston,MA,65000.0
Senior Designer,Design,11 - 20 years,New York,NY,80000.0
Editorial Director,Publishing,11 - 20 years,New York,NY,133000.0
Associate,Legal,5 - 7 years,Washington,DC,185000.0
Project Manager,Consulting,8 - 10 years,Phoenix,AZ,105000.0
Senior Director,Market Research,5 - 7 years,New York,NY,140000.0
Senior Instructional Technologist,Higher Education,11 - 20 years,New York,NY,95000.0
Analyst,Computer Security,2 - 4 years,St. Louis,MO,85000.0
Engineer,Aerospace,11 - 20 years,Houston,TX,97000.0
Office Administrator,Commercial Real Estate,2 - 4 years,Austin,TX,41200.0
Prospect Researcher,Nonprofit,5 - 7 years,Houston,TX,58000.0
Office Administrator,Religious nonprofit,21 - 30 years,Washington,DC,50800.0
Quality Manager,Healthcare,11 - 20 years,Los Angeles,CA,93000.0
Compliance Associate,Finance,5 - 7 years,New York,NY,80000.0
Prospect Research Analyst,Higher Ed/Non Profit,8 - 10 years,Philadelphia,PA,55000.0
research & evaluation coordinator,Higher Education,2 - 4 years,Pittsburgh,PA,48000.0
Senior Program Manager,Nonprofit,8 - 10 years,Minneapolis,MN,61000.0
"Program Manager, Recruitment & Admissions",Higher Education - Graduate Level,2 - 4 years,New York,NY,78280.0
Senior Scrum Master,IT,8 - 10 years,Seattle,WA,125000.0
Digital Archivist,Libraries/Nonprofit,8 - 10 years,Philadelphia,PA,64000.0
Clinical Supervisor,Non Profit - Mental Health,5 - 7 years,Philadelphia,PA,65000.0
Community Support Manager,Nonprofit,8 - 10 years,New York,NY,76000.0
Customer Service - House Sales,Custom Apparel,5 - 7 years,Baltimore,MD,45000.0
Senior medical writer,Biotech,11 - 20 years,Boston,MA,151400.0
Program development manager,Tourism,8 - 10 years,New York,NY,49000.0
Postdoctoral Fellow,Academia (science),5 - 7 years,Austin,TX,47500.0
Clinical Research Coordinator,Healthcare,5 - 7 years,Dallas,TX,44500.0
Volunteer Coordinator,Nonprofit,2 - 4 years,New York,NY,45200.0
Associate Director of Resource Development,Nonprofit,11 - 20 years,Chicago,IL,70000.0
Lab Technician,Biotech,2 - 4 years,Boston,MA,48000.0
Grants Manager,Philanthropy,5 - 7 years,Pittsburgh,PA,53000.0
Policy Analyst,Government,8 - 10 years,Washington,DC,105000.0
Associate Research Scientist,Research Science,11 - 20 years,Washington,DC,100000.0
Research Associate,Clinical Research,8 - 10 years,Denver,CO,63000.0
Senior Publicist,Publishing,8 - 10 years,Chicago,IL,49000.0
Assistant Office Manager,Transportation,5 - 7 years,Portland,OR,48000.0
Communications Manager,Nonprofit advocacy,5 - 7 years,Boston,MA,55400.0
Director of CRM,Marketing/Entertainment,8 - 10 years,New York,NY,151000.0
Archive Assistant,Libraries and archives,11 - 20 years,Houston,TX,32500.0
Buyer,Distribution,8 - 10 years,Chicago,IL,53000.0
Attorney,Law,2 - 4 years,New York,NY,210000.0
"Assistant manager, Banana Republic",Retail,2 - 4 years,Pittsburgh,PA,34000.0
Senior Communications Manager,Communications/Non-Profit,11 - 20 years,Washington,DC,93000.0
Collection Development Specialist,Book Distribution,8 - 10 years,St. Louis,MO,51000.0
Human Resource Representative,Higher Education Human Resources,2 - 4 years,Austin,TX,43000.0
Senior Reporter,Media,8 - 10 years,Washington,DC,77000.0
Clinical Research Coordinator,Healthcare,11 - 20 years,Dallas,TX,50000.0
Product Owner,Tech,2 - 4 years,New York,NY,72000.0
Administrative Executive Officer,Higher Education,11 - 20 years,New York,NY,101043.0
Project Coordinator,Construction,8 - 10 years,Boston,MA,75000.0
Actuary,Insurance,8 - 10 years,New York,NY,148000.0
Policy Analyst,Local Government,11 - 20 years,Chicago,IL,63000.0
Software Engineer,Software/IT,2 - 4 years,Philadelphia,PA,66000.0
Associate 1 Risk Assurance and Advisory Services,Public Accounting,1 year or less,San Francisco,CA,65700.0
Software Tester,Software,11 - 20 years,Chicago,IL,86000.0
Administrative Assistant,Administration,8 - 10 years,Seattle,WA,56000.0
Software Quality Assurance,Financial Software,5 - 7 years,Portland,OR,58708.0
Supervisor,Clinical Research,11 - 20 years,Minneapolis,MN,68000.0
Technical Services consultant,Information Science,11 - 20 years,Boston,MA,77000.0
Incident Handler III,Higher Ed,11 - 20 years,Boston,MA,91300.0
Program Coordinator,Higher Education,8 - 10 years,Chicago,IL,51500.0
Receptionist,Executive Search,2 - 4 years,San Francisco,CA,46000.0
Assistant Professor,Academia,2 - 4 years,New York,NY,85000.0
Librarian,Librarianship,41 years or more,Philadelphia,PA,64000.0
Project Manager,Healthcare,21 - 30 years,Chicago,IL,75000.0
Program Manager,Government Contracting,8 - 10 years,Washington,DC,87000.0
Marketing & Events Director,Professional Services,11 - 20 years,New York,NY,106000.0
Manager,IT,8 - 10 years,Minneapolis,MN,135000.0
associate copy chief/digital workflow supervisor/senior production editor,Book publishing,21 - 30 years,New York,NY,88700.0
Teacher,Education,8 - 10 years,Philadelphia,PA,69207.0
Reporter,news media,5 - 7 years,New York,NY,64000.0
Policy Associate,Public Health Research,5 - 7 years,Portland,ME,43000.0
Operations Manager,Theatre,5 - 7 years,New York,NY,50000.0
Producer,Video Games,8 - 10 years,Los Angeles,CA,95000.0
Financial Analyst,Finance,2 - 4 years,New York,NY,77500.0
Partner,Legal - AmLaw 100 Firm,21 - 30 years,Philadelphia,PA,500000.0
Director Research Operations,Academia,21 - 30 years,Minneapolis,MN,122000.0
Compliance Officer,HR,8 - 10 years,Chicago,IL,70140.0
"Associate Editor, Web Content",Nonprofit,5 - 7 years,Washington,DC,45000.0
Human Resources/Office Manager,Pet Food,11 - 20 years,St. Louis,MO,54000.0
Marketing Director,Arts,5 - 7 years,Minneapolis,MN,32500.0
Senior Writer,Higher Education,8 - 10 years,New York,NY,82500.0
member engagement associate,Nonprofit,8 - 10 years,Dallas,TX,41600.0
Senior Writer,Higher Education,8 - 10 years,New York,NY,82500.0
Vice President,Consulting,8 - 10 years,Chicago,IL,135000.0
Structural Engineer,Aerospace,1 year or less,Dallas,TX,79250.0
High school English teacher,Education,11 - 20 years,Los Angeles,CA,75000.0
Special assistant to a VP,Higher Ed,5 - 7 years,Washington,DC,77000.0
"Director, Meetings & Events",Association,8 - 10 years,Washington,DC,68500.0
Editor,Book publishing,5 - 7 years,New York,NY,58500.0
Operations Manager,Nonprofit,21 - 30 years,Boston,MA,80000.0
Director of Revenue Operations,Museums,8 - 10 years,Chicago,IL,106000.0
System/Application Specialist,Banking,5 - 7 years,Minneapolis,MN,51000.0
Research Associate,Academic Research,2 - 4 years,Philadelphia,PA,52500.0
Librarian,GLAM (galleries libraries archives museums),2 - 4 years,Boston,MA,60500.0
Member Benefits and Engagement Specialist,Legal Services,2 - 4 years,Washington,DC,57500.0
Content Marketing Specialist,B2B SAAS,8 - 10 years,Boston,MA,97500.0
Senior UX Designer,AdTech,8 - 10 years,New York,NY,110000.0
IT Manager,Semiconductor,11 - 20 years,Boston,MA,105000.0
Social Media Lead,Government,2 - 4 years,Washington,DC,71000.0
Collection Manager,Arts,5 - 7 years,New York,NY,90000.0
Audit Senior Associate,Public Accounting,8 - 10 years,Houston,TX,75000.0
Asst Director Information Systems,Information Systems,11 - 20 years,New York,NY,100000.0
Assistant Professor,Education,5 - 7 years,New York,NY,90000.0
Director of HR,Entertainment,2 - 4 years,New York,NY,95000.0
Senior Program Manager,Non-profit law,5 - 7 years,Philadelphia,PA,74000.0
Research Assistant,Research and Evaluation,2 - 4 years,Atlanta,GA,67000.0
Senior Business Analyst,Software,21 - 30 years,Atlanta,GA,100000.0
Consulting Engineer,Engineering (Defense & Aerospace),31 - 40 years,Atlanta,GA,250000.0
Buyer,Wholesale distribution,31 - 40 years,Atlanta,GA,72500.0
HR Manager,Marketing,5 - 7 years,New York,NY,100000.0
Associate,Finance,2 - 4 years,New York,NY,50000.0
Director,Public Policy,8 - 10 years,Washington,DC,114400.0
Clerk,Library,5 - 7 years,Pittsburgh,PA,24375.0
Director - art consulting,Arts,11 - 20 years,New York,NY,60000.0
Sales Coordinator,Hospitality,5 - 7 years,Philadelphia,PA,41184.0
Director of Marketing,Arts,5 - 7 years,New York,NY,95000.0
Senior Data Analyst,Finance,11 - 20 years,Dallas,TX,118250.0
Recruitment Program Assistant,Higher Education,2 - 4 years,New York,NY,56000.0
Principal,Legal,31 - 40 years,San Francisco,CA,180000.0
Project Manager,FMCG,2 - 4 years,St. Louis,MO,86000.0
Resource Navigator,Healthcare,2 - 4 years,Boston,MA,45000.0
Non equity shareholder,Legal,11 - 20 years,Pittsburgh,PA,125000.0
Director,Public Relations,11 - 20 years,Boston,MA,103000.0
Consultant,Software Engineering,1 year or less,Austin,TX,77000.0
Human Resources Manager,Vending,2 - 4 years,Los Angeles,CA,70000.0
Senior Content Specialist,Higher Education,8 - 10 years,Chicago,IL,62000.0
Visitor Services Manager,Nonprofit,5 - 7 years,Boston,MA,50000.0
Literary Agent,Publishing,8 - 10 years,New York,NY,50000.0
Research Director,Higher Education,11 - 20 years,Philadelphia,PA,135000.0
Consultant,Software,5 - 7 years,Atlanta,GA,92000.0
Senior Designer,Legal,5 - 7 years,Chicago,IL,55000.0
Analyst,IT,2 - 4 years,Chicago,IL,45000.0
Community Manager,IT / Software,8 - 10 years,Austin,TX,70000.0
Senior Account Manager,Health Insurance,11 - 20 years,Philadelphia,PA,160000.0
Document Librarian,Law Library,11 - 20 years,Minneapolis,MN,60000.0
Program Manager,IT,11 - 20 years,Philadelphia,PA,113000.0
Pricing & Inventory Analyst,Media,8 - 10 years,New York,NY,90000.0
Digital Marketing Coordinator,Marketing for a legal association,2 - 4 years,Chicago,IL,34500.0
Advanved Research Associate,Biotech,2 - 4 years,Minneapolis,MN,52000.0
Executive Assistant,Publishing/Books,2 - 4 years,Chicago,IL,35595.0
Floral designer,Events,2 - 4 years,Pittsburgh,PA,40000.0
Consultant,Pharmaceutical,21 - 30 years,Phoenix,AZ,200000.0
Technical proposal specialist,Policy Research,11 - 20 years,Boston,MA,70500.0
Customer Experience Representative I,Dental Industry/Medical Manufacturing,2 - 4 years,St. Louis,MO,24440.0
Staff RN,Healthcare,11 - 20 years,Boston,MA,72000.0
Radio producer,Media,2 - 4 years,Boston,MA,51000.0
Program Manager,Education / Non Profit,5 - 7 years,New York,NY,60000.0
HRIS Analyst,Engineering,5 - 7 years,Denver,CO,58000.0
Claim Manager,Insurance,8 - 10 years,St. Louis,MO,95226.0
Program Specialist,Public Health/Local government,2 - 4 years,Portland,OR,68000.0
Program Manager,Higher Education Administration,8 - 10 years,New York,NY,63860.0
Attorney,Legal Services,21 - 30 years,Chicago,IL,162000.0
Clinical Research Coordinator,Clinical Research,2 - 4 years,Washington,DC,41000.0
"Director, Data Operations",Finance,5 - 7 years,Washington,DC,94500.0
Operations Assistant,Healthcare,11 - 20 years,New York,NY,45000.0
Editor,Media,5 - 7 years,Dallas,TX,52000.0
Pharmacist,Medical,11 - 20 years,New York,NY,125000.0
Senior Associate,Management Consulting,8 - 10 years,Washington,DC,100500.0
Property Accountant,Property Management,1 year or less,Boston,MA,70000.0
Finance and research analyst,State Government,8 - 10 years,Denver,CO,52608.0
Program Specialist,Education Non-profit,2 - 4 years,Chicago,IL,72000.0
Software Trainer,Tech,11 - 20 years,Seattle,WA,55000.0
Claims adjuster - generalist,Car insurance,5 - 7 years,Minneapolis,MN,52500.0
Executive Director,Government,11 - 20 years,Portland,OR,120000.0
Account Director,Design,8 - 10 years,Philadelphia,PA,85000.0
Communications Representative,Arts,5 - 7 years,Minneapolis,MN,22400.0
Financial Analyst,Finance,21 - 30 years,Boston,MA,105000.0
Marketing Specialist,Engineering,11 - 20 years,Denver,CO,72800.0
Senior Director,Communications,8 - 10 years,Washington,DC,116000.0
Senior Account Executive,Investor Relations,11 - 20 years,New York,NY,250000.0
Account Manager (non-sales role),Email marketing,5 - 7 years,San Francisco,CA,80000.0
Project Manager,Archives,5 - 7 years,New York,NY,59000.0
Editorial Assistant,Publishing,5 - 7 years,Chicago,IL,32000.0
Inside Sales Rep,Water and Wastewater Supplies,2 - 4 years,Chicago,IL,65000.0
Graduate student researcher,Chemistry,2 - 4 years,Pittsburgh,PA,26000.0
Instruction Librarian,Academia,11 - 20 years,Phoenix,AZ,49000.0
Program Director,Nonprofit/Philanthropy,8 - 10 years,Chicago,IL,65000.0
Program Manager,Higher Education,2 - 4 years,Washington,DC,52151.0
Senior Internal Auditor,Technology,5 - 7 years,Boston,MA,74000.0
Negotiation Support Coordinator,Legal,2 - 4 years,Chicago,IL,45000.0
Accounting Specialist,Finance,2 - 4 years,Boston,MA,48000.0
Senior Planner,Government,8 - 10 years,San Francisco,CA,103000.0
Associate Attorney,Law,2 - 4 years,Portland,OR,120000.0
Curriculum developer/trainer,Education,8 - 10 years,New York,NY,77500.0
Receptionist,Finance,5 - 7 years,New York,NY,41000.0
Accounting Specialist,Hospitality,2 - 4 years,Minneapolis,MN,30000.0
Digital Marketing Manager,Design/Manufacturing,5 - 7 years,Boston,MA,55000.0
Box Office Manager,Performing Arts,8 - 10 years,Portland,OR,45000.0
Product Marketing Manager,"Software, Information Services",8 - 10 years,Washington,DC,95000.0
Analyst,Healthcare IT,5 - 7 years,Austin,TX,63500.0
senior copy editor,online legal news,8 - 10 years,New York,NY,89900.0
Director of Strategy,Media,8 - 10 years,Chicago,IL,165000.0
Senior Director IT,Higher Ed,11 - 20 years,Philadelphia,PA,142900.0
Assistant Director of Admission,Higher Education,5 - 7 years,Boston,MA,55000.0
HR Manager,HR,11 - 20 years,Chicago,IL,120000.0
VP,Financial Services/consulting,8 - 10 years,Houston,TX,150000.0
Paralegal,Legal,5 - 7 years,New York,NY,54000.0
Legal Assistant,Legal,2 - 4 years,Austin,TX,51500.0
Research Associate,Museums,11 - 20 years,New York,NY,69000.0
Consultant,Finance,8 - 10 years,Portland,OR,72700.0
Strategic Program Analyst,Government,11 - 20 years,Washington,DC,130000.0
Publicist,Book publishing,11 - 20 years,New York,NY,50000.0
Transportation Program Director,nonprofit/transportation,5 - 7 years,Chicago,IL,80000.0
Director,Cyber Security,2 - 4 years,Baltimore,MD,101000.0
Accounting/Admin Assistant,Sustainability,2 - 4 years,Atlanta,GA,40000.0
Software Engineer,Advertising,8 - 10 years,New York,NY,136500.0
Executive Legal Assistant,Legal,8 - 10 years,Boston,MA,80000.0
Service/UX Designer,Design,11 - 20 years,Boston,MA,100000.0
Virtualization Engineer,Government Contracting,8 - 10 years,Atlanta,GA,97000.0
Chief Administrative Officer,Finance,2 - 4 years,New York,NY,65000.0
Product Analyst,Software,2 - 4 years,Boston,MA,57750.0
Graphic Designer,fashion/creative,2 - 4 years,New York,NY,60000.0
Corporate Writer,Telecommunications,5 - 7 years,Chicago,IL,70000.0
Communications Director,Local Government,2 - 4 years,Houston,TX,50000.0
Marketing Representative,Manufacturing,21 - 30 years,Dallas,TX,80000.0
Senior Analyst,National Security (think tank),5 - 7 years,Washington,DC,75000.0
Administrative Specialist,State Government,11 - 20 years,Baltimore,MD,40000.0
Senior Product Manager,Software,8 - 10 years,Boston,MA,150000.0
Human Resources Analyst,Financial Services,1 year or less,New York,NY,65000.0
Food Safety Manager,Food & Beverage,8 - 10 years,Atlanta,GA,102500.0
"Counsel, Trademark Protection",Law,8 - 10 years,New York,NY,183000.0
Associate,Legal,5 - 7 years,Chicago,IL,190000.0
Senior (Software Development) Project Manager,Communications,21 - 30 years,Seattle,WA,130000.0
Senior Tax Manager,Public Accounting,11 - 20 years,Portland,OR,108000.0
Communications Manager,Finance,11 - 20 years,Dallas,TX,108000.0
Senior Business Systems Analyst,Biopharmaceuticals,21 - 30 years,Philadelphia,PA,112000.0
"Manager, Analytical Chemistry Lab",government R&D,11 - 20 years,Chicago,IL,135000.0
Manager,Accounting,11 - 20 years,Dallas,TX,138000.0
Director,Nonprofit,11 - 20 years,Chicago,IL,106000.0
Business Process Manager,Publishing,11 - 20 years,San Diego,CA,53000.0
Project Coordinator,Research,8 - 10 years,Boston,MA,66000.0
Software Engineer,Software,5 - 7 years,New York,NY,135700.0
Traffic manager,Consulting,11 - 20 years,Atlanta,GA,66000.0
Software Engineer,Science and engineering research,31 - 40 years,San Francisco,CA,152000.0
Project Manager,Healthcare (nonprofit hospital),5 - 7 years,New York,NY,85000.0
Investment Specialist,Investing,8 - 10 years,Baltimore,MD,48000.0
Analyst,Advertising,5 - 7 years,Chicago,IL,90000.0
Technology Librarian,Public Library,8 - 10 years,Chicago,IL,61000.0
Software Test Automation Engineer,Software,1 year or less,New York,NY,60000.0
Loan Operations Analyst,Finance,1 year or less,Denver,CO,41000.0
Development Manager,Nonprofit,2 - 4 years,Seattle,WA,50000.0
Statistician,Federal government (civil servant),11 - 20 years,Washington,DC,115000.0
Project Architect,Architecture,8 - 10 years,New York,NY,68000.0
Administration Manager,Auction House,5 - 7 years,Chicago,IL,49000.0
Research Analyst/Assistant,Law/Consulting,2 - 4 years,New York,NY,39500.0
Executive Assistant,Private Equity,8 - 10 years,Boston,MA,78000.0
Assistant Staff Writer,Journalism,2 - 4 years,New York,NY,40000.0
Administrative Assistant,Construction and Development,11 - 20 years,Portland,OR,45000.0
Marketing & Communications Coordinator,Nonprofit,5 - 7 years,Boston,MA,40000.0
Environmental Scientist,Environmental Consulting,2 - 4 years,New York,NY,62000.0
Technology Analyst,Bank,11 - 20 years,Dallas,TX,84000.0
Membership Assistant,Nonprofit/mental health,5 - 7 years,New York,NY,40000.0
Project Operatiosn Coordinator,Public Health,2 - 4 years,Atlanta,GA,65000.0
Grants Manager,Nonprofit,8 - 10 years,San Diego,CA,55000.0
Development Associate,Nonprofit,2 - 4 years,Boston,MA,44700.0
Economist,Government,8 - 10 years,Washington,DC,69583.0
Advertising/Sales Promotion Coordinator,Restaurant Industry,2 - 4 years,Minneapolis,MN,38000.0
Career Counselor,Higher Education,11 - 20 years,Boston,MA,80000.0
Senior Staff Accountant,Nonprofit,8 - 10 years,Minneapolis,MN,60000.0
Software Engineer,Software,5 - 7 years,Denver,CO,103000.0
Test Engineer,Medical Technology,8 - 10 years,Portland,OR,94000.0
Senior Acquisition & Assistance Specialist,International Development,11 - 20 years,Washington,DC,121540.0
Director of Museum Programming,Museums,11 - 20 years,Philadelphia,PA,54000.0
Program Manager,Higher Education,11 - 20 years,Austin,TX,80000.0
Digital Communications Strategist,Labor Union,5 - 7 years,New York,NY,68000.0
Vice President,Tech,11 - 20 years,New York,NY,150000.0
Deputy City Clerk,Municipal Govt,31 - 40 years,New York,NY,45000.0
Director of Product Management,Software Development (Education Technology),8 - 10 years,Washington,DC,110000.0
Senior VP,Strategic Comms/Public Relations,21 - 30 years,Washington,DC,245000.0
Communications Specialist,Higher Education,21 - 30 years,Atlanta,GA,50000.0
Advanced Analytics Analyst,Healthcare,5 - 7 years,Chicago,IL,102000.0
Study Abroad Advisor,Higher Education,11 - 20 years,Dallas,TX,38000.0
Manager,Finance,5 - 7 years,New York,NY,100000.0
Staff Attorney,Non-profit law,2 - 4 years,New York,NY,72000.0
Conference producer,Conference production,11 - 20 years,Boston,MA,65000.0
Program Manager,Software/Healthcare,21 - 30 years,Boston,MA,233298.0
Software Engineer,Higher Education,8 - 10 years,New York,NY,75000.0
Client Service Represenative,Environmental Health,8 - 10 years,New York,NY,55000.0
Program Manager,US Federal Government,31 - 40 years,Washington,DC,172000.0
Director,Academia,11 - 20 years,Boston,MA,117000.0
Policy Analyst,Healthcare non-profit,2 - 4 years,Philadelphia,PA,48500.0
Content Marketing Specialist,Food,21 - 30 years,Portland,OR,54000.0
Human Resources Manager,State Government,11 - 20 years,Phoenix,AZ,87500.0
Publicity Associate,Public Relations,2 - 4 years,New York,NY,45000.0
Education Director,Nonprofit,8 - 10 years,San Francisco,CA,105000.0
Payroll and Benefits,Hospitality,11 - 20 years,Atlanta,GA,60000.0
Curriculum Specialist,Education,8 - 10 years,Denver,CO,78500.0
Budget Analyst,Finance,5 - 7 years,Denver,CO,68500.0
Legal Secretary,Legal/Administrative,8 - 10 years,Baltimore,MD,53000.0
Owner Operator,Retail,2 - 4 years,Boston,MA,22000.0
Associate Editor,Publishing,11 - 20 years,New York,NY,45000.0
Analyst,Private Equity Real Estate,5 - 7 years,Chicago,IL,110000.0
Associate Director,Public Relations,8 - 10 years,New York,NY,175000.0
Special Collections Cataloging Specialist,Library technical services,2 - 4 years,Boston,MA,51000.0
Staffing Support/Lead Admin,Staffing,11 - 20 years,New York,NY,47000.0
Finance Manager,Nonprofit,8 - 10 years,New York,NY,101000.0
Assistant professor (equivalent),Biology research,2 - 4 years,Boston,MA,96000.0
Examiner,Banking,11 - 20 years,Los Angeles,CA,140000.0
Program Director,Philanthropy,11 - 20 years,Baltimore,MD,72000.0
Industrial Technician,Public Utility,31 - 40 years,Los Angeles,CA,98000.0
Quality Improvement Associate,Social Services,2 - 4 years,Chicago,IL,41000.0
Prospect Management Analyst,Nonprofit,21 - 30 years,Portland,OR,62000.0
Analyst - Innovation Process/Performance,Energy - Utility,5 - 7 years,Boston,MA,87500.0
Software Engineer,Financial Services,5 - 7 years,Denver,CO,110000.0
Account Associate,Financial Services,21 - 30 years,Minneapolis,MN,58300.0
Senior Analyst,Management Consulting,5 - 7 years,Chicago,IL,65000.0
Archivist,Information (GLAM),2 - 4 years,New York,NY,50000.0
Document Management,Biotech,8 - 10 years,Portland,OR,22000.0
Senior Consultant (Program Manager),Business and Technical Consulting,5 - 7 years,Seattle,WA,125000.0
Software Engineer,Software,2 - 4 years,Minneapolis,MN,68000.0
Procurement Analyst,Government,21 - 30 years,Philadelphia,PA,136000.0
Title 1 peer facilitator,Education,11 - 20 years,Houston,TX,58000.0
Senior Manager,Entertainment,8 - 10 years,New York,NY,77000.0
Director of College Access,Education Non-profit,11 - 20 years,New York,NY,60000.0
Office Admin,Solar,5 - 7 years,San Francisco,CA,39000.0
"Manager, Client Services",Conventions and meetings,5 - 7 years,Los Angeles,CA,55000.0
Production Planner,Aerospace,2 - 4 years,Los Angeles,CA,52000.0
Client Finance Manager,Finance/Advertising,8 - 10 years,New York,NY,95000.0
Coordinator,Consulting,2 - 4 years,Washington,DC,36500.0
SQL Server DBA,Tech/Databases,8 - 10 years,Baltimore,MD,87500.0
Associate Product Manager,Ad Tech,11 - 20 years,Chicago,IL,57000.0
Facility Manager,Media and Entertainment,11 - 20 years,Los Angeles,CA,72000.0
Senior major gift Officer,Nonprofit,11 - 20 years,San Francisco,CA,145000.0
Junior Designer,Architecture & Design,2 - 4 years,Chicago,IL,48000.0
Director of Contracts,Healthcare Software,8 - 10 years,Seattle,WA,138200.0
Senior Data Analyst,Technology,2 - 4 years,Washington,DC,117000.0
Design Engineer,Manufacturing/Industrial,11 - 20 years,Portland,OR,62000.0
Customer Success Manager,Software,8 - 10 years,San Diego,CA,115000.0
Business Analyst,Healthcare,2 - 4 years,San Diego,CA,73000.0
Operations Manager,Professional Services,5 - 7 years,Washington,DC,50000.0
VP,Finance,11 - 20 years,New York,NY,225000.0
Analyst,Banking,2 - 4 years,St. Louis,MO,61000.0
Development Associate,Higher Ed Development,2 - 4 years,New York,NY,54000.0
Assistant Director,Higher Ed,8 - 10 years,Washington,DC,65000.0
Associate,Events,2 - 4 years,Los Angeles,CA,65000.0
Manager,Public Accounting,11 - 20 years,Boston,MA,98000.0
Learning and Development,Human Resources,11 - 20 years,Chicago,IL,77000.0
Executive Administrative Assistant,Logistics (cold warehousing of food),31 - 40 years,Baltimore,MD,70000.0
Associate Counsel,Federal Employee,5 - 7 years,Washington,DC,142443.0
Physicist,Government,11 - 20 years,Chicago,IL,110000.0
Lab Manager,Academic science,5 - 7 years,Boston,MA,69000.0
Development Associate,Environmental non-profit,5 - 7 years,Boston,MA,53000.0
Project Producer,Nonprofit,8 - 10 years,Boston,MA,75000.0
Marketing Coordinaor,Biotech/Marketing,2 - 4 years,Washington,DC,53000.0
Portfolio Manager,Nonprofit,11 - 20 years,New York,NY,100000.0
Audio/Visual Specialist,Higher Education,2 - 4 years,Baltimore,MD,48900.0
"Assistant Director, Office of Career Services",Higher Education,1 year or less,Chicago,IL,48000.0
Library Administrator,Public Library,21 - 30 years,Phoenix,AZ,87000.0
Assistant Professor,Academia,2 - 4 years,Boston,MA,90000.0
Regulatory Affairs Associate,Regulatory Affairs,1 year or less,Chicago,IL,40000.0
STEM Educator,Education,2 - 4 years,Chicago,IL,55000.0
Training and Development Specialist,Nonprofit,2 - 4 years,St. Louis,MO,43000.0
Attorney,Government,11 - 20 years,Washington,DC,153000.0
Director of Client Services,Tech - web development,21 - 30 years,Boston,MA,100000.0
Editorial Associate,Online Media,2 - 4 years,Washington,DC,46000.0
Executive Assistant,Pharmaceutical Technology,8 - 10 years,Atlanta,GA,55000.0
Senior Designer,Design,8 - 10 years,New York,NY,60000.0
Medical Claims Processor,Insurance,2 - 4 years,Portland,OR,28840.0
Quality Systems Coordinator,Food Manufacturing,5 - 7 years,St. Louis,MO,42400.0
Teacher,Education,11 - 20 years,New York,NY,91000.0
Associate Director of Student Wellness,Higher Education,5 - 7 years,New York,NY,70000.0
Senior Legal Research Associate,Know Your Client,2 - 4 years,Washington,DC,51000.0
Research Manager,Education,5 - 7 years,Chicago,IL,90000.0
Research Data Manager,Nonprofit,5 - 7 years,Washington,DC,86000.0
Vice President of Technology,High Tech,21 - 30 years,Boston,MA,250000.0
Senior HR Administrative Specialist,Human Resources,5 - 7 years,Seattle,WA,60000.0
Database Administrator,Technology in finance,11 - 20 years,San Francisco,CA,122000.0
Lead Records Management Specialist,Government,8 - 10 years,Washington,DC,89000.0
HRIS Administrator,Legal,8 - 10 years,Boston,MA,75000.0
Vice President,Financial Services,21 - 30 years,Boston,MA,280000.0
HR Manager,Telecommunications,8 - 10 years,Boston,MA,75000.0
Program Assistant,Nonprofit,2 - 4 years,Chicago,IL,40000.0
Senior Manager,Marketing,11 - 20 years,Philadelphia,PA,74000.0
"Project Director, senior biostatistician",Biotech/Pharma,2 - 4 years,Seattle,WA,105000.0
HR Manager,Technology,2 - 4 years,New York,NY,90000.0
Licensing Manager,Publishing,5 - 7 years,New York,NY,75000.0
Associate Attorney,Law,2 - 4 years,Dallas,TX,78000.0
Senior Human Resources Manager,Human Resources,8 - 10 years,Boston,MA,100000.0
Senior Program Officer,Non-profit for Jewish Community,5 - 7 years,Boston,MA,60000.0
Analytics Coordinator,Government,5 - 7 years,Pittsburgh,PA,69300.0
Senior Editor,Government/Civil Service,11 - 20 years,Washington,DC,98000.0
HR Associate,Higher Education,2 - 4 years,New York,NY,66200.0
Data Analyst,Healthcare,11 - 20 years,St. Louis,MO,76000.0
Financial Advisor,Financial Services,8 - 10 years,Boston,MA,110000.0
Manager,Higher Ed,8 - 10 years,New York,NY,75000.0
Training Consultant,Consulting,11 - 20 years,Washington,DC,136000.0
Coordinator of Community Engagement,City Government,2 - 4 years,Philadelphia,PA,36000.0
Regional Network Manager,Health Insurance,11 - 20 years,Boston,MA,70600.0
Executive Assistant,Media,5 - 7 years,Philadelphia,PA,44000.0
Senior Director,Technology,11 - 20 years,Washington,DC,185000.0
Communications Consultant,Energy,11 - 20 years,Denver,CO,81000.0
Event Manager,Events,8 - 10 years,Washington,DC,70000.0
Clinical Social Worker,Healthcare,11 - 20 years,Boston,MA,74000.0
Recruiting Coordinator,Recruiting,2 - 4 years,Boston,MA,62500.0
Senior compliance Specialist,Manufacturing,5 - 7 years,Atlanta,GA,96000.0
Office Manager/Client Care Coordinator,Law,5 - 7 years,Los Angeles,CA,55000.0
Special Needs Attendant (adult),Personal Services,21 - 30 years,Houston,TX,43000.0
Geoscientist,Science/government,2 - 4 years,Washington,DC,65000.0
Sales Assistant / Coordinator,Book publishing,2 - 4 years,New York,NY,40000.0
Event Manager,Publishing (BtoB magazines),11 - 20 years,New York,NY,65000.0
Office Coordinator,Furniture Dealership,2 - 4 years,San Francisco,CA,57000.0
Product Support Manager,Education Technology,2 - 4 years,Boston,MA,62500.0
Data Analyst,Political Consulting,8 - 10 years,Washington,DC,55000.0
Visitor services,Art museum,2 - 4 years,Los Angeles,CA,26000.0
Grants Analyst,Academia - Staff,5 - 7 years,San Diego,CA,60000.0
Director of Development,Nonprofit,8 - 10 years,New York,NY,105000.0
Executive Assistant,Finance,21 - 30 years,San Francisco,CA,123000.0
Associate Scientist,Contract Research Organization,5 - 7 years,Philadelphia,PA,66000.0
Administrative Support,Government,2 - 4 years,Denver,CO,45918.0
Instructional coach/curriculum developer,Education,11 - 20 years,New York,NY,129000.0
Economic Development Manager,Economic Development,5 - 7 years,Denver,CO,56000.0
Environmental Compliance Specialist,State Government,21 - 30 years,Atlanta,GA,41900.0
Office Admin,Oil and Gas,5 - 7 years,Denver,CO,38000.0
Assistant to the CEO,Tech,11 - 20 years,Los Angeles,CA,32000.0
HR Manager,Architecture,5 - 7 years,Portland,OR,85000.0
Professor,Academia,11 - 20 years,Boston,MA,69500.0
Software Engineer,Software Development,2 - 4 years,Boston,MA,75000.0
Research Director,Social Science Research,8 - 10 years,Chicago,IL,83500.0
Assistant Editor,Book publishing,5 - 7 years,New York,NY,45000.0
Attorney,Legal,8 - 10 years,Washington,DC,100000.0
executive assistant / office manager,Cosmetics,2 - 4 years,New York,NY,58000.0
Managing Director,Consulting/Economics,5 - 7 years,Los Angeles,CA,175000.0
Clinical Coordinator,Healthcare,11 - 20 years,Phoenix,AZ,64000.0
Volunteer coordinator (hospice),Healthcare (hospice),11 - 20 years,Pittsburgh,PA,35000.0
Operations Manager,Medico-legal consulting,21 - 30 years,San Francisco,CA,80600.0
Development Associate,Non-profit; environmental field,5 - 7 years,Washington,DC,51100.0
Senior Database Engineer,Travel,8 - 10 years,Seattle,WA,150000.0
Consultant,Consulting,2 - 4 years,Philadelphia,PA,72000.0
Assistant Director of Admissions,Education,5 - 7 years,Chicago,IL,55000.0
senior client manager,Nonprofit,8 - 10 years,San Francisco,CA,62000.0
Intellectual Property Manager,Academic Publishing,11 - 20 years,New York,NY,38500.0
Senior Project Manager,HR Consulting,8 - 10 years,San Francisco,CA,85000.0
Development Director,Nonprofit,21 - 30 years,Chicago,IL,130000.0
Senior Consultant,Consulting,2 - 4 years,Chicago,IL,81000.0
Experienced Associate,Consulting,2 - 4 years,Washington,DC,85000.0
Senior program analyst,Federal Government,11 - 20 years,Washington,DC,116000.0
Senior Data Analyst,Tech,2 - 4 years,Boston,MA,75000.0
Senior Researcher,Government consulting,8 - 10 years,Seattle,WA,130000.0
Operations Coordinator,Higher Education,11 - 20 years,Chicago,IL,44000.0
Professional Complainer,Publishing/Advertising,21 - 30 years,New York,NY,122000.0
Alumni Relations Officer,Higher Ed,8 - 10 years,Minneapolis,MN,59000.0
Assistant Managing Editor,Online media/communications,8 - 10 years,Washington,DC,77000.0
Client Services Coordinator,Commercial Real Estate,8 - 10 years,Dallas,TX,46000.0
Grant Writer,Nonprofit,5 - 7 years,Chicago,IL,50000.0
Administrative Associate ll,Academia,21 - 30 years,Atlanta,GA,39000.0
Administrative Assistant,Semiconduyor,8 - 10 years,Portland,OR,46000.0
College Instructor,Education,11 - 20 years,Denver,CO,40000.0
Finance Manager,Power,5 - 7 years,Houston,TX,154000.0
Events Department Manager,Events/Weddings - Floral Design,5 - 7 years,Philadelphia,PA,45000.0
Executive Assistant,Aviation/Government,11 - 20 years,San Diego,CA,64000.0
Network Engineer,Telecommunications,1 year or less,Dallas,TX,85000.0
Executive Assistant,Tech,11 - 20 years,San Francisco,CA,115000.0
Compliance Specialist,State Government,2 - 4 years,Denver,CO,42600.0
Program Assistant,Medical Research,11 - 20 years,Seattle,WA,51000.0
"VP, Entertainment",Marketing,11 - 20 years,New York,NY,132500.0
Postdoctoral researcher,Biomedical sciences,8 - 10 years,Boston,MA,47484.0
Library Assistant,Library,2 - 4 years,Los Angeles,CA,51000.0
QC Supervisor,medical devices -IVD,31 - 40 years,San Diego,CA,60000.0
Documentation assistant,Physical commodities trading,1 year or less,Minneapolis,MN,46000.0
Assistant Acquisitions Editor,Publishing,2 - 4 years,Boston,MA,39000.0
Development Manager,Nonprofit fundraising,2 - 4 years,Washington,DC,62000.0
Associate,Law,2 - 4 years,New York,NY,200000.0
Tax Accountant,Law,5 - 7 years,Boston,MA,80000.0
Program Manager,International Development,5 - 7 years,Baltimore,MD,68000.0
Content Marketing Manager,Software,8 - 10 years,Seattle,WA,56200.0
Administrative Assistant,Lawn Care,8 - 10 years,Baltimore,MD,33280.0
Office Manager,Tax Preparation (Professional Services),31 - 40 years,Dallas,TX,106000.0
Senior Account Executive,Public Relations,2 - 4 years,San Diego,CA,65000.0
Program Specialist,State Government,11 - 20 years,Austin,TX,51000.0
Exhibit Designer,Cultural & entertainment - nonprofit,11 - 20 years,Philadelphia,PA,65555.0
Senior Architect,Architecture,11 - 20 years,Chicago,IL,130000.0
Software Engineer,Software,5 - 7 years,Boston,MA,85000.0
Service Delivery Manager,Information Technology,5 - 7 years,Chicago,IL,60000.0
Bookkeeper,Construction,8 - 10 years,Portland,OR,33000.0
Director,Professional Services,11 - 20 years,Chicago,IL,60000.0
Marketing Assistant,Higher Education,2 - 4 years,Boston,MA,49000.0
Staff Assistant,Government,1 year or less,Washington,DC,35000.0
Marketing Manager,Technology,2 - 4 years,Boston,MA,90000.0
Contracts Manager,Healthcare,2 - 4 years,Boston,MA,73000.0
Associate,Law,8 - 10 years,Portland,OR,95000.0
Director of Professional Services,Network/IT Consulting,11 - 20 years,New York,NY,135000.0
HR Coordinator,Human Resources,2 - 4 years,Baltimore,MD,36000.0
Senior Librarian,Libraries,21 - 30 years,Houston,TX,76000.0
Deputy Director,Nonprofit â arts,11 - 20 years,Los Angeles,CA,103000.0
Administrator,Home Improvement/Services,5 - 7 years,Los Angeles,CA,22000.0
Software Engineer,Information Technology,5 - 7 years,New York,NY,80000.0
HR & Office Manager,Human Resources,11 - 20 years,Boston,MA,60000.0
Policy Analyst,Government Affairs/Nonprofit,8 - 10 years,Atlanta,GA,64000.0
Training Coodinator,Oil and Gas Training,8 - 10 years,Houston,TX,54690.0
Museum Program Specialist,Museums,11 - 20 years,Washington,DC,84000.0
Staff Technical Writer,Medical Devices,11 - 20 years,San Diego,CA,113000.0
Director of Marketing,Market Research,8 - 10 years,Denver,CO,100000.0
VP of Finance,Chemical Manufacturing,11 - 20 years,Baltimore,MD,180000.0
Director,Nonprofit advocacy,21 - 30 years,Washington,DC,143000.0
Program Manager,Healthcare non-profit,5 - 7 years,Boston,MA,60000.0
Digital Campaign Manager,Non-Profit Civil Rights,5 - 7 years,Washington,DC,92900.0
Deputy Production Director,Publishing,5 - 7 years,Dallas,TX,45712.0
Associate Merchant,Retail,5 - 7 years,Chicago,IL,86000.0
Senior Finance Manager,Hospitality,8 - 10 years,Washington,DC,130000.0
Attorney,Legal,5 - 7 years,New York,NY,240000.0
Contract attorney,Legal,11 - 20 years,Boston,MA,40000.0
Producer,Advertising,11 - 20 years,New York,NY,100000.0
Program Coordinator,Education,5 - 7 years,Boston,MA,38000.0
Senior Research Associate,Biotech,11 - 20 years,Seattle,WA,80000.0
Copy Editor,Energy,8 - 10 years,New York,NY,68000.0
Senior Instructional Designer,Technology Services,21 - 30 years,Atlanta,GA,92000.0
Development Officer,Conservation NGO,8 - 10 years,Washington,DC,67000.0
Metadata Librarian,Education,11 - 20 years,Portland,ME,51859.0
Metadata Librarian,Libraries,11 - 20 years,Dallas,TX,58685.0
Counsel,Law,8 - 10 years,Washington,DC,121098.0
Engineer,Engineering,2 - 4 years,Denver,CO,71000.0
Program Director,Feminist Nonprofit,2 - 4 years,Washington,DC,71000.0
Staff writer,Journalism,2 - 4 years,New York,NY,44000.0
Speech Scientist,Tech/Telecom,5 - 7 years,New York,NY,95000.0
Project Coordinator,Health Insurance,11 - 20 years,Boston,MA,70000.0
Collateral Analyst,Mortgage,8 - 10 years,Dallas,TX,50000.0
Administrative Aide,Higher Education,2 - 4 years,New York,NY,50000.0
Managing Counsel,Legal,11 - 20 years,Pittsburgh,PA,210000.0
Consumer Insights Director,Media,11 - 20 years,New York,NY,133000.0
Director of Statistics and Evaluation,"Nonprofit, related to higher education",41 years or more,Washington,DC,93000.0
Communications Officer and Program Officer,Nonprofit/Philanthropy,2 - 4 years,New York,NY,95000.0
Publications Assistant,Non profit medical association,5 - 7 years,Washington,DC,49000.0
Compliance Officer,Banking,11 - 20 years,Portland,OR,65000.0
Analytics Manager,Human Resources,11 - 20 years,Boston,MA,105000.0
HR project analyst,Financial Services,2 - 4 years,Chicago,IL,82500.0
Customer Relationship Coordinator,Food & Beverage,8 - 10 years,New York,NY,52000.0
Senior Accounting Director,Real Estate,11 - 20 years,Chicago,IL,117000.0
QA Analyst,Tech,2 - 4 years,Philadelphia,PA,55000.0
Development Coordinator,Nonprofit,2 - 4 years,New York,NY,41000.0
Senior Business Analyst,Technology Consulting,2 - 4 years,New York,NY,70000.0
Senior Software Engineer,Software,11 - 20 years,New York,NY,206000.0
Funding Coordinator,Finance,2 - 4 years,Minneapolis,MN,53000.0
Structural Engineer,Engineering,2 - 4 years,Atlanta,GA,57000.0
Associate,Law,5 - 7 years,Boston,MA,250000.0
Associate,Law,2 - 4 years,New York,NY,200000.0
Program Evaluation Manager,Nonprofit,5 - 7 years,Philadelphia,PA,55000.0
Senior Editor,Publishing,11 - 20 years,New York,NY,59000.0
Program Coordinator,Nonprofit,2 - 4 years,New York,NY,45000.0
"Coordinator, Academic & Student Affairs",Higher Education Administration,2 - 4 years,Boston,MA,49000.0
Writing Center Coordinator,Higher Education,8 - 10 years,Chicago,IL,48000.0
Librarian,Higher Education,5 - 7 years,Austin,TX,53049.0
Editor,Educational Publishing (textbooks),8 - 10 years,Boston,MA,69400.0
Project Engineer,AEC,5 - 7 years,Philadelphia,PA,82500.0
Strategic Communications Specialist,Public Relations,2 - 4 years,Washington,DC,65000.0
Account Coordinator,Public Relations,2 - 4 years,Chicago,IL,40000.0
Attorney,Law,2 - 4 years,Chicago,IL,82000.0
Paralegal,Legal,8 - 10 years,Austin,TX,60000.0
Senior Manager,Market Research,5 - 7 years,Washington,DC,92500.0
Associate Director,Biotech/Pharma,11 - 20 years,Boston,MA,152440.0
Reporter/Journalist,Journalism,5 - 7 years,New York,NY,110000.0
Training,Tech,2 - 4 years,Chicago,IL,49000.0
Wedding Planner,Events/Hospitality,5 - 7 years,Washington,DC,30000.0
Biologist,Federal Government  - land management agency,11 - 20 years,Minneapolis,MN,71167.0
Due diligence investigator,Finance,1 year or less,Boston,MA,52500.0
Enrollment  Specialist,Test prep tutoring,5 - 7 years,Atlanta,GA,85000.0
Principal,Consulting - Financial Services,11 - 20 years,Boston,MA,500000.0
Software Engineer,Finance,1 year or less,Pittsburgh,PA,71000.0
Counsel,non-profit/legal advocacy,1 year or less,Washington,DC,90000.0
Senior Consultant,Consulting,8 - 10 years,Washington,DC,87858.0
Senior Editor,startup marketing - content,8 - 10 years,New York,NY,77000.0
Research Analyst,Government Research / Policy Analysis,5 - 7 years,Washington,DC,65000.0
Collections Technician,Museums,2 - 4 years,Washington,DC,45000.0
Marketing Manager,Software/Technology,5 - 7 years,Atlanta,GA,60000.0
Project Coordinator,Publishing,5 - 7 years,Baltimore,MD,33000.0
Chief HR Officer,Financial Services,21 - 30 years,Washington,DC,200000.0
Assistant,Entertainment,5 - 7 years,Los Angeles,CA,45000.0
Attorney,Law,5 - 7 years,Washington,DC,69500.0
Major Gifts Assistant,Nonprofit fundraising,2 - 4 years,Seattle,WA,36000.0
Executive Legal Assistant,Legal,11 - 20 years,Washington,DC,75001.0
Project Coordinator,Flooring/Ceramic Tile,31 - 40 years,Minneapolis,MN,56000.0
Payroll accountant,Film,21 - 30 years,Los Angeles,CA,135000.0
Global Mobility Specialist,Global Mobility (HR-adjacent),5 - 7 years,Boston,MA,58000.0
Executive Assistant to the President,Education,31 - 40 years,Portland,OR,88000.0
"Manager, Online Database Marketing",Non-profit Marketing,8 - 10 years,Washington,DC,89000.0
Media Relations Manager,Entertainment,5 - 7 years,Los Angeles,CA,50000.0
Counsel,Law,5 - 7 years,Minneapolis,MN,122000.0
Assistant Director (Academic Affairs),Higher Education,5 - 7 years,Chicago,IL,63500.0
Assistant Director,Higher Education,11 - 20 years,Chicago,IL,73000.0
Ecologist,Environmental Consulting,8 - 10 years,Chicago,IL,60000.0
Software Engineer,Software,1 year or less,San Francisco,CA,110000.0
Legislative Assistant,Law/Lobbying,5 - 7 years,Washington,DC,65000.0
Associate,Public Relations,2 - 4 years,New York,NY,75000.0
IT Analyst,Healthcare,11 - 20 years,Dallas,TX,108000.0
Designer,Fashion,21 - 30 years,New York,NY,86000.0
Assoc. Director of Advancement,Advancement/Development/Fundraising,2 - 4 years,Seattle,WA,70320.0
Administrative Assistant,Academia,2 - 4 years,Pittsburgh,PA,30500.0
Development Officer,Nonprofit advocacy,11 - 20 years,Philadelphia,PA,75000.0
Attorney advisor,Government (Legal),2 - 4 years,Washington,DC,99172.0
Senior Vice President,Communications- Marketing,8 - 10 years,New York,NY,160000.0
Technical Project Manager,Digital Marketing,8 - 10 years,Boston,MA,72000.0
Bookkeeper,Nonprofit,8 - 10 years,Denver,CO,42500.0
Associate Director of Institutional Giving,Arts Non Profit,5 - 7 years,New York,NY,80000.0
Analyst,Digital Publishing,5 - 7 years,New York,NY,75000.0
Business Development Coordinator,Legal Marketing,2 - 4 years,Chicago,IL,62000.0
Account Executive,Marketing,2 - 4 years,Atlanta,GA,41000.0
Deputy Editor,Media,8 - 10 years,Washington,DC,91800.0
Senior Process Improvement Consultant,Healthcare,5 - 7 years,Atlanta,GA,117000.0
Investment Associate,Finance,2 - 4 years,Boston,MA,73000.0
Reporter,Media/Newspapers,21 - 30 years,New York,NY,70000.0
Deputy Communications Director,Federal Government,8 - 10 years,Washington,DC,79000.0
Producer,Education,5 - 7 years,Boston,MA,63000.0
Financial Analysis Manager,Healthcare Consulting,8 - 10 years,St. Louis,MO,100000.0
Manager of Sales Operations,Tech,8 - 10 years,San Francisco,CA,88000.0
Technician,Museums-Federal,11 - 20 years,Washington,DC,53000.0
Senior Events Planner,Business Support Services,5 - 7 years,New York,NY,94000.0
Software Training Specialist,Software,8 - 10 years,Boston,MA,72757.0
Senior Program Manager,Museum Education,8 - 10 years,New York,NY,60000.0
Instructor and Coordinator of the Tutoring Center,Higher Education,11 - 20 years,New York,NY,60500.0
Research Scientist,Biomedical Research,5 - 7 years,Seattle,WA,108150.0
Marketing Assistant,"Architecture, Engineering, Construction",2 - 4 years,Portland,OR,46000.0
Assistant Director of Institutional Giving,Arts and Culture,5 - 7 years,New York,NY,110000.0
Assistant Editor,Publishing,5 - 7 years,New York,NY,44500.0
Freelancer,Music,5 - 7 years,Houston,TX,56000.0
Communications Manager,Nonprofit,11 - 20 years,Boston,MA,80000.0
Clinical Research Associate,Academia,11 - 20 years,Chicago,IL,80800.0
Practice Manager,Healthcare,5 - 7 years,Boston,MA,71400.0
Lead Analyst,Data Analysis,5 - 7 years,Philadelphia,PA,87000.0
DevOps Project Manager,Technology,5 - 7 years,Washington,DC,120000.0
Copywriter,Advertising,2 - 4 years,St. Louis,MO,55000.0
Director of programs and communications,Nonprofit,5 - 7 years,Washington,DC,66000.0
Temporary Executive Assistant,Education,11 - 20 years,Portland,OR,32000.0
Senior Research Coordinator,Academia,11 - 20 years,Philadelphia,PA,53000.0
IT Director,Healthcare,11 - 20 years,Philadelphia,PA,140000.0
HR Specialist,Healthcare,5 - 7 years,Minneapolis,MN,57000.0
Customer Operations,Technology,2 - 4 years,Portland,OR,43000.0
Technical Community Manager,Technology,11 - 20 years,New York,NY,155000.0
Digital Communications Associate,Nonprofit,2 - 4 years,New York,NY,47000.0
Director of Quality,Healthcare,21 - 30 years,Seattle,WA,152000.0
Software Engineer,Software,5 - 7 years,Seattle,WA,127995.0
Editorial Manager,Communications,21 - 30 years,Washington,DC,80000.0
Senior Accountant,Nonprofit,11 - 20 years,Washington,DC,73000.0
Product Ower,Software,5 - 7 years,Austin,TX,76100.0
ghostwriter (freelancer),creative -- freelancing,5 - 7 years,Baltimore,MD,25000.0
"Vice President, Human Resources",Entertainment (television production),21 - 30 years,Los Angeles,CA,166400.0
Assistant Production Editor,Book publishing,2 - 4 years,New York,NY,34900.0
HR Compliance Specialist,Professional Services - Legal,11 - 20 years,Chicago,IL,92000.0
Business Analyst,Health Insurance,21 - 30 years,St. Louis,MO,61000.0
Executive Assistant,Private Equity,11 - 20 years,New York,NY,95000.0
Transportation Planner,City Government,2 - 4 years,San Francisco,CA,86000.0
UX/UI Designer,Tech,5 - 7 years,San Francisco,CA,120000.0
UX Writer,Technology,2 - 4 years,Seattle,WA,116300.0
Manager of Tutoring,Education - Staff,5 - 7 years,Houston,TX,52000.0
Associate,Law,2 - 4 years,New York,NY,250000.0
Writer and Editor,Journalism,2 - 4 years,San Francisco,CA,15000.0
Operations Manager,Education,8 - 10 years,Seattle,WA,55000.0
Director of Strategic Research - Multi-platform,Media,8 - 10 years,New York,NY,110000.0
Administrative Assistant,Government (international diplomacy),2 - 4 years,Houston,TX,50200.0
Member Services Assistant,Arts & Entertainment,2 - 4 years,New York,NY,40000.0
Director,Nonprofit,11 - 20 years,Boston,MA,167000.0
Project Lead/Project Analyst,Defense contractor,8 - 10 years,Washington,DC,57000.0
Research Scientist,Healthcare,8 - 10 years,Boston,MA,98135.0
Product Manager,Educational Technology,8 - 10 years,Boston,MA,85000.0
Engineering Program Manager,Engineering,8 - 10 years,Baltimore,MD,114500.0
Production Coodinator,Media/TV,5 - 7 years,New York,NY,62000.0
Manuscript editor,Medical publishing,5 - 7 years,Chicago,IL,60000.0
Ecologist,Research,11 - 20 years,Portland,OR,92000.0
Technical Applications Scientist III,Biotech,11 - 20 years,San Diego,CA,95000.0
Scientific technician,Marine resource management,8 - 10 years,Seattle,WA,34000.0
PR Director,Marketing,11 - 20 years,New York,NY,105000.0
HR & Payroll Administrator,Transportation,11 - 20 years,Minneapolis,MN,60000.0
Actuarial Analyst,Insurance,5 - 7 years,Boston,MA,72000.0
Senior Technical Writer,Software,8 - 10 years,Austin,TX,118000.0
Management & Program Analyst,Government,11 - 20 years,Washington,DC,91740.0
"Consultant, Learning and Organizational Effectiveness",Healthcare,11 - 20 years,Atlanta,GA,80000.0
Senior Financial Analyst,Technology,5 - 7 years,San Diego,CA,105000.0
Assistant Director of Client Relations,Software,11 - 20 years,Chicago,IL,68640.0
Financial Analyst,Federal Government,11 - 20 years,Washington,DC,111000.0
Director of Performance,Health Care Administration,11 - 20 years,Phoenix,AZ,120000.0
Senior Associate Director,Higher Education Development,21 - 30 years,Philadelphia,PA,77000.0
Associate Professor,Academia,21 - 30 years,Chicago,IL,90000.0
SEO Strategist,Digital Marketing,5 - 7 years,New York,NY,58000.0
Real Estate Admin,Commercial Real Estate,11 - 20 years,Atlanta,GA,45000.0
Digital Archivist,"Libraries, Archives and Museums",5 - 7 years,New York,NY,60000.0
Marketing and communications writer,Higher Ed/Marketing,8 - 10 years,Philadelphia,PA,52000.0
Government Relations Coordinator,Non-profit environmental conservation,5 - 7 years,Chicago,IL,49000.0
Strategy & Planning - Senior Specialist,Insurance,8 - 10 years,New York,NY,105000.0
HIV Surveillance Specialist,Government/Public Health,2 - 4 years,Austin,TX,51982.0
Partner,Consulting,11 - 20 years,Chicago,IL,400000.0
Administrative Assistant,Public Education,11 - 20 years,New York,NY,55000.0
Hebrew school director,Religious nonprofit,11 - 20 years,Portland,ME,32000.0
Resource Coordinator,Healthcare Research,5 - 7 years,Philadelphia,PA,50000.0
Executive Coordinator,Public Relations,21 - 30 years,St. Louis,MO,58000.0
storage manager,IT,11 - 20 years,San Diego,CA,96000.0
Assistant to the President,Education,2 - 4 years,Chicago,IL,45000.0
Controls and Governance Manager,Banking,11 - 20 years,San Francisco,CA,160000.0
Student organizer,Nonprofit,2 - 4 years,Philadelphia,PA,38000.0
Account Executive,Marketing,5 - 7 years,Chicago,IL,52000.0
Senior Data Scientist,Tech,5 - 7 years,Chicago,IL,130000.0
Administrative Lead,Administrative,1 year or less,Chicago,IL,30000.0
Manager,Higher Education,2 - 4 years,Chicago,IL,50000.0
Foreign Affairs Officer,Governemtn,8 - 10 years,Washington,DC,105782.0
Associate Director,Refugee Resettlement,5 - 7 years,Washington,DC,70000.0
Epidemiologist,Public Health,5 - 7 years,Atlanta,GA,83000.0
Salesperson,Retail -- surgical supplies,11 - 20 years,New York,NY,55000.0
Third Party Risk Assessment Associate,Health Insurance,1 year or less,Philadelphia,PA,75000.0
Software Engineer,Technology,2 - 4 years,New York,NY,115000.0
"Director, Customer Experience",Retail,8 - 10 years,New York,NY,153000.0
Senior Manager of Compliance Program Management,"Tech, big data",11 - 20 years,Washington,DC,112800.0
Research Assistant,Scientific Research; Academic,2 - 4 years,Portland,OR,39000.0
Marketing Coordinator,Theater/Arts Nonprofit,2 - 4 years,Minneapolis,MN,38800.0
Program Coordinator,Higher Education,2 - 4 years,Boston,MA,56000.0
Coordinator,Philanthropy,8 - 10 years,Chicago,IL,68000.0
Assistant Property Manager,Commercial Property Management,5 - 7 years,Seattle,WA,54000.0
Application Coordinator Associate,Healthcare IT,8 - 10 years,Baltimore,MD,42500.0
Member Services Assistant,Nonprofit,5 - 7 years,Washington,DC,37000.0
Senior Systems Analyst,Higher Education (Private),11 - 20 years,Chicago,IL,97000.0
Senior Production Coordinator,Publishing,8 - 10 years,Boston,MA,55000.0
Senior Grants Manager,Research Administration,11 - 20 years,Boston,MA,102907.0
Optimization Lead,Business Process Improvement,11 - 20 years,Minneapolis,MN,109000.0
Finance Project Manager,Manufacturing,8 - 10 years,Houston,TX,116000.0
Professional Development & Training Coordinator,HR(Law firm professional development and training),5 - 7 years,Boston,MA,63000.0
Operations Associate,Philanthropy,2 - 4 years,Minneapolis,MN,45500.0
HR Generalist,Ad Tech,5 - 7 years,New York,NY,72500.0
Register Land Surveyor,Land Surveying,21 - 30 years,Atlanta,GA,86000.0
Client Care Coordinator,Veterinary medicine,11 - 20 years,Chicago,IL,24000.0
Senior Software Engineer,Digital solutions/web,11 - 20 years,Denver,CO,95000.0
Law firm associate,Law,5 - 7 years,Washington,DC,315000.0
CTO,Higher Education,11 - 20 years,Boston,MA,135000.0
Director,Localization,11 - 20 years,New York,NY,85000.0
Archivist,Libraries,8 - 10 years,New York,NY,47000.0
Staff Attorney,Government,8 - 10 years,Austin,TX,75500.0
Senior Associate,Legal,8 - 10 years,Washington,DC,340000.0
Analyst,Healthcare,5 - 7 years,Los Angeles,CA,115000.0
Customer Success Manager,Technology,2 - 4 years,New York,NY,110000.0
Director of Development,Nonprofit,11 - 20 years,Portland,ME,55000.0
Editor,"publishing, i guess",11 - 20 years,Washington,DC,74700.0
Director of Business Development,IT/SaaS,8 - 10 years,Boston,MA,55000.0
Mobile Developer,Software Engineering,8 - 10 years,Portland,OR,96000.0
Lead Designer,Gift,11 - 20 years,Los Angeles,CA,53000.0
Medical device sales,Sales,5 - 7 years,San Francisco,CA,200000.0
Associate Media Planner,Media/Advertising,1 year or less,New York,NY,35000.0
Gift Planning Officer,Nonprofit,8 - 10 years,Portland,OR,87000.0
Program Director,Education Non-profit,5 - 7 years,Washington,DC,55000.0
HR Manager,Real Estate Investment,8 - 10 years,Atlanta,GA,110000.0
Editor,Magazine publishing,2 - 4 years,Los Angeles,CA,50000.0
Executive Director of Enrollment & Operations,International Education (Gap Years),5 - 7 years,Portland,OR,52000.0
Professor,Higher Education,11 - 20 years,Washington,DC,60000.0
Director,Nonprofit,11 - 20 years,Chicago,IL,84364.0
Assistant Director and IT Coordinator,Public Libraries,2 - 4 years,St. Louis,MO,55000.0
Director,Trade Association/Insurance,11 - 20 years,Washington,DC,92700.0
Postdoctoral Associate,Science academic research,5 - 7 years,Minneapolis,MN,48500.0
Physician,Healthcare,5 - 7 years,St. Louis,MO,140000.0
Senior Consultant,IT Consulting,5 - 7 years,Washington,DC,110000.0
Academic Advisor,Higher Education,11 - 20 years,Minneapolis,MN,60000.0
Data governance and quality analyst,Technology,11 - 20 years,San Francisco,CA,112000.0
Technical Architect,Finance,21 - 30 years,Minneapolis,MN,140000.0
Software Engineer,Software/IT,11 - 20 years,Portland,OR,106000.0
Internal Communications Manager,Internal Communications,8 - 10 years,Atlanta,GA,85000.0
Corporate access coordinator,Finance,11 - 20 years,New York,NY,200000.0
Senior Associate Partner,Education Non-profit,11 - 20 years,Los Angeles,CA,160000.0
Software Engineer,Software,1 year or less,Austin,TX,112500.0
Instructor,Higher Education,11 - 20 years,Los Angeles,CA,55000.0
Senior Business Analyst - Product Owner,Research & Development,11 - 20 years,St. Louis,MO,85000.0
Bar Manager,Bar/Restaurant,11 - 20 years,Chicago,IL,55400.0
Director of Special Projects,Legal,2 - 4 years,Philadelphia,PA,210000.0
Software Engineer,Tech,21 - 30 years,Austin,TX,65000.0
Senior Accountant,Manufacturing,2 - 4 years,Chicago,IL,70000.0
Marketing Communications Analyst,Legal,2 - 4 years,New York,NY,76500.0
Associate Director Financial Aid,Higher Education,11 - 20 years,Dallas,TX,64000.0
Senior Scientist,Science (MRI research),8 - 10 years,New York,NY,73130.0
Senior Pharmacy Consultant - Finance,Consulting,8 - 10 years,Minneapolis,MN,110000.0
Program Coordinator,Higher Education,1 year or less,Washington,DC,36000.0
Assistant Director of Data Management and Prospect Research,Higher Education,5 - 7 years,Philadelphia,PA,53500.0
Stewardship Coordinator,Environmental Compliance - Government,5 - 7 years,Philadelphia,PA,50000.0
Staff Accountant,Accounting,1 year or less,Los Angeles,CA,50000.0
"Associate Director, Alumni Relations",Higher Education/ Private University,5 - 7 years,Chicago,IL,58500.0
Member Services Specialist,Banking,11 - 20 years,Boston,MA,72143.0
Writer/Editor/Graphic Designer,Consulting,11 - 20 years,Washington,DC,59000.0
Case Manager,Social Services,2 - 4 years,Boston,MA,34000.0
Administrative Assistant,Healthcare,8 - 10 years,Chicago,IL,45000.0
Project Planner,Communications Engineering,5 - 7 years,New York,NY,64000.0
Manager Advertising Sales Operations,Marketing,8 - 10 years,Washington,DC,87550.0
Senior Content Producer,Retail corporate marketing,11 - 20 years,Minneapolis,MN,93000.0
political compliance officer,Nonprofit,5 - 7 years,Washington,DC,69000.0
Senior Project Manager,Non profit- global health,8 - 10 years,Washington,DC,115000.0
Research Specialist,Life Science Research,8 - 10 years,Philadelphia,PA,32500.0
Children's Librarian,Library,8 - 10 years,Austin,TX,49500.0
Paralegal,Legal,8 - 10 years,New York,NY,55000.0
Librarian,Academia,2 - 4 years,Seattle,WA,52599.0
Internal Communications Manager,Internal Communications,8 - 10 years,Atlanta,GA,85000.0
Animal Husbandry Technician,Biotech,2 - 4 years,San Diego,CA,34000.0
Team Coordinator (Supervisor),Healthcare,5 - 7 years,Boston,MA,63500.0
Regulatory Manager,Clinical Research,8 - 10 years,Boston,MA,64000.0
"Coordinator, Sales Support",Hospitality,8 - 10 years,Dallas,TX,45038.0
"Senior Manager, Government Affairs",Health Trade Association,8 - 10 years,Washington,DC,85000.0
Financial Controller,Tech (startup),5 - 7 years,San Francisco,CA,135000.0
Biochemist,Healthcare,8 - 10 years,New York,NY,78000.0
Program Manager,Nonprofit,21 - 30 years,San Francisco,CA,80000.0
IT Project Manager,Insurance,21 - 30 years,Portland,OR,107000.0
Senior Communications specialist,Federal govt,21 - 30 years,Baltimore,MD,129000.0
Quality Engineer,Aerospace & Defense,8 - 10 years,Boston,MA,85500.0
Software Engineer,Internet,11 - 20 years,Portland,OR,118000.0
Tax Auditor,State Government,5 - 7 years,Minneapolis,MN,78000.0
Assistant General Counsel,Legal/Not-for-profit,5 - 7 years,Chicago,IL,73000.0
policy and program manager,public health/government administration,8 - 10 years,New York,NY,105000.0
Project Manager,Ecommerce,8 - 10 years,Boston,MA,71000.0
Analytics Consultant,Digital Marketing,2 - 4 years,Atlanta,GA,70000.0
Marketing Communications,Business Services-technology,31 - 40 years,Philadelphia,PA,74000.0
Administrative Coordinator,Nonprofit,5 - 7 years,Washington,DC,45000.0
Associate Editor,"Associations, Magazine Publishing",11 - 20 years,Washington,DC,53000.0
Staff Attorney,Legal,5 - 7 years,New York,NY,63775.0
Database Administrator,Executive Search,5 - 7 years,Boston,MA,65000.0
Gallery Associate,Fine Art,2 - 4 years,New York,NY,35000.0
Editorial Director,Communications/Publishing,8 - 10 years,Chicago,IL,70000.0
Business Analyst,Software,5 - 7 years,Portland,OR,63000.0
Manager,Utilities,8 - 10 years,New York,NY,160000.0
Associate Director of Admissions,Higher Education,11 - 20 years,Chicago,IL,66000.0
Research Librarian,Higher Education,8 - 10 years,New York,NY,67000.0
Chief of staff/program officer,Philanthropy,5 - 7 years,New York,NY,85000.0
Administrative Assistant,Government,11 - 20 years,Austin,TX,23030.0
Senior Communications Specialist,Healthcare,2 - 4 years,Baltimore,MD,65000.0
Attorney,Legal,8 - 10 years,San Diego,CA,85000.0
Senior Sales Engineer,Manufacturing,31 - 40 years,Chicago,IL,110000.0
"Associate Director, Regulatory Affairs",Pharmaceutical,11 - 20 years,Philadelphia,PA,140000.0
Licensing Coordinator,Film & Television/Theme Parks,8 - 10 years,Los Angeles,CA,47000.0
Senior Content Producer,Nonprofit,5 - 7 years,Washington,DC,65000.0
Communications Coordinator,Higher Education Administration,11 - 20 years,Chicago,IL,51000.0
Project Manager,Cultural Heritage/Education,5 - 7 years,Boston,MA,37515.0
music teacher,Music,5 - 7 years,Chicago,IL,21000.0
Learning area manager,Logistics,11 - 20 years,Atlanta,GA,75000.0
Clinical Research Associate,Medical Research,8 - 10 years,Boston,MA,98000.0
Finance and Special Projects Manager,Non-Profit Arts Admin,8 - 10 years,New York,NY,45000.0
Patent Agent,Patent Law,5 - 7 years,Boston,MA,108500.0
Senior Curriculum Coordinator,Graduate-level health care education,11 - 20 years,Boston,MA,78800.0
"Manager, Sales Services",Video Games,21 - 30 years,Los Angeles,CA,88000.0
Technology Analyst,Technology,1 year or less,Washington,DC,68000.0
Software Engineer,Technology,5 - 7 years,Boston,MA,120000.0
Administrative Coordinator,Higher Education,8 - 10 years,Los Angeles,CA,39000.0
Instructional Consultant,Higher Education,8 - 10 years,Washington,DC,72361.0
playwright/playwriting professor,the theater,31 - 40 years,New York,NY,40000.0
Software Engineer,Retail,8 - 10 years,Pittsburgh,PA,120000.0
Software Engineer,Security,2 - 4 years,Seattle,WA,103000.0
Research Specialist,Media,11 - 20 years,Chicago,IL,60000.0
Lead Support Architect,IT Services,31 - 40 years,Boston,MA,128000.0
Director of Development Operations,Nonprofit,8 - 10 years,Boston,MA,90000.0
Research Scientist,Manufacturing,8 - 10 years,Houston,TX,133650.0
HR Manager,Education,5 - 7 years,Denver,CO,55000.0
Senior Sales Manager,Travel & Hospitality,11 - 20 years,Los Angeles,CA,80000.0
Software Engineer,Utility,21 - 30 years,Dallas,TX,107515.0
Editor,Educational Publishing,11 - 20 years,Chicago,IL,42000.0
Content Marketing Editor,Marketing,8 - 10 years,Chicago,IL,57300.0
Consultant,Finance/Accounting,5 - 7 years,Austin,TX,95000.0
Executive Assistant,Tech,8 - 10 years,Seattle,WA,103500.0
Cataloger,Libraries,5 - 7 years,Washington,DC,55000.0
Donor Relations Manager,Nonprofit,2 - 4 years,Pittsburgh,PA,42000.0
Project Manager,Construction,5 - 7 years,Los Angeles,CA,66000.0
Librarian,Local Government/Public Library,11 - 20 years,San Diego,CA,65000.0
"Communications Manager, Media Relations",Nonprofit,8 - 10 years,Washington,DC,91500.0
Reporter,Journalism,2 - 4 years,New York,NY,58000.0
Associate Director,Education,2 - 4 years,Philadelphia,PA,65000.0
Strategic Review Analyst,Healthcare,11 - 20 years,St. Louis,MO,85000.0
Information Security Specialist,Higher Education,11 - 20 years,San Francisco,CA,160100.0
Rate Analyst,Utilities,8 - 10 years,Denver,CO,71000.0
Senior Business Analyst,Technology,11 - 20 years,New York,NY,125000.0
Administrative Assistant,Nonprofit,8 - 10 years,Portland,OR,37000.0
Human Resources Manager,Education,8 - 10 years,Boston,MA,67000.0
Staff Attorney,Civil legal services,5 - 7 years,New York,NY,70000.0
Coordinator,Music,11 - 20 years,New York,NY,51150.0
Digital Marketing Manager,Nonprofit,11 - 20 years,Chicago,IL,65000.0
Program Manager,Government,21 - 30 years,Atlanta,GA,80000.0
Senior Financial Analyst,Software,5 - 7 years,Austin,TX,90000.0
Business Analyst,Logistics,11 - 20 years,Atlanta,GA,81000.0
Senior Project Manager,Technology,21 - 30 years,Boston,MA,142000.0
Associate Attorney,Legal,1 year or less,Washington,DC,190000.0
BCBA Supervisor,Behavioral Health,11 - 20 years,Boston,MA,83000.0
"Associate, Senior Designer",Environmental Graphic Design,11 - 20 years,Los Angeles,CA,110000.0
Academic Affairs Coordinator,Education,11 - 20 years,Los Angeles,CA,61000.0
Director of Graduate and Postdoctoral Professional Development,Academia,8 - 10 years,Atlanta,GA,99700.0
Repository & Publishing Specialist,Academic Library,5 - 7 years,Atlanta,GA,40000.0
Senior Research Associate,Pharmaceutical,8 - 10 years,San Diego,CA,72000.0
Regulatory Compliance Specialist,Environmental Health and Safety,5 - 7 years,San Diego,CA,52000.0
Senior Project Manager,Health Insurance,21 - 30 years,Dallas,TX,73000.0
Reporter,Journalism,2 - 4 years,New York,NY,58000.0
Mainframe Operator,IT,5 - 7 years,Chicago,IL,54600.0
Graphic Designer,Nonprofit,2 - 4 years,Minneapolis,MN,44990.0
"Senior Director, Programs",Non-Profit/Education,11 - 20 years,New York,NY,82000.0
Senior UX Designer,Internet,8 - 10 years,New York,NY,115000.0
Director of Design Strategy,Higher Education,11 - 20 years,Atlanta,GA,64000.0
"Assistant Director, Operations",Education Management,11 - 20 years,San Diego,CA,61000.0
Analyst,Education,11 - 20 years,Houston,TX,54000.0
Director of Student Records,Education,11 - 20 years,New York,NY,79000.0
Office Manager,Manufacturing,11 - 20 years,Chicago,IL,63500.0
Articles Editor,Media,11 - 20 years,New York,NY,96000.0
"Assistant Director, Development",Healthcare non-profit,5 - 7 years,New York,NY,78000.0
Program Coordinator,Higher Education,5 - 7 years,New York,NY,61200.0
Director,Publishing,11 - 20 years,New York,NY,115000.0
Executive Secretary,Education,11 - 20 years,Houston,TX,44200.0
Development Director,Nonprofit,11 - 20 years,New York,NY,170000.0
Conflict and Stabilization Specialist,Federal Government Contractor,5 - 7 years,Washington,DC,67000.0
Communications Specialist,Philanthropy,8 - 10 years,Chicago,IL,55000.0
Materials Manager,Healthcare Operations,1 year or less,Portland,OR,65000.0
Director of Scheduling,Government Affairs,21 - 30 years,Washington,DC,83000.0
People Operations Generalist,Market Research,2 - 4 years,Denver,CO,52000.0
HR Generalist,Nonprofit social services,5 - 7 years,Austin,TX,51168.0
High School Social Studies Teacher,Education,8 - 10 years,Philadelphia,PA,70464.0
Physician Assistant,Healthcare,2 - 4 years,Baltimore,MD,95000.0
Technical Manager,Financial Services,31 - 40 years,Chicago,IL,160000.0
People Operations Generalist,Technology,2 - 4 years,San Francisco,CA,100000.0
Environmental Protection Specialist,Federal Government,5 - 7 years,Washington,DC,99170.0
Instructor,Higher Ed,8 - 10 years,Seattle,WA,54000.0
Nanny / Infant Care Specialist,Childcare,5 - 7 years,Seattle,WA,62400.0
Regulatory Affairs Manager,Medical Device Manufacturing,8 - 10 years,Minneapolis,MN,145000.0
Manager of Sustainability,Engineering,8 - 10 years,New York,NY,135000.0
IT Manager,Oilfield Services,21 - 30 years,Houston,TX,101000.0
Lecturer,Academia,11 - 20 years,Austin,TX,56000.0
Podcast Producer,Media,11 - 20 years,Los Angeles,CA,65000.0
Project Manager,IT,11 - 20 years,Austin,TX,110000.0
Partner,Finance & Investments,21 - 30 years,Boston,MA,220000.0
Administrator,Gas Utility,5 - 7 years,St. Louis,MO,42000.0
Director of ops,Nonprofit,2 - 4 years,Houston,TX,40000.0
Global Purchasing Manager,Heavy industrial manufacturing,8 - 10 years,Atlanta,GA,129000.0
Research Associate,Public Policy,2 - 4 years,New York,NY,60000.0
Customer Engagement Manager,Publishing,11 - 20 years,New York,NY,77942.0
Writer,Entertainment,11 - 20 years,Baltimore,MD,41000.0
Research Analyst,Recruiting,2 - 4 years,Houston,TX,42000.0
Director of Advancement,Fundraising,11 - 20 years,Minneapolis,MN,110000.0
Senior Editor,Magazine publishing,11 - 20 years,New York,NY,60000.0
bureau chief,Government,31 - 40 years,New York,NY,128000.0
Supervisory Physical Scientist,Federal Government - Scientist,11 - 20 years,Chicago,IL,130000.0
Senior Software Engineer,Tech,5 - 7 years,Austin,TX,93642.0
Historic Site Manager,Non-Profit/Cultural Heritage,2 - 4 years,Philadelphia,PA,32000.0
Scientist,Life Sciences,8 - 10 years,Boston,MA,90000.0
Customer Success Manager,Education Technology,5 - 7 years,San Diego,CA,69000.0
Editor,Media,8 - 10 years,New York,NY,78000.0
"Director, Corporate Communications",Technology,11 - 20 years,San Francisco,CA,250000.0
Director of Engineering,Software Engineering,8 - 10 years,New York,NY,175000.0
Communications Specialist,Government,5 - 7 years,Washington,DC,75000.0
IP Coordinator/Legal Assistant,Legal Services,11 - 20 years,Washington,DC,87620.0
Technical Writer,Tech,11 - 20 years,Seattle,WA,91000.0
IT Program Manager,State Government,21 - 30 years,Atlanta,GA,80000.0
Compliance Analyst,Finance,8 - 10 years,New York,NY,100000.0
Assistant Director of Admission,Higher Education,2 - 4 years,New York,NY,53000.0
Marketing Manager,Ecommerce,5 - 7 years,Baltimore,MD,62000.0
Communication Strategist,Tech (software),2 - 4 years,New York,NY,115000.0
Media Planner,Advertising,2 - 4 years,Atlanta,GA,41000.0
Senior Designer,Apparel,11 - 20 years,Denver,CO,100000.0
Intake Coordinator,Social Work/NonProfit,5 - 7 years,Pittsburgh,PA,33000.0
Vice President,Nonprofit,11 - 20 years,Washington,DC,115000.0
Research Assistant,Public Policy Research,2 - 4 years,Washington,DC,44000.0
Senior Research Associate,Market Research,5 - 7 years,Minneapolis,MN,61200.0
Accounts Receivable representative,Healthcare,8 - 10 years,Austin,TX,34000.0
"Customer Support Representative, bid assistant","Manufacturing and distributing, plastics",11 - 20 years,Houston,TX,40000.0
Associate Attorney,Law,5 - 7 years,Los Angeles,CA,305000.0
Key Accounts Operations Manager,Wholesale Manufacturing,5 - 7 years,Seattle,WA,55440.0
College Instructor,Education,11 - 20 years,Austin,MN,80000.0
Legal policy analyst,Non-Profit Public Health,5 - 7 years,Denver,CO,66000.0
Head of Adult Services,Public Library,21 - 30 years,Houston,TX,54000.0
Associate Counsel,Government,2 - 4 years,New York,NY,75000.0
Datawarehouse Engineer,Tech Industry,11 - 20 years,New York,NY,162000.0
Marketing Coordinator,EdTech,2 - 4 years,Boston,MA,53000.0
UX/UI Designer,Tech,11 - 20 years,New York,NY,178600.0
Senior Attorney,Legal,21 - 30 years,San Francisco,CA,165564.0
Director of News & Media Relations,Higher Education,21 - 30 years,New York,NY,90000.0
Data Services Specialist,Marketing,11 - 20 years,Atlanta,GA,35000.0
Programs Manager,Nonprofit,5 - 7 years,Washington,DC,60000.0
Project Manager,Aerospace,21 - 30 years,Boston,MA,145000.0
Education Coordinator,Museums,2 - 4 years,Philadelphia,PA,37000.0
Senior Program Manager,Non-profit tech,8 - 10 years,San Francisco,CA,149500.0
"Assistant Director, Prospect Data Integrity",Higher Education,8 - 10 years,Boston,MA,70000.0
Executive Admin Asst,Accounting,11 - 20 years,Dallas,TX,65000.0
Pilates instructor and freelance classical singer,Fitness and music,8 - 10 years,New York,NY,40000.0
Associate Attorney,Law,2 - 4 years,Dallas,TX,195000.0
News editor,Print media/newspapers,11 - 20 years,Portland,OR,39200.0
Graduate Student,Academia,2 - 4 years,Boston,MA,380168.0
Optometrist,Optometry,21 - 30 years,Denver,CO,142000.0
Program and Business Operations Manager,Nonprofit,8 - 10 years,Boston,MA,63000.0
Physician,Healthcare,11 - 20 years,Minneapolis,MN,310000.0
Associate Professor,Higher Education,11 - 20 years,Houston,TX,65000.0
Partner,Law,11 - 20 years,Boston,MA,160000.0
Social Services Program Manager,Military,21 - 30 years,Phoenix,AZ,69000.0
Consultant,Benefits Consulting,11 - 20 years,Boston,MA,92000.0
Project Associate,Public opinion Research,2 - 4 years,Portland,OR,42000.0
Medical assistant,Medicine,2 - 4 years,Denver,CO,34000.0
Associate Director,Museums,8 - 10 years,New York,NY,70000.0
Project Operations Assistant,Educational Nonprofit,1 year or less,Washington,DC,30000.0
Architectural Designer,Architecture and Design,5 - 7 years,Chicago,IL,68000.0
Systems Administrator,IT,11 - 20 years,Boston,MA,89000.0
Senior Account Strategist,Digital Advertising,2 - 4 years,San Francisco,CA,130000.0
Director of Customer Success,Educational Technology,2 - 4 years,San Diego,CA,82500.0
Associate,Consulting (Data Analysis),1 year or less,Washington,DC,73500.0
"Senior Manager, Talent Acquisition (Recruiting) for North America",Retail/Fashion Apparel,11 - 20 years,New York,NY,130000.0
Administrative Director,Education,11 - 20 years,Los Angeles,CA,83000.0
UX/UI Designer,Data/Analytics,5 - 7 years,Chicago,IL,105000.0
CNAII,Healthcare,5 - 7 years,Portland,OR,27800.0
Software Engineer,Tech,1 year or less,Austin,TX,80000.0
Counsel,Law,11 - 20 years,Chicago,IL,305000.0
Digital Strategist,Advertising,2 - 4 years,Seattle,WA,42000.0
Director of Accounting,Healthcare,21 - 30 years,Houston,TX,120000.0
Rebate Administrator,Non profit environmental,11 - 20 years,Phoenix,AZ,36500.0
Development Director,Nonprofit,8 - 10 years,Washington,DC,75000.0
Producer,Video Game Development,5 - 7 years,Boston,MA,78000.0
Flight Attendant,Airline,11 - 20 years,Seattle,WA,75000.0
Assistant Director for Research,Higher Education,8 - 10 years,New York,NY,54000.0
Science Officer,Government Contractor,8 - 10 years,Washington,DC,94000.0
IT Manager,Energy,11 - 20 years,Baltimore,MD,138800.0
Director,Education,8 - 10 years,Atlanta,GA,98000.0
Research Coordinator,Medicine,5 - 7 years,Minneapolis,MN,63000.0
Assistant Professor,Higher education - 2 year school,2 - 4 years,Baltimore,MD,56000.0
Product Manager,Tech,5 - 7 years,Boston,MA,106000.0
Program Manager,Social Services,5 - 7 years,Austin,TX,51000.0
Physician Assistant,Medicine,8 - 10 years,Portland,ME,108000.0
Foundation and Corporate Giving Officer,Fundraising,8 - 10 years,Portland,OR,55000.0
Business Development and Marketing,Machine Distribution,11 - 20 years,Pittsburgh,PA,84000.0
Grants Administrator,Academia,1 year or less,Philadelphia,PA,52332.0
Project Coordinator,Consulting,8 - 10 years,Washington,DC,65000.0
VP Sales/BD,Tech Sales,11 - 20 years,Boston,MA,230000.0
Reference Librarian,Federal Government,8 - 10 years,Washington,DC,68604.0
Systems Administrator,Technology,5 - 7 years,Washington,DC,74000.0
Financial Planning,Aerospace,5 - 7 years,Seattle,WA,80000.0
Graphic Designer,Nonprofit,8 - 10 years,Pittsburgh,PA,40500.0
Product Manager,Market Research,2 - 4 years,Chicago,IL,62300.0
Operations Specialist,Theatre,8 - 10 years,New York,NY,40000.0
Executive Coach,Consulting,11 - 20 years,San Francisco,CA,225000.0
People Operations Coordinator,Renewable Energy Consulting,5 - 7 years,San Francisco,CA,60000.0
Territory Manager,Greeting cards,5 - 7 years,New York,NY,60000.0
Visitor Experience Coordinator,Arts,2 - 4 years,New York,NY,38000.0
Office Coordinator,Architectural Design,5 - 7 years,Boston,MA,45000.0
Director of Annual Giving,Education Non-profit,11 - 20 years,Portland,ME,55310.0
Development Manager,Nonprofit,8 - 10 years,Chicago,IL,45000.0
Director of Family Giving,Higher Education Fundraising,11 - 20 years,Philadelphia,PA,80000.0
Digital Initiatives Librarian,Library and Archives,11 - 20 years,New York,NY,94000.0
Education Associate,Nonprofit,5 - 7 years,San Francisco,CA,52000.0
Statistician,Engineering,2 - 4 years,Dallas,TX,104000.0
"Director or Communications, Marketing & Membership",Association Membership,8 - 10 years,Denver,CO,52000.0
HR Manager,Marketing,5 - 7 years,Dallas,TX,68000.0
Quality Engineer,Hardware electronics,5 - 7 years,Houston,TX,60000.0
Medical assistant,Healthcare (Dermatology),5 - 7 years,Chicago,IL,37440.0
Research Manager,Advertising,11 - 20 years,New York,NY,81600.0
Attorney,Government,8 - 10 years,St. Louis,MO,82000.0
Senior Account Executive,Public Relations,2 - 4 years,New York,NY,80000.0
Clinical psychologist,Mental Heath/Education,11 - 20 years,Washington,DC,104000.0
Data Analyst,Healthcare,11 - 20 years,Boston,MA,71000.0
Administrative Officer,Federal govt,2 - 4 years,Denver,CO,67898.0
Marketing Manager (3/4 time),Non-profit arts,8 - 10 years,Washington,DC,43000.0
Assistant Commissioner,Municipal Government,21 - 30 years,New York,NY,115000.0
annual fund specialist,Nonprofit,8 - 10 years,Philadelphia,PA,51000.0
Associate Scientist,Neuroscience,2 - 4 years,San Diego,CA,60000.0
Director,Education,11 - 20 years,Seattle,WA,93000.0
"Go To Market Operations, Manager of Order Management",Cloud Software,2 - 4 years,San Francisco,CA,124000.0
Marketing Manager,Arts Administration/ Nonprofit,11 - 20 years,Pittsburgh,PA,45000.0
"Director, People and Culture",Human Resources - Tech,8 - 10 years,San Francisco,CA,160000.0
Senior Creative Producer,Design Agency,5 - 7 years,Portland,OR,75000.0
Office Manager,Dentistry,8 - 10 years,San Francisco,CA,65000.0
Software Engineer,Tech,2 - 4 years,Seattle,WA,140000.0
Senior Admin Assistant,Professional Services,21 - 30 years,Dallas,TX,75000.0
Senior Administrative Assistant,Finance,5 - 7 years,Chicago,IL,50000.0
Software Engineer,Graphic Design,5 - 7 years,New York,NY,74000.0
Senior Manager of Customer Support,Streaming Media,11 - 20 years,Phoenix,AZ,88570.0
"Director, Law Library",Academia,11 - 20 years,Philadelphia,PA,140000.0
Knowledge Management Analyst,Legal,11 - 20 years,New York,NY,68598.0
Technical Project Manager,Government,11 - 20 years,New York,NY,110000.0
Professor,Education,8 - 10 years,Dallas,TX,42000.0
Case worker,Social Work,5 - 7 years,Portland,OR,55000.0
Growth Marketing / User Acquisition Specialist,Tech / Ecomm,11 - 20 years,Los Angeles,CA,169000.0
"research, education and outreach librarian",Libraries,8 - 10 years,Baltimore,MD,66000.0
Senior Analyst-Investment Performance and Risk,Asset Management,11 - 20 years,Chicago,IL,100000.0
Digital Media Specialist,Media,2 - 4 years,Philadelphia,PA,60000.0
Performance Management Coordinator,Nonprofit,5 - 7 years,St. Louis,MO,50400.0
Advertising and Events Manager,Publishing,11 - 20 years,Portland,OR,100000.0
Assistant Director of Training,Nonprofit,8 - 10 years,Washington,DC,64000.0
Data Scientist,Network Security,5 - 7 years,Washington,DC,123000.0
Assistant Director,Higher Ed,11 - 20 years,Austin,TX,93000.0
Director of Policy,Government Relations,11 - 20 years,Washington,DC,134000.0
Project Manager,Tech,2 - 4 years,Austin,TX,85000.0
Program Manager,Academia/Higher Ed,5 - 7 years,Denver,CO,58000.0
Scrum Master,Financial Technology,5 - 7 years,Seattle,WA,110000.0
Recruiter,executive recruiting,8 - 10 years,Portland,OR,65000.0
Senior Associate,Law,8 - 10 years,Boston,MA,97500.0
Marketing Manager,Management Consulting,2 - 4 years,Washington,DC,65000.0
Business Analyst,Government,11 - 20 years,Seattle,WA,98000.0
Business Analyst,Education,11 - 20 years,San Francisco,CA,90000.0
Children's Librarian,Public Libraries,5 - 7 years,Washington,DC,71000.0
Senior Transportation Planner,Urban Planning,5 - 7 years,Portland,OR,95000.0
Asst. General Counsel,Energy,11 - 20 years,Boston,MA,217000.0
Software Engineer,Tech,2 - 4 years,Seattle,WA,120000.0
Assistant Editor,Academic Publishing,5 - 7 years,New York,NY,46000.0
HR Manager,Startup,2 - 4 years,New York,NY,80000.0
Technical Recruiter,Computer/IT services,2 - 4 years,New York,NY,58700.0
Librarian,Public Libraries,11 - 20 years,Phoenix,AZ,59000.0
Senior Consultant,Management Consulting,5 - 7 years,Houston,TX,150000.0
Software Engineer,Computer Consultant,21 - 30 years,Chicago,IL,120000.0
Recruiter,Human Resources,5 - 7 years,Denver,CO,61000.0
Finance Manager,Media/Publishing,5 - 7 years,New York,NY,95000.0
IT Operations Director,Healthcare,2 - 4 years,Phoenix,AZ,98000.0
Senior Director of Programs,Education Non-profit,11 - 20 years,New York,NY,87500.0
Clinical research director,Medical Devices,8 - 10 years,Boston,MA,94000.0
Digital Marketing Specialist,Digital Marketing - B2B,5 - 7 years,Houston,TX,58000.0
Application Engineer,Electronics Sales,21 - 30 years,San Diego,CA,155000.0
CPhT,Pharmacy/Health,8 - 10 years,Denver,CO,35000.0
Administrative Coordinator,Not for profit scientific research,31 - 40 years,Seattle,WA,58000.0
Broker,Insurance,5 - 7 years,St. Louis,MO,61120.0
Senior Project Manager,Educational Publishing,11 - 20 years,Boston,MA,88000.0
Librarian,Libraries,11 - 20 years,Denver,CO,52331.0
Associate,Law,5 - 7 years,New York,NY,220000.0
Associate Director of Development,Nonprofit,8 - 10 years,Los Angeles,CA,62000.0
Communications Manager,Agriculture,2 - 4 years,Washington,DC,75000.0
Finance Manager,Higher Education,5 - 7 years,Seattle,WA,95000.0
Product Manager,Tech,5 - 7 years,San Francisco,CA,120000.0
Program Manager,Tech,2 - 4 years,Seattle,WA,121000.0
Senior Software Engineer,Software,5 - 7 years,Portland,OR,137000.0
School Psychologist,Public Education,2 - 4 years,Denver,CO,55301.0
Program Manager,Education Non-profit,5 - 7 years,Chicago,IL,53000.0
Technical Account Manager,Advertising,5 - 7 years,Los Angeles,CA,109000.0
Business Manager,Home furnishings,21 - 30 years,Chicago,IL,66000.0
Marketing Strategist,Marketing consulting / agency,2 - 4 years,Washington,DC,68000.0
Accountant,Healthcare,8 - 10 years,Dallas,TX,70000.0
Communications Manager,Museums,11 - 20 years,New York,NY,61000.0
Communications Associate,Nonprofit,2 - 4 years,New York,NY,42000.0
Winemaker,Wine,11 - 20 years,Seattle,WA,60000.0
Senior Data Engineer,Software,8 - 10 years,Portland,OR,154000.0
Event Planner,Nonprofit,5 - 7 years,Los Angeles,CA,52000.0
Legal Administrative Assistant,Higher Education,31 - 40 years,Minneapolis,MN,49000.0
Employee Relations Manager,Telecommunications,8 - 10 years,New York,NY,138000.0
Senior IT Engineer,IT,2 - 4 years,Boston,MA,79000.0
Tech Support,Marketing,2 - 4 years,Chicago,IL,59000.0
Director of Managed Services,IT,11 - 20 years,Minneapolis,MN,84000.0
AVP of Software Development,IT,11 - 20 years,Chicago,IL,105000.0
junior architect,Architecture,2 - 4 years,New York,NY,45000.0
Senior Manager,Consulting,21 - 30 years,Washington,DC,240000.0
Director of Media Strategy,Advertising,11 - 20 years,Minneapolis,MN,99000.0
Finance Manager,non-profit (cultural/museums),8 - 10 years,San Francisco,CA,95000.0
Product Manager,Ecommerce,2 - 4 years,New York,NY,120000.0
Senior Editor,Journalism,8 - 10 years,Chicago,IL,50000.0
Human Resources Assistant,Financial Services,1 year or less,Phoenix,AZ,43000.0
"Technical Consultant, Analytics",Technology,8 - 10 years,Chicago,IL,120000.0
Teacher,Education,5 - 7 years,New York,NY,57000.0
Human Resources Supervisor,Human Resources,8 - 10 years,New York,NY,88000.0
Product Manager,Technology,8 - 10 years,Minneapolis,MN,120000.0
Interlibrary Loan and Serials Specialist,Libraries,8 - 10 years,Portland,OR,36000.0
Talent Acquisition Coordinator,Biotech,5 - 7 years,Boston,MA,65000.0
UX/UI Designer,Information Technology,8 - 10 years,San Diego,CA,120000.0
GIS Analyst,Commercial Real Estate,2 - 4 years,Minneapolis,MN,40600.0
Senior Specialist,Nonprofit,8 - 10 years,Washington,DC,84356.0
Meetings Manager,Events,2 - 4 years,Atlanta,GA,40000.0
Senior DevOps Engineer,Information Technology,21 - 30 years,Portland,OR,125000.0
Pre-award grants specialist,High Education,5 - 7 years,Atlanta,GA,48300.0
Program Manager,Technology,5 - 7 years,Seattle,WA,123000.0
Senior Data Manager,Nonprofit,8 - 10 years,New York,NY,90000.0
Planner,Environmental Planning/Consulting,5 - 7 years,Boston,MA,72800.0
Program Specialist,Public Health,5 - 7 years,Washington,DC,51000.0
Contracts Director,Mulitnational Manufacturing Conglomerate,21 - 30 years,Phoenix,AZ,165000.0
Specialist,Communications,5 - 7 years,Washington,DC,65000.0
Store Manager,Retail,1 year or less,Boston,MA,64000.0
Teacher,Education,21 - 30 years,Portland,OR,30000.0
Medical Technologist,Healthcare,2 - 4 years,Boston,MA,60500.0
Process development coop,Biotechnology,1 year or less,Boston,MA,54000.0
Administrative Assistant,Accounting/Real Estate,11 - 20 years,New York,NY,102500.0
Assistant Vice President,Mortgage Servicing,11 - 20 years,Dallas,TX,95000.0
Deputy Director,Health Research,11 - 20 years,Los Angeles,CA,105000.0
Development Associate,Nonprofit,2 - 4 years,San Francisco,CA,60000.0
Managing Editor,Environmental non-profit,21 - 30 years,Washington,DC,73000.0
Senior Software Engineer,Ecommerce,11 - 20 years,Portland,OR,105000.0
Software Engineer,Tech,2 - 4 years,Seattle,WA,122000.0
Compliance Officer,Biomedical Research,11 - 20 years,Boston,MA,136000.0
Reporting Analyst,Internet,2 - 4 years,New York,NY,112500.0
Senior Recruiter,Healthcare non-profit,5 - 7 years,Seattle,WA,75000.0
Editor,Publishing,11 - 20 years,New York,NY,58500.0
Service Tech,Low Voltage,8 - 10 years,Pittsburgh,PA,45000.0
Archives Technician,Libraries/Archives/Museums,5 - 7 years,Washington,DC,48000.0
Communications Specialist,Union representation,11 - 20 years,Seattle,WA,65000.0
Brand and Market Positioning Strategist,Aviation,5 - 7 years,St. Louis,MO,85500.0
Scientist,Biotechnology,5 - 7 years,San Diego,CA,100000.0
Product Designer,Tech,8 - 10 years,Chicago,IL,80000.0
Office Manager,Insurance,21 - 30 years,Chicago,IL,52000.0
Special Education Teacher,Education,11 - 20 years,Atlanta,GA,65000.0
Executive Secretary,County Government,11 - 20 years,Houston,TX,76000.0
Donor Relations Associate,Nonprofit,5 - 7 years,New York,NY,52000.0
Paralegal,Law,2 - 4 years,Chicago,IL,50000.0
Library Director,Higher Education,11 - 20 years,St. Louis,MO,65000.0
Senior Payroll Analyst,Software,11 - 20 years,San Francisco,CA,98000.0
Program Manager,Software,5 - 7 years,Washington,DC,151000.0
Account Coordinator,Public Relations,1 year or less,Boston,MA,40000.0
Library Director,Higher Ed / Libraries,11 - 20 years,Baltimore,MD,91000.0
Collections Assistant,Museums,1 year or less,Chicago,IL,27300.0
Library Media Specialist,Education,8 - 10 years,New York,NY,65000.0
Clinical Research Coordinator,Clinical Research,2 - 4 years,Los Angeles,CA,56160.0
Senior Engineer,Pharma,11 - 20 years,Boston,MA,140000.0
Of Counsel,Law,11 - 20 years,Atlanta,GA,180000.0
Senior Product Manager,Digital Media,5 - 7 years,New York,NY,160000.0
Product Manager,Healthcare,5 - 7 years,Chicago,IL,100000.0
Legal Assistant,Professional Services,11 - 20 years,Los Angeles,CA,57000.0
Customer Service Representative,Interior dwsign and sales,21 - 30 years,Pittsburgh,PA,38000.0
content designer,user experience/product design,8 - 10 years,Philadelphia,PA,95000.0
Design Verification Engineer,Semiconductor,8 - 10 years,Dallas,TX,107000.0
Director of Bioinformatics,Biotechnology,8 - 10 years,Boston,MA,135000.0
Content Coordinator,Healthcare Marketing,11 - 20 years,Philadelphia,PA,65000.0
Advanced Analytics Manger,Technology,8 - 10 years,San Francisco,CA,160000.0
Asst. Manager,Nonprofit,2 - 4 years,Pittsburgh,PA,37000.0
Senior Policy Analyst,Government,11 - 20 years,Washington,DC,145000.0
Sustainability consultant,Architecture,11 - 20 years,Chicago,IL,67000.0
Content Marketing Manager,Marketing,8 - 10 years,Seattle,WA,84100.0
Channel Marketing Specialist,Transportation,5 - 7 years,St. Louis,MO,54000.0
Business Analyst,Government Contracting,5 - 7 years,Washington,DC,115000.0
Quality Engineer,Tech,8 - 10 years,Portland,OR,73000.0
First Grade Teacher,Education,5 - 7 years,Atlanta,GA,44000.0
Program Manager,K-12 Education (non-school),8 - 10 years,Minneapolis,MN,45000.0
Director of Product Development,Software Development,11 - 20 years,Boston,MA,150000.0
Teacher,Education,11 - 20 years,Pittsburgh,PA,70000.0
Assistant Director,Higher Ed,2 - 4 years,Chicago,IL,55000.0
Director Data Science,Finance,11 - 20 years,San Francisco,CA,240000.0
Research Manager,Political Polling,2 - 4 years,Washington,DC,72000.0
HR Coordinator,Healthcare,2 - 4 years,Boston,MA,40000.0
Digital Librarian,Media/Television,11 - 20 years,Washington,DC,82400.0
Graphic Designer,Museum/Non-profit,8 - 10 years,New York,NY,58500.0
Senior Digital Content Manager,Higher Education,11 - 20 years,New York,NY,102000.0
Associate Vice President,Architecture,8 - 10 years,Seattle,WA,90000.0
Partner,Legal,11 - 20 years,Chicago,IL,325000.0
Paralegal,Legal,11 - 20 years,Chicago,IL,55000.0
Creative Producer,Entertainment,8 - 10 years,Seattle,WA,90000.0
Engineering Manager,Tech,11 - 20 years,San Francisco,CA,220000.0
Administrative Assistant,Trade association,5 - 7 years,New York,NY,50000.0
Senior VP,Public Relations,21 - 30 years,Washington,DC,120000.0
Producer/reporter,Television news,5 - 7 years,Washington,DC,97500.0
Development Coordinator,Higher Education,5 - 7 years,Houston,TX,45200.0
Senior VP,Energy,21 - 30 years,Portland,OR,210000.0
Communications Specialist,Communications/Non-Profit,5 - 7 years,Washington,DC,63000.0
Engagement Manager,Management Consulting,5 - 7 years,Washington,DC,320000.0
"Development Manager, Public Funding",Nonprofit,11 - 20 years,New York,NY,72500.0
Claims Representative,Insurance,8 - 10 years,Phoenix,AZ,41000.0
Legal Assistant,Law,5 - 7 years,Minneapolis,MN,26800.0
Archivist and Librarian,Education / Libraries,5 - 7 years,New York,NY,61000.0
QA Manager,Healthcare/Billing,11 - 20 years,Chicago,IL,65000.0
Reporter,Journalism,2 - 4 years,Washington,DC,55000.0
Software Engineer,Biotech,11 - 20 years,Boston,MA,100000.0
Senior IP Counsel,Legal,8 - 10 years,Boston,MA,185000.0
Senior Policy Analyst,Nonprofit,11 - 20 years,Washington,DC,97000.0
Graphic Designer,Academia,8 - 10 years,Seattle,WA,66300.0
Digital Content Manager,Finance,8 - 10 years,Boston,MA,80000.0
Senior Electrical Engineer,Electric Utilities,8 - 10 years,Denver,CO,113000.0
Accounting Manager,AECO,21 - 30 years,Portland,OR,73000.0
Software Engineer,Technology,2 - 4 years,New York,NY,169000.0
Post Production Coordinator,Television Production,11 - 20 years,Los Angeles,CA,85000.0
Associate Director,Higher Education,8 - 10 years,Chicago,IL,70000.0
Risk Manager,Nonprofit,11 - 20 years,Seattle,WA,50000.0
Assistant Professor--Law,Higher Education,5 - 7 years,New York,NY,145000.0
Research Librarian,Legal,2 - 4 years,Washington,DC,62000.0
Assistant Editor,Book publishing,2 - 4 years,New York,NY,43000.0
Benefits Manager,Retail/Convenience Store,11 - 20 years,Houston,TX,75000.0
Executive Director,Nonprofit,8 - 10 years,Washington,DC,90000.0
Marketing Manager,Media,5 - 7 years,New York,NY,75000.0
Technical Writer,Tech,8 - 10 years,New York,NY,74000.0
Marketing Specialist,Nonprofit,2 - 4 years,Denver,CO,46000.0
Manager of Technical Services,Library,11 - 20 years,Los Angeles,CA,82000.0
Associate Curator,Fine Arts Nonprofit,11 - 20 years,Houston,TX,50000.0
Administrator,Finance,2 - 4 years,New York,NY,77000.0
Visual Journalist,Journalism,5 - 7 years,New York,NY,108000.0
Managing Director,Communications/PR,5 - 7 years,Washington,DC,105000.0
Project Manager,Public Affairs,5 - 7 years,Seattle,WA,57000.0
Head of instruction,Academic Libraries,11 - 20 years,Los Angeles,CA,80000.0
Technical Writer,Technology,8 - 10 years,Seattle,WA,91000.0
Administrative Assistant,Publishing,8 - 10 years,New York,NY,43000.0
Research Associate,Foster care/family services,1 year or less,Austin,TX,41000.0
Faculty Affairs Coordinator,Higher Education,11 - 20 years,Los Angeles,CA,87000.0
Program Manager,Association Management,8 - 10 years,Washington,DC,65000.0
Business Analyst,Healthcare,11 - 20 years,Boston,MA,72000.0
Senior Analyst,Federal Government,8 - 10 years,Washington,DC,108717.0
Producer,Media,21 - 30 years,Phoenix,AZ,65000.0
Counsel,Finance,5 - 7 years,San Francisco,CA,125000.0
Program Specialist,Nonprofit/Government,1 year or less,Chicago,IL,29500.0
Software Developer - Mid level,Technology - Software,8 - 10 years,Los Angeles,CA,100000.0
Development Manager,Nonprofit,2 - 4 years,New York,NY,42000.0
Software Engineer,Software,5 - 7 years,Boston,MA,135000.0
Manager,Healthcare IT,11 - 20 years,Atlanta,GA,119000.0
Senior Data Analyst,Technology,8 - 10 years,Austin,TX,87500.0
Client Services Assoicate,Finance,11 - 20 years,Seattle,WA,55000.0
Intelligence Analyst,Federal Government Contracting,8 - 10 years,Washington,DC,122000.0
Senior Specialist,Pharmaceutical,5 - 7 years,Boston,MA,101000.0
Senior Director of Rehabilitation,Healthcare,8 - 10 years,Portland,OR,83000.0
OB/GYN,Medical,5 - 7 years,Seattle,WA,200000.0
Director,Biotechnology,11 - 20 years,Boston,MA,200000.0
Development Associate,Nonprofit,2 - 4 years,New York,NY,48000.0
Business Manager,Environmental non-profit,8 - 10 years,St. Louis,MO,48000.0
Senior Communications Specialist,Government,8 - 10 years,Washington,DC,117000.0
Associate,Law,5 - 7 years,Washington,DC,290000.0
Stage Hand,Entertainment,11 - 20 years,Minneapolis,MN,350000.0
Quality Management Consultant,Quality management/healthcare,8 - 10 years,Phoenix,AZ,60000.0
Benefits Counselor,Human Services,11 - 20 years,Baltimore,MD,66000.0
Access Services Manager,Library,11 - 20 years,Seattle,WA,60000.0
Grants Manager,Philanthropy,11 - 20 years,San Francisco,CA,97000.0
Compliance Analyst,Banking,2 - 4 years,New York,NY,72000.0
Production Manager,Publishing,11 - 20 years,Los Angeles,CA,93000.0
Financial Advisor,Finance,21 - 30 years,Boston,MA,120000.0
Customer Service Supervisor,Healthcare - Medical Supplies,5 - 7 years,Seattle,WA,36000.0
Animation Producer,Media,11 - 20 years,Austin,TX,140000.0
Software Engineer,Software Engineering,1 year or less,Boston,MA,108000.0
Talent Solutions Specialist,Telecommunications,11 - 20 years,Atlanta,GA,62000.0
Financial Advisor,Finance,21 - 30 years,Boston,MA,120000.0
Technology and Reference Librarian,Public Library,8 - 10 years,New York,NY,49000.0
Senior Analyst,Higher Education,5 - 7 years,Portland,OR,100000.0
Marketing Specialist,Medical,8 - 10 years,Portland,OR,73000.0
Grant Writer,Nonprofit,5 - 7 years,Los Angeles,CA,41000.0
District/Area Director,Nonprofit,2 - 4 years,Los Angeles,CA,62000.0
Office Manager,Non-profit (religion),11 - 20 years,Baltimore,MD,44000.0
Linguistic Project Manager,AI,2 - 4 years,Boston,MA,61000.0
Senior Grants Manager,nonprofit (medical research funder),11 - 20 years,New York,NY,75000.0
Marketing Strategist,Education,11 - 20 years,San Diego,CA,73000.0
Major Gifts Officer,Nonprofit fundraising,11 - 20 years,Boston,MA,100000.0
Business Intelligence Manager,Healthcare non-profit,31 - 40 years,Portland,OR,75000.0
Admin Support Group Lead Coordinator,Higher Education,2 - 4 years,Los Angeles,CA,60000.0
BI Developer,Healthcare,31 - 40 years,Seattle,WA,114000.0
Business Analyst,Insurance,5 - 7 years,Portland,OR,63500.0
Senior Associate Director,Health Policy,5 - 7 years,Washington,DC,153000.0
Physical Therapist,Healthcare,31 - 40 years,Portland,OR,88000.0
Technical Writer,Tech (software),5 - 7 years,Los Angeles,CA,78000.0
Engineering Project Manager,Manufacturing,11 - 20 years,San Diego,CA,80000.0
Scale Up Engineer,Chemical Manufacturing,5 - 7 years,Philadelphia,PA,95000.0
Accounts Payable Team Lead,Finance/Accounting,11 - 20 years,Chicago,IL,51000.0
Principal Software Engineer,IT,8 - 10 years,Austin,TX,142000.0
Software Engineer,Public Safety,1 year or less,Chicago,IL,75000.0
Associate General Manager,Non-profit Theatre,11 - 20 years,Los Angeles,CA,70000.0
Accounting Supervisor,Trucking,11 - 20 years,Seattle,WA,102000.0
Textile Designer,Wholesale Trade,5 - 7 years,Atlanta,GA,48000.0
Personal Assistant,Philanthropy,11 - 20 years,Chicago,IL,150000.0
Legal Secretary,Legal,31 - 40 years,Portland,OR,66300.0
"Tax Manager, CPA",Public Accounting,8 - 10 years,Portland,OR,94000.0
Senior Personnel Analyst,Government,11 - 20 years,San Francisco,CA,110000.0
Reporting & Operations Manager,Nonprofit,5 - 7 years,Washington,DC,70752.0
HR Generalist,Construction,5 - 7 years,Seattle,WA,47000.0
Editor,Non-profit arts,11 - 20 years,Dallas,TX,49000.0
alerts writer,Nonprofit (patient safety),11 - 20 years,Philadelphia,PA,43751.0
Production Specialist,Consulting,5 - 7 years,Atlanta,GA,50000.0
People & Operations Specialist,New Tech/Startup,5 - 7 years,New York,NY,77250.0
Event Coordinator and Admin Asst,The arts,8 - 10 years,Los Angeles,CA,43600.0
Associate Director,Higher Education,8 - 10 years,New York,NY,85000.0
Director of Development,Nonprofit,8 - 10 years,Washington,DC,81000.0
Government Attorney,Attorney,5 - 7 years,Washington,DC,114000.0
Software Engineer,Technology,5 - 7 years,Minneapolis,MN,117000.0
Senior Production Coordinator,Chemical Manufacturing,11 - 20 years,Chicago,IL,109000.0
Volunteer Program Manager,Nonprofit - victim advocacy,5 - 7 years,San Diego,CA,54000.0
Senior Copywriter,Marketing,31 - 40 years,Chicago,IL,84000.0
Operations Program Manager,Social Services,5 - 7 years,New York,NY,58500.0
Senior Biologist,Environmental Consulting,11 - 20 years,Denver,CO,80000.0
Special Events Manager,Nonprofit,21 - 30 years,St. Louis,MO,52000.0
Dev/Engineering Manager,IT,11 - 20 years,Atlanta,GA,131000.0
Reference Librarian,Libraries,11 - 20 years,Philadelphia,PA,43000.0
Technical Writer,Education Non-profit,8 - 10 years,Portland,OR,58000.0
Senior trust associate,Finance,8 - 10 years,Los Angeles,CA,90793.0
Marketing Coordinator,Marketing,5 - 7 years,Portland,OR,37128.0
Executive Assistant,Consulting,2 - 4 years,Washington,DC,50000.0
Senior Writer,Communications,11 - 20 years,Seattle,WA,98000.0
Editorial Assistant,Book publishing,2 - 4 years,New York,NY,38000.0
Systems Administrator,IT,5 - 7 years,Boston,MA,96000.0
Director of Talent Acquisition,Healthcare Staffing,21 - 30 years,Dallas,TX,73500.0
Data Scientist,Media Research,8 - 10 years,Baltimore,MD,80000.0
Research Associate,Biopharmaceuticals,2 - 4 years,San Francisco,CA,62000.0
Manager,Accounting - Tax,5 - 7 years,New York,NY,175000.0
Assistant Vice President,Finance/Law,2 - 4 years,New York,NY,105000.0
Transportation Engineer,Engineering - public sector,5 - 7 years,Seattle,WA,76000.0
Senior Product Development Manager/Fashion Designer,Corporate Retail/Fashion,11 - 20 years,San Francisco,CA,135000.0
Public Affairs Officer,Federal Government,8 - 10 years,Washington,DC,97000.0
Head of Operations,Nonprofit,8 - 10 years,New York,NY,115000.0
Software Engineer,Tech,8 - 10 years,Austin,TX,90000.0
Management Analyst,government/emergency management,11 - 20 years,Washington,DC,116000.0
Accountant,Software,2 - 4 years,Seattle,WA,60000.0
Administrative Coordinator,Arts Administration,5 - 7 years,Portland,OR,50000.0
Car Sales,Automotive,2 - 4 years,Seattle,WA,160000.0
Project Manager,Semiconductor,21 - 30 years,San Diego,CA,109000.0
Art Director,Media,31 - 40 years,Washington,DC,129000.0
Education Coorfinator,Real Estate,11 - 20 years,Chicago,IL,50000.0
Associate Director,Fundraising,11 - 20 years,Los Angeles,CA,80000.0
Administrative Assistant,Non-profit arts,2 - 4 years,New York,NY,35000.0
Payroll Administrator,Academia,5 - 7 years,Boston,MA,59500.0
Business Analyst,Insurance,11 - 20 years,Portland,ME,68850.0
Project Manager/Product Owner,Software Development,5 - 7 years,Washington,DC,95000.0
Technologist,Tech,11 - 20 years,Washington,DC,148000.0
"Senior Manager, Database Administration",Marketing,5 - 7 years,Philadelphia,PA,70000.0
International Relocation Coordinator,Global Mobility,8 - 10 years,St. Louis,MO,55000.0
Children's Librarian,Libraries,8 - 10 years,Washington,DC,73000.0
Teacher,Education,5 - 7 years,Washington,DC,55000.0
Sales Manager,Promotional Product Distribution,2 - 4 years,New York,NY,62000.0
Associate Editor,Publishing,5 - 7 years,Portland,OR,42500.0
Systems Administration Director,Information Technology,21 - 30 years,Washington,DC,175000.0
Senior Product Manager,Consumer Technology,8 - 10 years,Seattle,WA,115000.0
Lead,Consulting,5 - 7 years,Washington,DC,145000.0
Early childhood supervisor,Museums,5 - 7 years,Seattle,WA,38000.0
Director Employee Development,Financial Services,21 - 30 years,Boston,MA,150000.0
Product Manager,Tech,2 - 4 years,Los Angeles,CA,48000.0
Tech Lead,SaaS,8 - 10 years,Minneapolis,MN,140000.0
Advertising & Partnerships Associate,Fashion / E-commerce,2 - 4 years,New York,NY,58000.0
Attorney,Government,11 - 20 years,Washington,DC,97000.0
Project Manager,Logistics,8 - 10 years,Philadelphia,PA,82000.0
Teacher,Education,11 - 20 years,Houston,TX,61000.0
Reservoir Analyst,Energy,11 - 20 years,Houston,TX,112000.0
Pediatric Subspecialist,Medicine,11 - 20 years,Boston,MA,135000.0
Paralegal,Law,11 - 20 years,Washington,DC,80000.0
Senior Development Manager,Nonprofit,8 - 10 years,Seattle,WA,87400.0
Program Coordinator,Education,5 - 7 years,Los Angeles,CA,50876.0
Assistant Director,Education,5 - 7 years,Washington,DC,45000.0
Project Assistant,Higher Education,2 - 4 years,New York,NY,60000.0
Associate Editor,Publishing,8 - 10 years,Chicago,IL,51000.0
Assistant Director,Library,8 - 10 years,Pittsburgh,PA,40000.0
Data Engineer,Agriculture,11 - 20 years,St. Louis,MO,115000.0
Analyst,Tech,5 - 7 years,New York,NY,143000.0
Manager,Digital Marketing,2 - 4 years,Chicago,IL,72000.0
QA Lead,Technology,2 - 4 years,New York,NY,75000.0
Goddess,Legal cannabis / on-line retail,11 - 20 years,Los Angeles,CA,30000.0
Welding Supervisor,Manufacturing,5 - 7 years,Minneapolis,MN,28000.0
Benefits Consultant,Insurance,8 - 10 years,New York,NY,138000.0
Director,Business association,11 - 20 years,Washington,DC,100000.0
Administrative Assistant,Accounting - Tax,8 - 10 years,Denver,CO,48880.0
Associate Director,Consulting,11 - 20 years,Philadelphia,PA,130000.0
Equal Employment Manager,US Federal Government,11 - 20 years,Washington,DC,120000.0
Senior Architect,Federal Government,11 - 20 years,Seattle,WA,113000.0
Project Architect,Architecture,11 - 20 years,Portland,OR,76000.0
Deputy Managing Editor,Publishing,2 - 4 years,San Francisco,CA,65000.0
Technical Services Assistant,Library,2 - 4 years,Washington,DC,47000.0
quality improvement coordinator,Healthcare,11 - 20 years,Philadelphia,PA,56000.0
IT Training Specialist,Training,8 - 10 years,Boston,MA,76000.0
Director of Development,Nonprofit,2 - 4 years,Pittsburgh,PA,66000.0
Attorney,Government,5 - 7 years,New York,NY,122000.0
Project manager/business analyst,Academia/government,11 - 20 years,Pittsburgh,PA,62000.0
Senior Financial Reporting Analyst,Finance,11 - 20 years,Chicago,IL,85000.0
HRIS Analyst,Technology,8 - 10 years,Boston,MA,65000.0
Administrative Associate,State University,21 - 30 years,Austin,TX,31824.0
Web Producer,City Government,21 - 30 years,Seattle,WA,95000.0
Technical Writer,Software-as-a-Service products,11 - 20 years,Portland,OR,88000.0
Limnologist,Science,5 - 7 years,Los Angeles,CA,80000.0
Senior Corporate Counsel,Retail,11 - 20 years,Seattle,WA,150000.0
"Assistant Director, Graduate Enrollment",Higher Education,5 - 7 years,Chicago,IL,57000.0
Medical Admin,Physical Therapy,11 - 20 years,Seattle,WA,42000.0
Merchandise Planner,Retail,8 - 10 years,New York,NY,96000.0
Director of Product Management,Technology,11 - 20 years,Los Angeles,CA,247100.0
Associate,Law,2 - 4 years,New York,NY,200000.0
Communications Manager,Nonprofit,11 - 20 years,Austin,TX,65000.0
Operations Analyst,Finance,11 - 20 years,New York,NY,150000.0
Deputy Managing Editor,Publishing,5 - 7 years,San Francisco,CA,65000.0
Travel Manager,Travel and Tourism,5 - 7 years,Boston,MA,52000.0
Associate Editorial Director,Advertising,21 - 30 years,New York,NY,121900.0
Onboarding Coordinator,Staffing,8 - 10 years,Boston,MA,55000.0
Court Supervisor,Government,8 - 10 years,Seattle,WA,89000.0
System Administrator,Information Technology,11 - 20 years,Washington,DC,105000.0
Associate Counsel,Government,2 - 4 years,New York,NY,80000.0
HR Analyst,Pharma,8 - 10 years,Pittsburgh,PA,67000.0
Compliance Adimistrator,Food and Beverage,11 - 20 years,Philadelphia,PA,60000.0
International Film Analyst,Movie Theaters & Cinemas,2 - 4 years,Dallas,TX,50000.0
Senior Market Research Analyst,Nonprofit,11 - 20 years,Chicago,IL,72000.0
Clinical Research Coordinator,Clinical Research,5 - 7 years,Chicago,IL,49400.0
International Human Resources,Nonprofit,5 - 7 years,Washington,DC,52000.0
Associate Product Manager,Produce,5 - 7 years,New York,NY,84500.0
Veterinary Technician,Veterinary medicine,2 - 4 years,Philadelphia,PA,30000.0
Senior Grants Specialist,Higher Education,8 - 10 years,New York,NY,100000.0
Director of Human Resources,Publishing,11 - 20 years,Chicago,IL,90000.0
Software Architect,Telecommunications,11 - 20 years,New York,NY,175000.0
Customer Service Manager,Customer service for e-commerce companies,21 - 30 years,Atlanta,GA,55000.0
Senior Product Specialist,Software,11 - 20 years,New York,NY,79000.0
Software Engineer,Software,8 - 10 years,Portland,OR,120000.0
Operations Manager,Retail/Fashion HQ,8 - 10 years,Portland,OR,105000.0
Senior Account Executive,Public Relations,2 - 4 years,San Francisco,CA,78000.0
Teacher,Educarion,31 - 40 years,New York,NY,80000.0
Program Coordinator,Nonprofit,2 - 4 years,Philadelphia,PA,44000.0
Paralegal,Legal,5 - 7 years,Washington,DC,52000.0
Project Associate,Education,11 - 20 years,Austin,TX,47000.0
"Vice President, Communications",Publishing,11 - 20 years,New York,NY,195000.0
"Manager, Strategic Initiatives","Nonprofit - national, youth focused",5 - 7 years,New York,NY,66875.0
Finance Manager,Nonprofit,8 - 10 years,New York,NY,75000.0
Scheduler,Healthcare,11 - 20 years,Portland,OR,41600.0
Communications Specialist,Nonprofit,5 - 7 years,Chicago,IL,46000.0
Supervisor,Public Accounting,5 - 7 years,New York,NY,60000.0
Lead Designer,Big Data Technology,5 - 7 years,Portland,OR,113000.0
center specialist,Academia,5 - 7 years,Chicago,IL,50000.0
Digital Media Planner,Media,2 - 4 years,New York,NY,58500.0
Technical Support,Tech,11 - 20 years,Portland,OR,49000.0
Financial Aid Counselor,Higher Education Administration,11 - 20 years,Los Angeles,CA,54327.0
Test Engineer,IT,11 - 20 years,San Diego,CA,72000.0
Associate Attorney,Law,5 - 7 years,Washington,DC,105000.0
Marketing Specialist,Healthcare,5 - 7 years,Minneapolis,MN,70000.0
Patient Science Liaison,Pharmaceutical,11 - 20 years,Seattle,WA,82000.0
HRIS Analyst / Learning Management System Administrator,Healthcare,11 - 20 years,Portland,OR,64500.0
Account Manager,Advertising,5 - 7 years,Portland,OR,46000.0
Principal Engineer,Software,8 - 10 years,Philadelphia,PA,158000.0
Archives & Records Manager,Nonprofit,8 - 10 years,New York,NY,50988.0
Department Coordinator,Nonprofit advocacy org,2 - 4 years,Washington,DC,38000.0
Director of Post Production,Entertainment,11 - 20 years,Los Angeles,CA,143325.0
Software Engineer,Software,8 - 10 years,San Francisco,CA,138000.0
Art Director,Advertising,8 - 10 years,New York,NY,80000.0
Analyst,Environmental Consulting,2 - 4 years,Boston,MA,66000.0
Engineering Manager,Semiconductor,8 - 10 years,Portland,OR,120000.0
Assistant Communications and Marketing Officer,Communications,2 - 4 years,Washington,DC,47000.0
Compliance Analyst,Government/Civil Service,8 - 10 years,New York,NY,54000.0
Practice Assistant,Legal,2 - 4 years,Boston,MA,58000.0
Global Sustainability Manager,Corporate sustainability,5 - 7 years,San Francisco,CA,98200.0
Chef de Cuisine,Catering,31 - 40 years,Los Angeles,CA,40000.0
Teacher of students with visual impairments,Education,21 - 30 years,Portland,OR,85646.0
Project Manager,Real Estate,8 - 10 years,San Diego,CA,114000.0
Customer Support Associate,Technology,2 - 4 years,Washington,DC,65000.0
Social Worker,Behavioral Health,1 year or less,Baltimore,MD,42000.0
Archaeologist,Cultural Resource Management,2 - 4 years,Phoenix,AZ,31000.0
Associate Director of Digital,Healthcare,11 - 20 years,Los Angeles,CA,135000.0
Benefits Assistant,Retail,2 - 4 years,Houston,TX,45000.0
Associate Data Analyst,Higher Education,2 - 4 years,New York,NY,59000.0
Sustainability Team Manager,Architecture and Engineering,11 - 20 years,Minneapolis,MN,92060.0
Partner,Legal,11 - 20 years,Washington,DC,340000.0
VP,Insurance,21 - 30 years,New York,NY,450000.0
Law Librarian,Higher Education,8 - 10 years,Philadelphia,PA,55000.0
Software Engineer,Finance,2 - 4 years,Chicago,IL,170000.0
Software Engineer,Tech,2 - 4 years,Seattle,WA,140000.0
Stage Manager,Performing Arts,8 - 10 years,Atlanta,GA,18000.0
Pharmacy Intern,Pharmacy,11 - 20 years,Atlanta,GA,16000.0
Senior Software Engineer,Software,21 - 30 years,Boston,MA,150000.0
Project Manager,Healthcare non-profit,11 - 20 years,Seattle,WA,87000.0
Physician,Healthcare,31 - 40 years,San Francisco,CA,240000.0
Pharmacy Technician,Pharmacy,21 - 30 years,Seattle,WA,52000.0
Consultant,Management Consulting,8 - 10 years,Seattle,WA,140000.0
Software Engineer,Internet startup,8 - 10 years,Seattle,WA,159000.0
Case Management Assistant,Nonprofit (legal aid),2 - 4 years,Seattle,WA,38500.0
Senior Retail Sales Manager,Retail,5 - 7 years,Minneapolis,MN,65000.0
Analyst,Financial Services,5 - 7 years,Chicago,IL,125000.0
Research & Evaluation Director,Non-Profit Management,8 - 10 years,San Francisco,CA,87000.0
Market Segment Leader,Biotech,8 - 10 years,Boston,MA,145000.0
Career and Education Specialist,Nonprofit,5 - 7 years,Boston,MA,48780.0
Compliance Officer,Financial Services,11 - 20 years,Seattle,WA,85000.0
Senior Strategist,Marketing & Advertising,2 - 4 years,New York,NY,100000.0
Senior Systems Engineer,Med Device,8 - 10 years,Boston,MA,106000.0
Assistant GM,Hospitality,5 - 7 years,Seattle,WA,65000.0
Writer/Editor,Writing/Editing,8 - 10 years,Washington,DC,62000.0
Assistant Manager,Retail,2 - 4 years,New York,NY,39600.0
"Senior Director, Demand Generation",Technology,11 - 20 years,San Francisco,CA,160000.0
Drug & Alcohol Intake Specialist,Healthcare,2 - 4 years,Philadelphia,PA,43000.0
Senior Product Specialist,Software,11 - 20 years,New York,NY,79000.0
Senior Account Executive,Political Advertising,2 - 4 years,Washington,DC,56000.0
Engineer,Water Treatment,5 - 7 years,Los Angeles,CA,102000.0
Booking Coordinator,Music,5 - 7 years,Chicago,IL,57500.0
Senior Analytics Consultant,Consulting,5 - 7 years,Seattle,WA,100000.0
Associate Lead,Nonprofit,8 - 10 years,Washington,DC,75000.0
Reporter,Journalism,8 - 10 years,New York,NY,132000.0
Operations Manager,Nonprofit,11 - 20 years,Portland,OR,50000.0
Compliance Analyst,Finance,2 - 4 years,San Diego,CA,61000.0
Administrative Assistant,Public Accounting,11 - 20 years,Minneapolis,MN,46000.0
Digital Media Manager,Luxury/Fashion,5 - 7 years,New York,NY,72000.0
Associate Attorney,Law,8 - 10 years,Chicago,IL,200000.0
Business Development Manager,Research Foundation,11 - 20 years,New York,NY,96039.0
Consultant,Consulting,8 - 10 years,Boston,MA,91230.0
Paralegal,International Development Organization,5 - 7 years,Washington,DC,91000.0
Box Office Manager,Non-profit arts,8 - 10 years,Washington,DC,52500.0
Accountant,Pharmaceutical,31 - 40 years,San Diego,CA,98000.0
Sales Director,Publishing,8 - 10 years,New York,NY,90000.0
Software Engineer,Software,2 - 4 years,Chicago,IL,114000.0
"Senior Manager, Advocacy & Campaigns",Non-profit (health),11 - 20 years,Washington,DC,80000.0
Ecommerce Business Analyst,IT for a B2B services company,21 - 30 years,Minneapolis,MN,107000.0
Meeting Programs Manager,Non-profit / Fire Protection / Life Safety,5 - 7 years,Dallas,TX,47000.0
Software Engineer,Local Government,8 - 10 years,Minneapolis,MN,93464.0
Software Engineer,Software,5 - 7 years,Chicago,IL,114000.0
Campaign Manager,Advertising,8 - 10 years,Chicago,IL,71000.0
Senior Coordinator,Travel,2 - 4 years,Atlanta,GA,45000.0
Staff Engineer,Engineering Consulting,2 - 4 years,Minneapolis,MN,45000.0
Visiting Professor,Academia,31 - 40 years,New York,NY,80000.0
Claims Specialist,Insurance,5 - 7 years,Dallas,TX,46000.0
Librarian,Higher Education,21 - 30 years,Chicago,IL,73000.0
Deputy Director,Municipal Government,8 - 10 years,Philadelphia,PA,82680.0
CFO,Food and Beverage,5 - 7 years,Los Angeles,CA,120000.0
Digital Content Manager,Nonprofit,5 - 7 years,New York,NY,58000.0
VP of Employee Experience,Advertising,8 - 10 years,Chicago,IL,135000.0
Senior Associate,Consulting,2 - 4 years,New York,NY,93000.0
Deputy Executive Director,Nonprofit,11 - 20 years,New York,NY,138000.0
Executive Assistant,Finance - investment managing,11 - 20 years,San Francisco,CA,96000.0
Senior Media Relations Specialist,Higher Education,2 - 4 years,Denver,CO,60000.0
Director of Division Administration,Healthcare,11 - 20 years,Philadelphia,PA,110000.0
Director of Programs,Nonprofit,8 - 10 years,New York,NY,79000.0
Program Associate,"Nonprofit, policy advocacy",1 year or less,Boston,MA,40000.0
Senior Analytical Chemist,Food Ingredients,11 - 20 years,Chicago,IL,97000.0
Senior digital producer,Nonprofit/media,5 - 7 years,Washington,DC,80000.0
HR Business Partner,Technology,5 - 7 years,Seattle,WA,107000.0
Quality Analyst,Customer Service,11 - 20 years,Portland,OR,46000.0
Compliance,Mortgage and Business Lending,2 - 4 years,Denver,CO,55000.0
Government Affairs Director,Nonprofit,8 - 10 years,Portland,OR,75000.0
Scientist,Biotechnology,2 - 4 years,Denver,CO,79000.0
Nurse Practitioner,Healthcare,2 - 4 years,Boston,MA,106000.0
Associate Professor,Academia,31 - 40 years,Portland,OR,148000.0
Adult Basic Education Instructor,Nonprofit Adult Education,5 - 7 years,Chicago,IL,30000.0
Account Representative,Insurance,8 - 10 years,Washington,DC,68000.0
Outreach Associate,Government Affairs,1 year or less,Washington,DC,45000.0
Research & Instruction Librarian,Libraries,8 - 10 years,Boston,MA,63000.0
Staff writer,Media,2 - 4 years,Washington,DC,70000.0
Director of Operations,Hospitality,8 - 10 years,New York,NY,64000.0
Project Manager,Technology,8 - 10 years,Washington,DC,78000.0
Attorney,Law - Public Interest,5 - 7 years,Portland,OR,67500.0
Senior Copywriter,Advertising,11 - 20 years,Minneapolis,MN,90000.0
Nursing Professional Development Specialist,Healthcare,11 - 20 years,Philadelphia,PA,102000.0
Human factors engineer,Medical Devices,1 year or less,Boston,MA,72000.0
Fellowship Director,Non-profit social justice,5 - 7 years,Boston,MA,55000.0
Attorney,Government,11 - 20 years,Baltimore,MD,116000.0
"Director, Digital Learning",Nonprofit,11 - 20 years,Atlanta,GA,92000.0
Librarian,Education,11 - 20 years,Boston,MA,77000.0
Certified Financial Planner,Financial Services,11 - 20 years,Denver,CO,95000.0
Engineering Manager,Tech,8 - 10 years,Chicago,IL,150000.0
Communications Coordinator,Water Utility,8 - 10 years,Atlanta,GA,61900.0
Archaeologist,Cultural Resource Management,5 - 7 years,Chicago,IL,42540.0
Nurse Practitioner,Healthcare,5 - 7 years,Philadelphia,PA,98000.0
Manager of (2 different business areas),Non-profit arts administration (music/theater),5 - 7 years,New York,NY,46250.0
Recruiting Coordination Supervisor,Talent Operations,5 - 7 years,Boston,MA,62000.0
User Researcher,EdTech,5 - 7 years,New York,NY,105000.0
"Vice President, Information Services & Technology",Technology,11 - 20 years,Washington,DC,135000.0
Science Reporter,Journalism,2 - 4 years,Boston,MA,52500.0
Administrative Assistant,Healthcare,11 - 20 years,Pittsburgh,PA,56000.0
Export Controls Officer,Academia,11 - 20 years,Portland,OR,85000.0
Counsellor,Community Mental Health,2 - 4 years,Portland,OR,47090.0
Photographer,Photography (family and portrait),11 - 20 years,Houston,TX,45000.0
Biotechnology Professor,Education,11 - 20 years,San Francisco,CA,102000.0
Administrative & Communications Assistant,Nonprofit association,2 - 4 years,Washington,DC,52500.0
Senior UX Strategist,Technology,8 - 10 years,New York,NY,126600.0
Office Manager,Architecture,2 - 4 years,Chicago,IL,45000.0
Corporate Development Manager,Automotive,8 - 10 years,Houston,TX,115000.0
Project Manager,Publishing,5 - 7 years,San Diego,CA,43000.0
Receptionist,Legal,2 - 4 years,San Francisco,CA,51000.0
Youth Services Supervisor,Library,11 - 20 years,Denver,CO,60000.0
Senior Finance Manager,Beauty CPG,8 - 10 years,Los Angeles,CA,108000.0
Account Manager,Construction/ advertising,11 - 20 years,Portland,OR,95000.0
Senior Associate Attorney,Legal,8 - 10 years,Washington,DC,104000.0
Marketing Manager,Academic Publishing,11 - 20 years,Washington,DC,85000.0
Primary Preschool Teacher,Education,2 - 4 years,Portland,OR,29000.0
Librarian,Library,5 - 7 years,Phoenix,AZ,52000.0
Digital Marketing Director,Association,11 - 20 years,Washington,DC,95000.0
Senior Analyst,Government management/confidential,2 - 4 years,New York,NY,55000.0
Production Manager,Entertainment,8 - 10 years,Los Angeles,CA,75000.0
Senior Editor,Publishing,11 - 20 years,New York,NY,70000.0
Attorney,Law,5 - 7 years,Chicago,IL,90000.0
Lighting Designer,Architecture,2 - 4 years,Boston,MA,83000.0
Financial Analyst,Technology,2 - 4 years,San Francisco,CA,85000.0
Vice President,Non-profit law,21 - 30 years,Washington,DC,360000.0
Grant Writer,Nonprofit,8 - 10 years,Minneapolis,MN,52000.0
Graphic Designer,Textiles,5 - 7 years,Portland,OR,52000.0
Product Marketing Manager,Software as a Service SaaS,2 - 4 years,San Diego,CA,68100.0
Section Manager,State Government,21 - 30 years,Austin,TX,90000.0
Director of Development,Nonprofit,8 - 10 years,New York,NY,75000.0
Regulatory Affairs Manager,Dietary Supplements,11 - 20 years,Los Angeles,CA,88000.0
Librarian,Library,2 - 4 years,Los Angeles,CA,77000.0
Environmental Engineer,Environmental Compliance,1 year or less,Minneapolis,MN,52000.0
Learning & Development Manager,Tech,8 - 10 years,San Francisco,CA,147000.0
Health Care Policy Analyst,Healthcare,11 - 20 years,Denver,CO,100000.0
Content Developer,Industrial Supplies,5 - 7 years,Chicago,IL,72000.0
Research Analyst,Law,5 - 7 years,Los Angeles,CA,86275.0
Freelance Graphic Designer,Graphic Design,21 - 30 years,Phoenix,AZ,120000.0
Accountant,Private Equity,8 - 10 years,Seattle,WA,82000.0
Community Manager,Real Estate,31 - 40 years,Chicago,IL,47000.0
Program Manager,IT Security,8 - 10 years,Washington,DC,125000.0
Vice President,Nonprofit,21 - 30 years,Washington,DC,180000.0
Automation Engineer,Oil & Gas Services,8 - 10 years,Houston,TX,120000.0
Pathologist,Medicine,8 - 10 years,Phoenix,AZ,350000.0
"Manager, Client Services",Telecommunications/Tech,11 - 20 years,Chicago,IL,86400.0
Marketing and Trade Show Manager,Food and Beverage,11 - 20 years,Chicago,IL,60000.0
Software Engineer,Technology,5 - 7 years,Austin,TX,114000.0
Technical Qriter,Tech,5 - 7 years,Portland,OR,60000.0
Senior Compliance Analyst,Health and Disability Insurance,11 - 20 years,Portland,OR,82000.0
Attorney,Law,8 - 10 years,Atlanta,GA,89600.0
Communications Manager,Nonprofit,5 - 7 years,New York,NY,70000.0
Recruiting Coordinator,Tech,2 - 4 years,San Francisco,CA,80000.0
Operations Manager,Higher Education,5 - 7 years,Chicago,IL,45000.0
Events Coordinator,Marketing,2 - 4 years,San Francisco,CA,55000.0
Editor (Associate Director),Advertising,5 - 7 years,New York,NY,110000.0
Copywriter,B2B Marketing,5 - 7 years,Seattle,WA,71000.0
Prospect Research Analyst,Higher Education,5 - 7 years,Philadelphia,PA,50000.0
Internet Administrative Assistant,Automotive - Car Dealership,8 - 10 years,Austin,TX,37000.0
Researcher,Nonprofit,5 - 7 years,Chicago,IL,41000.0
Senior Clinical Nurse I,Healthcare,2 - 4 years,Baltimore,MD,84695.0
Marketing Analyst,Manufacturing,11 - 20 years,Portland,OR,73000.0
Associate Director of Development,Higher Education,11 - 20 years,Los Angeles,CA,69000.0
Reporter,Journalism,2 - 4 years,Washington,DC,56000.0
Paralegal,Legal,5 - 7 years,Houston,TX,65000.0
Project Associate,Engineering,8 - 10 years,Chicago,IL,108000.0
Technical Senior Manager,Financial,31 - 40 years,Chicago,IL,150000.0
Administrative and Purchasing Coordinator,Arts Administration,5 - 7 years,Chicago,IL,30720.0
"Associate Director, Development",University fundraising,5 - 7 years,Pittsburgh,PA,80000.0
Program Associate,Nonprofit,2 - 4 years,Washington,DC,48000.0
warranty administrator,Construction,5 - 7 years,Portland,OR,50000.0
Senior Business Analyst,Education Technology / Non-Profit,11 - 20 years,Portland,OR,104030.0
Contractor for the post office,Self employed,8 - 10 years,Denver,CO,42500.0
Analyst,Government,8 - 10 years,Baltimore,MD,83000.0
Senior Communications Manager,Nonprofit,11 - 20 years,Boston,MA,80000.0
Senior Data Scientist,Nonprofit,2 - 4 years,Denver,CO,140000.0
Corporate Accounting Manager,Accounting,5 - 7 years,San Francisco,CA,125000.0
Director of Operations,Nonprofit,11 - 20 years,Los Angeles,CA,93000.0
Ed. Program Manager,Non-profit/Science Museum,11 - 20 years,Seattle,WA,54000.0
Business & HR Manager,Technology,21 - 30 years,Minneapolis,MN,90000.0
Attorney,Law,21 - 30 years,Los Angeles,CA,400000.0
Associate Program Officer,Philanthropy,5 - 7 years,New York,NY,92000.0
Office Manager/Human Resources Coordinator,Staffing,8 - 10 years,San Diego,CA,44000.0
International tax manager,Tax Consulting,11 - 20 years,Washington,DC,155000.0
"Resident physician in pediatrics, pgy-1",Medicine,2 - 4 years,Philadelphia,PA,59250.0
Operations Manager,Publishing,11 - 20 years,Los Angeles,CA,83000.0
Elementary reading specialist,Education,21 - 30 years,Philadelphia,PA,110000.0
Guest Services,Front-Facing Customer Service,2 - 4 years,New York,NY,21000.0
"Director, Membership",Nonprofit association,5 - 7 years,Denver,CO,170000.0
Office Administrator,Payroll/HR,2 - 4 years,Portland,OR,52000.0
Senior Content Editor,Startup,5 - 7 years,Boston,MA,65000.0
Actuarial Analyst,Finance,5 - 7 years,Los Angeles,CA,75000.0
Librarian,Federal Libraries,11 - 20 years,Washington,DC,108000.0
Consultant,Consulting,5 - 7 years,Houston,TX,90000.0
Senior Electrical Engineer,Consumer Electronics,8 - 10 years,Boston,MA,97000.0
Economist,Nonprofit,8 - 10 years,Washington,DC,77000.0
Human Resource Manager,Travel,11 - 20 years,Houston,TX,65000.0
health planner and website coordinator,Public Service,11 - 20 years,Philadelphia,PA,50000.0
Marketing Coordinator,Architecture,8 - 10 years,Seattle,WA,72000.0
Senior Solutions Architect,Software,5 - 7 years,Austin,TX,100000.0
Executive Administrative Assistant,Marketing/PR,11 - 20 years,San Francisco,CA,60000.0
Data Consultant,Healthcare,11 - 20 years,Washington,DC,88000.0
Account Relationship Manager,Financial Services,11 - 20 years,Boston,MA,102000.0
Analytics Developer,IT,2 - 4 years,St. Louis,MO,86000.0
Clinical epidemiologist,Medical Research,8 - 10 years,Denver,CO,73000.0
Senior project strategist,Tech,11 - 20 years,Chicago,IL,150000.0
Senior Technical Program Manager,Education,11 - 20 years,Seattle,WA,102895.0
Human Capital Associate,Alternative Asset Management,2 - 4 years,New York,NY,84000.0
IT Manager,Higher Education,11 - 20 years,Portland,OR,87879.0
Reporter,Journalism,11 - 20 years,Washington,DC,82000.0
Communications Manager,Higher Education,11 - 20 years,New York,NY,93000.0
Project Analyst,Finance / Investment Banking,11 - 20 years,Pittsburgh,PA,61500.0
Program Operations Specialist,Higher Education,5 - 7 years,Seattle,WA,80500.0
Librarian,Public Service,8 - 10 years,Boston,MA,80000.0
Librarian,Academia,11 - 20 years,Pittsburgh,PA,82000.0
Adult Services Librarian,Public Libraries,11 - 20 years,Chicago,IL,60000.0
Youth Services Librarian,Public Library,11 - 20 years,Atlanta,GA,44000.0
Regional Manager,Safety Products,21 - 30 years,Los Angeles,CA,130000.0
City Research Scientist I,Public Health,2 - 4 years,New York,NY,68499.0
Public Service Assistant,Libraries,5 - 7 years,Seattle,WA,37000.0
Associate Director of Parent Relations and Special Events,Fundraising,8 - 10 years,New York,NY,78000.0
Senior Talent Developer,Finance,11 - 20 years,Chicago,IL,79000.0
Writer,Media,5 - 7 years,New York,NY,68000.0
Analyst,Banking,8 - 10 years,New York,NY,69000.0
Government Relations,Nonprofit,8 - 10 years,Washington,DC,75000.0
Senior Software Engineer,Video Game Industry,8 - 10 years,Los Angeles,CA,195000.0
Float Administrator,Academic Medicine/Higher Ed/Healthcare,8 - 10 years,Seattle,WA,70500.0
Administrative Coordinator,Research,2 - 4 years,St. Louis,MO,40000.0
Director,Sales,8 - 10 years,New York,NY,130000.0
Advisor,Legal academia (staff),11 - 20 years,San Francisco,CA,74600.0
RN,Healthcare/Hospital,11 - 20 years,Pittsburgh,PA,78000.0
Lead Pastor,Religious/non-profit,8 - 10 years,Phoenix,AZ,60000.0
Senior Strategist,Advertising,5 - 7 years,Washington,DC,90000.0
Vice President,Finance,5 - 7 years,Pittsburgh,PA,85680.0
Teacher,Education,11 - 20 years,Pittsburgh,PA,55000.0
Legal Assistant,Legal,11 - 20 years,San Francisco,CA,90000.0
Program Director,Nonprofit/political advocacy,11 - 20 years,New York,NY,125000.0
Senior Customer Professional,Finance,2 - 4 years,Minneapolis,MN,43500.0
Consultant,Consulting,5 - 7 years,New York,NY,122000.0
Program Manager,Learning and Development,5 - 7 years,Seattle,WA,75200.0
Museum mountmaker,Museums,8 - 10 years,San Francisco,CA,50489.0
Product Manager,Retail,11 - 20 years,Atlanta,GA,82000.0
Director of Legal,Electronics,11 - 20 years,Denver,CO,200000.0
Associate Attorney,Law,2 - 4 years,New York,NY,190000.0
Counsellor,Mental Health,5 - 7 years,San Diego,CA,53500.0
Senior Analytic Consultant,Online Education,21 - 30 years,Minneapolis,MN,103000.0
Assistant Professor,Higher Education,8 - 10 years,Boston,MA,72500.0
HR Generalist,Distribution,8 - 10 years,St. Louis,MO,61500.0
Managing Editor,Web publishing/Media,2 - 4 years,Portland,OR,105000.0
Accounting Analyst,State Government,11 - 20 years,Portland,ME,39500.0
Project Manager,Fintech,11 - 20 years,Chicago,IL,105000.0
Senior Media Planner,Advertising,2 - 4 years,San Francisco,CA,61000.0
Program Coordinator,Higher Education,5 - 7 years,Philadelphia,PA,46800.0
Customer service representative team lead,Residential solar installation,2 - 4 years,Baltimore,MD,38480.0
Tech Support Engineer,Software,8 - 10 years,Boston,MA,100000.0
Executive Assistant,Finance,21 - 30 years,New York,NY,63000.0
Senior Analyst,Economic Consulting,2 - 4 years,San Francisco,CA,105000.0
Senior Commodity Manager,Industrial Automation,11 - 20 years,Minneapolis,MN,95000.0
Accountant,Food Service,1 year or less,New York,NY,40000.0
Planning Manager,Government/urban planning,21 - 30 years,Los Angeles,CA,190000.0
Associate Provost,Higher Education,11 - 20 years,New York,NY,219000.0
Technical Accounting Manager,Insurance,8 - 10 years,Denver,CO,107000.0
Strategy and implementation Consultant,Financial Services Ops and IT,11 - 20 years,Boston,MA,125000.0
Associate Planner,Urban Planning,2 - 4 years,Seattle,WA,65000.0
Director Marketing & Communications,"Nonprofit, higher ed",11 - 20 years,Seattle,WA,96000.0
Data Analyst,Healthcare,5 - 7 years,Baltimore,MD,58000.0
Systems Engineer,IT,21 - 30 years,Los Angeles,CA,245000.0
Office Manager,Legal,8 - 10 years,Washington,DC,55000.0
Planner,Local Government,8 - 10 years,Denver,CO,75000.0
Associate Provost,Higher Education,11 - 20 years,New York,NY,219000.0
Principal Software Engineer,Finance,21 - 30 years,Washington,DC,205000.0
Software Engineer,Software,11 - 20 years,Chicago,IL,84000.0
Economist,Federal Government,8 - 10 years,Washington,DC,117000.0
Legislative Assistant,Government,2 - 4 years,Washington,DC,47500.0
Software Engineer,Software Engineering,5 - 7 years,Seattle,WA,290000.0
Senior Software Engineer,Tech,11 - 20 years,Chicago,IL,123000.0
Safety Manager,Airline,11 - 20 years,Minneapolis,MN,72000.0
Quality Engineer,Medical Devices,2 - 4 years,Houston,TX,72360.0
College Instructor - Adjunct,Education,5 - 7 years,Seattle,WA,35000.0
Grants Manager,Nonprofit,5 - 7 years,Austin,TX,49000.0
Asset Manager,Real Estate,11 - 20 years,Chicago,IL,180000.0
Production Coordinator,Administration,2 - 4 years,Atlanta,GA,23000.0
Customer Operations Supervisor,Technology,5 - 7 years,Portland,OR,66138.0
Associate Editor,Nonprofit,5 - 7 years,New York,NY,58500.0
"Associate Director, Career Advising",Higher Education,11 - 20 years,Los Angeles,CA,67000.0
PhD student/graduate researcher,Academia,5 - 7 years,Chicago,IL,35000.0
Archivist,Archives/Libraries,8 - 10 years,Philadelphia,PA,51222.0
Engineer,Structural Engineering,1 year or less,Denver,CO,60000.0
"Analyst, Media Campaign Management",Aviation,8 - 10 years,Chicago,IL,62300.0
Copywriter,Fintech,2 - 4 years,Chicago,IL,59000.0
Product Manager,Govtech,5 - 7 years,New York,NY,105000.0
Operations Engineering Manager,Scientific,21 - 30 years,Portland,OR,125000.0
Licensing Coordinator,Music,2 - 4 years,Los Angeles,CA,35000.0
Director of Marketing and Communications,Nonprofit,21 - 30 years,Minneapolis,MN,90000.0
Senior Financial Counselor,Financial Counseling,21 - 30 years,New York,NY,71000.0
Office Manager,Healthcare,21 - 30 years,Chicago,IL,47000.0
Applications Analyst,IT,31 - 40 years,Seattle,WA,120000.0
Project Manager,Nonprofit,5 - 7 years,Philadelphia,PA,60000.0
Digital Copywriter,Marketing,5 - 7 years,New York,NY,67000.0
Senior Manager,Finance,21 - 30 years,Boston,MA,200000.0
Assistant research scientist,Academia,5 - 7 years,New York,NY,60000.0
Manager,Nonprofit,5 - 7 years,New York,NY,85000.0
Associate Director of Software Engineering,Software Development,11 - 20 years,New York,NY,125000.0
Senior Administrative Assistant,Blood Banking (non profit),8 - 10 years,Minneapolis,MN,39686.0
"Assoc Director, Corporate Relations & Stewardship",NGO Arts & Culture,11 - 20 years,Chicago,IL,66000.0
"Manager, mechanical engineering",Consumer Electronics,11 - 20 years,San Francisco,CA,218000.0
Investment tax manager,Banking/ Finance,11 - 20 years,Denver,CO,84000.0
Assistant Manager,Entertainment,11 - 20 years,Chicago,IL,41000.0
Project Manager,Environmental non-profit,8 - 10 years,San Francisco,CA,63000.0
Researcher,Government Contracting,5 - 7 years,Washington,DC,84500.0
Paralegal,Legal,8 - 10 years,Austin,TX,50000.0
QA Analyst,IT,8 - 10 years,Los Angeles,CA,65000.0
Project Management Specialist,Property Management,11 - 20 years,Portland,OR,45000.0
Development Engineer,Oil and Gas,5 - 7 years,Houston,TX,75000.0
Elementary School Teacher,Education,5 - 7 years,Chicago,IL,55000.0
"Associate Director, Development",Non-Profit/Church,2 - 4 years,Minneapolis,MN,20800.0
Sales Assistant,Tech,8 - 10 years,Chicago,IL,61800.0
Librarian,Libraries,5 - 7 years,Phoenix,AZ,53000.0
PhD Scientist,Pharmaceutical Research,21 - 30 years,Boston,MA,145000.0
IT Business Partner,Human Services,11 - 20 years,Boston,MA,119000.0
Director,Philanthropy,11 - 20 years,Chicago,IL,93500.0
Evening Access Services Assistant,Libraries,1 year or less,Portland,OR,38000.0
Administrative Manager,Nonprofit,11 - 20 years,Philadelphia,PA,90000.0
Director of Finance,Nonprofit,21 - 30 years,San Francisco,CA,150000.0
Sales Executive,Data,11 - 20 years,Chicago,IL,125000.0
Senior PPC Specialist,Digital Marketing,8 - 10 years,New York,NY,90000.0
Senior Librarian,Libraries,5 - 7 years,Minneapolis,MN,60000.0
VP and Chief Counsel,Finance,11 - 20 years,Boston,MA,247000.0
Attorney,Legal,8 - 10 years,Denver,CO,326000.0
High School History Teacher,Education,11 - 20 years,Houston,TX,58000.0
Associate,Legal,8 - 10 years,Washington,DC,325000.0
Closer,Mortgage,2 - 4 years,San Francisco,CA,61600.0
Communications Coordinator,Public Relations,2 - 4 years,Seattle,WA,55000.0
Global Buyer,Sportswear,8 - 10 years,Portland,OR,80000.0
Staff writer,Media,5 - 7 years,New York,NY,64000.0
Psychometrician,Education,5 - 7 years,Chicago,IL,95000.0
Office Manager,Commercial Real Estate,5 - 7 years,Boston,MA,72000.0
Program Officer,Philanthropy,11 - 20 years,Philadelphia,PA,100000.0
Staffing/Recruiting Specialist,Higher Education,8 - 10 years,Baltimore,MD,59700.0
Lawyer,Nonprofit,2 - 4 years,Washington,DC,82818.0
Paralegal,Legal,5 - 7 years,Chicago,IL,54000.0
Marketing Coordinator,Marketing,11 - 20 years,Boston,MA,59000.0
Tech Relationship mgr,Finance,11 - 20 years,Denver,CO,126000.0
Clinical Team Leader,Mental Health,11 - 20 years,Chicago,IL,47500.0
Senior Analyst,Consulting,2 - 4 years,Boston,MA,125000.0
Associate Director for Marketing and Communications,Higher Education/ Nonprofit,11 - 20 years,Austin,TX,105000.0
Benefits Administrator,Government Contracting,5 - 7 years,Seattle,WA,57000.0
Graphic Designer,Retail,8 - 10 years,Chicago,IL,70000.0
Clinic nurse,Healthcare,5 - 7 years,St. Louis,MO,40000.0
Managing Editor,Nonprofit advocacy,8 - 10 years,Washington,DC,76715.0
Subcommittee staff director,Federal Government,11 - 20 years,Washington,DC,164000.0
Manager,Education Non-profit,2 - 4 years,Seattle,WA,45200.0
Assistant Professor,Academia (science research),5 - 7 years,Seattle,WA,106000.0
Content Producer,Advertising,2 - 4 years,Los Angeles,CA,58500.0
Prevention Director,Nonprofit (Anti-Sexual Violence Field),5 - 7 years,New York,NY,44185.0
Senior Auditor,Media,5 - 7 years,New York,NY,100000.0
Fiber Dyer,Manufacturing,21 - 30 years,Chicago,IL,21000.0
Director,Nonprofit fundraising,11 - 20 years,New York,NY,110000.0
Editor,Book publishing,8 - 10 years,New York,NY,70000.0
Branch Manager,Public Libraries,11 - 20 years,Chicago,IL,53000.0
Office Manager,AEC,21 - 30 years,Seattle,WA,61800.0
Paralegal/legal secretary,Legal,21 - 30 years,San Francisco,CA,79000.0
Brokerage Administrator/Marketing Coordinator,Real Estate,1 year or less,New York,NY,45000.0
Division chief,Government,11 - 20 years,Washington,DC,120000.0
Senior Manager,Publishing,11 - 20 years,New York,NY,85000.0
Senior Consultant,Energy,8 - 10 years,Los Angeles,CA,82000.0
Associate Engineer,Pharmaceutical,1 year or less,Chicago,IL,71500.0
Research Scientist,Research Science,1 year or less,Los Angeles,CA,30000.0
Project Manager,Software Development,11 - 20 years,Los Angeles,CA,115000.0
Account Executive,Insurance,11 - 20 years,San Francisco,CA,100000.0
Marketing Manager of Digital Content,Marketing,5 - 7 years,Boston,MA,78000.0
Translation Specialist,Healthcare,11 - 20 years,Los Angeles,CA,85000.0
Manager on Duty,Health and Wellness,2 - 4 years,Minneapolis,MN,17800.0
Senior QA Engineer,Data Science,11 - 20 years,Boston,MA,112000.0
Program Associate,Nonprofit,2 - 4 years,New York,NY,55000.0
Product Manager,Tech,5 - 7 years,San Francisco,CA,190000.0
Vice President,PR,8 - 10 years,New York,NY,114000.0
Information security manager,Technology,11 - 20 years,Philadelphia,PA,133400.0
Library Specialist,Education,21 - 30 years,Phoenix,AZ,48000.0
Software Engineer,Computer Security,11 - 20 years,Washington,DC,119000.0
Marketing Coordinator,AEC,5 - 7 years,Washington,DC,63000.0
Technical  associate,Academic Research,2 - 4 years,Boston,MA,47500.0
RN - CDI,Healthcare,21 - 30 years,Dallas,TX,94500.0
Recruiting Coordinator,Entertainment,8 - 10 years,Los Angeles,CA,45760.0
Researcher,Healthcare,31 - 40 years,New York,NY,110000.0
Registered Nurse,Healthcare,2 - 4 years,Los Angeles,CA,75000.0
Program Manager,Government,11 - 20 years,New York,NY,60000.0
"Director, Revenue Cycle",Healthcare,5 - 7 years,Minneapolis,MN,102000.0
RN - CDI,Healthcare,21 - 30 years,Dallas,TX,94500.0
Operations Lead,Software,8 - 10 years,New York,NY,105000.0
NOC technician,Video Games,5 - 7 years,Los Angeles,CA,77000.0
Architect,Government,11 - 20 years,Minneapolis,MN,90000.0
Manager,Technology,8 - 10 years,Washington,DC,108000.0
Senior Consultant,Accounting,2 - 4 years,New York,NY,95000.0
Senior Manager,Financial Services,8 - 10 years,New York,NY,245000.0
Teacher,Education,5 - 7 years,Dallas,TX,51000.0
Office Manager,Finance,31 - 40 years,Houston,TX,100000.0
HR Generalist,Healthcare non-profit,5 - 7 years,Portland,OR,37960.0
Associate field and project manager,Market Research,2 - 4 years,Chicago,IL,50000.0
Patient Service Specialist,Healthcare,2 - 4 years,San Diego,CA,35360.0
Associate Editor,Media/Journalism,5 - 7 years,New York,NY,58500.0
Producer,Arts/Academia,8 - 10 years,Boston,MA,61600.0
Design Strategist,Hospitality,5 - 7 years,New York,NY,120000.0
HR Manager,Marketing,11 - 20 years,San Francisco,CA,85000.0
Staff Therapist,Mental health/health care,11 - 20 years,Boston,MA,62000.0
Communications Specialist,Human services contractor,11 - 20 years,Denver,CO,59000.0
Vice President of Marketing,Architecture,11 - 20 years,Philadelphia,PA,139000.0
Sharepoint administrator,IT,11 - 20 years,Seattle,WA,100000.0
Program Assistant,agricultural nonprofit,8 - 10 years,Denver,CO,41250.0
Customer Success Retail Guru,Ecommerce,2 - 4 years,Los Angeles,CA,45000.0
High School Art Teacher,Education,11 - 20 years,New York,NY,104000.0
Statistical Analyst,Academic Research,5 - 7 years,Philadelphia,PA,60000.0
Teacher,Education,8 - 10 years,San Diego,CA,42000.0
Associate Media Director,Marketing,5 - 7 years,Boston,MA,105000.0
Safety outreach program manager,Regional transportation authority,11 - 20 years,Seattle,WA,84000.0
Software Engineer,Tech,2 - 4 years,Chicago,IL,80000.0
Associate,Environmental non-profit,2 - 4 years,Washington,DC,45000.0
Attorney,Legal,2 - 4 years,Baltimore,MD,85000.0
Events Coordinator,Government,2 - 4 years,Washington,DC,52000.0
VP Engineering,Technology,8 - 10 years,New York,NY,325000.0
HR Director,Tech,11 - 20 years,Boston,MA,186000.0
Manager,Libraries,11 - 20 years,Boston,MA,87000.0
Account Director,Pharmaceutical Advertising,5 - 7 years,New York,NY,125000.0
Research Associate,Social Science Research,2 - 4 years,Washington,DC,61800.0
Environmental Engineer,Consulting,5 - 7 years,Denver,CO,110000.0
Accounting Manager,Technology,5 - 7 years,Minneapolis,MN,95000.0
Senior Director of Knowledge Management,Legal,21 - 30 years,Chicago,IL,220000.0
Community Engagement Coordinator,Higher Education,8 - 10 years,St. Louis,MO,40000.0
Partner,Law,11 - 20 years,San Francisco,CA,175000.0
Content Manager,Marketing,8 - 10 years,Portland,OR,46000.0
Manager,Banking,11 - 20 years,Pittsburgh,PA,115000.0
Software Engineer,Technology,5 - 7 years,San Francisco,CA,138000.0
Producer,Radio,21 - 30 years,New York,NY,60000.0
Chief of Operations,Higher Education,11 - 20 years,San Diego,CA,129000.0
Senior Global Marketing Manager,Entertainment,5 - 7 years,Los Angeles,CA,100000.0
Claims Analyst,Health Insurance,21 - 30 years,Boston,MA,50000.0
Publicist,Publishing,2 - 4 years,New York,NY,57000.0
Department Manager,Engineering,8 - 10 years,Seattle,WA,100000.0
Attorney (Partner),Law,31 - 40 years,Los Angeles,CA,162500.0
Marketing Automation Engagement Manager,Professional Services (Salesforce Consulting),11 - 20 years,Austin,TX,95000.0
Editor,Tech,11 - 20 years,Chicago,IL,50000.0
Principal Analyst,Urban policy,11 - 20 years,Chicago,IL,104000.0
Senior Systems Engineer,Technology,11 - 20 years,Seattle,WA,148000.0
Data Analyst,Education,11 - 20 years,Philadelphia,PA,55000.0
Principal Software Engineer,Health technology,21 - 30 years,New York,NY,215000.0
Vice President,Finance,5 - 7 years,New York,NY,500000.0
PhD student,Academia,5 - 7 years,Pittsburgh,PA,32400.0
Engineering Manager,Aerospace,21 - 30 years,St. Louis,MO,100000.0
Research Analyst,Nonprofit,2 - 4 years,Washington,DC,46500.0
Middle school music teacher,Education,8 - 10 years,New York,NY,72000.0
Business Analyst,Data Analytics,11 - 20 years,St. Louis,MO,71000.0
Chief Strategist,Digital Marketing,8 - 10 years,Washington,DC,145000.0
Senior Manager of Federal Government Relations,Energy,8 - 10 years,Washington,DC,150000.0
Project Specialist,Publishing,1 year or less,Boston,MA,40000.0
Senior Marketing Manager,Publishing,8 - 10 years,New York,NY,78000.0
Associate,Legal,2 - 4 years,Washington,DC,200000.0
HR Specialist,Federal Government,8 - 10 years,Denver,CO,55000.0
Manager,Financial Services,2 - 4 years,New York,NY,90000.0
Senior Program Coordinator,Healthcare,2 - 4 years,New York,NY,61000.0
Technical Support Analyst,Tech - Software Dev,5 - 7 years,Philadelphia,PA,60000.0
Copywriter,Tech,5 - 7 years,Seattle,WA,73000.0
Manager,Consulting,11 - 20 years,New York,NY,250000.0
Associate Attorney,Law,5 - 7 years,San Francisco,CA,100000.0
Software Engineering Manager,Technology,5 - 7 years,San Francisco,CA,205000.0
Special Education Teacher,Education,2 - 4 years,Boston,MA,55000.0
Executive Assistant,Banking,11 - 20 years,New York,NY,100000.0
Senior Project Analyst,Publishing,11 - 20 years,New York,NY,110000.0
CSR,Insurance,41 years or more,Pittsburgh,PA,16000.0
Manager,Retail,8 - 10 years,Los Angeles,CA,49920.0
Account Administrator,Insurance,5 - 7 years,Denver,CO,50000.0
Senior Applications Supprt,Software,1 year or less,Portland,OR,72000.0
HR Generalist,Biotechnology,5 - 7 years,San Diego,CA,75000.0
Director,Public policy (nonprofit),5 - 7 years,Washington,DC,90000.0
Development Officer,Nonprofit,5 - 7 years,New York,NY,90000.0
Recruiter,Staffing,11 - 20 years,Chicago,IL,55000.0
Counsel,Telecommunications,8 - 10 years,New York,NY,188000.0
Director of Development,Nonprofit,11 - 20 years,Pittsburgh,PA,80000.0
Scientist,Government,11 - 20 years,Washington,DC,111000.0
Human resources Representative,Nonprofit,2 - 4 years,San Francisco,CA,49000.0
Chemical Tech II,Manufacturing,8 - 10 years,Los Angeles,CA,47000.0
First line supervisor,Federal Government,8 - 10 years,Washington,DC,114500.0
Digital Marketing Specialist,Nonprofit,8 - 10 years,Washington,DC,67500.0
Sales Director,Publishing,8 - 10 years,New York,NY,100005.0
Acquisitions Editor,Academic Publishing,5 - 7 years,Washington,DC,64500.0
Senior Quality Engineer,Medical Device Manufacturing,2 - 4 years,Minneapolis,MN,85000.0
French and Spanish teacher,Public Education,11 - 20 years,Portland,ME,65000.0
client billing specialist,Healthcare,5 - 7 years,Austin,TX,32000.0
"Senior Manager, Software Engineering",Information Technology,21 - 30 years,Phoenix,AZ,113000.0
High school English teacher,Education,11 - 20 years,Atlanta,GA,68000.0
BCBA,education/ psychology,11 - 20 years,Boston,MA,69000.0
Business Development Coordinator,Tech,2 - 4 years,Los Angeles,CA,55000.0
Production Editor,Publishing,8 - 10 years,New York,NY,57000.0
Assistant Director,Healthcare Education,11 - 20 years,Philadelphia,PA,43000.0
Academic Program Manager,Academia,11 - 20 years,New York,NY,78000.0
Software Engineer,Tech,5 - 7 years,Philadelphia,PA,55000.0
Account Manager/Benefits Analyst,Insurance,8 - 10 years,Pittsburgh,PA,55000.0
Biostatistican,Research,5 - 7 years,Boston,MA,95000.0
Audience engagement editor,Media/Journalism,8 - 10 years,Los Angeles,CA,65000.0
Supply Chain Manager,Manufacturing,11 - 20 years,Austin,TX,50000.0
Senior Data Scientist,Technology,11 - 20 years,Chicago,IL,93500.0
Meetings & Event Planner,Nonprofit,5 - 7 years,Washington,DC,55000.0
Senior Manager,Health and technology,11 - 20 years,Portland,OR,150000.0
Shipping associate,Retail,5 - 7 years,New York,NY,30000.0
Air Traffic Controller,Aviation,11 - 20 years,Los Angeles,CA,168000.0
Lobbyist,Government Affairs,2 - 4 years,Washington,DC,80000.0
Marketing Director,Publishing,8 - 10 years,New York,NY,90000.0
Operations Manager,public policy/public health survey research,21 - 30 years,Portland,ME,70000.0
Regulatory Affairs Specialist,Trade association,5 - 7 years,Washington,DC,69000.0
Software Engineer,Computer Science,2 - 4 years,St. Louis,MO,56000.0
Senior Copywriter,Financial,31 - 40 years,Philadelphia,PA,91000.0
Innovation Leader,Tech,11 - 20 years,San Francisco,CA,450000.0
Manager,Information Technology,31 - 40 years,New York,NY,111000.0
HR Manager,Gaming/AR Technology,11 - 20 years,Los Angeles,CA,90000.0
Merchandising Specialist,Ecommerce/Retail,2 - 4 years,Minneapolis,MN,44000.0
Coordinator,Higher Education,11 - 20 years,New York,NY,55000.0
Funeral director/embalmer,Funeral and cemetery,8 - 10 years,Denver,CO,55000.0
"Consultant, AVP",Finance,8 - 10 years,Chicago,IL,112500.0
counseling psychologist,Psychology,2 - 4 years,Boston,MA,60000.0
Mechanical Engineer,Government,11 - 20 years,Portland,OR,96000.0
Journalist,Media,2 - 4 years,New York,NY,24000.0
Buyer,Retail,11 - 20 years,New York,NY,134000.0
Senior Commercial Loan Underwriter,Banking,8 - 10 years,Denver,CO,91600.0
Mechanical Engineer,Robotics,2 - 4 years,San Francisco,CA,115000.0
Project Engineer,Construction,5 - 7 years,Denver,CO,70000.0
Associate Attorney,Legal,1 year or less,New York,NY,190000.0
Government Grants Specialist,Nonprofit Resource Development,11 - 20 years,Phoenix,AZ,52500.0
Account Executive,Communications,5 - 7 years,Los Angeles,CA,69500.0
Product Manager,Tech/Cloud Computing Provider,8 - 10 years,Seattle,WA,102000.0
Account Manager,Bulk Material Handling,5 - 7 years,Chicago,IL,90000.0
Professional Development,Law,5 - 7 years,Minneapolis,MN,60000.0
Manager of Digital Programs,Libraries,11 - 20 years,New York,NY,139000.0
Project Scientist,Environmental Consulting,5 - 7 years,New York,NY,70000.0
Application Specialist,Legal,11 - 20 years,Seattle,WA,90000.0
Director,Ad Tech,11 - 20 years,Phoenix,AZ,72000.0
Production Manager,Fashion,8 - 10 years,New York,NY,75000.0
Senior Scientific Director,Pharmaceutical Marketing,8 - 10 years,Baltimore,MD,130000.0
Research & Instruction Librarian,Academia,5 - 7 years,Philadelphia,PA,56000.0
Copywriter,Marketing Tech,2 - 4 years,San Francisco,CA,98000.0
Actuary,Insurance,11 - 20 years,Seattle,WA,171500.0
Event marketing manager,Tech,5 - 7 years,Austin,TX,80000.0
Planning Analyst,Aerospace Manufacturing,5 - 7 years,Seattle,WA,66000.0
speech pathologist,Healthcare,5 - 7 years,New York,NY,73500.0
Senior Digital Editor,Media,5 - 7 years,New York,NY,71000.0
Editor,Magazine publishing,8 - 10 years,New York,NY,50000.0
Web Design Specialist II,Web Design,11 - 20 years,Seattle,WA,60000.0
Teacher,Education,11 - 20 years,Washington,DC,76000.0
Legal Assistant,Federal Government,11 - 20 years,Washington,DC,55000.0
Investigations Specialist,Online retail fraud investigations,5 - 7 years,Seattle,WA,49088.0
Digital Marketer,Marketing,11 - 20 years,Boston,MA,75000.0
Project Manager,Healthcare,8 - 10 years,Boston,MA,80000.0
Software Engineer,Market Research,2 - 4 years,New York,NY,90000.0
Principal,Urban planning consulting,11 - 20 years,Atlanta,GA,128000.0
Clinical Assistant,Healthcare,1 year or less,Boston,MA,30000.0
Consultant,IT / Software,2 - 4 years,Chicago,IL,82000.0
Program Manager,International Education,5 - 7 years,Chicago,IL,54000.0
Senior Associate,Legal,8 - 10 years,Minneapolis,MN,163000.0
Buyer / Merchandising,Grocery/Foodservice (Wholesale),2 - 4 years,Seattle,WA,59900.0
Evaluation Coordinator,Nonprofit,11 - 20 years,Denver,CO,41000.0
Senior Proposal Manager,Nonprofit,8 - 10 years,Boston,MA,90000.0
Marketing & Admissions Coordinator,Higher Education,2 - 4 years,Denver,CO,48000.0
Peer Review Coordinator,Scientific Research / Publishing,11 - 20 years,Portland,OR,56000.0
Administrator,Higher Education,21 - 30 years,Seattle,WA,75000.0
Archivist,Government,8 - 10 years,Dallas,TX,93000.0
Industrial Engineer,Manufacturing,11 - 20 years,Minneapolis,MN,110000.0
Project Manager,IT,5 - 7 years,Austin,TX,105000.0
Administrative Coordinator,Higher Education,11 - 20 years,New York,NY,70000.0
Group Account Director,Advertising,11 - 20 years,New York,NY,180000.0
Program Director,Museums,11 - 20 years,Baltimore,MD,75000.0
Pharmacist,Pharmacy,5 - 7 years,Boston,MA,135200.0
Senior Manager,Financial Services,11 - 20 years,Dallas,TX,97000.0
Assistant Professor,Academia,5 - 7 years,Boston,MA,80000.0
Associate Counsel,Media,2 - 4 years,New York,NY,120000.0
Recruiter,Recruiting,5 - 7 years,Washington,DC,94000.0
Customer Service Rep,Industrial Manufacturing,2 - 4 years,Portland,OR,47000.0
Senior Associate Customer Success Manager,Technology,2 - 4 years,Atlanta,GA,99000.0
Postdoctoral Fellow,Biomedical Research,5 - 7 years,Phoenix,AZ,50000.0
Marketing Associate,Nonprofit,2 - 4 years,New York,NY,62000.0
Attorney,Federal Government,8 - 10 years,Washington,DC,147038.0
Project Manager,Federal Government,11 - 20 years,Washington,DC,120000.0
Project Manager,Construction,8 - 10 years,Dallas,TX,100000.0
Editor,Publishing,11 - 20 years,San Francisco,CA,120000.0
Ergonomist,Safety,5 - 7 years,San Francisco,CA,85000.0
Manager,Retail,11 - 20 years,Dallas,TX,20400.0
Computer programmer,Insurance adjacent,11 - 20 years,Minneapolis,MN,72000.0
Medical Coder/Auditor,DoD Dept of the Navy,2 - 4 years,San Diego,CA,53000.0
Research Analyst,Nonprofit evaluation,1 year or less,New York,NY,52000.0
Senior Vice President,Public Relations,21 - 30 years,Washington,DC,175000.0
Art Administrator,Art Consulting,2 - 4 years,Denver,CO,45000.0
Staff writer,news media,1 year or less,Dallas,TX,35000.0
Product Owner,Health Insurance,11 - 20 years,Minneapolis,MN,90000.0
Index Manager,Finance,5 - 7 years,New York,NY,122000.0
Software Engineer,Academia,2 - 4 years,Phoenix,AZ,57500.0
HR Generalist,Human Resources,11 - 20 years,Pittsburgh,PA,80000.0
Substitute teacher,Education,11 - 20 years,Philadelphia,PA,18000.0
Teacher,Education,2 - 4 years,New York,NY,50000.0
Assistant Professor of Instruction,Academia,11 - 20 years,Austin,TX,80000.0
"Director, foundation relations",Nonprofit,11 - 20 years,Chicago,IL,134000.0
Implementation Specialist,Software,21 - 30 years,Minneapolis,MN,86000.0
Director of Growth,Tech/services,8 - 10 years,Chicago,IL,120000.0
Veterinary Technician,Veterinary,1 year or less,Dallas,TX,32000.0
Advisor,Higher Education,2 - 4 years,Boston,MA,48000.0
"Senior Manager, Regulatory Affairs",Pharmaceutical,11 - 20 years,Boston,MA,156000.0
Project Manager,Environmental Consulting,11 - 20 years,Philadelphia,PA,90000.0
Associate research administrator,Research Administration (University),5 - 7 years,Los Angeles,CA,64500.0
Business operations,Consulting / Tech,11 - 20 years,Chicago,IL,80000.0
Information Literacy Librarian,Libraries/Higher Education,2 - 4 years,Austin,TX,54000.0
Junior Associate,Consulting,8 - 10 years,Philadelphia,PA,60000.0
Software Engineer,Tech,2 - 4 years,Washington,DC,75000.0
Engineering Team Lead,Technology,8 - 10 years,Chicago,IL,139000.0
Therapist,Social Work,1 year or less,San Francisco,CA,50000.0
Staff Accountant,Public Accounting,2 - 4 years,Houston,TX,43800.0
Data Analyst,Government,2 - 4 years,Chicago,IL,41308.0
Teacher,Education,21 - 30 years,Chicago,IL,85000.0
Engineer,Biotech,2 - 4 years,Boston,MA,70000.0
HR Director,Wholesale Home Furnishings,8 - 10 years,Dallas,TX,92000.0
Landscape Designer,Landscape Architecture,8 - 10 years,Boston,MA,65000.0
Attorney,Government,8 - 10 years,Washington,DC,151000.0
Research Analyst,Politics,2 - 4 years,Washington,DC,47500.0
Health policy analyst,Government health policy,11 - 20 years,Baltimore,MD,61000.0
Registrar,Higher Education,11 - 20 years,Los Angeles,CA,133000.0
Corporate Investigator,Corporate Security,2 - 4 years,Seattle,WA,58000.0
Support Administrator,Information Technology,5 - 7 years,Los Angeles,CA,66000.0
Director,Higher Education,11 - 20 years,Portland,OR,91000.0
SEO Strategist,Marketing,2 - 4 years,San Diego,CA,63000.0
Regional Office Director,Nonprofit,5 - 7 years,New York,NY,80000.0
Data Analyst,Healthcare,2 - 4 years,Portland,OR,60000.0
Area Director of Revenue,Hospitality,11 - 20 years,Minneapolis,MN,109000.0
Teacher,Education,21 - 30 years,Chicago,IL,85000.0
Software Engineer,Transportation,2 - 4 years,San Diego,CA,100000.0
Data Analyst,Solar,8 - 10 years,Denver,CO,81795.0
Epidemiologist,Public Health,11 - 20 years,Phoenix,AZ,55000.0
Archivist,Department of defense/museums,11 - 20 years,Washington,DC,88000.0
Operations Analyst,Government,5 - 7 years,Washington,DC,83078.0
Director of Digital Fundraising,Nonprofit,5 - 7 years,Washington,DC,91000.0
VP HR,Technology,21 - 30 years,Dallas,TX,140000.0
Marketing Manager,Legal Services,8 - 10 years,Los Angeles,CA,79000.0
Data Operations Manager,Fundraising,11 - 20 years,Seattle,WA,57000.0
Project Manager,Financial Technology,11 - 20 years,Los Angeles,CA,107000.0
Client Relations Manager,Tech,5 - 7 years,New York,NY,68000.0
Senior Finance Manager,Healthcare IT,11 - 20 years,Boston,MA,125000.0
Associate,Law,5 - 7 years,New York,NY,250000.0
Senior Software Engineer,Entertainment,21 - 30 years,Boston,MA,163800.0
Teacher,Education,21 - 30 years,Chicago,IL,85000.0
Teacher,Education,8 - 10 years,Phoenix,AZ,43620.0
Account Manager,Technology,11 - 20 years,New York,NY,98000.0
Content Architect,Online Education,5 - 7 years,Baltimore,MD,85000.0
HR Communications Manager,Government,11 - 20 years,Baltimore,MD,128000.0
Scientist,Chemical,5 - 7 years,Philadelphia,PA,103000.0
Actuarial Analyst,Insurance,1 year or less,Minneapolis,MN,68000.0
Production Manager,Manufacturing,11 - 20 years,New York,NY,58500.0
Accessibility Consultant,Architecture,2 - 4 years,Chicago,IL,60000.0
Senior Tech Recruiter,Financial Services,8 - 10 years,New York,NY,230000.0
Communications Specialist,Communications and Marketing,11 - 20 years,New York,NY,58000.0
Senior Tech Recruiter,Financial Services,8 - 10 years,New York,NY,230000.0
Clinical Dietitian,Healthcare,2 - 4 years,Minneapolis,MN,58700.0
Manager,Libraries,8 - 10 years,Houston,TX,82000.0
"VP, Reserve Analytics",Finance,11 - 20 years,New York,NY,151000.0
Principal Software Engineer,Retail,11 - 20 years,Minneapolis,MN,152000.0
Actuary,Insurance,5 - 7 years,New York,NY,120000.0
Agriculturist,Science,11 - 20 years,Washington,DC,92000.0
Electrician,Theatre,2 - 4 years,Houston,TX,30000.0
Site Reliability Engineer,Technology,5 - 7 years,Boston,MA,101000.0
Assistant Professor,Academia,5 - 7 years,Los Angeles,CA,91000.0
Bakery team leader & froster,Food Service,5 - 7 years,Chicago,IL,20000.0
Controller,Healthcare,2 - 4 years,Minneapolis,MN,60000.0
Deputy Chief,Education,8 - 10 years,Washington,DC,134000.0
Attorney,Law,5 - 7 years,Denver,CO,165000.0
Technical Support Manager,Health IT,5 - 7 years,Chicago,IL,95000.0
Instructional Designer,Education,11 - 20 years,Minneapolis,MN,84000.0
Librarian / Assoc. Prof,Higher Ed,8 - 10 years,New York,NY,71500.0
Project Manager,Advertising,2 - 4 years,Philadelphia,PA,68000.0
Data Analytics Manager,Healthcare,11 - 20 years,Atlanta,GA,91000.0
Litigation Attorney,Law,11 - 20 years,St. Louis,MO,98000.0
HR Coordinator,Advertising,5 - 7 years,New York,NY,58000.0
Litigation Attorney,Law,11 - 20 years,St. Louis,MO,98000.0
Assistant Vice President of Student Affairs,Higher Education,11 - 20 years,Atlanta,GA,112000.0
Professor,Education,11 - 20 years,Austin,TX,88500.0
Systems Analyst,Tech - IT department of national insurance company,8 - 10 years,Portland,OR,85000.0
Community Engagement Director,Nonprofit,5 - 7 years,Seattle,WA,74000.0
Project Manager,Public Health,11 - 20 years,Portland,OR,88400.0
Library Director,Academic Libraries,8 - 10 years,New York,NY,93450.0
Analyst,Finance,5 - 7 years,Chicago,IL,85000.0
Program Coordinator,Nonprofit association,5 - 7 years,Washington,DC,50000.0
Accounting Manager,Telecommunications,8 - 10 years,Seattle,WA,101000.0
Assistance Director,"Non-profit, early education",11 - 20 years,Chicago,IL,55000.0
Head Registrar,Museums,11 - 20 years,New York,NY,75000.0
Contract Lecturer,Higher Education,11 - 20 years,Austin,TX,33000.0
Director of Operations,Higher Education,11 - 20 years,New York,NY,90000.0
Director of Operations,Higher Education,11 - 20 years,New York,NY,90000.0
Social work,Healthcare,11 - 20 years,Minneapolis,MN,63000.0
Senior Employment Counsel,Manufacturing,11 - 20 years,Atlanta,GA,140000.0
Librarian (non-tenured faculty),Education,8 - 10 years,Dallas,TX,73000.0
Analyst,Government,11 - 20 years,Atlanta,GA,89000.0
Associate Marketing Manager,Tech,2 - 4 years,San Francisco,CA,90000.0
Executive Director,Nonprofit,11 - 20 years,Baltimore,MD,75000.0
Lead Research Administrator,Academia,11 - 20 years,Los Angeles,CA,79550.0
HR Coordinator,Human Resources,8 - 10 years,Philadelphia,PA,42500.0
Development Director/Volunteer Program Director,Nonprofit,5 - 7 years,New York,NY,60000.0
Genetic counselor,Healthcare,11 - 20 years,Washington,DC,120000.0
Associate General Counsel,Banking,5 - 7 years,Portland,ME,85000.0
Recruiting Coordinator,HR,2 - 4 years,New York,NY,55000.0
Scrum Master,Finance,5 - 7 years,San Francisco,CA,75000.0
Law Clerk,Law,1 year or less,New York,NY,70111.0
Strategy Director,Advertising,11 - 20 years,Los Angeles,CA,198000.0
Recruitment Coordinator,Executive recruitment,11 - 20 years,Dallas,TX,41000.0
Manager of Finance and Ops,Financial Services,11 - 20 years,San Francisco,CA,135000.0
Senior Vice President,Entertainment,11 - 20 years,New York,NY,280000.0
Clinical Social Worker,Healthcare,8 - 10 years,Philadelphia,PA,65300.0
Lead Taxonomist,Information Architecture & Taxonomy,21 - 30 years,Seattle,WA,180000.0
"Director, Strategic Accounts",Marketing Technology,11 - 20 years,San Francisco,CA,210000.0
Accounts Payable Specialist,Construction,5 - 7 years,San Diego,CA,53000.0
Literacy Tutoring Coordinator,Adult Education,21 - 30 years,Philadelphia,PA,37500.0
Director of X Policy,Health care policy,5 - 7 years,Austin,TX,90000.0
Evaluation/Data Director,Nonprofit,5 - 7 years,Washington,DC,80000.0
Client Service Coordinator,Veterinary,11 - 20 years,Denver,CO,30000.0
Senior Software Engineer,Healthcare software development,5 - 7 years,Pittsburgh,PA,90000.0
Corporate Account Executive,Beverage Industry- Wine & Spirits,11 - 20 years,Seattle,WA,78250.0
Growth Marketing Specialist,Fashion,5 - 7 years,New York,NY,87000.0
Software Engineer,Tech,8 - 10 years,New York,NY,195000.0
Associate Director of Admissions,Higher Education,5 - 7 years,Boston,MA,66000.0
Physician,Medicine,8 - 10 years,Washington,DC,210000.0
Project Manager,Social Services,11 - 20 years,Philadelphia,PA,60000.0
Education programming manager,Nonprofit,8 - 10 years,Washington,DC,57000.0
Document Control Specialist,Blood Bank,8 - 10 years,Phoenix,AZ,46000.0
Project Manager,Consulting,8 - 10 years,Los Angeles,CA,85000.0
Library Director,Healthcare (Hospital),21 - 30 years,New York,NY,94000.0
Assistant Director,Higher Education,8 - 10 years,Washington,DC,60000.0
Office Manager,Tech,5 - 7 years,San Francisco,CA,60000.0
Communications Manager,Travel & Tourism,5 - 7 years,Washington,DC,62000.0
Consultant,Research/Professional Services,2 - 4 years,Washington,DC,69500.0
VP Development,Nonprofit,8 - 10 years,Washington,DC,150000.0
Paralegal,Legal,5 - 7 years,Philadelphia,PA,50000.0
Assistant university librarian,Higher Education,8 - 10 years,Baltimore,MD,72000.0
Giving officer,Higher Ed,11 - 20 years,Boston,MA,69000.0
Archivist,Library/Non-profit,2 - 4 years,Boston,MA,48000.0
Attorney,Legal - federal government,8 - 10 years,Washington,DC,152352.0
Development Associate,Non-profit arts,2 - 4 years,New York,NY,35000.0
Senior Records Analyst,Records Management/Archives/Libraries,11 - 20 years,Seattle,WA,85000.0
Medical Technologist,Medical,11 - 20 years,Portland,OR,82400.0
Architect- senior associate,Architecture,11 - 20 years,Boston,MA,100000.0
Analyst,Government,11 - 20 years,Washington,DC,140000.0
Minister,Religious services,2 - 4 years,Minneapolis,MN,60000.0
CEO,Consulting,5 - 7 years,New York,NY,50000.0
HR Rep,Manufacturing,8 - 10 years,Seattle,WA,78000.0
Assistant Director of Communications,Nonprofit,8 - 10 years,New York,NY,93000.0
Senior Mechanical Engineer,Construction,5 - 7 years,New York,NY,89000.0
Director of Development,Nonprofit,11 - 20 years,New York,NY,75000.0
Software Engineer,Tech,11 - 20 years,Austin,TX,275000.0
Project Manager,Hospitality,8 - 10 years,Austin,TX,100000.0
Communications Manager,Insurance,11 - 20 years,Chicago,IL,102000.0
Clinical pharmacist specialist,Healthcare,11 - 20 years,Los Angeles,CA,150000.0
Nurse Practitioner,Healthcare,21 - 30 years,Denver,CO,112000.0
Marketing Manager,Publishing,5 - 7 years,New York,NY,61500.0
Project Engineer,Office Furniture,5 - 7 years,Dallas,TX,60000.0
Claims Consultant,Insurance,8 - 10 years,Chicago,IL,130000.0
Senior business development coordinator,Legal,5 - 7 years,Washington,DC,94000.0
Research and Development Manager,Academia/Research,5 - 7 years,Chicago,IL,85000.0
Practice Manager,Dental,8 - 10 years,New York,NY,77480.0
Content Strategist,Communications,21 - 30 years,New York,NY,111500.0
"Assistant Manager, Business Intelligence",Beverage Marketing/Sales,11 - 20 years,Chicago,IL,60000.0
Sales Consultant,Healthcare,2 - 4 years,Portland,OR,44000.0
Mediator,Labor Relations,8 - 10 years,Minneapolis,MN,79968.0
VP Pharmacy Contracting,Healthcare,31 - 40 years,St. Louis,MO,190000.0
Marketing Director,Architecture and Engineering,11 - 20 years,Seattle,WA,175000.0
Associate Director,Nonprofit,8 - 10 years,New York,NY,68000.0
Corporate Relations Manager,Nonprofit fundraising,5 - 7 years,Washington,DC,62000.0
Senior Editor,Media/Journalism,8 - 10 years,New York,NY,110000.0
Director of Prospect Development,Nonprofit,11 - 20 years,Minneapolis,MN,100000.0
Senior Editor,Media/Journalism,8 - 10 years,New York,NY,110000.0
Program Manager,Defense Contracting,21 - 30 years,Baltimore,MD,136000.0
Medical Writer,Medical Research,5 - 7 years,Los Angeles,CA,90000.0
CRM Liaison,Technology/Non-Profit,5 - 7 years,Minneapolis,MN,65000.0
Registrar,Education,11 - 20 years,Chicago,IL,62000.0
Analyst,Consulting (Public Sector/Nonprofit),2 - 4 years,Chicago,IL,43000.0
Research editor,Nonprofit,8 - 10 years,Washington,DC,85500.0
Administrative Manager,Architecture,8 - 10 years,Seattle,WA,80080.0
Manager,Insurance,31 - 40 years,Seattle,WA,170000.0
Social Media Manager,Chemical,11 - 20 years,San Diego,CA,30000.0
Operations Associate,Venture Capital,5 - 7 years,Washington,DC,72500.0
Registrar,Arts,11 - 20 years,New York,NY,82000.0
Project Manager,Nonprofit,5 - 7 years,Washington,DC,64000.0
Operations Manager,Staffing and Recruiting,5 - 7 years,Minneapolis,MN,50000.0
Manager of Attorney Development & Training,Legal Services,11 - 20 years,New York,NY,204000.0
Program Manager,Academic Research,5 - 7 years,Atlanta,GA,61000.0
Assistant Professor,Academia,5 - 7 years,Philadelphia,PA,93000.0
Web Developet,Web Marketing,8 - 10 years,Boston,MA,74000.0
Manager - Data Dept,Financial services-data/software provider,11 - 20 years,Chicago,IL,75000.0
Director,Tech,21 - 30 years,Seattle,WA,167300.0
Senior Director,Legal,8 - 10 years,Boston,MA,250000.0
Associate,Nonprofit,2 - 4 years,New York,NY,59500.0
Sales,FLooring,8 - 10 years,Seattle,WA,150000.0
Chief fundraiser,Nonprofit,31 - 40 years,Dallas,TX,200000.0
Communications Specialist,Nonprofit communications,8 - 10 years,Chicago,IL,62000.0
Product Architect,Medical Devices,11 - 20 years,Seattle,WA,120000.0
Salesforce Administrator,Nonprofit,8 - 10 years,San Francisco,CA,62500.0
Enterprise Architect,Software,21 - 30 years,Boston,MA,172000.0
Digital Marketing Director,Technology,11 - 20 years,San Francisco,CA,202000.0
Multimedia Journalist,Journalism,11 - 20 years,New York,NY,78000.0
Senior System Design Engineer,Medical Devices,11 - 20 years,Dallas,TX,113000.0
Physical Therapist,Healthcare,2 - 4 years,Atlanta,GA,70000.0
Principal Software Engineer,Enterprise Computing,11 - 20 years,Dallas,TX,140000.0
Operational risk manager,Insurance,8 - 10 years,Chicago,IL,120000.0
Senior Administrative Analyst,Higher Education,11 - 20 years,Los Angeles,CA,69000.0
Lead Data Engineer,Retail,11 - 20 years,Pittsburgh,PA,140000.0
Technical Project Manager,Legal,11 - 20 years,Seattle,WA,63000.0
Paralegal,Law,11 - 20 years,Philadelphia,PA,47840.0
Head of analysis,Education,11 - 20 years,New York,NY,115000.0
Software Engineer,Software Development,5 - 7 years,Chicago,IL,75000.0
Software Engineer,Information Technology,11 - 20 years,New York,NY,126000.0
Associate,Law,8 - 10 years,New York,NY,420000.0
Research Assistant,Social Science Research,2 - 4 years,Washington,DC,48000.0
Paralegal,Legal - Law Firm,31 - 40 years,New York,NY,138000.0
vet technician,Veterinary medicine,11 - 20 years,Phoenix,AZ,35000.0
Senior community manager,Tech,11 - 20 years,San Francisco,CA,225000.0
Graphics Coordinator,Entertainment/Sports,5 - 7 years,Philadelphia,PA,53600.0
Lab operations specialist,"Life sciences, biotech",8 - 10 years,New York,NY,55000.0
Finance Manager,Agriculture,11 - 20 years,Minneapolis,MN,140000.0
Curriculum Specialist,Education,11 - 20 years,San Francisco,CA,55000.0
Contract Associate Team Lead,Union office,21 - 30 years,Chicago,IL,46000.0
Associate Director,Risk Management,8 - 10 years,Chicago,IL,160000.0
Customer Experience Analyst,Customer Support,8 - 10 years,Dallas,TX,40000.0
External Relations Manager,Nonprofit,5 - 7 years,Chicago,IL,50000.0
Assistant Preserve Manager,Natural Land and Resource Management,5 - 7 years,San Diego,CA,49500.0
Managing Editor,Media,8 - 10 years,New York,NY,125000.0
Printer/Proofreader,Government,1 year or less,Washington,DC,83000.0
Mental health therapist,Healthcare,11 - 20 years,Denver,CO,74500.0
Office Manager,Ad Tech,5 - 7 years,New York,NY,50000.0
Production,Retail,8 - 10 years,Phoenix,AZ,24000.0
Cashier,Retail,1 year or less,Houston,TX,22800.0
Software Engineer,Tech,5 - 7 years,New York,NY,110000.0
Director market research,Healthcare,11 - 20 years,Seattle,WA,145000.0
Registered Polysomnographic  Technologist,Healthcare,2 - 4 years,Minneapolis,MN,45000.0
Product Engineering Manager,Semiconductor,11 - 20 years,Dallas,TX,155000.0
Shift Manager,Non-profit (hotline),2 - 4 years,Washington,DC,48000.0
Development Events Manager,Nonprofit,5 - 7 years,Boston,MA,66000.0
Training assistant manager,Fine jewelry,5 - 7 years,Chicago,IL,60000.0
Investigative Support Specialist III,Law Enforcement,21 - 30 years,Austin,TX,34000.0
Pre-Kindergarten Teacher,Education,2 - 4 years,Houston,TX,40000.0
Senior Consultant,Consulting,5 - 7 years,Chicago,IL,118000.0
Senior Research Scientist,Biotech consulting,11 - 20 years,Boston,MA,115000.0
Senior Contract & Grant Officer,Research Administration (University),11 - 20 years,San Francisco,CA,130000.0
Underwriter,Real Estate,11 - 20 years,Los Angeles,CA,135000.0
Senior Financial Analyst,Banking,11 - 20 years,Minneapolis,MN,101725.0
Rabbi,Clergy,5 - 7 years,Boston,MA,100000.0
Clinical Content Analyst,Oncology software,1 year or less,Pittsburgh,PA,49500.0
Vice President,Finance,8 - 10 years,Boston,MA,175000.0
Tax Accountant,Accounting,1 year or less,Denver,CO,59000.0
Vice principal at a middle school,Education,11 - 20 years,San Francisco,CA,108000.0
Staff Site Reliability Engineer,Technology,5 - 7 years,Seattle,WA,182000.0
Social Media Strategist,Automotive,2 - 4 years,Minneapolis,MN,47500.0
Information Governance Manager,Government,11 - 20 years,Austin,TX,72000.0
Recruiter,Technology Staffing,5 - 7 years,Atlanta,GA,100000.0
Independent Petroleum Landman,Oil & Gas,8 - 10 years,Dallas,TX,120000.0
Senior program consultant,Energy,5 - 7 years,Los Angeles,CA,91000.0
Executive Director,Education,11 - 20 years,New York,NY,132000.0
Software Engineer,Telecom,5 - 7 years,Washington,DC,79600.0
Program Director,Education,8 - 10 years,Los Angeles,CA,80000.0
Consultant,Data Analytics,2 - 4 years,New York,NY,78000.0
"Manager, Client Services",E-discovery,11 - 20 years,Boston,MA,165000.0
Coordinator,Real Estate,5 - 7 years,New York,NY,79000.0
Customer Success Manager,Technology,11 - 20 years,Atlanta,GA,140000.0
Housing director/director of real estate development,Affordable housing development,11 - 20 years,Los Angeles,CA,100000.0
Surgeon,Medicine,31 - 40 years,Los Angeles,CA,390000.0
Executive Director,Nonprofit Food Pantry,11 - 20 years,Portland,OR,61000.0
Senior Director,Pharmaceutical,11 - 20 years,Philadelphia,PA,185000.0
Assistant Manager,Retail,5 - 7 years,Philadelphia,PA,35000.0
Grant Writer,Non-Profit Consulting,5 - 7 years,Denver,CO,52000.0
Psychiatrist,Healthcare,11 - 20 years,New York,NY,200000.0
Accounting Clerk,Corporate Accounting,5 - 7 years,Baltimore,MD,40000.0
Commercial Underwriter,Insurance,11 - 20 years,Houston,TX,62000.0
Commercial Underwriter,Insurance,11 - 20 years,Houston,TX,62000.0
Associate Research Scientist,Social science research (industry),5 - 7 years,San Francisco,CA,75660.0
Program Director,Politics state level,11 - 20 years,Denver,CO,92000.0
Product Manager,Technology/software,2 - 4 years,Seattle,WA,111600.0
Program Associate,Education Non-profit,2 - 4 years,Seattle,WA,50000.0
Administrator,Social Services,11 - 20 years,Seattle,WA,60000.0
Biospecimen Associate,Pharmaceutical,5 - 7 years,San Francisco,CA,85000.0
Library Assistant,Library,5 - 7 years,San Diego,CA,30000.0
Junior Project Manager,Construction,2 - 4 years,Houston,TX,57000.0
Talent Development Specialist,Medtech,2 - 4 years,Seattle,WA,72000.0
Marketing Specialist,Tech/retail,5 - 7 years,Seattle,WA,71000.0
senior research advisor,Government Contractor,11 - 20 years,Washington,DC,105000.0
Financial Crimes Analyst,Banking,8 - 10 years,Portland,OR,42000.0
Researcher,Law,8 - 10 years,Chicago,IL,90000.0
Senior Lead of Design,Entertainment Technology,11 - 20 years,San Francisco,CA,155000.0
Legal Secretary,Legal,5 - 7 years,New York,NY,43260.0
"Manager, Medical Affairs",Medical Devices,11 - 20 years,San Diego,CA,115000.0
Editorial Assistant,Publishing (textbooks),2 - 4 years,Boston,MA,36000.0
Marketing & Communications Manager,Healthcare,11 - 20 years,Boston,MA,124000.0
Application Supervisor,Healthcare,11 - 20 years,Seattle,WA,105000.0
Librarian,Libraries,2 - 4 years,Baltimore,MD,52500.0
Senior Accountant,Healthcare,11 - 20 years,Seattle,WA,95500.0
content alignment specialist,Educational Software,8 - 10 years,Portland,OR,55555.0
Systems Engineer,Aviation,21 - 30 years,Seattle,WA,151000.0
Product Manager,Software,5 - 7 years,Austin,TX,100000.0
Major Gifts Officer,Nonprofit,2 - 4 years,Seattle,WA,90000.0
Clinical psychologist,Academia/Other,11 - 20 years,New York,NY,91000.0
Associate Content Specialist,Lifecycle Marketing in Tech,1 year or less,San Francisco,CA,55000.0
Senior Customer Success Manager,Tech,11 - 20 years,Chicago,IL,135000.0
Training & Development Manager,Tech,21 - 30 years,Austin,TX,136000.0
Supply Chain Coordinator (Documents),International shipping,11 - 20 years,Minneapolis,MN,48000.0
Senior Programming Manager,Sports Television,8 - 10 years,Los Angeles,CA,77000.0
Marketing Director,Healthcare,11 - 20 years,San Diego,CA,105000.0
Senior Compliance Investigator - Spanish Bilingual,State Government,8 - 10 years,Denver,CO,57000.0
Internal Communications Specialist,Communications,2 - 4 years,Denver,CO,60000.0
Customer Success,Tech,5 - 7 years,Denver,CO,68000.0
Linguist,Government,2 - 4 years,Los Angeles,CA,65000.0
"Admin, Student Services",University,11 - 20 years,San Francisco,CA,73000.0
Reporter,Media,8 - 10 years,Washington,DC,134000.0
Senior Manager,Legal,8 - 10 years,New York,NY,95000.0
"CPA, staff",Public Accounting,2 - 4 years,Portland,OR,54000.0
Communications Manager,Nonprofit,11 - 20 years,Atlanta,GA,72000.0
Marketing Director,Commercial Real Estate,11 - 20 years,Dallas,TX,135000.0
Product Designer,Tech,8 - 10 years,Portland,OR,120000.0
Research Specialist,Academic Research,11 - 20 years,Phoenix,AZ,36000.0
Program Manager,Tech,21 - 30 years,Seattle,WA,148000.0
Resident Physician (PGY1),Medicine,1 year or less,Chicago,IL,53000.0
Director,Higher Education,8 - 10 years,Chicago,IL,75000.0
Pediatric Nurse Practitioner,Healthcare,5 - 7 years,Los Angeles,CA,133000.0
Permit specialist,Government,11 - 20 years,Portland,OR,55000.0
Front Office Coordinator,Healthcare (Dentistry),2 - 4 years,Portland,OR,38000.0
Marketing Coordinator,Marketing,8 - 10 years,Philadelphia,PA,60000.0
Office Manager,Public Relations,21 - 30 years,Los Angeles,CA,60000.0
Senior Energy Analyst,Building Construction (Engineering),8 - 10 years,Seattle,WA,107500.0
Analyst,Local Government,5 - 7 years,San Francisco,CA,132000.0
Office Assistant,Higher Ed Fundraising,1 year or less,Chicago,IL,27000.0
Case Manager,Government social services,8 - 10 years,Portland,OR,56500.0
Architect,Architecture,11 - 20 years,Seattle,WA,75000.0
Account Supervisor,Advertising,8 - 10 years,Los Angeles,CA,75000.0
Software Engineer,Tech,5 - 7 years,San Francisco,CA,204000.0
Paralegal,Legal,5 - 7 years,San Francisco,CA,65000.0
Program Manager,Retail,5 - 7 years,Seattle,WA,74100.0
Support Specialist,Tech,5 - 7 years,Austin,TX,44000.0
Associate Director of Development,Nonprofit,11 - 20 years,San Francisco,CA,140000.0
Library Assistant,Public Library,8 - 10 years,Los Angeles,CA,54000.0
Design Researcher,Financial Technology,8 - 10 years,San Francisco,CA,149000.0
Senior Software Engineer,Tech,11 - 20 years,San Francisco,CA,195000.0
Administrator,Academia,2 - 4 years,Portland,OR,40000.0
Intern/consultant,Social media marketing,2 - 4 years,Boston,MA,30000.0
Editor,Publishing,2 - 4 years,New York,NY,62500.0
Software Engineer,Tech,8 - 10 years,San Francisco,CA,205000.0
Freelance writer,Entertainment,8 - 10 years,Los Angeles,CA,35000.0
Server,Restaurant,5 - 7 years,Seattle,WA,55000.0
Senior HR Generalist,HR Consulting,11 - 20 years,Seattle,WA,94000.0
Licensed clinical social worker,Medical,11 - 20 years,Portland,OR,96000.0
Program Specialist,Government,11 - 20 years,Washington,DC,119004.0
Managing Editor,Retail,11 - 20 years,Seattle,WA,109400.0
Media Finance Analyst,Marketing/Advertising,2 - 4 years,Los Angeles,CA,42500.0
Associate Producer,Video Games,2 - 4 years,San Francisco,CA,65000.0
Associate Professor,Higher Education,21 - 30 years,Chicago,IL,81666.0
Program Manager and Subject Matter Expert for CEC/NIFC-CA,Military - US Navy,11 - 20 years,San Diego,CA,110000.0
Associate Project Manager,Pharma,2 - 4 years,San Diego,CA,85000.0
Assistant Buyer,Ecommerce,5 - 7 years,Seattle,WA,45000.0
Process Engineer,Biotech,8 - 10 years,San Diego,CA,87000.0
Assistant Manager of Youth Services,Public Library,5 - 7 years,Chicago,IL,48600.0
Senior User Experience Designer,Software,11 - 20 years,San Francisco,CA,126000.0
Director of Digital Analytics,Industrial Distribution,11 - 20 years,Chicago,IL,172000.0
Behavioral Health Assessor,Healthcare,5 - 7 years,Atlanta,GA,41000.0
Learning Development Senior Manager,Consulting,11 - 20 years,Washington,DC,180000.0
Associate,Nonprofit,5 - 7 years,Washington,DC,75000.0
Contract Negotiator,Insurance,21 - 30 years,Chicago,IL,68000.0
Private Secretary,Personal Services,21 - 30 years,Houston,TX,80000.0
Service technician,HVAC,11 - 20 years,Washington,DC,52000.0
Information System Security Manager,IT Security,21 - 30 years,Washington,DC,168000.0
Creative Lead,Advertising,11 - 20 years,New York,NY,140500.0
Salesforce Consultant,Technology Consulting,31 - 40 years,Atlanta,GA,100000.0
Scientist,Pharmaceutical,11 - 20 years,Boston,MA,108000.0
Program Director,Healthcare,5 - 7 years,Chicago,IL,115000.0
Solution  Engineer,Software Sales,11 - 20 years,Washington,DC,105000.0
Family physician,Healthcare,8 - 10 years,Seattle,WA,190000.0
Program Manager,Nonprofit,11 - 20 years,St. Louis,MO,50000.0
Accountant - Senior Manager,Contractor with Federal Government,11 - 20 years,Washington,DC,133000.0
Academic Advisor,Higher Education,5 - 7 years,Houston,TX,44000.0
Project Manager,IT,5 - 7 years,San Francisco,CA,160000.0
IT Business Analyst,Agribusiness,11 - 20 years,Minneapolis,MN,140000.0
Director,Consulting,11 - 20 years,Boston,MA,180000.0
Head of archives,Libraries and archives (gov't),21 - 30 years,Washington,DC,136000.0
Director,Healthcare,21 - 30 years,Philadelphia,PA,155000.0
Tech Support,IT,11 - 20 years,Phoenix,AZ,30000.0
Finance Analyst,POS systems,11 - 20 years,Atlanta,GA,56000.0
Librarian,Higher Education,8 - 10 years,Washington,DC,65000.0
Associate Attorney,Law,5 - 7 years,Washington,DC,245000.0
Computer Scientist,Government,2 - 4 years,Washington,DC,92000.0
Director,Medical Education,5 - 7 years,Washington,DC,95000.0
Software Engineer,Internet,11 - 20 years,Pittsburgh,PA,500000.0
Principal Technical Writer,Computer,31 - 40 years,Boston,MA,125000.0
Laboratory technician,"chemical, coatings industry",1 year or less,Philadelphia,PA,50000.0
Research & Evaluation Lead,Evaluation & Research (non-profit),21 - 30 years,Boston,MA,125000.0
Paralegal,Government,8 - 10 years,Washington,DC,78861.0
IT Director,Higher Education,11 - 20 years,Philadelphia,PA,125000.0
Marketing Director,Higher Education,11 - 20 years,Philadelphia,PA,98500.0
Technical Project Manager,Education Technology,8 - 10 years,Washington,DC,100700.0
Professional Development Specialist,Tech,11 - 20 years,Minneapolis,MN,58000.0
Data Coordinator,Outdoor Education,5 - 7 years,Portland,ME,35360.0
Research Associate,Education Research,1 year or less,Washington,DC,52000.0
office and Project Manager,Financial Markets,11 - 20 years,Pittsburgh,PA,41200.0
Associate Director,Publishing,11 - 20 years,New York,NY,85000.0
Senior Product Developer,Enterprise Software,21 - 30 years,Chicago,IL,110000.0
ORISE Research Fellow,"Government, pharmaceutical/regulatory science",11 - 20 years,Washington,DC,71000.0
Master Production Scheduler,Healthcare Manufacturing,8 - 10 years,Boston,MA,71200.0
Grants and Contracts Spec.,Higher Education,5 - 7 years,Baltimore,MD,74000.0
Senior Consultant,Federal Contracting,8 - 10 years,Washington,DC,74000.0
Patient Advocate,Healthcare,5 - 7 years,Minneapolis,MN,35000.0
Social Worker,Federal Government,21 - 30 years,Atlanta,GA,90000.0
Registrar,Private school administration,2 - 4 years,Pittsburgh,PA,27000.0
Medical Illustrator & Animator,Higher Education/Illustration,5 - 7 years,Boston,MA,75500.0
Sales Manager,Technology,11 - 20 years,Portland,OR,50000.0
Help Desk Agent,IT,5 - 7 years,Minneapolis,MN,37000.0
Client Relationship Associate,Insurance,8 - 10 years,Philadelphia,PA,60000.0
Director of International Programs,Higher Education,11 - 20 years,Philadelphia,PA,57500.0
Senior Software Engineer,Software,8 - 10 years,Boston,MA,179000.0
Director of Donor Relations,"non-profit, child development work",11 - 20 years,Boston,MA,92000.0
Director of Client Services,Utilities,8 - 10 years,Washington,DC,99000.0
Operations Manager,Consulting,8 - 10 years,Washington,DC,65000.0
Finance Coordinator,Nonprofit,8 - 10 years,Minneapolis,MN,45000.0
Project Manager,Architecture,5 - 7 years,Chicago,IL,62000.0
Account Manager,Higher Education,21 - 30 years,Seattle,WA,68200.0
Public Affairs Officer,Communications,8 - 10 years,Baltimore,MD,87600.0
Grad student,Academia,1 year or less,Seattle,WA,19000.0
Principal Software Engineer,Computer Software,11 - 20 years,Boston,MA,190000.0
Director of Product,Media,11 - 20 years,Washington,DC,124000.0
"Associate Director, Online Communications",Nonprofit,11 - 20 years,Washington,DC,84000.0
Chemistry Lab Specialist,Higher Education,2 - 4 years,Atlanta,GA,49000.0
Program Analyst,Government,21 - 30 years,St. Louis,MO,65000.0
Agile Product Owner,Technology,11 - 20 years,Dallas,TX,94770.0
Marketing Manager,Tech,11 - 20 years,Minneapolis,MN,84600.0
Program Officer,NGO,5 - 7 years,New York,NY,81000.0
Digital Marketing,Technology,1 year or less,New York,NY,75000.0
Corporate Actions Analyst,Compliance/Financial Services,2 - 4 years,Chicago,IL,67000.0
Creative Director,Media,11 - 20 years,New York,NY,145000.0
Archival Assistant,Libraries/Archives,2 - 4 years,New York,NY,44000.0
Executive Admin,Nonprofit,11 - 20 years,Denver,CO,78000.0
Regional HR Manager,Architecture/Design,11 - 20 years,New York,NY,106000.0
Reporter,Media,1 year or less,New York,NY,40000.0
Senior Manager in IT,Local Government,31 - 40 years,Houston,TX,115000.0
Reporter,Media,1 year or less,New York,NY,40000.0
Intern,Technology,1 year or less,Washington,DC,31200.0
"Team Lead, Digital & Development Communication",Nonprofit (health and human services) marketing and communication,11 - 20 years,Philadelphia,PA,75000.0
Education Director,nonprofit farm,8 - 10 years,Boston,MA,42000.0
Administrative Assistant,Higher Education,2 - 4 years,Austin,TX,35700.0
Product Manager,Tech/coworking,2 - 4 years,New York,NY,66000.0
Specialist,Medical specialty society,11 - 20 years,Washington,DC,104000.0
Development Coordinator,Nonprofit fundraising,2 - 4 years,Washington,DC,47500.0
Principal Software Engineer,Oil and Gas,11 - 20 years,Houston,TX,114000.0
Archivist,Information Management,2 - 4 years,Washington,DC,45000.0
Technical Writer,Government Contracting,11 - 20 years,Washington,DC,69000.0
Senior Data Scientist,Technology,8 - 10 years,Chicago,IL,125000.0
Media Coordinator,Advertising,1 year or less,Boston,MA,42000.0
Advocacy Manager,Nonprofit,8 - 10 years,New York,NY,81549.0
Government Affairs Manager,Technology,5 - 7 years,Washington,DC,110000.0
Senior Government Relations Manager,Non-Profit Public Health,8 - 10 years,Washington,DC,110000.0
Director of Education and Fellowship,Workforce Development,8 - 10 years,New York,NY,76500.0
Marketing Operations Associate,Nonprofit,2 - 4 years,New York,NY,65650.0
Copywriter,Communications,2 - 4 years,Washington,DC,43000.0
Associate Editor,Publishing,2 - 4 years,New York,NY,42000.0
Librarian,Government,2 - 4 years,Washington,DC,68036.0
Executive Assistant,Real Estate,11 - 20 years,Seattle,WA,65000.0
Filing assistant,Legal,8 - 10 years,Boston,MA,42000.0
Director of Catering,Hospitality,5 - 7 years,Baltimore,MD,70000.0
Associate Designer,Fashion,5 - 7 years,New York,NY,65000.0
Collections,Chemical distribution,1 year or less,Austin,TX,45000.0
Senior manager of user experience,Software,21 - 30 years,Portland,OR,154000.0
"Vice President, Research",Nonprofit,8 - 10 years,Washington,DC,140000.0
HR Business Partner,Advertising,11 - 20 years,New York,NY,128000.0
Program manager for continuing medical education,Nonprofit,11 - 20 years,Washington,DC,71000.0
Project Manager,Tech,8 - 10 years,Boston,MA,97000.0
Accounting Supervisor,Government,11 - 20 years,Pittsburgh,PA,74000.0
Program Coordinator,Non profit environmental,5 - 7 years,Baltimore,MD,54000.0
Instructional Designer,Education,2 - 4 years,Philadelphia,PA,68800.0
Supervisor of Training and Standards,Aviation,5 - 7 years,Atlanta,GA,51000.0
Senior UX Designer / Project Manager,Software Development,5 - 7 years,Washington,DC,125000.0
Marketing Manager,Arts and entertainment (nonprofit),5 - 7 years,Washington,DC,40000.0
Administrative Assistant,Finance,11 - 20 years,New York,NY,46000.0
Marketing Writer,Environmental Consulting,2 - 4 years,Minneapolis,MN,41000.0
Nurse manager,Healthcare,8 - 10 years,Portland,OR,115000.0
Hepatitis C Case Manaer,Public Health,2 - 4 years,Philadelphia,PA,42000.0
Account Director,Communications,8 - 10 years,Denver,CO,80000.0
Budget Analyst,Federal Government,8 - 10 years,Washington,DC,89000.0
Associate,Defense,21 - 30 years,San Diego,CA,97000.0
Senior Editor,Digital Media,5 - 7 years,New York,NY,51000.0
Prospect Research Analyst,Higher Education,5 - 7 years,Boston,MA,55000.0
"Advisor, Corporate Communications",IT,11 - 20 years,Boston,MA,95475.0
Software Engineer,Advertising,5 - 7 years,New York,NY,63000.0
HR Coordinator,Human Resources,2 - 4 years,Portland,OR,55000.0
Production director,Publishing,21 - 30 years,New York,NY,90000.0
Business Analyst,Education,11 - 20 years,Austin,TX,58000.0
Global Program Manager,Manufacturing and Engineering Services,11 - 20 years,Phoenix,AZ,150000.0
Product Designer,Tech,5 - 7 years,Denver,CO,100000.0
Director,Technology,11 - 20 years,New York,NY,250000.0
Advancement Associate,Higher Education,2 - 4 years,Minneapolis,MN,47500.0
Director of Operations and Volunteer Services,Medical clinic,21 - 30 years,Dallas,TX,52500.0
Analytical Chemist,Pharma,5 - 7 years,Boston,MA,68000.0
Software Engineer,Technology/Finance,2 - 4 years,New York,NY,100000.0
Special Events Manager,Nonprofit Development,5 - 7 years,Boston,MA,59600.0
Senior Customer Support,Nonprofit,2 - 4 years,New York,NY,34000.0
Assistant Director of Prospect Research,Higher Education Fundraising,8 - 10 years,Portland,ME,58000.0
Chief of Staff,Politics/Government,11 - 20 years,New York,NY,114000.0
Interlibrary Loan Coordinator,Library,11 - 20 years,Dallas,TX,33820.0
Toddler Teacher,Early Childhood Education,2 - 4 years,Philadelphia,PA,29120.0
Program Manager,Government,2 - 4 years,Austin,TX,77000.0
Veterinarian,Nonprofit,8 - 10 years,Philadelphia,PA,100000.0
Program Manager,Business Services,2 - 4 years,Philadelphia,PA,54000.0
Senior Environmental Planner,Environmental Management,21 - 30 years,Austin,TX,115000.0
Digital Marketing Manager,STM Publishing,5 - 7 years,New York,NY,55000.0
Accounts payable assistant,HVACR,2 - 4 years,Austin,TX,40000.0
Director,Nonprofit,8 - 10 years,Washington,DC,57000.0
Associate Director of Communications,International NGO,8 - 10 years,Washington,DC,66000.0
Attorney,Government,8 - 10 years,Austin,TX,92000.0
Director,Non profit environmental,11 - 20 years,Minneapolis,MN,150000.0
Librarian,Higher Education,5 - 7 years,Boston,MA,56000.0
Library Collection Maintenance Tech,Higher Education,5 - 7 years,Baltimore,MD,37000.0
Associate Editor,Media/Book Publishing,5 - 7 years,New York,NY,48000.0
Operations Associate,Nonprofit,1 year or less,New York,NY,42000.0
Grants Manager,Nonprofit,2 - 4 years,Chicago,IL,70000.0
Mental Health Professional,Social Work,8 - 10 years,Minneapolis,MN,54000.0
Program Specialist,Government,8 - 10 years,Baltimore,MD,64000.0
Senior Project Manager,Advertising,11 - 20 years,New York,NY,130000.0
Project Manager,Non-Profit/Association,2 - 4 years,Washington,DC,56000.0
Director,Education,21 - 30 years,Minneapolis,MN,87000.0
Regulatory Analyst,Health Insurance,5 - 7 years,Philadelphia,PA,77009.0
Editor,Publishing,8 - 10 years,Los Angeles,CA,67000.0
Engineer,Govt contracting aerospace,11 - 20 years,Houston,TX,90500.0
Associate,Law,2 - 4 years,Washington,DC,200000.0
legislative associate,Government Relations,5 - 7 years,Washington,DC,72000.0
Associate Program Manager,Software,8 - 10 years,Atlanta,GA,84000.0
Payroll Manager,Manufacturing,21 - 30 years,San Diego,CA,110000.0
Senior Specialist,Energy,11 - 20 years,Dallas,TX,85000.0
Campaign Director,Nonprofit,11 - 20 years,Washington,DC,108000.0
Budget Analyst,Government,5 - 7 years,New York,NY,68993.0
Marketing Coordinator,Health Insurance,5 - 7 years,Portland,OR,44000.0
"Associate Director, Rewards",Human Capital Consulting,8 - 10 years,New York,NY,120000.0
Attorney,Law,8 - 10 years,Atlanta,GA,350000.0
Digital Marketing Manager,Nonprofit,8 - 10 years,Denver,CO,61000.0
Project Manager,Healthcare,5 - 7 years,Boston,MA,75000.0
Senior Reigstered Associate,Financial Services,11 - 20 years,Boston,MA,70000.0
Exec Assistant,Higher Ed,8 - 10 years,Boston,MA,58000.0
Marketing Director,Performing Arts,8 - 10 years,Portland,OR,52000.0
Program Associate,Nonprofit,1 year or less,New York,NY,42000.0
Research Scientist,Government,5 - 7 years,New York,NY,83000.0
Teacher,Education,5 - 7 years,Philadelphia,PA,56000.0
Research Assistant Professor,Academic science,11 - 20 years,Boston,MA,75000.0
VP Accounting and Human Resources,Real Estate,8 - 10 years,Chicago,IL,65000.0
Communications Manager,Nonprofit,11 - 20 years,Boston,MA,64500.0
Administrative Coordinator,Higher Education,21 - 30 years,Boston,MA,56000.0
Assistant Editor,Insurance,5 - 7 years,Chicago,IL,44000.0
Content Developer,Training,21 - 30 years,Chicago,IL,53000.0
Producer,Entertainment,2 - 4 years,Los Angeles,CA,55000.0
Digital Archivist,Libraries,11 - 20 years,Philadelphia,PA,85000.0
Director of People and Culture,Technology,5 - 7 years,Atlanta,GA,60000.0
Doctor,Medical,11 - 20 years,Seattle,WA,200000.0
Project Manager,Marketing,8 - 10 years,Chicago,IL,90000.0
Director of Finance & Operations,Philanthropy,31 - 40 years,Chicago,IL,120000.0
Vice President of Operations,Healthcare Management,11 - 20 years,Dallas,TX,190000.0
Payroll and Staff Accountant,Nonprofit,5 - 7 years,Minneapolis,MN,61000.0
Quality Director,Pharmaceutical,11 - 20 years,Austin,TX,165000.0
Culture and Talent Operations,MedComm,5 - 7 years,Atlanta,GA,78000.0
Engineering Manager,Technology,11 - 20 years,Minneapolis,MN,154000.0
Principal Engineer,Electric Power,11 - 20 years,Pittsburgh,PA,125000.0
Coordinator,Government,2 - 4 years,Washington,DC,51000.0
Director,Energy,8 - 10 years,Chicago,IL,130000.0
Director Sales Planning,Media,5 - 7 years,New York,NY,95000.0
Assistant Program Director,Childcare,5 - 7 years,Seattle,WA,34000.0
Senior Marketing Project Manager,Advertising,5 - 7 years,Portland,OR,65000.0
Business Operations Manager,Information services,8 - 10 years,New York,NY,117000.0
Senior Associate,Consulting,2 - 4 years,New York,NY,87000.0
Social Media/Editor,Museums,8 - 10 years,Philadelphia,PA,42500.0
Business Development Manager,Law,11 - 20 years,Philadelphia,PA,120000.0
Office Manager/Marketing Assistant,Software,1 year or less,Atlanta,GA,430000.0
Strategic Communications Consultant,Consulting,11 - 20 years,Washington,DC,109000.0
Senior Workforce Analyst,Technology,5 - 7 years,Minneapolis,MN,71000.0
Senior Associate,Executive Search,5 - 7 years,Boston,MA,80000.0
HR Business Partner,Nonprofit,21 - 30 years,Seattle,WA,67619.0
Analyst,Defense,2 - 4 years,Washington,DC,117000.0
Development Associate,Nonprofit,1 year or less,Chicago,IL,42500.0
Product Manager,Nonprofit,8 - 10 years,Washington,DC,60000.0
Staff Attorney,Legal,11 - 20 years,New York,NY,135000.0
Client Executive,HR / Tech,21 - 30 years,Chicago,IL,164000.0
Marketing Coordinator,Arts Non Profit,8 - 10 years,Philadelphia,PA,45000.0
Marketing Communications Specialist,Marketing,8 - 10 years,Philadelphia,PA,66000.0
E-Billing Specialist,Legal/Accounting,1 year or less,Washington,DC,41000.0
Info Tech Manager,Information Technology,11 - 20 years,Minneapolis,MN,103000.0
Copy Editor,Journalism/Media,2 - 4 years,Washington,DC,45000.0
Senior Associate,Tax,2 - 4 years,Boston,MA,110000.0
Contracting Officer,Government (Defense),5 - 7 years,Washington,DC,121000.0
"Director, Schawbel College Resource Center, Boston Latin School",Education,11 - 20 years,Boston,MA,72000.0
Retail sales manager,Beverage,5 - 7 years,Portland,ME,35000.0
Software Engineer,Technology,2 - 4 years,Washington,DC,125000.0
agents' assistant,Book publishing,2 - 4 years,New York,NY,39000.0
Art Director,Web,5 - 7 years,Washington,DC,81000.0
Program Manager,Energy Efficiency,21 - 30 years,Portland,OR,92000.0
AVP Finance,Insurance,11 - 20 years,Philadelphia,PA,120000.0
Data Analyst,Supply Chain,1 year or less,Boston,MA,60000.0
Quality Associate,Legal Compliance,5 - 7 years,Chicago,IL,41000.0
Associate Director,Nonprofit,11 - 20 years,New York,NY,90000.0
Grants and Contracts Analyst,Higher Education,8 - 10 years,Baltimore,MD,56000.0
Program Specialist,Public Health,2 - 4 years,Atlanta,GA,49000.0
Program Manager,Public Health/Repro Health,8 - 10 years,New York,NY,65000.0
Business Development Manager,Legal,8 - 10 years,Philadelphia,PA,130000.0
Business Development Manager,Technology,8 - 10 years,Atlanta,GA,75000.0
Training Coordinator,State Government,11 - 20 years,Minneapolis,MN,60000.0
AP Analyst,Finance,11 - 20 years,New York,NY,72100.0
Project Manager,Web Services,11 - 20 years,Pittsburgh,PA,68000.0
"Senior Manager, Education",Trade association,21 - 30 years,Washington,DC,98750.0
Senior Research Specialist,Executive Search,5 - 7 years,Boston,MA,61000.0
Publications Manager,Association,8 - 10 years,Washington,DC,84000.0
Lead Office Coordinator,Tax and Audit,8 - 10 years,Minneapolis,MN,50000.0
Director,Urban Planning,5 - 7 years,New York,NY,75000.0
Research Analyst,Retail/Ecommerce,5 - 7 years,Denver,CO,58000.0
Marketing Manager,Healthcare,21 - 30 years,Denver,CO,75000.0
Program Manager,Healthcare,2 - 4 years,New York,NY,60000.0
Medical Social Worker,Healthcare,11 - 20 years,Houston,MO,46000.0
Infrastructure Project Manager,Information Technology,21 - 30 years,Houston,TX,140000.0
Marketing Coordinator,Publishing,2 - 4 years,Boston,MA,49610.0
Advisor,Higher Education,11 - 20 years,Austin,TX,45500.0
Accoutning Specialist,Education Non-profit,31 - 40 years,Washington,DC,43700.0
Editor,Publishing,11 - 20 years,New York,NY,86000.0
Development Associate,Nonprofit arts industry,2 - 4 years,Washington,DC,47740.0
Communications Coordinator,Nonprofit,8 - 10 years,Denver,CO,53250.0
Consultant,Software,8 - 10 years,Philadelphia,PA,165000.0
Program Associate,Nonprofit,5 - 7 years,New York,NY,50000.0
Marketing Director,Hospitality,11 - 20 years,New York,NY,89000.0
Data Scientist,Health tech,5 - 7 years,San Francisco,CA,210000.0
Monitoring Evaluation and Learning Officer,International Development,11 - 20 years,Washington,DC,80000.0
Senior Consultant,Government consulting,8 - 10 years,Washington,DC,120000.0
Senior Program Analyst,Government Contracting,11 - 20 years,Washington,DC,115000.0
Office Manager,Education,2 - 4 years,Chicago,IL,35000.0
Project Manager,Healthcare,8 - 10 years,New York,NY,85000.0
Copywriter,Ecommerce,8 - 10 years,Portland,OR,41000.0
Marketing Analyst,Marketing,2 - 4 years,Atlanta,GA,45000.0
HR Specialist,Biotech,5 - 7 years,Boston,MA,75000.0
"Vice President, Programs",Nonprofit,8 - 10 years,Washington,DC,90000.0
Proposal Specialist,Marketing and communications (law),5 - 7 years,St. Louis,MO,67000.0
Paralegal,Legla,21 - 30 years,Washington,DC,75000.0
Online Content Quality Specialist,Non profit STEM,8 - 10 years,New York,NY,67000.0
Human Resources Manager,Ecommerce,11 - 20 years,Minneapolis,MN,80000.0
Supervising Attorney,Legal,8 - 10 years,Chicago,IL,69000.0
Law Clerk,Law,5 - 7 years,Washington,DC,69500.0
Research Assistant Professor,Academia,11 - 20 years,New York,NY,102000.0
Principal Software Engineer,Software,11 - 20 years,Chicago,IL,160000.0
Content Strategist,Technology,5 - 7 years,Atlanta,GA,65000.0
Senior Managing Director,Real estate/ Design,11 - 20 years,New York,NY,200000.0
Program Director,Nonprofit,5 - 7 years,Washington,DC,59615.0
Managing Editor,Higher Ed,8 - 10 years,New York,NY,76000.0
Software Engineer,Software,5 - 7 years,Denver,CO,130000.0
Senior Associate,International Development,5 - 7 years,Washington,DC,71000.0
Development Operations Associate,Healthcare non-profit,11 - 20 years,New York,NY,67000.0
"VP, Meetings",Meeting Planning,11 - 20 years,Chicago,IL,90000.0
"Manager, Content and Channel Marketing",Marketing,5 - 7 years,Atlanta,GA,57500.0
Associate Director,Higher Education,5 - 7 years,Chicago,IL,67000.0
Grants Associate,Philanthropy,5 - 7 years,Minneapolis,MN,62500.0
Publications & Communications Manager,Non-profit trade association,21 - 30 years,Atlanta,GA,60000.0
Software Engineer,Technology,2 - 4 years,Washington,DC,125000.0
Product Partnerships,Tech,8 - 10 years,Los Angeles,CA,160000.0
University Archivist,Academia,11 - 20 years,Philadelphia,PA,65000.0
Vice President Operations,Non-Profit Consulting,8 - 10 years,Washington,DC,110000.0
Project Manager,Marketing,11 - 20 years,Seattle,WA,90000.0
Manager,IT,11 - 20 years,New York,NY,130000.0
Applied Scientist,Non-Profit/Conservation,8 - 10 years,Boston,MA,72000.0
Donor Relations Officer,Fundraising,8 - 10 years,Washington,DC,45000.0
Credit & Collections Specialist,Finance,5 - 7 years,Philadelphia,PA,40000.0
Executive Assistant,Accounting,11 - 20 years,Portland,OR,50000.0
Director of People & Culture,Construction,8 - 10 years,Portland,OR,108150.0
Communications Manager,Higher Education,8 - 10 years,Boston,MA,81000.0
Genetic counselor,Medicine,8 - 10 years,Chicago,IL,84000.0
Executive Assistant,Energy,5 - 7 years,Houston,TX,71400.0
Account Manager,Insurance,5 - 7 years,New York,NY,130000.0
Digital Manager,Digital Media,11 - 20 years,New York,NY,124000.0
IT Operations Manager,Nonprofit,11 - 20 years,Washington,DC,122000.0
Technical Writer,Medical Equipment,5 - 7 years,Pittsburgh,PA,80000.0
Systems Administrator,Federal Government Contractor,11 - 20 years,Washington,DC,75000.0
Cost Analyst,Defense,5 - 7 years,Boston,MA,69000.0
Recruiter,Technology,8 - 10 years,Atlanta,GA,82000.0
Senior Director,Educational Technology,31 - 40 years,Portland,OR,160099.0
HR Administrator,Human Resources,2 - 4 years,Seattle,WA,49700.0
Senior Digital Strategist,Nonprofit,11 - 20 years,Los Angeles,CA,70000.0
Supervising Policy Analyst,Government,11 - 20 years,Seattle,WA,158000.0
visual resources coordinator,Higher Education,11 - 20 years,New York,NY,73000.0
Business Development Manager,Quality Assurance,8 - 10 years,New York,NY,114000.0
Senior Communications Specialist,Nonprofit,11 - 20 years,Seattle,WA,83000.0
Senior UX Researcher,Technology,8 - 10 years,Atlanta,GA,110000.0
FP&A Manager,Finance for the industrial baking industry,11 - 20 years,St. Louis,MO,142000.0
Administrative Assistant,Finance,5 - 7 years,New York,NY,87500.0
Research Coordinator,Healthcare Membership Organization,2 - 4 years,Washington,DC,40000.0
global program specialist,Nonprofit,5 - 7 years,New York,NY,79000.0
Senior Editorial Assistant,Publishing,8 - 10 years,Boston,MA,52000.0
Senior Manager,Biotech,5 - 7 years,Boston,MA,155000.0
Full-time chat agent,Customer Service,5 - 7 years,Chicago,IL,23000.0
Patient Service Specialist,Healthcare,2 - 4 years,Chicago,IL,42224.0
Executive Assistant (to Chief Business Officer),Tech,2 - 4 years,San Francisco,CA,85000.0
Product Manager,Software,11 - 20 years,Boston,MA,108000.0
Project Architect,Architecture,5 - 7 years,Los Angeles,CA,80000.0
Executive Administrative Assistant,Admin,2 - 4 years,Seattle,WA,47850.0
Clinic coordinator,Healthcare,11 - 20 years,Minneapolis,MN,69000.0
Research Scientist,Science academic research,11 - 20 years,Seattle,WA,70000.0
Direct Marketing Manager,Nonprofit fundraising,5 - 7 years,Boston,MA,53000.0
Medical Secretary,Healthcare,2 - 4 years,New York,NY,56000.0
Program Coordinator,Recreation,5 - 7 years,Chicago,IL,62000.0
Assistant Digital Curator,Higher Ed. Visual Resources,1 year or less,New York,NY,47000.0
Software Engineer,Tech,8 - 10 years,Portland,OR,90000.0
Director,Security,11 - 20 years,Washington,DC,152000.0
Senior medical writer,Medical communications (pharma),8 - 10 years,Atlanta,GA,93000.0
Development Coordinator,Nonprofit,2 - 4 years,Los Angeles,CA,45000.0
Software Engineer,Software Development,5 - 7 years,Boston,MA,93500.0
Associate Director,Libraries,21 - 30 years,Portland,ME,84178.0
Assistant Director of Student Financial Aid,Higher Education,21 - 30 years,Boston,MA,57500.0
Aptitude Consultant,Nonprofit,2 - 4 years,Atlanta,GA,40000.0
Children's Librarian,Public Library,5 - 7 years,Washington,DC,66800.0
Sales Manager,Publishing,5 - 7 years,Portland,OR,47250.0
Social Worker,Public Defense,11 - 20 years,Seattle,WA,84000.0
Senior Research Librarian,Government,11 - 20 years,Washington,DC,122310.0
Director of Community Programs,public health/community based organization,11 - 20 years,Boston,MA,75000.0
Director of Admissions,Higher Education,11 - 20 years,Chicago,IL,88000.0
Software Engineer,Tech,2 - 4 years,San Francisco,CA,130000.0
Lead Sitecore Web Developer,Information Technology,11 - 20 years,Baltimore,MD,100000.0
Engineer,Tech,2 - 4 years,Atlanta,GA,110000.0
Programs and Communications Coordinator,Non-Profit/Diversity & Inclusion,5 - 7 years,Minneapolis,MN,45000.0
Product Designer,Technology/Non-Profit,8 - 10 years,San Francisco,CA,100000.0
Assistant Editor,Healthcare,5 - 7 years,Philadelphia,PA,45000.0
Genetic counselor,Healthcare,11 - 20 years,Houston,TX,86500.0
Senior Communications Strategist,Tech,11 - 20 years,Atlanta,GA,133000.0
Product Designer,Technology,2 - 4 years,Atlanta,GA,91000.0
Data Scientist,Finance,5 - 7 years,New York,NY,200000.0
Contracts Manager,Aerospace,11 - 20 years,Seattle,WA,130000.0
Wealth Management Analytics Manager,Banking and Finance,21 - 30 years,Minneapolis,MN,95000.0
Research Contract Analyst,Research Administration,2 - 4 years,Los Angeles,CA,78000.0
Recruiter,Technology Consulting,11 - 20 years,Chicago,IL,83600.0
Senior Development Operations Associate,Nonprofit,5 - 7 years,Boston,MA,58560.0
Senior Project Manager,Healthcare science,21 - 30 years,Boston,MA,82000.0
Creative assistant,Film,1 year or less,New York,NY,41260.0
Airport Operations Team Lead,Aviation,2 - 4 years,Chicago,IL,45000.0
Development and Communications Manager,Nonprofit,5 - 7 years,Chicago,IL,58800.0
Director of Engineering,Computer Technology,21 - 30 years,San Francisco,CA,208000.0
Renters Insurance Specialist,Property Management,1 year or less,Austin,TX,37120.0
Youth Service Librarian,Libraries,8 - 10 years,Minneapolis,MN,55000.0
Assistant Manager,Librarian,5 - 7 years,New York,NY,58930.0
Training Coordinator,Local Government,21 - 30 years,Portland,OR,79692.0
Director of Product Marketing,Publishing,11 - 20 years,New York,NY,147000.0
Senior Paralegal,government/legal,2 - 4 years,Washington,DC,54000.0
Senior Compensation Analyst,Nonprofit,11 - 20 years,Washington,DC,112000.0
Digital Project Manager,digital technology and advertising,11 - 20 years,Philadelphia,PA,100000.0
Project Manager,Pet care,8 - 10 years,Portland,OR,73000.0
Graphic Designer,Finance,8 - 10 years,New York,NY,68500.0
President,Public Relations,21 - 30 years,San Francisco,CA,324000.0
Deputy Communications Director,Politics,8 - 10 years,Washington,DC,95000.0
Staff Accountant,Energy/Utility,2 - 4 years,San Diego,CA,65000.0
Global Knowledge Management Lead,Technology,8 - 10 years,Austin,TX,80000.0
Fixed Asset Accounting,Hospitality,11 - 20 years,Denver,CO,47800.0
Director of HR & Operations,Nonprofit,11 - 20 years,San Francisco,CA,117000.0
Adult Services Manager,Libraries,5 - 7 years,Pittsburgh,PA,50000.0
Director of Admissions,Nonprofit,5 - 7 years,San Francisco,CA,65000.0
Development Officer,Fundraising,11 - 20 years,Washington,DC,95000.0
Executive Assistant,Legal,5 - 7 years,Washington,DC,63000.0
Financial Advisor,Finance,8 - 10 years,St. Louis,MO,170000.0
Analyst,Federal Government,5 - 7 years,Washington,DC,62000.0
Geoscientist II,Oil & Gas,5 - 7 years,Denver,CO,93000.0
Paralegal,Nonprofit,1 year or less,Boston,MA,36000.0
Finance Manager,Pharma,8 - 10 years,Philadelphia,PA,127500.0
Library Assistant,Legal,11 - 20 years,Philadelphia,PA,40000.0
SVP Strategy,Marketing,11 - 20 years,Minneapolis,MN,200000.0
Editorial Assistant,Government/international organization,5 - 7 years,New York,NY,65000.0
Marketing Associate,Health tech,5 - 7 years,Chicago,IL,70000.0
Analytics Manager,Labor Union,5 - 7 years,Washington,DC,92579.0
Chief Editor,Scientific Publishing,5 - 7 years,New York,NY,110000.0
Office Manager,Architectural/Engineering Firm,21 - 30 years,Chicago,IL,51862.0
Program Director,Non-profit certification,8 - 10 years,Portland,OR,125000.0
Senior Pricing Analyst,Electronics,5 - 7 years,Chicago,IL,56000.0
Administrative Specialist,Mortgage Insurance,11 - 20 years,Philadelphia,PA,60000.0
Staff,Accounting,2 - 4 years,San Diego,CA,68000.0
Talent Acquisition Analyst,HR,8 - 10 years,New York,NY,66000.0
Marketing Coordinator,Nonprofit,2 - 4 years,Denver,CO,36300.0
Process Engineer,Manufacturing,2 - 4 years,Philadelphia,PA,62500.0
Associate,Law,5 - 7 years,New York,NY,290000.0
Office Manager,Property Management,2 - 4 years,Pittsburgh,PA,34560.0
Community Manager,Coworking/Commercial Real Estate,8 - 10 years,Boston,MA,46000.0
Business Analyst,Technology,5 - 7 years,Boston,MA,69000.0
Membership Manager,Association/Non-Profit,2 - 4 years,Philadelphia,PA,60000.0
Graphic Designer,International Development,11 - 20 years,Washington,DC,70000.0
Senior Fraud & Security Analyst,Banking,5 - 7 years,Denver,CO,75000.0
Strategy Director,Advertising,8 - 10 years,New York,NY,160000.0
Research Assistant,Child development research,2 - 4 years,Boston,MA,37000.0
Staff Consultant,Consulting,2 - 4 years,Los Angeles,CA,84375.0
Research Biolgist,Goverment,21 - 30 years,Atlanta,GA,80724.0
Quality Engineer,Medical Devices,2 - 4 years,Minneapolis,MN,65000.0
Content Stratgist,Communications,1 year or less,San Francisco,CA,65000.0
Wealth Manager,Banking,5 - 7 years,Boston,MA,130000.0
Data Scientist,Higher Education,21 - 30 years,Portland,ME,85000.0
Analyst,Government,8 - 10 years,Washington,DC,92000.0
Program Manager,Engineering Services,21 - 30 years,Boston,MA,195000.0
Development & Communications Associate,Nonprofit Development,5 - 7 years,Boston,MA,43000.0
Senior Manager,event non-profit,11 - 20 years,New York,NY,96800.0
Director,Finance,11 - 20 years,New York,NY,138500.0
Practice Manager,Legal,21 - 30 years,Minneapolis,MN,48000.0
Associate Director,Higher Education,5 - 7 years,Washington,DC,76500.0
"Director, Marketing & On-Air Promotion",Entertainment,11 - 20 years,Los Angeles,CA,113300.0
Account Executive,Retail,5 - 7 years,New York,NY,53500.0
Architectural Associate,Architecture,2 - 4 years,Portland,OR,48000.0
Assistant Director of Admission,Higher Education,11 - 20 years,Boston,MA,54000.0
Associate Director of College Counseling,Education,11 - 20 years,Boston,MA,82000.0
Webmaster/System Administrator,Information Technology/Non-profit,21 - 30 years,Washington,DC,86000.0
Data Analyst,Retail,2 - 4 years,New York,NY,100000.0
Customer Success Manager,IT,8 - 10 years,Austin,TX,83000.0
Logistics Analyst,Federal Government,8 - 10 years,Washington,DC,81500.0
Software Engineer,Technology,1 year or less,Atlanta,GA,92000.0
Senior Research Analyst,Consulting,2 - 4 years,Washington,DC,63500.0
Senior Contracts Manager,Legal,5 - 7 years,Phoenix,AZ,78000.0
Senior Copywriter,Marketing,31 - 40 years,Baltimore,MD,60000.0
Consultant,Online Communictions/Social Media,11 - 20 years,Washington,DC,96000.0
Software Engineer,Business Services,5 - 7 years,Boston,MA,96000.0
Quality Control Supervisor,Pharmaceutical,11 - 20 years,Phoenix,AZ,83200.0
Property Manager,Property Management,11 - 20 years,Denver,CO,83000.0
"""Jack of all Trades""",Medical,8 - 10 years,Phoenix,AZ,31000.0
Contract Coordinator,Oil and Gas,2 - 4 years,Houston,TX,62000.0
Administrative Officer,International Education,2 - 4 years,Washington,DC,45000.0
Editor,Finance,8 - 10 years,Chicago,IL,75000.0
Member Relations Manager,Higher Education Fundraising,5 - 7 years,Austin,TX,40000.0
Staff Attorney,Law,11 - 20 years,New York,NY,175000.0
Senior Editor,Healthcare,11 - 20 years,Los Angeles,CA,88000.0
Senior Editor,Journalism,11 - 20 years,New York,NY,35000.0
Software Engineer,Software,8 - 10 years,Portland,OR,105000.0
Troop Operations Manager,Nonprofit,8 - 10 years,San Diego,CA,56170.0
Data Scientist,Tech,2 - 4 years,Atlanta,GA,90000.0
IT Director,Transportation,11 - 20 years,Chicago,IL,168000.0
Manager,Consulting,5 - 7 years,Chicago,IL,113000.0
Law Clerk,Law,2 - 4 years,Denver,CO,54000.0
Associate Director,Environmental Health and Safety,8 - 10 years,New York,NY,109000.0
Regional Philanthropy Officer,Nonprofit,5 - 7 years,Washington,DC,85000.0
Data Analyst,Higher Education,5 - 7 years,Philadelphia,PA,59000.0
Content Marketing Manager,Publishing/Media,5 - 7 years,San Francisco,CA,72940.0
Controller,Internet Publishing,8 - 10 years,Austin,TX,105000.0
Prospect Researcher,Nonprofit,5 - 7 years,Washington,DC,59000.0
Administrative Assistant,Education,5 - 7 years,New York,NY,58000.0
Digital Project Specialist,Libraries,8 - 10 years,Washington,DC,94000.0
Director of Marketing,Nonprofit / media,11 - 20 years,Philadelphia,PA,83000.0
Associate Art Director,Publishing,11 - 20 years,New York,NY,61000.0
Director of Communications,Education,8 - 10 years,New York,NY,95000.0
Software Engineer,"software development, news media",11 - 20 years,Portland,OR,140000.0
Assistant Director,Government,11 - 20 years,Denver,CO,125000.0
Database & Grants Coordinator,Nonprofit,2 - 4 years,Boston,MA,42000.0
Operations Manager,Nonprofit,8 - 10 years,Pittsburgh,PA,46125.0
Department Administrator,Higher Ed,11 - 20 years,Los Angeles,CA,95000.0
Account Manager,Government healthcare,8 - 10 years,Boston,MA,75000.0
Deputy Director for Policy and Research,Nonprofit,11 - 20 years,New York,NY,92500.0
Development Associate,Nonprofit,8 - 10 years,Seattle,WA,52500.0
Manager,Finance,8 - 10 years,Boston,MA,150000.0
Field Organizer,Nonprofit,2 - 4 years,Washington,DC,45000.0
Communications Manager,Human Services,5 - 7 years,Denver,CO,43000.0
Communications Manager,Nonprofit,8 - 10 years,Atlanta,GA,60774.0
Database Administrator,Nonprofit,5 - 7 years,New York,NY,77000.0
Development Associate,Nonprofit Development,2 - 4 years,Denver,CO,42000.0
Personal Assistant,Finance,8 - 10 years,New York,NY,75000.0
Regional Manager,Nonprofit,5 - 7 years,Washington,DC,70000.0
Administrative Assistant,Office,21 - 30 years,Seattle,WA,37000.0
Development Manager,Nonprofit,5 - 7 years,Washington,DC,52000.0
Activities coordinator,Nonprofit,1 year or less,Los Angeles,CA,43000.0
Senior Director of Development,Nonprofit,11 - 20 years,Atlanta,GA,98000.0
Event Manager,Nonprofit,11 - 20 years,Chicago,IL,60000.0
Marketing Specialist,Ecommerce,11 - 20 years,Seattle,WA,40000.0
Librarian,Academia,5 - 7 years,Washington,DC,70000.0
Senior Accountant,Government,5 - 7 years,Washington,DC,63000.0
Major Gift Officer,NonProfit/Community Health Care,5 - 7 years,Boston,MA,78000.0
senior program and education manager,environmental non-profit manager,5 - 7 years,Seattle,WA,49000.0
Senior Software Engineer,Tech,11 - 20 years,San Francisco,CA,135000.0
Head of Content Strategy,HR Technology,8 - 10 years,Boston,MA,92000.0
Program Manager,Nonprofit,5 - 7 years,New York,NY,85000.0
Senior Digital Marketing Strategist,Tech (startup),11 - 20 years,Los Angeles,CA,105000.0
Traveling Exhibits Manager,Museums,8 - 10 years,Pittsburgh,PA,41000.0
Director of PR & Communications,Commercial Construction,11 - 20 years,Chicago,IL,89000.0
Neighborhood Library Supervisor,Public Libraries,11 - 20 years,New York,NY,64500.0
Program Director,Nonprofit,31 - 40 years,Portland,ME,78000.0
Legal Analyst,Law,11 - 20 years,Pittsburgh,PA,62000.0
Interpretation Coordinator,Museums,5 - 7 years,Atlanta,GA,28000.0
PR & Special Events Director,Nonprofit,5 - 7 years,Denver,CO,70000.0
Policy Analyst,Think tanks,5 - 7 years,Washington,DC,61000.0
Executive Director,Nonprofit,11 - 20 years,Baltimore,MD,95000.0
Associate Director,Education,11 - 20 years,Washington,DC,71000.0
Director of Annual Giving,Higher Education/ Nonprofit,8 - 10 years,Philadelphia,PA,57000.0
Program Associate,Nonprofit,8 - 10 years,Atlanta,GA,41000.0
Associate Professor,Higher Education,11 - 20 years,Los Angeles,CA,89000.0
Librarian,Higher Education,11 - 20 years,Minneapolis,MN,54000.0
Communications Specialist,Education,8 - 10 years,New York,NY,71000.0
Director of Technology,"Architecture, Engineering, Construction",11 - 20 years,Dallas,TX,147000.0
Executive Assistant,Management Consulting,8 - 10 years,San Francisco,CA,90000.0
Clinical Trial Program Manager,Biotechnology,11 - 20 years,San Francisco,CA,165000.0
Executive Director,Nonprofit,8 - 10 years,San Francisco,CA,84000.0
Database Administrator,Nonprofit/Philanthropy,8 - 10 years,Washington,DC,65775.0
Operations Director,Nonprofit,2 - 4 years,New York,NY,49441.0
Program Director,Education Non-profit,5 - 7 years,Portland,ME,52500.0
Assistant General Manager,Airport Retail,2 - 4 years,Dallas,TX,43000.0
Box Office Manager,Arts and Culture- Non Profit,2 - 4 years,Denver,CO,45000.0
Audience Services Manager,Non-Profit Performing Arts,2 - 4 years,Seattle,WA,43200.0
Director of Quality Assurance,Environmental,31 - 40 years,Washington,DC,156000.0
Veterinarian,Veterinary medicine,5 - 7 years,Atlanta,GA,94000.0
National events manager,Nonprofit,2 - 4 years,Los Angeles,CA,65000.0
Administrator,Higher Education,11 - 20 years,Chicago,IL,40000.0
Communications and Development Director,Nonprofit,11 - 20 years,Seattle,WA,85000.0
Director of knowledge management,Nonprofit,11 - 20 years,Washington,DC,115000.0
Communications Coordinator,Nonprofit,5 - 7 years,Washington,DC,56000.0
Senior Business Analyst,Tech,8 - 10 years,Denver,CO,174000.0
Director of Food Resources,Non-profit food bank,5 - 7 years,Seattle,WA,76000.0
Grant Writer,Nonprofit,5 - 7 years,Boston,MA,60000.0
CRM marketing manager,SaaS/Recruiting,8 - 10 years,Chicago,IL,70000.0
Director of Operations,Nonprofit,11 - 20 years,New York,NY,95000.0
Editor,Journalism,5 - 7 years,Denver,CO,112000.0
Technical Project Manager,Point of Sale,11 - 20 years,Chicago,IL,74000.0
Assistant Principal,Education,5 - 7 years,St. Louis,MO,61000.0
Director of Accounting,Accounting,11 - 20 years,Atlanta,GA,165000.0
Marketing,IT,2 - 4 years,San Diego,CA,55000.0
Education Assistant,Museums,2 - 4 years,New York,NY,38000.0
Legal Secretary,Legal,5 - 7 years,Phoenix,AZ,42000.0
Senior Marketing Manager,DTC E-commerce apparel brand,2 - 4 years,New York,NY,90000.0
Assistant Vice President,Finance,8 - 10 years,New York,NY,150000.0
Office Coordinator,Theater,1 year or less,New York,NY,40000.0
Board Liaison/Executive Admin,Nonprofit,8 - 10 years,Phoenix,AZ,65000.0
Data Analyst,Publishing,2 - 4 years,New York,NY,62000.0
Development Associate,Nonprofit advocacy,1 year or less,New York,NY,58500.0
Operations Manager,Non profit - Art and Advocacy,2 - 4 years,Chicago,IL,43000.0
Associate Director Medical Writing,Biotech/Pharma,11 - 20 years,San Diego,CA,170000.0
Student Support Coordinator,Education,8 - 10 years,New York,NY,62000.0
Digital Marketing Coordinator,Publishing,2 - 4 years,New York,NY,40110.0
Program Manager,Water,8 - 10 years,Los Angeles,CA,42000.0
Associate,Law,5 - 7 years,Portland,OR,123000.0
"VP, client solutions",Healthcare,21 - 30 years,New York,NY,160000.0
VP Marketing,Financial Services,21 - 30 years,New York,NY,155000.0
Communications & Marketing Associate,Nonprofit,5 - 7 years,Los Angeles,CA,60000.0
Executive Director,Arts (classical music),8 - 10 years,Atlanta,GA,45000.0
Stage Manager,Entertainment,21 - 30 years,San Francisco,CA,73000.0
Business Development Manager,International Development,2 - 4 years,Washington,DC,72000.0
education programs coordinator,International Education,2 - 4 years,Seattle,WA,34000.0
Senior Product Manager,Utility,5 - 7 years,Portland,OR,100000.0
Senior director of communications & marketing,Nonprofit,11 - 20 years,New York,NY,94000.0
Chief Operating Officer,Nonprofit,21 - 30 years,Boston,MA,160000.0
Commission Supervisor,Insurance,5 - 7 years,Atlanta,GA,52000.0
Group Communications Director,Media/Advertising,11 - 20 years,Los Angeles,CA,150000.0
Teacher,Education,11 - 20 years,Boston,MA,95000.0
Digital managing editori,Publishing,8 - 10 years,New York,NY,84000.0
Information and Communications Coordinator,Nonprofit,5 - 7 years,Boston,MA,44000.0
"Manager, Prospect Research",Performing Arts/Fundraising,5 - 7 years,New York,NY,75000.0
Adjunct professor,Academia (STEM),5 - 7 years,Denver,CO,20000.0
Grants Manager,Nonprofit Development,8 - 10 years,Portland,OR,50500.0
Advancement Manager,Nonprofit,8 - 10 years,Chicago,IL,47000.0
Science writer,Government,2 - 4 years,Washington,DC,66000.0
Director,Retail,8 - 10 years,New York,NY,410000.0
"Deputy Director, Department",Nonprofit,8 - 10 years,Washington,DC,121000.0
Director of Finance,Education Non-profit,11 - 20 years,New York,NY,82000.0
Academic Technology Specialist,Education,11 - 20 years,Boston,MA,59927.0
Deputy Chief of Staff,Politics/Government,5 - 7 years,Washington,DC,95000.0
Director of Development Operations,Nonprofit,11 - 20 years,New York,NY,107000.0
Analyst,Government,5 - 7 years,Los Angeles,CA,68000.0
Teacher,Education,11 - 20 years,Houston,TX,70000.0
Equity Analyst,Finance,5 - 7 years,Atlanta,GA,75000.0
Administrative Assistant,International organization,11 - 20 years,New York,NY,63000.0
Data Analyst,IT,21 - 30 years,Seattle,WA,75000.0
Software Engineer,Tech,2 - 4 years,San Francisco,CA,145000.0
Associate Attorney,Legal,2 - 4 years,Chicago,IL,95000.0
Administrative Assistant,International organization,11 - 20 years,New York,NY,63000.0
Marketing Manager,Nonprofit,11 - 20 years,San Francisco,CA,110000.0
Community Engagement Manager,Museum Education,11 - 20 years,Los Angeles,CA,65000.0
Media Relations Manager,Public Relations,11 - 20 years,Chicago,IL,115000.0
Data Scientist,Healthcare,5 - 7 years,Pittsburgh,PA,118000.0
Program Compliance Coordinator,Health and Human Services,5 - 7 years,Austin,TX,57000.0
Managing attorney,Non-profit law,11 - 20 years,Philadelphia,PA,90000.0
Account Manager,Manufacturing,11 - 20 years,Denver,CO,63000.0
Major Gifts Officer,Nonprofit,5 - 7 years,Pittsburgh,PA,55000.0
Audit Supervisor,Manufacturing,5 - 7 years,Chicago,IL,105000.0
Supervisor,Healthcare,21 - 30 years,Portland,OR,63000.0
Library Media Specialist,Education,2 - 4 years,Baltimore,MD,61000.0
Program Manager,Nonprofit,2 - 4 years,Seattle,WA,48000.0
Analyst,Tech,11 - 20 years,New York,NY,105000.0
Visitor Services Assistant,Museums,8 - 10 years,Philadelphia,PA,22000.0
Veterinarian,Veterinary medicine,2 - 4 years,Houston,TX,95000.0
Research Scientist,"Consulting, research, analysis",8 - 10 years,Washington,DC,119000.0
Senior Member Services Representative,Association Management,21 - 30 years,Washington,DC,55000.0
Design Engineer,Engineering,1 year or less,Baltimore,MD,54000.0
Software Engineer,Software,2 - 4 years,Portland,OR,72000.0
Resident physician,Healthcare,1 year or less,Atlanta,GA,59000.0
Agent,Travel,5 - 7 years,Phoenix,AZ,38000.0
Manager,Nonprofit,8 - 10 years,Washington,DC,70000.0
Administrative Assistant,Academia,1 year or less,Boston,MA,48000.0
Director of Operations,Nonprofit,8 - 10 years,Pittsburgh,PA,48000.0
Director of Recreation,Healthcare,11 - 20 years,Philadelphia,PA,49000.0
Teacher,Education,2 - 4 years,Houston,TX,53000.0
Psychiatric Mental Health Nurse Practitioner,Mental health/medical,2 - 4 years,Seattle,WA,180000.0
Career Consultant,Government,11 - 20 years,New York,NY,55000.0
Finance & Procurement Manager,Higher education (public),21 - 30 years,Portland,OR,98000.0
Marketing Manager,Marketing,5 - 7 years,New York,NY,66000.0
Chief Financial Officer,Nonprofit,11 - 20 years,Washington,DC,218000.0
Executive Director,Nonprofit,11 - 20 years,Dallas,TX,77800.0
Sales Manager,Publishing,5 - 7 years,New York,NY,65000.0
Development Officer,Nonprofit,11 - 20 years,Portland,OR,49000.0
Copy Manager,Ecommerce,21 - 30 years,Seattle,WA,81000.0
Consultant,Telecom,21 - 30 years,New York,NY,100000.0
Senior development director,Non-proft,11 - 20 years,Los Angeles,CA,100000.0
Program Manager,Nonprofit youth services,5 - 7 years,Seattle,WA,52000.0
Software Engineer,game development/tech,2 - 4 years,San Francisco,CA,135000.0
Senior Policy Advisor,US congress,8 - 10 years,Washington,DC,92000.0
Directing Attorney,Legal,11 - 20 years,Los Angeles,CA,100000.0
Registered Nurse,Healthcare,31 - 40 years,Houston,TX,117000.0
Development Associate,Nonprofit,2 - 4 years,New York,NY,63000.0
Manager,Consulting,11 - 20 years,Los Angeles,CA,170000.0
"Associate Director, CMN Hospitals",Healthcare non-profit,5 - 7 years,Washington,DC,75000.0
"Associate Director, CMN Hospitals",Healthcare non-profit,5 - 7 years,Washington,DC,75000.0
Associate,Law,8 - 10 years,Boston,MA,250000.0
Director of Husbandry,Conservation/zoo/aquarium/museum,11 - 20 years,Los Angeles,CA,86200.0
Content Creator,ed tech startup,11 - 20 years,Austin,TX,47000.0
Senior Membership Specialist,Non-profit trade association,8 - 10 years,Washington,DC,83000.0
Director of Development,Non orofit theater,11 - 20 years,Chicago,IL,50000.0
Behavioral Health Case Manager,Insurance,8 - 10 years,Houston,TX,75000.0
Associate Attorney,Law,2 - 4 years,New York,NY,190000.0
Senior Media Buyer/Planner,Advertising,2 - 4 years,New York,NY,60000.0
Marketing Manager,Publishing,11 - 20 years,New York,NY,56000.0
Director of Administration,Arts Administration/ Nonprofit,8 - 10 years,St. Louis,MO,80000.0
Development Associate,Nonprofit,2 - 4 years,Washington,DC,50000.0
Director of Development,Nonprofit,11 - 20 years,Boston,MA,92500.0
Grants Program Director,Higher Education,11 - 20 years,Denver,CO,57800.0
Associate Media Director,Advertising,8 - 10 years,San Francisco,CA,113000.0
Communications Manager,Public art nonprofit,5 - 7 years,Philadelphia,PA,48000.0
Senior Management Accountant,Beverage Manufacturing,8 - 10 years,Dallas,TX,95000.0
Legal advocat,Legal aid,5 - 7 years,Houston,TX,46000.0
Legal advocat,Legal aid,5 - 7 years,Houston,TX,46000.0
Licensing Specialist,State Government--Department of Education,11 - 20 years,Baltimore,MD,50700.0
Grants and Projects Coordinator,Nonprofit,2 - 4 years,Los Angeles,CA,58000.0
Development Associate,Nonprofit,2 - 4 years,Chicago,IL,33000.0
Scholarship Program Manager,Education,2 - 4 years,Seattle,WA,57000.0
Hr & Finance assistant,Non-Profit Performing Arts,2 - 4 years,Washington,DC,38000.0
Business Analyst,Tech,8 - 10 years,Seattle,WA,109000.0
Account Associate,Communications,2 - 4 years,Los Angeles,CA,50000.0
Account Manager,Market Research,11 - 20 years,Chicago,IL,93000.0
Graphic Designer,Tech,2 - 4 years,Seattle,WA,65000.0
education & outreach supervisor,public gardens,11 - 20 years,Seattle,WA,54000.0
IT GRC Manager,Tech,21 - 30 years,Los Angeles,CA,140000.0
Deputy Director,Nonprofit,21 - 30 years,Portland,OR,75000.0
Executive Director,Arts and Culture Non-Profit,11 - 20 years,Seattle,WA,55000.0
Project Coordinator,Telecommunications,21 - 30 years,Seattle,WA,60000.0
Manager In Training,Retail,5 - 7 years,Austin,TX,38084.0
Finance Manager,Technology,11 - 20 years,Portland,OR,120000.0
Web Analyst,Tech/Software,2 - 4 years,Minneapolis,MN,72000.0
Project Coordinator,Telecommunications,21 - 30 years,Seattle,WA,60000.0
Registered Nurse,Healthcare,11 - 20 years,Portland,OR,101000.0
Fabricaton Supervisor,Automotive R&D,21 - 30 years,Los Angeles,CA,150000.0
HR Manager,Nonprofit,11 - 20 years,San Francisco,CA,95700.0
Program Assistant,Foundation,5 - 7 years,Seattle,WA,72000.0
Director,Nonprofit,5 - 7 years,Chicago,IL,59000.0
Data Scientist,Insurance,11 - 20 years,San Francisco,CA,117000.0
Senior Product Marketing Manager,Biotech,8 - 10 years,San Francisco,CA,170000.0
BIcycle Mechanic,"Transportation, recreation",11 - 20 years,Portland,OR,32500.0
Product Manager,Education Technology,1 year or less,San Francisco,CA,123000.0
Communications Manager,Nonprofit,8 - 10 years,Seattle,WA,80000.0
"Director, safety net programs",Healthcare,8 - 10 years,Los Angeles,CA,126000.0
Project Consultant,Environmental Science,5 - 7 years,San Francisco,CA,58600.0
Operations Manager,Ecommerce,8 - 10 years,San Francisco,CA,87000.0
director of content strategy,Marketing,5 - 7 years,Seattle,WA,100000.0
Program Manager,Ecommerce,2 - 4 years,Seattle,WA,62000.0
Program Director,Community Foundation,11 - 20 years,San Diego,CA,95000.0
Director of Development,Nonprofit,11 - 20 years,Boston,MA,102000.0
RN (Registered Nurse),Healthcare,21 - 30 years,Portland,OR,108000.0
Manager,Banking,8 - 10 years,Seattle,WA,62000.0
Culture editor,Media,21 - 30 years,New York,NY,132000.0
Solution Principal,Consulting,11 - 20 years,Atlanta,GA,165000.0
"Health Coordinator, Advocacy Officer",Nonprofit social services,8 - 10 years,Philadelphia,PA,45500.0
Assistant Principal,Education,11 - 20 years,Philadelphia,PA,95000.0
General Manager,Food Service,2 - 4 years,New York,NY,36000.0
Senior Director,Consulting,11 - 20 years,Boston,MA,195000.0
Chief Operating Officer,Nonprofit,41 years or more,Washington,DC,100000.0
Ad Coordinator,Digital Publishing,2 - 4 years,New York,NY,42500.0
Attorney,Legal,11 - 20 years,New York,NY,80080.0
Associate Full-Stack Engineer,Tech,5 - 7 years,Minneapolis,MN,70000.0
HUD/VASH Social Worker,Social Work,5 - 7 years,Portland,OR,53000.0
Back-end software engineer,Academic software,5 - 7 years,Boston,MA,88000.0
Database Administrator,Nonprofit,5 - 7 years,Austin,TX,56000.0
Electrical Engineer,Energy,8 - 10 years,Boston,MA,103500.0
Senior Program Officer,"International Education, non-profit",5 - 7 years,New York,NY,58500.0
Senior Manager,Healthcare non-profit,8 - 10 years,Washington,DC,77500.0
Graduate Research Assistant,Scientific Research; Academic,2 - 4 years,Baltimore,MD,28000.0
Senior Technical Writer,Software,2 - 4 years,Atlanta,GA,65971.0
Senior Lecturer,Higher Ed,5 - 7 years,Washington,DC,69000.0
Principal Consultant,IT Consulting,11 - 20 years,Philadelphia,PA,195000.0
Program Manager,International Development,8 - 10 years,Washington,DC,70500.0
Systems Engineer,Finance,2 - 4 years,New York,NY,75000.0
Attorney,Law,11 - 20 years,Los Angeles,CA,120000.0
Volunteer & Community Engagement Manager,Nonprofit,5 - 7 years,Minneapolis,MN,33280.0
Assistant Professor,Academia,2 - 4 years,New York,NY,130000.0
Senior Marketing Campaign Lead,Software/Tech,11 - 20 years,Minneapolis,MN,97050.0
Senior Marketing Campaign Lead,Software/Tech,11 - 20 years,Minneapolis,MN,97050.0
Senior Program Coordinator,International Development Nonprofit,8 - 10 years,Washington,DC,70000.0
Communications Manager,Nonprofit,11 - 20 years,Washington,DC,72100.0
Policy Director,Nonprofit advocacy,11 - 20 years,Austin,TX,78000.0
Associate Editor,Education,5 - 7 years,Seattle,WA,50000.0
HR Manager,Higher Education,8 - 10 years,Boston,MA,70000.0
Director,Consulting,8 - 10 years,San Francisco,CA,253000.0
Senior Content Strategist,Public Relations,11 - 20 years,Minneapolis,MN,70000.0
Director,Museum/Higher Ed,11 - 20 years,Philadelphia,PA,61800.0
Corporate Trainer,BPO,11 - 20 years,Austin,TX,47500.0
Grant/Marketing Specialist,Government,21 - 30 years,Denver,CO,71000.0
Product Designer,Software,11 - 20 years,Boston,MA,132000.0
Archivist,Museum and Archives,8 - 10 years,Baltimore,MD,55000.0
Chief of Staff,Higher Education,8 - 10 years,New York,NY,128000.0
Deputy Director,Nonprofit,11 - 20 years,Washington,DC,62450.0
Associate Director,Higher Education Facilities,11 - 20 years,San Francisco,CA,160000.0
Deputy Director,Nonprofit,11 - 20 years,Washington,DC,62450.0
Research Manager,Marketing & Advertising,8 - 10 years,New York,NY,81600.0
Strategist,Media,2 - 4 years,New York,NY,51000.0
Digital Product Manager,CPG,8 - 10 years,Dallas,TX,129000.0
Senior Creative Strategist,Media,8 - 10 years,New York,NY,90000.0
Associate Director of Individual Giving,Nonprofit,5 - 7 years,Chicago,IL,65000.0
Analyst,Energy,2 - 4 years,Houston,TX,80000.0
Senior Content Strategist,Marketing,5 - 7 years,New York,NY,80000.0
Office Manager,Manufacturing,8 - 10 years,Pittsburgh,PA,48000.0
Head of IT,Technology,11 - 20 years,Boston,MA,130000.0
Marketing Operations Manager,Tech,5 - 7 years,Denver,CO,84000.0
Product Manager,Manufacturing,5 - 7 years,Chicago,IL,160000.0
Digital Content Specialist,Education,5 - 7 years,Minneapolis,MN,52000.0
Event Planner,Events,2 - 4 years,New York,NY,65000.0
Producer,Entertainment,5 - 7 years,Los Angeles,CA,55000.0
Strategist,Architecture and Design,2 - 4 years,San Francisco,CA,75000.0
Vice President,Cannabis,8 - 10 years,Chicago,IL,75000.0
IP Paralegal,Legal,2 - 4 years,Minneapolis,MN,60000.0
Assistant Buyer,Merchandising,2 - 4 years,New York,NY,67000.0
Implementation,Nonprofit (as consultant),11 - 20 years,Boston,MA,85000.0
Content Developer,E-Learning,11 - 20 years,Chicago,IL,58000.0
HR Coordinator,Pharmaceutical,5 - 7 years,Pittsburgh,PA,40000.0
Database Engineer,Technology - Software,11 - 20 years,Seattle,WA,140000.0
Architectural Associate,Architecture,11 - 20 years,Houston,TX,53000.0
Nurse Practitioner,Healthcare/Research/Gov't,11 - 20 years,Washington,DC,115699.0
Research Scientist,scientific research / government,5 - 7 years,New York,NY,64000.0
Quality Manager,Engineering,21 - 30 years,Seattle,WA,200000.0
Software Engineer,Tech,2 - 4 years,Portland,OR,97000.0
Account Executive,Public Relations,2 - 4 years,Washington,DC,55500.0
Marketing Manager,Book publishing,5 - 7 years,New York,NY,64000.0
Site Reliability Engineer,Tech,11 - 20 years,San Francisco,CA,178000.0
Veterinarian,Veterinary medicine,21 - 30 years,Atlanta,GA,85000.0
Planning Manager,Tech/Urban Development,11 - 20 years,New York,NY,110000.0
Finance Director,Venture Capital,8 - 10 years,New York,NY,150000.0
Business Development Strategist,Legal,5 - 7 years,St. Louis,MO,70000.0
Systems Engineer,Nonprofit,8 - 10 years,New York,NY,93000.0
IT Engineer - Mac SME,IT Operations,5 - 7 years,Atlanta,GA,78000.0
Office Services Associate,Publishing,11 - 20 years,Philadelphia,PA,34000.0
Grants Manager,Public Health,8 - 10 years,Boston,MA,78000.0
Meeting Coordinator,Nonprofit,11 - 20 years,San Diego,CA,60000.0
Digital Marketing Specialist,Hospitality,5 - 7 years,Boston,MA,65000.0
Senior Auditor,Healthcare,5 - 7 years,Philadelphia,PA,87500.0
Financial Analyst,Nonprofit financial management,8 - 10 years,Pittsburgh,PA,51500.0
Senior Systems Analyst,IT,8 - 10 years,New York,NY,113850.0
Development Director,Nonprofit,11 - 20 years,Houston,TX,92000.0
Director of Engineering,Tech,11 - 20 years,Los Angeles,CA,200000.0
Chief Transportation Officer,US Federal Government,1 year or less,Washington,DC,119000.0
Engineer,Government,8 - 10 years,Philadelphia,PA,115000.0
Implementation Manager,SaaS,11 - 20 years,New York,NY,72000.0
Senior Design Manager,Gaming,11 - 20 years,Los Angeles,CA,213000.0
Account Manager,CPG,8 - 10 years,Minneapolis,MN,137000.0
VP of Engineering,Software,11 - 20 years,San Francisco,CA,200000.0
Actor/writer,Entertainment,5 - 7 years,Los Angeles,CA,40000.0
Senior Event Manager,Hospitality,8 - 10 years,Minneapolis,MN,58950.0
Lead UX Designer,Design,5 - 7 years,Portland,OR,110000.0
Fellow,Public Health,2 - 4 years,Atlanta,GA,54000.0
Telecommunications Specialist,Telecommunications,31 - 40 years,Chicago,IL,85000.0
System Engineer,Retail,5 - 7 years,Seattle,WA,103000.0
Logistics account executive,Logistics,1 year or less,Atlanta,GA,35000.0
Instructional Coach,Education,8 - 10 years,New York,NY,80000.0
Executive Director,Finance,11 - 20 years,New York,NY,250000.0
User Experience,Government Contractor,11 - 20 years,Baltimore,MD,103000.0
Global Product Head,Finance,21 - 30 years,Boston,MA,350000.0
Senior Tech Director,Gaming,21 - 30 years,San Francisco,CA,175000.0
Associate,Consulting,1 year or less,Boston,MA,55000.0
Administrative Assistant,Fashion,1 year or less,New York,NY,29000.0
Cost Analyst,Telecommunications,5 - 7 years,Denver,CO,61256.0
Senior Systems Integration Specialist,Technology,2 - 4 years,Chicago,IL,83000.0
Content Marketing Specialist,Marketing,2 - 4 years,Washington,DC,56000.0
Marketing Manager,Fashion,21 - 30 years,Boston,MA,120000.0
Support,Tech,11 - 20 years,Austin,TX,50000.0
Attorney,Legal,11 - 20 years,Seattle,WA,300000.0
Project Manager,Kar wash,5 - 7 years,Dallas,TX,80000.0
Head of product strategy,Financial services technology,21 - 30 years,New York,NY,250000.0
Director of Business Development,Technology,2 - 4 years,San Francisco,CA,108000.0
Senior Engineer,Technology,21 - 30 years,Phoenix,AZ,137000.0
Senior Tax Manager,Public Accounting,8 - 10 years,Boston,MA,120000.0
Senior Product Manager,Technology,11 - 20 years,San Diego,CA,135000.0
Marketing Manager,Fashion,21 - 30 years,Boston,MA,120000.0
President,Transportation,21 - 30 years,Portland,OR,250000.0
Cost Analyst,Telecommunications,5 - 7 years,Denver,CO,61256.0
Management Analyst,Government,11 - 20 years,Denver,CO,105000.0
Program Manager,IT,11 - 20 years,Dallas,TX,135000.0
Product Manger,Technology,11 - 20 years,Boston,MA,205000.0
Technician,Information Technology,5 - 7 years,Portland,OR,60000.0
Compensation Analyst,Tech,21 - 30 years,Portland,OR,115000.0
Director of Operations,Hospitality,5 - 7 years,San Francisco,CA,110000.0
Senior Tax Manager,Accounting,11 - 20 years,Washington,DC,230000.0
Portfolio Manager,Banking,8 - 10 years,Chicago,IL,87000.0
Pilot,Aviation,21 - 30 years,Pittsburgh,PA,180000.0
Vice President,Manufacturing,21 - 30 years,St. Louis,MO,200000.0
Content Marketing Specialist,Manufacturing,5 - 7 years,Philadelphia,PA,71000.0
Content Marketing Specialist,Manufacturing,5 - 7 years,Philadelphia,PA,71000.0
Content Marketing Specialist,Manufacturing,5 - 7 years,Philadelphia,PA,71000.0
Sales Manager,Real Estate,31 - 40 years,Philadelphia,PA,60000.0
Server,Customer Service,1 year or less,Pittsburgh,PA,44000.0
VP Marketing,Software,21 - 30 years,San Francisco,CA,178000.0
Senior Manager,Consulting,11 - 20 years,Washington,DC,173000.0
Senior Finance Manager,Tech,11 - 20 years,Chicago,IL,155000.0
Director of Engineering,Cyber,1 year or less,Boston,MA,200000.0
Associate Publicist,Publishing,2 - 4 years,New York,NY,43334.0
Server,Customer Service,1 year or less,Pittsburgh,PA,44000.0
Associate Director of Insights and Analytics,Higher Education,5 - 7 years,Chicago,IL,81000.0
Editor,Museums,11 - 20 years,Los Angeles,CA,65000.0
Data center engineer,IT,8 - 10 years,Chicago,IL,110000.0
VP Content,Entertainment,11 - 20 years,Los Angeles,CA,250000.0
Marketing Manager,Publishing,5 - 7 years,New York,NY,53000.0
Assistant Production Editor,Medical Publication,2 - 4 years,Houston,TX,50000.0
Designer,FOOTWEAR DESIGN,5 - 7 years,Portland,OR,55000.0
Roadway design EIT,Transportation,2 - 4 years,Houston,TX,75000.0
Freelance business writer,Media,31 - 40 years,Portland,OR,175000.0
Senior Business Systems Analyst,Healthcare Research,21 - 30 years,Washington,DC,155500.0
HR Director,Digital,11 - 20 years,New York,NY,170000.0
Systems Designer,Audio Video Integration,11 - 20 years,Houston,TX,85000.0
Principal Engineer,Electronics Manufacturing,11 - 20 years,Austin,TX,120000.0
Internal Audit Director,Financial Services,11 - 20 years,Pittsburgh,PA,151000.0
Senior Account Executive,Marketing & Advertising,8 - 10 years,New York,NY,123000.0
Clinical trial manager - TMF,Pharmaceutical,2 - 4 years,Boston,MA,90000.0
Sales Manager,Sales,8 - 10 years,Chicago,IL,75400.0
Staff assistant and systems administrator,Government,2 - 4 years,Washington,DC,37000.0
VP,Financial Services,31 - 40 years,Denver,CO,152600.0
Engineering Manager,Process Engineering,11 - 20 years,Houston,TX,167000.0
Director of Institutional Giving,Nonprofit,8 - 10 years,New York,NY,90000.0
Fact checker,Nonprofit,8 - 10 years,Washington,DC,60000.0
Foreman,Construction,1 year or less,New York,NY,80000.0
Account Manager,Packaging,5 - 7 years,San Francisco,CA,86000.0
"Director, Client Support",Marketing tech startup,11 - 20 years,New York,NY,100000.0
Uber Driver,Ride share,2 - 4 years,Baltimore,MD,25000.0
Marketing Manager,Consulting,11 - 20 years,New York,NY,120000.0
End User Computing Administrator,Medical Device Manufacturing,11 - 20 years,Chicago,IL,82000.0
Account Manager,Packaging,5 - 7 years,San Francisco,CA,86000.0
Uber Driver,Ride share,2 - 4 years,Baltimore,MD,25000.0
Parish Ministries Coordinator,Religious Institution,8 - 10 years,Philadelphia,PA,26000.0
Foreman,Construction,1 year or less,New York,NY,80000.0
Media Planner,Advertising,2 - 4 years,Dallas,TX,52000.0
Productivity coach,Real Estate,11 - 20 years,Dallas,TX,150000.0
NetSuite Administrator,Furniture,11 - 20 years,New York,NY,100000.0
Director of Sales,Technology,11 - 20 years,Seattle,WA,250000.0
Construction manager/ ownerâs rep,Construction Management,8 - 10 years,Portland,OR,95000.0
Research Manager,Research,11 - 20 years,New York,NY,94000.0
Market Intelligence Manager,Technology,8 - 10 years,Boston,MA,125000.0
Senior Manager,Tax Consulting,11 - 20 years,Chicago,IL,136500.0
Copy Chief,Media/Journalism,5 - 7 years,New York,NY,86000.0
"Senior Director, Delivery",IT,21 - 30 years,San Francisco,CA,350000.0
Sales Manager,Construction,11 - 20 years,San Francisco,CA,115000.0
Director,Consulting,11 - 20 years,Denver,CO,137000.0
Executive Producer,Entertainment,11 - 20 years,Los Angeles,CA,102000.0
Principal,CPA,31 - 40 years,Boston,MA,490000.0
Manager,Utilities,41 years or more,Los Angeles,CA,190000.0
Freelancer,Fintech,5 - 7 years,New York,NY,80000.0
Editor,Media,8 - 10 years,New York,NY,80000.0
Associate Business Analyst,Healthcare Technology,2 - 4 years,Boston,MA,80000.0
Engineer (EIT),Engineering / Construction,5 - 7 years,Houston,TX,78000.0
Software Engineer,Finance,11 - 20 years,Phoenix,AZ,130000.0
Engineer,Telecom,2 - 4 years,Portland,OR,82000.0
Office Manager,Engineering,2 - 4 years,Chicago,IL,42000.0
Product Manager,Retao;,21 - 30 years,Seattle,WA,140000.0
Teacher,Education,8 - 10 years,New York,NY,55000.0
Manager,Human Resources,5 - 7 years,Philadelphia,PA,65000.0
Recruiter,Iot,8 - 10 years,Austin,TX,95000.0
Senior Consultant,Cyber security consulting,2 - 4 years,Dallas,TX,110000.0
Consultant,Energy,8 - 10 years,Seattle,WA,50000.0
Program Analyst,Government Contracting,5 - 7 years,Washington,DC,75000.0
Science writer,Communications,11 - 20 years,Boston,MA,91000.0
freelance book editor,Publishing,21 - 30 years,Los Angeles,CA,26000.0
Senior Associate Editor,Media,5 - 7 years,Washington,DC,83000.0
Senior Software Engineer,IT,21 - 30 years,Seattle,WA,125000.0
MarComm Director,Professional Services,21 - 30 years,New York,NY,140000.0
Risk Consultant,Consulting,1 year or less,Chicago,IL,70000.0
Biostatistician,Academic healthcare,11 - 20 years,St. Louis,MO,60290.0
Executive Vice President,Facility Services,11 - 20 years,Atlanta,GA,175000.0
CEO,IT,11 - 20 years,New York,NY,110000.0
CEO,IT,11 - 20 years,New York,NY,110000.0
CEO,IT,11 - 20 years,New York,NY,110000.0
MarComm Director,Professional Services,21 - 30 years,New York,NY,140000.0
IT Manager,Higher Education,8 - 10 years,New York,NY,72200.0
Senior Project Manager,Civil Engineering,21 - 30 years,Los Angeles,CA,185000.0
Data Analyst,Internet,5 - 7 years,New York,NY,94000.0
Systems Design Engineer,Audio Video,2 - 4 years,Chicago,IL,60000.0
Program Coordinator,Government,21 - 30 years,Minneapolis,MN,53268.0
Administrator,Ed,8 - 10 years,Austin,TX,40000.0
Logistics Manager,Logistics,21 - 30 years,Seattle,WA,110000.0
Senior Project Manager,Government IT contracting,5 - 7 years,Washington,DC,70000.0
Chief audit executive,Oil & Gas,21 - 30 years,Houston,TX,156000.0
National Marketing Manager,Consulting,8 - 10 years,Chicago,IL,73000.0
Implementation Associate,Software,2 - 4 years,Los Angeles,CA,85000.0
Assistant Pastor,Religion,5 - 7 years,San Diego,CA,48000.0
Senior Analyst,Finance,5 - 7 years,Chicago,IL,95000.0
Director of Sales & Marketing Operations,Retail,5 - 7 years,Minneapolis,MN,110000.0
National Marketing Manager,Consulting,8 - 10 years,Chicago,IL,73000.0
General Manager,Restaurant,5 - 7 years,Atlanta,GA,47500.0
Region Sales Manager,Medical Sales,21 - 30 years,Phoenix,AZ,260000.0
Nurse Practitioner,Healthcare,2 - 4 years,Houston,TX,140400.0
HR Assistant,Nonprofit,1 year or less,Dallas,TX,32000.0
Art Handler,Fine Art,2 - 4 years,New York,NY,63000.0
Engineering Manager,Lighting,11 - 20 years,Boston,MA,150000.0
Captain-pilot,Aviation,11 - 20 years,Boston,MA,292000.0
Accountant,Automotive entertainment,5 - 7 years,Atlanta,GA,62000.0
PR Director,Cannabis,8 - 10 years,Portland,OR,72000.0
Business Control Manager,Financial Services,11 - 20 years,Houston,TX,100000.0
Senior Associate,Structural Engineering,11 - 20 years,New York,NY,120000.0
"Manager, Special Projects",Health services research,8 - 10 years,Pittsburgh,PA,60000.0
Counsel,Utilities,2 - 4 years,Dallas,TX,165000.0
Project Manager/Senior Interior Designer,Architecture & Design,5 - 7 years,New York,NY,90000.0
Art Handler,Fine Art,2 - 4 years,New York,NY,63000.0
Senior Software Engineer,Software,8 - 10 years,Portland,OR,143000.0
Senior User Experience Designer,Retail,8 - 10 years,San Francisco,CA,180000.0
HR Assistant,Legal,5 - 7 years,Philadelphia,PA,46500.0
Director of Engineering,Tech,11 - 20 years,Boston,MA,235000.0
Daycare attendant/ groomer,Dog care,1 year or less,St. Louis,MO,50000.0
Contract Compliance,Busing,8 - 10 years,Dallas,TX,75000.0
Account Manager,SaaS,21 - 30 years,Denver,CO,140000.0
Financial planning and analysis manager,Restaurant,5 - 7 years,Los Angeles,CA,100000.0
Business Development Manager,Marketing,11 - 20 years,Chicago,IL,180000.0
Senior Manager,Electronics,21 - 30 years,Denver,CO,172000.0
VP Business Development,Insurance,8 - 10 years,Portland,OR,300000.0
Controller,Financial Services,11 - 20 years,Chicago,IL,120000.0
Lawyer,Law,21 - 30 years,Portland,OR,65000.0
Development Manager,Education Non-profit,5 - 7 years,Washington,DC,57500.0
IT,Financial,11 - 20 years,Houston,TX,93000.0
Server,Food,1 year or less,New York,NY,30000.0
Project Manager,Interactive Response Technology (IRT),5 - 7 years,Boston,MA,65000.0
Marketing Analyst,Tech,2 - 4 years,San Francisco,CA,75000.0
Software Engineer,Tech,2 - 4 years,Seattle,WA,107000.0
"Manager, Program Management",Technology,11 - 20 years,Boston,MA,165000.0
Instructional Designer,Retail,11 - 20 years,Seattle,WA,135000.0
Resource Manager,Government,21 - 30 years,Washington,DC,104000.0
Associate Creative Director,Advertising,11 - 20 years,New York,NY,140000.0
Senior Manager Civil Infrastructure,Transportation,8 - 10 years,Los Angeles,CA,155000.0
Aircraft Maintenance Technician,Aviation,5 - 7 years,San Diego,CA,82000.0
Microblading artist,Permanent makeup,2 - 4 years,Los Angeles,CA,35000.0
General Manager,Steel Manufacturing,5 - 7 years,Houston,TX,185000.0
Senior Statistical Analyst,Academic Public Health Research,8 - 10 years,Boston,MA,80000.0
Research Director,Education,11 - 20 years,Denver,CO,104000.0
Subject Matter Expert,Engineering,21 - 30 years,Houston,TX,225000.0
Vice President Business Development,Consumer Products,11 - 20 years,Los Angeles,CA,185000.0
MarComm Director,Professional Services,21 - 30 years,New York,NY,140000.0
Editorial Director,Publishing,11 - 20 years,New York,NY,102000.0
VP of Operations,Technology,31 - 40 years,Pittsburgh,PA,185000.0
Attorney,Law,8 - 10 years,New York,NY,280000.0
Marketing & Communications Manager,Industrial,21 - 30 years,Minneapolis,MN,108000.0
Sales Engineer,Technology,2 - 4 years,Boston,MA,115000.0
Sales Engineer,Computer Software,8 - 10 years,San Francisco,CA,110000.0
Associate Entertainment Editor,news media,5 - 7 years,New York,NY,58500.0
Data PM,Consumer Technology,5 - 7 years,Boston,MA,115000.0
Executive Assistant,Finance,31 - 40 years,New York,NY,90000.0
Director of Content Marketing,Marketing,11 - 20 years,Philadelphia,PA,96000.0
Photographer,Photography,5 - 7 years,Chicago,IL,65000.0
Subject Matter Expert,Engineering,21 - 30 years,Houston,TX,225000.0
Project Manager,Production Design,5 - 7 years,New York,NY,60900.0
Senior Technical Program Manager,Manufacturing,5 - 7 years,San Francisco,CA,105000.0
Senior Product Manager,Video Games,8 - 10 years,Boston,MA,150000.0
Senior Systems Engineer,Aerospace,1 year or less,Denver,CO,162000.0
Newsletter Editor,Editorial/Media,5 - 7 years,San Francisco,CA,66000.0
Marketing Editor,Media,5 - 7 years,San Francisco,CA,66000.0
"Senior Director, Corporate Development",Financial Technology,21 - 30 years,San Francisco,CA,245000.0
Editor,Media,5 - 7 years,San Francisco,CA,69000.0
Director of Sales,Marketing & Advertising,11 - 20 years,San Francisco,CA,160000.0
VP Operations,Industrial Distribution,31 - 40 years,Atlanta,GA,250000.0
Editorial Program Manager,Media,2 - 4 years,San Francisco,CA,62400.0
Full stack engineer,Financial Services,1 year or less,Boston,MA,70000.0
Senior Product Manager,Fintech,8 - 10 years,San Francisco,CA,165000.0
National Sales Manager,Media,21 - 30 years,Boston,MA,350000.0
Special Education Teacher,Education,8 - 10 years,New York,NY,83000.0
VP Product,Tech,11 - 20 years,San Francisco,CA,240000.0
Principal of a firm,Landscape,21 - 30 years,Chicago,IL,100000.0
Manager of Project Management,Pharmaceutical,2 - 4 years,Boston,MA,103000.0
Systems Engineer,Space,8 - 10 years,Houston,TX,77000.0
Producer,Media,2 - 4 years,New York,NY,50000.0
Systems Engineer,IT,5 - 7 years,New York,NY,60000.0
Computational Scientist II,Biotech / Genomics,2 - 4 years,San Diego,CA,130000.0
Solution Architect,Sales,5 - 7 years,Chicago,IL,80000.0
Project Executive,Real Estate,21 - 30 years,Washington,DC,170000.0
Teacher,Education,2 - 4 years,Austin,TX,43000.0
Optometrist,Eye Care,5 - 7 years,St. Louis,MO,100000.0
Account Manager,Tech,5 - 7 years,Seattle,WA,110000.0
Digital VLSI Design engineer,Silicon engineering,5 - 7 years,Austin,TX,250000.0
Barback,Service,11 - 20 years,Phoenix,AZ,50000.0
Director,IT,11 - 20 years,Seattle,WA,300000.0
Pathology Lab Assistant,Medical,2 - 4 years,Denver,CO,30000.0
Data Analyst,Healthcare,8 - 10 years,St. Louis,MO,85000.0
Data Scientist,Technology,2 - 4 years,San Francisco,CA,200000.0
Creative Director,Fintech,11 - 20 years,Austin,TX,175000.0
Risk Engineer,Insurance,5 - 7 years,Chicago,IL,86000.0
Internal Auditor,Banking,1 year or less,Boston,MA,60000.0
Director,Association,11 - 20 years,Chicago,IL,172500.0
Legislative Correspondent,Government,5 - 7 years,Washington,DC,42000.0
Pathology Lab Assistant,Medical,2 - 4 years,Denver,CO,30000.0
Marketing Specialist,Mortgage,2 - 4 years,Chicago,IL,42000.0
Senior project manager/ principal,Construction,11 - 20 years,San Francisco,CA,208000.0
Lead Pastor,Church Minister,11 - 20 years,Houston,TX,90000.0
Data analysts,Healthcare,2 - 4 years,Dallas,TX,49000.0
Human Capital Consultant,Consulting,5 - 7 years,Washington,DC,85000.0
Account Supervisor,Advertising,8 - 10 years,Chicago,IL,90000.0
Senior Manager of Membership,Nonprofit (professional association),8 - 10 years,Washington,DC,60000.0
Systems Applications Engineer,High Tech R&D,5 - 7 years,Austin,TX,100000.0
Director,Training,21 - 30 years,New York,NY,150000.0
Director,Retail,11 - 20 years,Seattle,WA,198000.0
Marketing Specialist,Mortgage,2 - 4 years,Chicago,IL,42000.0
Senior Analyst,Technology,5 - 7 years,San Francisco,CA,120600.0
Study Coordinator,Cancer Clinical Trials,2 - 4 years,New York,NY,42000.0
CFO,Finance,11 - 20 years,Denver,CO,121000.0
Home Coordinator,Domestic/Wine,11 - 20 years,Seattle,WA,115000.0
Senior Analyst,Technology,5 - 7 years,San Francisco,CA,120600.0
Highway Engineer,Engineering,5 - 7 years,Boston,MA,79985.0
Home Coordinator,Domestic/Wine,11 - 20 years,Seattle,WA,115000.0
Learning Consultant,Technology (SaaS),5 - 7 years,Chicago,IL,62725.0
Program Coordinator,International Development,2 - 4 years,Washington,DC,53000.0
Safety Driver,Autonomous Cars,2 - 4 years,Pittsburgh,PA,50000.0
Program Manager,Government,11 - 20 years,Washington,DC,117000.0
Adjunct Instructor,Education,2 - 4 years,Houston,TX,15000.0
Compliance Officer,Deft,21 - 30 years,Phoenix,AZ,120000.0
Sales,Tech,5 - 7 years,Chicago,IL,100000.0
Program Coordinator,International Development,2 - 4 years,Washington,DC,53000.0
producer/marketing manager,Animation,5 - 7 years,Los Angeles,CA,71000.0
Associate,Entertainment,5 - 7 years,Los Angeles,CA,117500.0
Software Architect,Software,21 - 30 years,San Francisco,CA,225000.0
Project Manager,Civil Construction,5 - 7 years,Chicago,IL,85000.0
Analyst,Real estate valuations,2 - 4 years,New York,NY,130000.0
Executive vp,Power,21 - 30 years,Houston,TX,212000.0
Social Media/Editor,Media,2 - 4 years,New York,NY,60000.0
Teacher,Education,5 - 7 years,Philadelphia,PA,86000.0
Rentals Manager,Arts,2 - 4 years,San Francisco,CA,46000.0
Clinical Project Manager,Medical,8 - 10 years,Minneapolis,MN,73000.0
Trade Analyst,Finance,5 - 7 years,Los Angeles,CA,75190.0
Sales Manager,Real Estate,21 - 30 years,Dallas,TX,149000.0
Digital Product Manager,Technology,8 - 10 years,Chicago,IL,150000.0
Principal Software Engineer,Financial Services,8 - 10 years,Washington,DC,136500.0
Chief Product Officer,Internet,31 - 40 years,Los Angeles,CA,225000.0
Help Desk,Information Technology,11 - 20 years,New York,NY,48000.0
Graphic Designer,Software,5 - 7 years,San Francisco,CA,120000.0
VP,Oil and Gas,8 - 10 years,Houston,TX,200000.0
Accounting Supervisor,Software,21 - 30 years,Houston,TX,67500.0
VP Product Management,Software,11 - 20 years,New York,NY,230000.0
Project Manager,Insurance,8 - 10 years,San Francisco,CA,103000.0
Database Administrator,Nonprofit fundraising,5 - 7 years,Portland,OR,56100.0
VP,Retail,21 - 30 years,Dallas,TX,240000.0
Senior Credit Analyst,Mfg software and computers,31 - 40 years,Austin,TX,83500.0
Department Manager,Healthcare,31 - 40 years,Houston,TX,110000.0
Senior Sales Engineer,Software,11 - 20 years,Chicago,IL,210000.0
Assistant Director of Annual Giving,Higher Education,2 - 4 years,Atlanta,GA,50000.0
Director,Construction Management,31 - 40 years,St. Louis,MO,150000.0
Front-End Engineer,Financial Technology,5 - 7 years,San Francisco,CA,142000.0
Registered Nurse,Healthcare,2 - 4 years,Los Angeles,CA,78000.0
IT Senior Manager,Consulting,21 - 30 years,Atlanta,GA,160000.0
Healthcare Consultant,Healthcare,1 year or less,Atlanta,GA,68000.0
Sales & business development,Software,21 - 30 years,Houston,TX,95000.0
Protocol Engineer,Software,1 year or less,San Francisco,CA,150000.0
Operations Manager,Insurance,8 - 10 years,Boston,MA,125000.0
VP,Tech,11 - 20 years,New York,NY,170000.0
Creative Director,Marketing Tech,11 - 20 years,New York,NY,270000.0
Operations Manager,Insurance,8 - 10 years,Boston,MA,125000.0
Director,Tech,21 - 30 years,San Francisco,CA,260000.0
Director,Academia,31 - 40 years,New York,NY,98000.0
Front-End Engineer,Financial Technology,5 - 7 years,San Francisco,CA,142000.0
Director of Development and Communications,Nonprofit,8 - 10 years,Portland,OR,65000.0
"Director, Strategic Accounts",Healthcare,11 - 20 years,Phoenix,AZ,220000.0
Product Designer,Cyber Security,5 - 7 years,Los Angeles,CA,160000.0
Merchandise Coordinator,Photography,1 year or less,New York,NY,48000.0
Software Engineer,IT Insurance,31 - 40 years,Phoenix,AZ,109000.0
Actir,Acting,31 - 40 years,Los Angeles,CA,75000.0
Senior Solution Engineer,Software,21 - 30 years,Austin,TX,160000.0
Compliance Associate,Nonprofit,2 - 4 years,Los Angeles,CA,55000.0
Senior Technical Writer,IT security software,11 - 20 years,Boston,MA,112000.0
Analyst,Finance,2 - 4 years,New York,NY,90000.0
Project Manager,Insurance,8 - 10 years,Houston,TX,84500.0
Operations Director,FMCG,11 - 20 years,Chicago,IL,136000.0
IT Manager,Healthcare,5 - 7 years,Dallas,TX,102422.0
Consultant,Financial Technology,1 year or less,San Francisco,CA,72000.0
Director of Engineering,Technology,11 - 20 years,Denver,CO,157000.0
Compliance Officer,Finance,21 - 30 years,Chicago,IL,175000.0
People Analytics Manager,Finance,5 - 7 years,New York,NY,165000.0
Manager,Transport,41 years or more,Dallas,TX,123000.0
Administrative Assistant,25,2 - 4 years,San Francisco,CA,70000.0
Director of International Recruitment,Education,5 - 7 years,Los Angeles,CA,78000.0
Senior facilities manager,Real Estate,21 - 30 years,Dallas,TX,125000.0
People Analytics Manager,Finance,5 - 7 years,New York,NY,165000.0
Sales,Automotive,11 - 20 years,Minneapolis,MN,120000.0
Data Analytics Manager,Software,8 - 10 years,Boston,MA,130000.0
Software Engineer,Software,11 - 20 years,San Francisco,CA,150000.0
Senior Program Manager,Tech,11 - 20 years,Seattle,WA,130000.0
Sales Enablement Director,Software,11 - 20 years,Austin,TX,120000.0
Account Executive,Software,21 - 30 years,Philadelphia,PA,145000.0
Senior facilities manager,Real Estate,21 - 30 years,Dallas,TX,125000.0
Rights Director,Publishing,11 - 20 years,New York,NY,100000.0
Technical Writer,Software (Network Security),11 - 20 years,Seattle,WA,79800.0
VP Ops,Contract packaging,31 - 40 years,Los Angeles,CA,210000.0
Chief Operating Officer,Nonprofit,11 - 20 years,Denver,CO,120000.0
Partner,Law,11 - 20 years,Philadelphia,PA,400000.0
Senior Marketing Manager,Nonprofit,8 - 10 years,Denver,CO,73000.0
VP of Operations,Senior Housing,11 - 20 years,Los Angeles,CA,195000.0
Analyst,Finance,2 - 4 years,New York,NY,90000.0
Recruiter,Consulting,8 - 10 years,Houston,TX,86000.0
VP Ops,Contract packaging,31 - 40 years,Los Angeles,CA,210000.0
IT Manager,Energy,21 - 30 years,Houston,TX,200000.0
Helpdesk operator,IT,2 - 4 years,New York,NY,53000.0
Human Resources Director,Media,5 - 7 years,Los Angeles,CA,134000.0
General Manager,Tech,8 - 10 years,Atlanta,GA,81000.0
Engineer,Defense,11 - 20 years,Pittsburgh,PA,120000.0
Assistant Treasurer,Finance,11 - 20 years,New York,NY,300000.0
Consultant,Consulting,8 - 10 years,New York,NY,185000.0
Content Developer,Training & Development,21 - 30 years,Chicago,IL,52000.0
Senior Vice President,Financial Services,21 - 30 years,Minneapolis,MN,200725.0
Nurse,Healthcare,2 - 4 years,Los Angeles,CA,110000.0
Console Supervisor,Petroleum,11 - 20 years,Chicago,IL,124388.0
Director of revenue management,Hospitality,21 - 30 years,New York,NY,155000.0
Luxury Lifestyle Manager,Travel and Tourism,5 - 7 years,Los Angeles,CA,150000.0
Account Manager,Employee Benefits,11 - 20 years,Houston,TX,101000.0
MEP engineer,Construction,21 - 30 years,New York,NY,127000.0
Senior Project Manager,Consumer Products,11 - 20 years,Atlanta,GA,106000.0
Director of interactive operations,Advertising,11 - 20 years,Baltimore,MD,115000.0
Data Analyst,Hospitality,21 - 30 years,Atlanta,GA,77000.0
Director of Recruiting,Marketing and Advertising,21 - 30 years,Atlanta,GA,115000.0
Pension Plan Administrator,Pension Administration,2 - 4 years,Los Angeles,CA,70000.0
Senior Marketing Science Analyst,Consulting,2 - 4 years,New York,NY,92000.0
Software Engineer,Technology,11 - 20 years,Seattle,WA,235000.0
Pharmacist,Healthcare,8 - 10 years,Pittsburgh,PA,140000.0
Software Engineer,Banking,31 - 40 years,Pittsburgh,PA,135000.0
Database Administrator,Nonprofit,5 - 7 years,Chicago,IL,57000.0
Data Analyst,Hospitality,21 - 30 years,Atlanta,GA,77000.0
Chief Development Officer,Nonprofit,31 - 40 years,Washington,DC,130000.0
Architect,Software,11 - 20 years,Minneapolis,MN,130000.0
Software Engineer,Banking,31 - 40 years,Pittsburgh,PA,135000.0
Clinical psychologist,Healthcare,31 - 40 years,Chicago,IL,277000.0
Principal Software Engineer,Retail,11 - 20 years,Houston,TX,147000.0
Senior Production Artist,Graphic Design,21 - 30 years,San Francisco,CA,110000.0
Software Engineer,Technology,5 - 7 years,Portland,OR,95000.0
Software Engineer,Banking,31 - 40 years,Pittsburgh,PA,135000.0
Software Engineer,Banking,31 - 40 years,Pittsburgh,PA,135000.0
Director of Sales,Software,11 - 20 years,Washington,DC,340000.0
Senior Staff Engineer,Technology Startup,31 - 40 years,San Francisco,CA,310000.0
Media Production Manager,Nonprofit,11 - 20 years,Dallas,TX,56000.0
Graphic Designer,Advertising tech,2 - 4 years,New York,NY,77000.0
Head of Operations,Software Engineering,11 - 20 years,Denver,CO,197000.0
Associate Attorney,Law,5 - 7 years,New York,NY,165000.0
Engineer,IT,11 - 20 years,Denver,CO,89250.0
Editor,Publishing,11 - 20 years,New York,NY,65000.0
Senior Business Analyst,Communications,11 - 20 years,St. Louis,MO,80000.0
Him analyst,Hospital,2 - 4 years,Atlanta,GA,30000.0
"Vice President, Copy Supervisor",Advertising,8 - 10 years,New York,NY,130000.0
Supervisor,Hospitality,2 - 4 years,Boston,MA,45240.0
Solution Architect,Telecommunications,21 - 30 years,New York,NY,139000.0
Graphic Designer,HVAC,1 year or less,Chicago,IL,38000.0
Support,Tech,8 - 10 years,San Francisco,CA,80000.0
Software Engineer,Technology,2 - 4 years,Washington,DC,92000.0
Software Engineer,Travel,2 - 4 years,Denver,CO,68000.0
Data Governance,Banking,21 - 30 years,Denver,CO,140000.0
Project Manager,Research,5 - 7 years,Chicago,IL,60009.0
Principle Field Clinical Engineer,Medical Technology,11 - 20 years,Minneapolis,MN,130000.0
Owner,Photography,31 - 40 years,Boston,MA,40000.0
Principal Software Engineer,Software,11 - 20 years,Austin,TX,190000.0
Associate,Financial Services,2 - 4 years,Pittsburgh,PA,60000.0
Senior Analyst,Manufacturing,11 - 20 years,Portland,OR,98520.0
Associate,Financial Services,2 - 4 years,Pittsburgh,PA,60000.0
Staff Engineer,Semiconductor,11 - 20 years,Austin,TX,153000.0
Designer,Tech,5 - 7 years,San Francisco,CA,90000.0
Manager,Digital Security,8 - 10 years,Austin,TX,110000.0
User Experience Researcher,Technology,2 - 4 years,San Francisco,CA,125000.0
"Motion Graphics Designer, Animator & Art Director",Design/Marketing/Advertising,5 - 7 years,San Francisco,CA,250000.0
Senior Associate,Nonprofit,8 - 10 years,Washington,DC,72000.0
Manager of Guest Services and Retail Operations,Museum/Non-profit,5 - 7 years,Denver,CO,41000.0
Solution Consultant,Software,21 - 30 years,San Diego,CA,182000.0
Research Project Manager,Education,5 - 7 years,San Francisco,CA,85000.0
Senior Mobile Developer,Software Development,11 - 20 years,Seattle,WA,125000.0
Senior Mobile iOS Developer,IT,8 - 10 years,Chicago,IL,145000.0
Communications Coordinator,Nonprofit communications,5 - 7 years,Los Angeles,CA,50000.0
Program Head,Insurance,21 - 30 years,San Francisco,CA,232000.0
Director,Government,21 - 30 years,Chicago,IL,180000.0
VP Development &. Construction,Real Estate Development,31 - 40 years,New York,NY,315000.0
Engagement Manager,Energy,11 - 20 years,Minneapolis,MN,115000.0
Director of Internal Audit,Healthcare,11 - 20 years,St. Louis,MO,144500.0
Human Resources Coordinator,Human Resources,2 - 4 years,Portland,OR,50000.0
Associate Program Officer,Philanthropy,11 - 20 years,Chicago,IL,87000.0
Associate Director for Individual Giving,Nonprofit,11 - 20 years,New York,NY,131000.0
Operations Associate,Investment Banking,8 - 10 years,Dallas,TX,77000.0
Chief Information Officer,Legal,11 - 20 years,New York,NY,325000.0
Foreman,Construction,1 year or less,Seattle,WA,110000.0
Software Engineer,Technology,8 - 10 years,Seattle,WA,135000.0
President,Book publishing,31 - 40 years,Austin,TX,300000.0
F&B Manager,Coliving,1 year or less,New York,NY,72000.0
Office Manager,Distribution,5 - 7 years,Minneapolis,MN,30720.0
Analyst,Real Estate,2 - 4 years,Chicago,IL,57000.0
Associate,Consulting,5 - 7 years,New York,NY,75000.0
Attorney,Law,8 - 10 years,St. Louis,MO,230000.0
QA Engineer,Online Retail,11 - 20 years,Denver,CO,87000.0
Senior Executive Recruiter,Executive Search,8 - 10 years,Chicago,IL,120000.0
Senior Manager,Nonprofit,21 - 30 years,Philadelphia,PA,100000.0
Senior Art Director,Advertising,8 - 10 years,Baltimore,MD,75000.0
Account Director,Consulting,11 - 20 years,Seattle,WA,185000.0
Sales,Healthcare,11 - 20 years,Atlanta,GA,325000.0
Marketing Assistant,Finance,2 - 4 years,Los Angeles,CA,50000.0
Office Manager,Distribution,5 - 7 years,Minneapolis,MN,30720.0
Administrative Director,Healthcare,11 - 20 years,New York,NY,105000.0
Lead Application Developer,Software Development,31 - 40 years,Seattle,WA,175000.0
Senior Software Engineer,Biomedical,11 - 20 years,St. Louis,MO,104000.0
Deputy Director of Engineering,Software,11 - 20 years,Washington,DC,147000.0
Senior Manager,Nonprofit,21 - 30 years,Philadelphia,PA,100000.0
Engineering Manager,Technology / Finance,8 - 10 years,San Francisco,CA,426000.0
Worship Leader,Church,11 - 20 years,Austin,TX,24000.0
Operations Director,Nonprofit,11 - 20 years,Washington,DC,114000.0
Managing Director,Education,2 - 4 years,Chicago,IL,44000.0
School Counselor,Education,11 - 20 years,Portland,OR,85000.0
Business Intelligence Manager,Media,8 - 10 years,New York,NY,110000.0
Senior Software Engineer,Electronics,8 - 10 years,San Diego,CA,100700.0
Total Rewards Specialist,Human Resources,5 - 7 years,New York,NY,81000.0
Producer,Marketing,5 - 7 years,New York,NY,75000.0
VP,Finance,21 - 30 years,Los Angeles,CA,200000.0
VP,Finance,21 - 30 years,Los Angeles,CA,200000.0
Contract Specialist,Government,8 - 10 years,Washington,DC,117000.0
Lead SEO & SEM Specialist,Transportation,5 - 7 years,Washington,DC,92500.0
Manager,Healthcare Insurance,21 - 30 years,Phoenix,AZ,110300.0
Highway repairer,ROAD Construction,1 year or less,New York,NY,112000.0
Editor,Government,5 - 7 years,Washington,DC,112000.0
CFO,Manufacturing,11 - 20 years,Phoenix,AZ,165000.0
Systems Engineer,Aerospace,41 years or more,Phoenix,AZ,150000.0
Product Manager,Media/Technology,2 - 4 years,Los Angeles,CA,77000.0
Traffic Clerk,Construction,5 - 7 years,Denver,CO,48000.0
Consultant,International Development,5 - 7 years,Washington,DC,50000.0
"Director, Marketing Technology",Insurance,21 - 30 years,Chicago,IL,140000.0
Recruiter,Financial,5 - 7 years,New York,NY,90000.0
Associate,Legal,2 - 4 years,New York,NY,255000.0
Principal Software Engineer,Defense,21 - 30 years,Dallas,TX,175000.0
Director of revenue management,Hospitality,11 - 20 years,Los Angeles,CA,123000.0
District Sales Manager,Retail,21 - 30 years,Minneapolis,MN,117000.0
Senior Engineering Manager,Hardware,21 - 30 years,San Francisco,CA,245000.0
Senior Software Engineer,Software,11 - 20 years,Chicago,IL,147500.0
Courier,Shipping,11 - 20 years,Seattle,WA,46000.0
Associate Attorney,Legal Services,5 - 7 years,Dallas,TX,350000.0
Account Manager - Global Marketing,Oil and Gas,8 - 10 years,Houston,TX,185000.0
Associate Attorney,Legal Services,5 - 7 years,Dallas,TX,350000.0
Mechanical Engineer,Engineering,11 - 20 years,Seattle,WA,117000.0
ASC  nurse Manager,Healthcare,21 - 30 years,Portland,OR,120000.0
Line Pilot,Helicopter EMS,8 - 10 years,Houston,TX,89000.0
Asset Manager,Real Estate,11 - 20 years,San Francisco,CA,140000.0
Quality Engineer,Medical Devices,8 - 10 years,Seattle,WA,130000.0
Sales Executive,IT - Manufacturing,21 - 30 years,Dallas,TX,260000.0
"Senior Analyst, Business Operations",Software,5 - 7 years,San Francisco,CA,109000.0
Major Gift Officer,Higher Education,11 - 20 years,Philadelphia,PA,74000.0
Senior Account Executive,Human Capital Management - SaaS,2 - 4 years,Seattle,WA,190000.0
Claims Technician,Insurance,5 - 7 years,Philadelphia,PA,38000.0
Designer,Architecture,2 - 4 years,Chicago,IL,65000.0
CRNA,Healthcare,11 - 20 years,St. Louis,MO,160000.0
Senior Vice President,Advertising,11 - 20 years,New York,NY,225000.0
Designer,Architecture,5 - 7 years,Boston,MA,55500.0
Senior Product Manager,HR,11 - 20 years,Austin,TX,135000.0
Administrator,Retail,5 - 7 years,Portland,OR,43000.0
Executive Assistant,Consulting,5 - 7 years,Boston,MA,60000.0
CRNA,Healthcare,11 - 20 years,St. Louis,MO,160000.0
Delivery Lead,Consulting,11 - 20 years,Los Angeles,CA,220000.0
Senior Cloud Architect,Cloud Computing,21 - 30 years,Atlanta,GA,160000.0
Associate Managing Director,Emergency Manager,11 - 20 years,Washington,DC,145000.0
Principal Software Engineer,Tech,5 - 7 years,New York,NY,170000.0
Senior Administrative Assistant,Healthcare,5 - 7 years,Seattle,WA,50000.0
Content Marketing Manager,Marketing Tech,5 - 7 years,Boston,MA,85000.0
Applications Engineer,Engineering,2 - 4 years,New York,NY,88750.0
Sales Coordinator,Wholesale,2 - 4 years,New York,NY,64000.0
Director Global Supply Chain and Logistics,Retail,21 - 30 years,Phoenix,AZ,85000.0
Account Director,Public Relations - Agency,11 - 20 years,Boston,MA,108500.0
"Senior Manager, Systems Engineering",Aerospace,31 - 40 years,Los Angeles,CA,217000.0
Network Engineer,Technology,2 - 4 years,Atlanta,GA,70000.0
Manager,Consulting,11 - 20 years,Washington,DC,130000.0
Physician,Medicine,5 - 7 years,Chicago,IL,340000.0
Project Manager,Non profit services,8 - 10 years,Portland,OR,55000.0
Program Manager,Nonprofit,5 - 7 years,New York,NY,55000.0
ASC  nurse Manager,Healthcare,21 - 30 years,Portland,OR,120000.0
Pastor,Religion,11 - 20 years,San Diego,CA,60000.0
RN,Healtchcare,21 - 30 years,Boston,MA,138000.0
Transportation Liaison,Education,2 - 4 years,Chicago,IL,45000.0
Senior Engineer,Petrochemicals,8 - 10 years,Philadelphia,PA,96000.0
Assistant Vice President - accounting dept,Finance,2 - 4 years,New York,NY,98000.0
Facility Maintenance Supervisor,Manufacturing,21 - 30 years,Austin,TX,80000.0
Pastor,Religion,11 - 20 years,San Diego,CA,60000.0
Software Engineer,Information Technology,1 year or less,Denver,CO,90000.0
Implementation Consultant,Hospitality,5 - 7 years,Seattle,WA,47000.0
Associate Scientist,Pharmaceutical,2 - 4 years,Philadelphia,PA,75000.0
Naval Officer,Military,11 - 20 years,New York,NY,115000.0
Cloud Technical Account Manager,Technology,11 - 20 years,New York,NY,190000.0
Naval Officer,Military,11 - 20 years,New York,NY,115000.0
Senior Credit Analyst,Finance,21 - 30 years,San Francisco,CA,175000.0
Finance Director,Aerospace,21 - 30 years,Chicago,IL,150000.0
Content Writer,Market Research/Tech,1 year or less,New York,NY,75000.0
Project Manager,Oil and Gas,11 - 20 years,Houston,TX,205000.0
Senior Software Engineer,Insurance,11 - 20 years,Washington,DC,140000.0
Product Manager,Tech,11 - 20 years,San Francisco,CA,208000.0
Associate Creative Director,Tech,5 - 7 years,New York,NY,115000.0
Project Manager,Oil and Gas,11 - 20 years,Houston,TX,100000.0
Certifying Supervisor,Drug testing,8 - 10 years,Minneapolis,MN,67000.0
Technical Manager,Entertainment,8 - 10 years,Los Angeles,CA,110000.0
Mid Market Account Executive,Tech,8 - 10 years,San Francisco,CA,140000.0
Global Service Owner,Software,5 - 7 years,Dallas,TX,161200.0
Elementary School Teacher,Education,2 - 4 years,New York,NY,60000.0
Lead Estimator,Construction,11 - 20 years,Dallas,TX,110000.0
Global Service Owner,Software,5 - 7 years,Dallas,TX,161200.0
Senior Manager Data Science,Technology,8 - 10 years,Los Angeles,CA,175000.0
Engagement Manager,Management Consulting,8 - 10 years,San Francisco,CA,216000.0
Quality Auditor,Insurance,2 - 4 years,Dallas,TX,46000.0
Principal Developer,Airline,31 - 40 years,Denver,CO,107000.0
Software Engineer,Tech,2 - 4 years,San Francisco,CA,135000.0
UX/UI Designer,Technology,1 year or less,Minneapolis,MN,72800.0
CTO,Healthcare,11 - 20 years,Denver,CO,135000.0
CFO,Education Technology,8 - 10 years,Chicago,IL,210000.0
Executive Vice President,Nonprofit,31 - 40 years,New York,NY,178000.0
Applications Engineer,Medicine,5 - 7 years,New York,NY,125000.0
Technology Manager,Consulting,11 - 20 years,Boston,MA,160000.0
Case Manager,Healthcare,2 - 4 years,Phoenix,AZ,83470.0
Product Owner/Manager,Technology,21 - 30 years,San Francisco,CA,160000.0
Senior Data Strategist,Marketing,5 - 7 years,Denver,CO,90000.0
Data Scientist,Tech,8 - 10 years,San Francisco,CA,170000.0
CFO,Education Technology,8 - 10 years,Chicago,IL,210000.0
Principal Software Engineer,Consumer Goods,11 - 20 years,Boston,MA,175000.0
Senior Business Systems Analyst,Business & Technology,5 - 7 years,Seattle,WA,81000.0
System Administrator,Education,21 - 30 years,Pittsburgh,PA,100000.0
Product Engineering Manager,Technology,5 - 7 years,Dallas,TX,135000.0
Software Engineer,Energy,5 - 7 years,Houston,TX,120000.0
Asset Manager,Real Estate,11 - 20 years,New York,NY,65000.0
PR Consultant,Public Relations,8 - 10 years,New York,NY,140000.0
Sales Manager,Insurance,2 - 4 years,Phoenix,AZ,200000.0
Sound Designer,Entertainment,8 - 10 years,Los Angeles,CA,165000.0
Director Software Development,Technology,11 - 20 years,Seattle,WA,212800.0
Assistant Marketing Manager,Publishing,5 - 7 years,Philadelphia,PA,43500.0
Software Engineer,Engineering,8 - 10 years,New York,NY,160000.0
Account Manager,Financial Services,8 - 10 years,San Francisco,CA,93000.0
Branch Manager,Public Library,11 - 20 years,Chicago,IL,103000.0
Sales Summary,Insurance,2 - 4 years,Phoenix,AZ,200000.0
Construction Manager,Commercial Construction,31 - 40 years,San Francisco,CA,193500.0
Email Marketing Analyst,Ecommerce,5 - 7 years,Chicago,IL,51000.0
Principal Software Engineer,Advertising,11 - 20 years,New York,NY,216000.0
Trader,Consulting,11 - 20 years,Chicago,IL,140000.0
Project Architect,Design,11 - 20 years,Boston,MA,82000.0
Technical Product Manager,Technology,11 - 20 years,Seattle,WA,140000.0
VP Customer Success,Online Marketing,11 - 20 years,San Francisco,CA,185000.0
Project Manager,Industrial Automation,11 - 20 years,Los Angeles,CA,132000.0
Manager,Consulting,8 - 10 years,Denver,CO,135000.0
Project Manager,Education Non-profit,8 - 10 years,Washington,DC,95000.0
Credit Analyst,Apparel,2 - 4 years,Atlanta,GA,51300.0
Software Engineer,Technology,8 - 10 years,Austin,TX,210000.0
Financial Analyst,Finance,2 - 4 years,Los Angeles,CA,80000.0
VP Marketing,Tech,5 - 7 years,New York,NY,160000.0
VP,Media,31 - 40 years,New York,NY,270000.0
Tugboat Captain,Marine/Dredging,11 - 20 years,New York,NY,140000.0
Partner,Investment Management,5 - 7 years,San Francisco,CA,150000.0
Principal Software Engineer,IT,21 - 30 years,Atlanta,GA,85000.0
Scientist,Tech,11 - 20 years,Seattle,WA,400000.0
Software Engineer,Technology,2 - 4 years,Washington,DC,90000.0
Logistics Manager,Logistics,21 - 30 years,Seattle,WA,110000.0
Senior Global Mobility Specialist,Human Resources,8 - 10 years,New York,NY,100000.0
Compliance Manager,Healthcare,5 - 7 years,Seattle,WA,70000.0
Senior Project Manager,Healthcare,21 - 30 years,Seattle,WA,102000.0
Clinical Research Coordinator,Public Health,2 - 4 years,Atlanta,GA,56000.0
Financial Analyst,Banking,2 - 4 years,Portland,OR,67500.0
Senior Associate,Investment Consulting,5 - 7 years,San Francisco,CA,115000.0
Attorney,Legal,8 - 10 years,Philadelphia,PA,310000.0
Director of Administration,Engineering / Construction,11 - 20 years,Boston,MA,110000.0
Tugboat Captain,Marine/Dredging,11 - 20 years,New York,NY,140000.0
Senior Quality Engineer,Technology,5 - 7 years,Chicago,IL,117000.0
Physician,Medicine,5 - 7 years,Los Angeles,CA,250000.0
General Manager,Beverage,2 - 4 years,Boston,MA,250000.0
Cook,Food,1 year or less,Seattle,WA,32000.0
Senior Accountant,Healthcare,11 - 20 years,Phoenix,AZ,80000.0
Lead IT Specialist,Information Technology,8 - 10 years,Baltimore,MD,95000.0
Software Engineer,Tech,2 - 4 years,Washington,DC,88000.0
Software Engineer,Fintech,1 year or less,Chicago,IL,70000.0
IT Director,Healthcare,21 - 30 years,Chicago,IL,167000.0
Software Engineer,Software,5 - 7 years,San Francisco,CA,130000.0
Senior Systems Engineer,Oil & Gas,11 - 20 years,Houston,TX,135000.0
Sales,HVAC,1 year or less,Houston,TX,275000.0
Marketing Coordinator,Marketing,8 - 10 years,Boston,MA,52000.0
Sales Executive,Financial Services,2 - 4 years,New York,NY,75000.0
Engagement Manager,Consulting,5 - 7 years,Philadelphia,PA,211000.0
Data Scientist,Healthcare,2 - 4 years,San Francisco,CA,105000.0
Analytics Manager,Manufacturing,11 - 20 years,Portland,OR,102000.0
Staff Attorney,Law,2 - 4 years,Denver,CO,88000.0
Managing Director,Consulting,11 - 20 years,New York,NY,270000.0
Actor,Entertainment,2 - 4 years,Atlanta,GA,45000.0
union pipefitter,Industrial Construction,21 - 30 years,New York,NY,120000.0
General Manager,Manufacturing,11 - 20 years,Los Angeles,CA,210000.0
Consultant,Technology,11 - 20 years,Portland,ME,90000.0
Administrative Operations Coordinator,Nonprofit,5 - 7 years,Denver,CO,40000.0
IT Admin,Banking,1 year or less,Houston,TX,81000.0
Senior EHS Manager,Food Manufacturing,31 - 40 years,Portland,OR,100000.0
Engineer,Retail,1 year or less,Seattle,WA,100000.0
Recruiting Specialist,Banking,2 - 4 years,New York,NY,67000.0
Advisor,Marketing,11 - 20 years,Denver,CO,140000.0
Associate,Law,8 - 10 years,New York,NY,205000.0
Cabinet installer,Construction,8 - 10 years,Los Angeles,CA,58000.0
Project Manager,Defense,2 - 4 years,Washington,DC,90000.0
Field Support Engineer,Retail,11 - 20 years,Seattle,WA,93000.0
Strategic Program Manager,IT,11 - 20 years,Houston,TX,110000.0
Engineering Difficulty Review Chairman,Aerospace,31 - 40 years,San Diego,CA,158000.0
Implementation Manager,Tech,5 - 7 years,San Francisco,CA,94000.0
Payroll Manager,MLM,11 - 20 years,Dallas,TX,84000.0
Pilot,Airline,11 - 20 years,New York,NY,150000.0
Designer,Architecture,2 - 4 years,New York,NY,62000.0
Project Manager,Government,8 - 10 years,Seattle,WA,106000.0
Principal Software Engineer,Health Care Startup,8 - 10 years,San Francisco,CA,180000.0
Director,Film,1 year or less,Los Angeles,CA,45000.0
COO,Advertising,21 - 30 years,New York,NY,425000.0
Senior Product Manager,Tech,8 - 10 years,Seattle,WA,180000.0
Senior EHR Application Specialist,Healthcare,41 years or more,St. Louis,MO,90730.0
Digital Strategist,Nonprofit,2 - 4 years,Washington,DC,48000.0
Director of publications,Admin A/R Billing,2 - 4 years,Los Angeles,CA,45000.0
CFO,Finance,21 - 30 years,Los Angeles,CA,500000.0
Partner,Legal,21 - 30 years,Chicago,IL,350000.0
Windows Engineer,Misc,31 - 40 years,Portland,OR,105000.0
Supervising Attorney,Nonprofit,8 - 10 years,New York,NY,106200.0
Lead Client  Contact,Motion Pictures,11 - 20 years,New York,NY,52000.0
Business Analyst,Government,11 - 20 years,Phoenix,AZ,70000.0
Software Programmer,IT,11 - 20 years,Minneapolis,MN,78000.0
Software Engineer,Enterprise Technology,2 - 4 years,New York,NY,125000.0
Associate Attorney,Nonprofit,8 - 10 years,New York,NY,78000.0
Consultant,Federal Contracting,8 - 10 years,Washington,DC,96000.0
Clinical Trial Manager,Pharmaceutical,2 - 4 years,Philadelphia,PA,90000.0
Quality Manager,Manufacturing,8 - 10 years,Minneapolis,MN,87000.0
Eng Manager - Infrastructure,Tech,2 - 4 years,San Francisco,CA,155000.0
Instructional Designer,Education,11 - 20 years,Boston,MA,70000.0
Enterprise Application Management Specialist,Retail/Convenience Store,8 - 10 years,Philadelphia,PA,130000.0
Associate,Commercial Real Estate,2 - 4 years,Atlanta,GA,87000.0
Reviewer,Defense,11 - 20 years,Pittsburgh,PA,56000.0
Executive Assistant,Finance,8 - 10 years,Boston,MA,85000.0
Electrical Engineer,Electric Utility,8 - 10 years,Denver,CO,105000.0
Technical Land Advisor,Energy,41 years or more,Denver,CO,150000.0
Strategy Principal,Aerospace,11 - 20 years,Seattle,WA,197000.0
Technology Associate,Investment Management,1 year or less,Los Angeles,CA,82000.0
Manager,Public Accounting,41 years or more,St. Louis,MO,149900.0
CEO,Tech,8 - 10 years,New York,NY,300000.0
Team Lead,Customer Service,2 - 4 years,Denver,CO,35000.0
Senior security manager,Banking,21 - 30 years,Philadelphia,PA,115000.0
Benefits Consultant,Consulting,5 - 7 years,Chicago,IL,73500.0
Senior Brand Photographer,Tech,8 - 10 years,Atlanta,GA,62000.0
Director of Sales,Technology,31 - 40 years,San Francisco,CA,210000.0
Marketing communications mgr,Manufacturing,11 - 20 years,Phoenix,AZ,103000.0
Pricing Director,Solid Waste,21 - 30 years,Chicago,IL,135000.0
Director of channel sales,Telecommunications,11 - 20 years,New York,NY,150000.0
HR Specialist,Government,5 - 7 years,Minneapolis,MN,55000.0
Editor,Median & Marketing,5 - 7 years,Los Angeles,CA,52000.0
System Director,Insurance,11 - 20 years,Atlanta,GA,153000.0
Sales Manager,Manufacturing,11 - 20 years,Houston,TX,120000.0
Software Engineer,Ecommerce,8 - 10 years,Boston,MA,140000.0
Sales Manager,Manufacturing,11 - 20 years,Houston,TX,120000.0
Navy Lieutenant (0-3),US Military,8 - 10 years,San Diego,CA,111000.0
IT Manager,Construction,21 - 30 years,Phoenix,AZ,95000.0
Business Analyst,Finance,11 - 20 years,Baltimore,MD,77500.0
Software Engineer,Software,5 - 7 years,Atlanta,GA,65000.0
Operations Manager,Professional Services,8 - 10 years,New York,NY,105000.0
Underwriter,Mortgage,2 - 4 years,Denver,CO,63000.0
Senior Media Analyst,Advertising,5 - 7 years,Austin,TX,78000.0
COO,Software (Startups),11 - 20 years,Los Angeles,CA,140000.0
Data Analyst,Tech,1 year or less,Portland,OR,74000.0
Interior Designer,Architecture/Construction,11 - 20 years,St. Louis,MO,55000.0
Legal Assistant,Legal,11 - 20 years,Houston,TX,65000.0
Design Manager,Insurance,21 - 30 years,Phoenix,AZ,100000.0
Architect,Information Technology,11 - 20 years,Minneapolis,MN,180000.0
Manager,Retail,5 - 7 years,New York,NY,80000.0
Associate,Law,5 - 7 years,Los Angeles,CA,280000.0
VP,Cleantech,8 - 10 years,San Francisco,CA,200000.0
Architect,Information Technology,11 - 20 years,Minneapolis,MN,180000.0
Billing Manager,Healthcare,5 - 7 years,Dallas,TX,73000.0
Senior Editor,Media,11 - 20 years,Washington,DC,59000.0
Staff Attorney,Legal,8 - 10 years,Los Angeles,CA,160000.0
Staff Attorney,Legal,8 - 10 years,Los Angeles,CA,160000.0
Office Manager,Security,8 - 10 years,Portland,OR,49000.0
Engineering Manager,Healthcare,8 - 10 years,San Francisco,CA,195000.0
Senior Systems Engineer,IT,5 - 7 years,Pittsburgh,PA,87000.0
Engineering Program and Operations Manager,Naval,11 - 20 years,Boston,MA,132000.0
Department Manager,Retail,2 - 4 years,Portland,OR,69000.0
Project Coordinator,Construction,1 year or less,Seattle,WA,70000.0
Strategic Account Executive,Technology,11 - 20 years,San Francisco,CA,330000.0
Operations Director,Nonprofit,5 - 7 years,Boston,MA,57160.0
technical author,Tech,5 - 7 years,Austin,TX,122000.0
"Director, Health Outcomes Research",Pharmaceutical,21 - 30 years,Chicago,IL,250000.0
Staff Accountant,Public Accounting,1 year or less,Philadelphia,PA,51600.0
Editorial Manager,Media,5 - 7 years,Seattle,WA,62500.0
VP Business Development,Digital Msidia,21 - 30 years,Los Angeles,CA,205500.0
Customer Success Manager,Technology,1 year or less,Denver,CO,57250.0
Planning Supervisor,Oil & Gas,11 - 20 years,Houston,TX,151000.0
Manager of Account Management,Transportation,11 - 20 years,Chicago,IL,112000.0
Director of Business Development,Healthcare,11 - 20 years,Portland,ME,115000.0
Editorial Manager,Media,5 - 7 years,Seattle,WA,62500.0
Reservations Supervisor,Travel/Hospitality,5 - 7 years,Portland,OR,46000.0
Senior Strategic Partner Manager,High Tech,21 - 30 years,Austin,TX,156000.0
Associate Principal,Non profit (Environment),5 - 7 years,Washington,DC,88000.0
Sales Manager,Sales,21 - 30 years,San Francisco,CA,131500.0
"Senior Associate, Growth Marketing",CPG,2 - 4 years,New York,NY,75000.0
Software Architect,Banking,2 - 4 years,Houston,TX,125000.0
1811,U.S. Government,21 - 30 years,Minneapolis,MN,145000.0
Marketing Manager,Marketing - Law,11 - 20 years,San Francisco,CA,80000.0
Executive Finance Officer,Transportation,21 - 30 years,Los Angeles,CA,208000.0
"Senior Associate, Growth Marketing",CPG,2 - 4 years,New York,NY,75000.0
Senior Product Manager,Tech,8 - 10 years,New York,NY,98000.0
Senior Design Engineer,Semiconductor,11 - 20 years,Phoenix,AZ,105000.0
IT Manager,Pharmaceutical,21 - 30 years,New York,NY,124000.0
IT Manager,Pharmaceutical,21 - 30 years,New York,NY,124000.0
Operations Manager,Delivery,2 - 4 years,Dallas,TX,98000.0
Manager of Operations,Beverage,5 - 7 years,Chicago,IL,108000.0
Sheet metal,Construction,8 - 10 years,Washington,DC,72000.0
IT Manager,Pharmaceutical,21 - 30 years,New York,NY,124000.0
IT Project Manager,Public Transit,8 - 10 years,New York,NY,97000.0
HR Generalist,Manufacturing,5 - 7 years,Denver,CO,63000.0
Senior Monitoring and Evaluation Officer,Nonprofit,21 - 30 years,Seattle,WA,122000.0
Product Marketing Director,Technology,11 - 20 years,Boston,MA,129000.0
Merchandise Financial Manager,Retail,21 - 30 years,Seattle,WA,120000.0
Project Engineer,Construction,2 - 4 years,Seattle,WA,72800.0
Director,Industrial,21 - 30 years,Austin,TX,150000.0
Associate Director,Higher Education,11 - 20 years,Chicago,IL,73000.0
"VP, Account Director",Advertising,11 - 20 years,Atlanta,GA,75000.0
Pricing Manager,Manufacturing,21 - 30 years,Portland,OR,114000.0
Human Resources Director,Technology,21 - 30 years,Portland,ME,183000.0
Product Marketing Director,Technology,11 - 20 years,Boston,MA,129000.0
Associate Content Editor,Business-to-Business Publishing,2 - 4 years,Dallas,TX,33000.0
International broadcaster,Government,41 years or more,Washington,DC,116000.0
Marketing Manager,Retail,21 - 30 years,Pittsburgh,PA,76000.0
Conceirge Manager,Hospitality,5 - 7 years,Phoenix,AZ,39000.0
Project Manager,Manufacturing,31 - 40 years,Pittsburgh,PA,100000.0
Senior Dba,Software,11 - 20 years,Denver,CO,157000.0
Senior Service Desk Analyst,IT,11 - 20 years,Phoenix,AZ,46500.0
Librarian,Public Service,11 - 20 years,New York,NY,45000.0
Project Manager,Aerospace,5 - 7 years,Seattle,WA,70000.0
court commissioner,Government,31 - 40 years,Los Angeles,CA,216000.0
Program Manager,IT/Media & Entertainment,11 - 20 years,Los Angeles,CA,144000.0
Occupational therapist,Healthcare,5 - 7 years,Chicago,IL,76200.0
Export supervisor,Logistics,8 - 10 years,Philadelphia,PA,71000.0
Portfolio Analyst,Asset Management,2 - 4 years,Seattle,WA,66000.0
Sales Director,Automotive Sales,8 - 10 years,Dallas,TX,240000.0
Principal,Fundraising,21 - 30 years,Minneapolis,MN,65000.0
Senior Vice President Information Security,Financial Services,21 - 30 years,Washington,DC,249000.0
Digital Marketing Manager,Technology,8 - 10 years,Los Angeles,CA,85400.0
Business Consultant,Restoration,11 - 20 years,Atlanta,GA,120000.0
Operations Manager,Technology,1 year or less,New York,NY,75000.0
Key accounts manager,FURNITURE SALES,31 - 40 years,Dallas,TX,210000.0
Geophysicist,Oil & Gas,5 - 7 years,Houston,TX,120000.0
Portfolio Associate,Wealth Management,8 - 10 years,Phoenix,AZ,60000.0
System Engineer,Telecommunications,2 - 4 years,Seattle,WA,82000.0
Principal Software Engineer,Automotive,8 - 10 years,Atlanta,GA,126000.0
Corporate Counsel,Software,5 - 7 years,Chicago,IL,155000.0
Senior Product Owner,Software,21 - 30 years,Denver,CO,105000.0
Director,Advertising,11 - 20 years,Philadelphia,PA,140000.0
Senior Finance Manager,Online Retail,11 - 20 years,Seattle,WA,151000.0
Engineering Manager,Material Handling,31 - 40 years,Portland,OR,136000.0
VP,IT,11 - 20 years,Atlanta,GA,138000.0
Director,Health,31 - 40 years,Atlanta,GA,250000.0
Senior Consultant,Communications,31 - 40 years,Atlanta,GA,98600.0
Manager,Tech,21 - 30 years,San Francisco,CA,500000.0
Software Engineer,Finance,21 - 30 years,Denver,CO,140000.0
Police Officer,Law Enforcment,8 - 10 years,New York,NY,125000.0
Principal Business Analyst,Healthcare,11 - 20 years,Philadelphia,PA,115000.0
Software Engineer,Technology,8 - 10 years,Denver,CO,130000.0
Senior Consultant,Communications,31 - 40 years,Atlanta,GA,98600.0
Document Management Specialist,Autonomous Cars,11 - 20 years,Phoenix,AZ,73500.0
Internal Auditor,Casino,5 - 7 years,Washington,DC,64000.0
Supply Chain Manager,Airline,11 - 20 years,Dallas,TX,104000.0
Ad Ops Manaher,Advertising,2 - 4 years,San Francisco,CA,68000.0
Senior Director,Market Research,11 - 20 years,New York,NY,129000.0
SVP,Financial Services,31 - 40 years,Washington,DC,236000.0
CFO,Nonprofit,31 - 40 years,Washington,DC,235000.0
Engineer,Oil and Gas,31 - 40 years,Houston,TX,340000.0
Engineer,Energy,11 - 20 years,Houston,TX,197000.0
Income Maintenance Caseworker,State Government,5 - 7 years,Pittsburgh,PA,44850.0
Systems Analyst,IT,21 - 30 years,Denver,CO,90000.0
Systems Engineer,Broadcasting,11 - 20 years,Washington,DC,115000.0
Director of Research,Nonprofit,8 - 10 years,New York,NY,90000.0
Partner,Legal,8 - 10 years,Los Angeles,CA,385000.0
Registered Representative - Independent,Financial Services,8 - 10 years,Los Angeles,CA,97000.0
Business Analyst,Banking,2 - 4 years,St. Louis,MO,50000.0
Customer Marketing Associate,Energy,5 - 7 years,Philadelphia,PA,48000.0
Librarian,Education/Libraries,5 - 7 years,Los Angeles,CA,72000.0
Senior Project Manager,Automotive Manufacturing,21 - 30 years,Portland,OR,113000.0
Senior Financial Analyst,Music,5 - 7 years,Los Angeles,CA,78000.0
Accountant,Public Accounting,2 - 4 years,Portland,OR,62000.0
Partner,Consulting,11 - 20 years,Dallas,TX,225000.0
CFO,Nonprofit,11 - 20 years,Washington,DC,180000.0
Managing Partner,Executive Search,8 - 10 years,New York,NY,178000.0
EMT,First responder,31 - 40 years,New York,NY,66000.0
Mechanical Engineer,Semiconductor,2 - 4 years,Austin,TX,77000.0
VP Engineering,B2C Software,21 - 30 years,Boston,MA,192000.0
Senior Software Engineer,Software,11 - 20 years,Seattle,WA,145000.0
Sales Manager,Food,8 - 10 years,Chicago,IL,65000.0
Senior DevOps Engineer,IT,11 - 20 years,Los Angeles,CA,165000.0
Acquisitions Editor,Publishing (Tech/Business),5 - 7 years,Boston,MA,63000.0
Controller,Construction,31 - 40 years,San Francisco,CA,74000.0
Senior Audit Manager,Transportation,41 years or more,Atlanta,GA,220000.0
Technical Account Manager,IT,11 - 20 years,Dallas,TX,188000.0
Software Engineer,Software,11 - 20 years,Seattle,WA,400000.0
Product Sales Specialist,Finance,21 - 30 years,Chicago,IL,83000.0
Staff Technical Writer,Technology,8 - 10 years,Seattle,WA,134000.0
Senior Litigation Counsel,Legal,11 - 20 years,Washington,DC,166500.0
Business Analyst,Insurance,5 - 7 years,San Francisco,CA,95000.0
Manager,Pharmaceutical,11 - 20 years,Seattle,WA,165000.0
National Account Manager,Consumer Goods,5 - 7 years,Austin,TX,160000.0
Controller,Franchised Auto Dealership,31 - 40 years,New York,NY,86720.0
CEO,Real Estate,21 - 30 years,Los Angeles,CA,330000.0
Senior Designer,Marketing,2 - 4 years,Portland,ME,47000.0
Manager,Consulting,5 - 7 years,Atlanta,GA,160000.0
Teacher/theatre director,Education,11 - 20 years,Dallas,TX,55000.0
Subsurface manager,Oil & Gas,8 - 10 years,Houston,TX,200000.0
Scientist/Senior Project Manager,Pharmaceutical Manufacturing,41 years or more,San Francisco,CA,170000.0
Teacher/theatre director,Education,11 - 20 years,Dallas,TX,55000.0
Solutions Engineer,Technology - Software,5 - 7 years,Washington,DC,250000.0
Vice President of Finance and Special Projects,Manufacturing,11 - 20 years,Houston,TX,175000.0
Project Manager,Tech,2 - 4 years,San Francisco,CA,85000.0
Pilot,Transportation,11 - 20 years,Portland,OR,205000.0
Manager,Restaurant,11 - 20 years,Atlanta,GA,205000.0
Liasion,Healthcare,21 - 30 years,Philadelphia,PA,92000.0
Branch Manager,Banking,11 - 20 years,New York,NY,48000.0
Art Director,Marketing,11 - 20 years,Los Angeles,CA,180000.0
Director,Manufacturing,31 - 40 years,Atlanta,GA,175600.0
Environmental Scientist,Construction/Environmental Consulting,8 - 10 years,Baltimore,MD,49000.0
Lead construction manager,Telecommunications,5 - 7 years,Pittsburgh,PA,86000.0
Principal librarian,City Government,11 - 20 years,Los Angeles,CA,121000.0
Customer investment Manager,Consumer Products,11 - 20 years,Minneapolis,MN,143000.0
Procurement Manager,Consumer Packaged Goods,11 - 20 years,Chicago,IL,117000.0
Economic Development Director,Government,21 - 30 years,Seattle,WA,137380.0
Lead Coffee roaster,Coffee Retail,8 - 10 years,Minneapolis,MN,46000.0
Electrical Engineer,Manufacturing,2 - 4 years,Atlanta,GA,100000.0
HR Manager,Oil and Gas,11 - 20 years,Houston,TX,167000.0
HR Director,Financial Services,11 - 20 years,New York,NY,200000.0
Analyst,Banking,1 year or less,Pittsburgh,PA,50000.0
Sergeant,Law Enforcement,21 - 30 years,Chicago,IL,100500.0
Se.Analyst,Software,5 - 7 years,San Francisco,CA,130000.0
Captain,Airline,21 - 30 years,New York,NY,352000.0
Finance,Government - State of Arizona,21 - 30 years,Phoenix,AZ,105580.0
Software Engineer,Software Development,2 - 4 years,St. Louis,MO,65000.0
Pricing Specialist,electonic distribution,21 - 30 years,Denver,CO,75000.0
Reimbursement Director,Biotechnology,11 - 20 years,Los Angeles,CA,210000.0
Sales desk manager,Automotive Dealership,8 - 10 years,Pittsburgh,PA,97000.0
Planning,Retail,11 - 20 years,Chicago,IL,158000.0
GIS Coordinator,Federal Government,8 - 10 years,Atlanta,GA,85000.0
Senior Director of Strategic Planning,High Tech,8 - 10 years,New York,NY,320000.0
Business Operations Specialist,Aerospace,11 - 20 years,Seattle,WA,108450.0
Emergency preparedness and response coordinator,Public Health,8 - 10 years,Seattle,WA,125000.0
Director of IT,Information Technology,21 - 30 years,Atlanta,GA,206000.0
Software Engineer,Aviation,1 year or less,Boston,MA,70000.0
Head of Production,Post production,8 - 10 years,Los Angeles,CA,150000.0
Certified veterinary technician,Veterinary medicine,11 - 20 years,Minneapolis,MN,45000.0
Consultant,Software Engineering,5 - 7 years,Austin,TX,200000.0
Director,Life Sciences,11 - 20 years,New York,NY,145000.0
Video Producer,Media,8 - 10 years,New York,NY,70000.0
General Manager,Fabrication,8 - 10 years,San Diego,CA,150000.0
CRNA,Healthcare,11 - 20 years,Seattle,WA,175000.0
Security Architect,IT,11 - 20 years,Chicago,IL,130000.0
Strategy Officer,Banking,5 - 7 years,Los Angeles,CA,83000.0
Analyst,Government,8 - 10 years,Washington,DC,109000.0
Test Engineer,Medical Devices,5 - 7 years,Minneapolis,MN,88000.0
Professor,Education,31 - 40 years,New York,NY,350000.0
IT Manager,Retail,21 - 30 years,Minneapolis,MN,150000.0
Professor,Education,31 - 40 years,New York,NY,350000.0
Project Designer,Architecture,8 - 10 years,Washington,DC,70000.0
Assistant Project Manager,Construction Management,2 - 4 years,New York,NY,85000.0
Senior Sales Engineer,Tech,21 - 30 years,Seattle,WA,215000.0
Analyst,Government,8 - 10 years,Washington,DC,109000.0
"VP, Sales & Operations",Publisher,8 - 10 years,New York,NY,140000.0
Senior Vice President,Financial,31 - 40 years,San Francisco,CA,225000.0
Trainer,Life Sciences,8 - 10 years,Boston,MA,55000.0
Senior Software Engineer,Software,8 - 10 years,Seattle,WA,377500.0
Senior Quality Engineer,Tech,11 - 20 years,San Francisco,CA,145000.0
Associate Systems Analyst,Engineering/Technology,2 - 4 years,Chicago,IL,85696.0
loan workout,Auto finance captive lender,21 - 30 years,Dallas,TX,107000.0
General Manager,Restaurant,41 years or more,Boston,MA,86000.0
Staff Engineer,Semiconductor,21 - 30 years,Seattle,WA,130000.0
Key Account Manager,Consumer Packaged Goods,5 - 7 years,San Diego,CA,97350.0
Senior Producer,Media,5 - 7 years,San Francisco,CA,92500.0
Operations Supervisor,Financial Industry,2 - 4 years,Denver,CO,67500.0
Attorney,Law,5 - 7 years,Baltimore,MD,79000.0
HSE Coordinator,Manufacturing,11 - 20 years,Houston,TX,60000.0
Portfolio Associate,Finance,11 - 20 years,Chicago,IL,90000.0
Associate Producer,Television,5 - 7 years,New York,NY,60000.0
UX/UI Designer,Finance and Technology,5 - 7 years,Washington,DC,166000.0
Consultant,Professional Services,5 - 7 years,New York,NY,99000.0
Risk management,Finance,11 - 20 years,New York,NY,253000.0
Process Improvement,Healthcare,8 - 10 years,Denver,CO,75000.0
Risk management,Finance,11 - 20 years,New York,NY,253000.0
Flight Attendant,Ailine,1 year or less,Phoenix,AZ,61500.0
Production Coordinator,Entertainment Industry/Hollywood,5 - 7 years,Los Angeles,CA,60000.0
Collections,Legal,21 - 30 years,Minneapolis,MN,75000.0
Procurement Manager,Oil and Gas,11 - 20 years,Houston,TX,205000.0
Embryologist,Healthcare,2 - 4 years,San Francisco,CA,77000.0
Risk management,Finance,11 - 20 years,New York,NY,253000.0
Lead Business Analyst/product owner,Financial services/tech,11 - 20 years,Dallas,TX,130000.0
Process Engineer,Semiconductor,2 - 4 years,Phoenix,AZ,89000.0
Submarine Officer,Military,11 - 20 years,New York,NY,160000.0
Store Manager,Retail,11 - 20 years,Houston,TX,87000.0
Storage Administration,Information Technology,11 - 20 years,Austin,TX,118000.0
Controller,Oil and Gas,11 - 20 years,Houston,TX,180000.0
General Superintendent,Transportation,21 - 30 years,New York,NY,130000.0
Director Supply Chain,Consumer Goods,11 - 20 years,New York,NY,175000.0
FP&A Manager,Tech,5 - 7 years,San Francisco,CA,160000.0
Senior Underwriter,Mortgage,11 - 20 years,Phoenix,AZ,90000.0
Associate,Private Equity,2 - 4 years,Los Angeles,CA,130000.0
Principal Scientist,Pharmaceutical,21 - 30 years,Chicago,IL,150000.0
Producer,Radio,8 - 10 years,Dallas,TX,32000.0
Senior Technology Consultant,Consulting,2 - 4 years,Chicago,IL,96750.0
Senior Campus Planner,Urban Planning,11 - 20 years,Boston,MA,92300.0
Subsea Technician,Oil and Gas,21 - 30 years,Houston,TX,350000.0
Senior User Experience Designer,Healthcare,11 - 20 years,San Francisco,CA,146000.0
Accounting,Finance,5 - 7 years,Boston,MA,162000.0
IT Director,CPG,21 - 30 years,Minneapolis,MN,154500.0
Business Analysis Supervisort,Healthcare,8 - 10 years,Baltimore,MD,95000.0
Senior Automation Engineer,Software Development,11 - 20 years,Austin,TX,105000.0
General Manager,Retail,11 - 20 years,Chicago,IL,83000.0
Controller,Technology,21 - 30 years,Portland,OR,150000.0
Studio Manager,Clothing,5 - 7 years,San Francisco,CA,128000.0
Veterinarian,Veterinary medicine,31 - 40 years,Houston,TX,100000.0
Software Engineering Manager,Fintech,8 - 10 years,San Francisco,CA,450000.0
Bridge inspection team leader,Structural Engineering,5 - 7 years,Chicago,IL,100000.0
Operations Manager,Government,8 - 10 years,Austin,TX,79900.0
Chief of Staff,Government,5 - 7 years,New York,NY,90000.0
Growth Analyst,Technology,1 year or less,San Francisco,CA,65000.0
Editorial Assistant,Book publishing,2 - 4 years,New York,NY,36000.0
Economist,State Government,11 - 20 years,Denver,CO,82100.0
VP of Business Development,Biotech,5 - 7 years,San Francisco,CA,100000.0
Data manager lead,Oil and Gas,11 - 20 years,Houston,TX,180000.0
CISO,Technology,21 - 30 years,Phoenix,AZ,250000.0
System Operator,Utilities,11 - 20 years,Austin,TX,115000.0
Supervisory Human Resource Specialist,US Government (EPA),21 - 30 years,Washington,DC,151633.0
Data manager team lead,Oil and Gas,11 - 20 years,Houston,TX,180000.0
Marketing Operations Manager,Education,8 - 10 years,Phoenix,AZ,80000.0
Health Client Manager,HR Consulting,11 - 20 years,Denver,CO,95000.0
Senior Development Specialist,Government,2 - 4 years,Denver,CO,59400.0
Senior Software Engineer,Software,31 - 40 years,Boston,MA,149000.0
Attorney,Legal,5 - 7 years,Denver,CO,105000.0
Consultant,Consulting,2 - 4 years,Chicago,IL,91000.0
Systems Engineer,Technology,11 - 20 years,Seattle,WA,104000.0
Partner,Tech,21 - 30 years,Boston,MA,150000.0
Instructor,Education,11 - 20 years,Los Angeles,CA,60000.0
"Senior Manager, Product Management",Software,11 - 20 years,San Francisco,CA,260000.0
Director,Management Consulting,11 - 20 years,Philadelphia,PA,270000.0
Systems Engineer,Retail,21 - 30 years,Minneapolis,MN,94000.0
Director,Management Consulting,11 - 20 years,Philadelphia,PA,270000.0
Senior DevOps Engineer,Technology,5 - 7 years,Los Angeles,CA,128950.0
IT Program Manager,Tech,8 - 10 years,Seattle,WA,87000.0
Merchandise Planner,Merchandising,8 - 10 years,San Francisco,CA,114000.0
IT Manager,Utilities,21 - 30 years,Portland,OR,144000.0
Teacher,Education,2 - 4 years,Philadelphia,PA,56531.0
Sales,Sales,21 - 30 years,Atlanta,GA,250000.0
Porn Star,Porn,11 - 20 years,Los Angeles,CA,100000.0
Department Manager,Book publishing,8 - 10 years,New York,NY,61000.0
Senior Counsel,Financial Services,11 - 20 years,Chicago,IL,230000.0
Vice President Client Services,Tech,21 - 30 years,Portland,OR,190000.0
Principal robotics engineer,Medical Devices,11 - 20 years,Dallas,TX,185000.0
Investments Analyst,Real Estate,2 - 4 years,Washington,DC,70000.0
Video Director,Nonprofit,31 - 40 years,New York,NY,66000.0
VP eng,Software,11 - 20 years,San Francisco,CA,255000.0
Coordinator,Nonprofit,2 - 4 years,Seattle,WA,48000.0
Project Manager,Construction,31 - 40 years,Portland,OR,125000.0
Sales,Hospitality Furnishings,5 - 7 years,Boston,MA,250000.0
Senior Financial Analyst,Finance,8 - 10 years,New York,NY,137000.0
Senior Director of Ecommerce,Retail,11 - 20 years,New York,NY,165000.0
Administrative Assistant,Education,2 - 4 years,Phoenix,AZ,38500.0
Senior manager of Distribution,Retail,8 - 10 years,Boston,MA,101000.0
Senior Regional Project Coordinator,"Home Performance Contracting (Green HVAC, Solar, Windows, Insulation etc)",2 - 4 years,Boston,MA,55000.0
Operations Analyst,Software,5 - 7 years,Denver,CO,57750.0
Systems Engineer,Technology,21 - 30 years,Minneapolis,MN,94000.0
Senior Accountant,Accounting,5 - 7 years,Los Angeles,CA,81000.0
Category Manager,Packaged Food and Beverage,8 - 10 years,Denver,CO,87000.0
Senior Financial Analyst,Finance,8 - 10 years,New York,NY,137000.0
Strategy Director,Advertising,8 - 10 years,New York,NY,160000.0
Client Relations,Investment Management,31 - 40 years,San Francisco,CA,250000.0
Regional Manager,Med Device,21 - 30 years,Minneapolis,MN,161000.0
Wealth management advisor,Finance,11 - 20 years,San Diego,CA,175000.0
Bilingual product specialist,Video Games,8 - 10 years,Seattle,WA,80000.0
Counsel,Law Firm,11 - 20 years,New York,NY,205000.0
Lead Recruiter,Tech,5 - 7 years,Los Angeles,CA,118000.0
Sales Executive,Chemical,21 - 30 years,Los Angeles,CA,155000.0
Physician,Healthcare,31 - 40 years,Chicago,IL,250000.0
Account Manager,Communications,8 - 10 years,Seattle,WA,80000.0
Physician,Healthcare,1 year or less,New York,NY,218500.0
Vice President of Donor Development,Nonprofit,8 - 10 years,Chicago,IL,129000.0
SeniorManager - Software Development,Information Technology,21 - 30 years,Washington,DC,178000.0
VP,Healthcare,21 - 30 years,Chicago,IL,300000.0
EVP of Operations,Facilities Management,21 - 30 years,St. Louis,MO,165000.0
Attorney,Law,21 - 30 years,New York,NY,215000.0
VP,Financial Services,21 - 30 years,Boston,MA,140000.0
Senior Vice President,Financial,31 - 40 years,New York,NY,350000.0
Safety Manager,Construction,21 - 30 years,Baltimore,MD,94000.0
Marketing Director,Healthcare,2 - 4 years,Minneapolis,MN,240000.0
Citrix engineer,IT,21 - 30 years,St. Louis,MO,86000.0
Solution Architect,Oil and Gas,11 - 20 years,Houston,TX,160000.0
Solution Architect,Business/IT Consulting,11 - 20 years,Austin,TX,210000.0
Operations Manager,Retail,5 - 7 years,St. Louis,MO,150000.0
Construction Manager,Construction,21 - 30 years,New York,NY,180000.0
Senior Category Manager,Retail,11 - 20 years,Seattle,WA,185000.0
Designer,Graphic Design,11 - 20 years,New York,NY,80000.0
Direct Digital Product Management,Financial Services,21 - 30 years,Boston,MA,160000.0
Attorney,Legal,21 - 30 years,Denver,CO,320000.0
Secondary Teacher,Education,8 - 10 years,Houston,TX,58000.0
Sales Executive,Software,5 - 7 years,Minneapolis,MN,140000.0
Longshoremen,Transportation,1 year or less,Baltimore,MD,117000.0
Designer,Graphic Design,11 - 20 years,New York,NY,80000.0
Market Intelligence Manager,Technology,8 - 10 years,Boston,MA,125000.0
Assistant Buyer,Fashion,1 year or less,Los Angeles,CA,55000.0
Senior Program Manager,Defense,31 - 40 years,Dallas,TX,236000.0
Market Intelligence Manager,Technology,8 - 10 years,Boston,MA,125000.0
District Manager,Retail,2 - 4 years,Houston,TX,120000.0
Cloud Solutions Architect,Software,21 - 30 years,Atlanta,GA,224000.0
Data Analyst,Travel,11 - 20 years,Phoenix,AZ,124000.0
Global Procurement,Healthcare,11 - 20 years,Boston,MA,250000.0
Senior Manager,Marketing,5 - 7 years,Dallas,TX,102500.0
Consulting Manager,Consulting,8 - 10 years,Atlanta,GA,114000.0
Senior Hardware Engineer,Technology,8 - 10 years,Seattle,WA,200000.0
PhD Candidate,Urban Planning,2 - 4 years,Los Angeles,CA,30000.0
Solutions architect manager,Computer Software,11 - 20 years,Boston,MA,400000.0
Area VP,Automotive Retail,21 - 30 years,Washington,NJ,420000.0
Account Manager,Industrial Sales,31 - 40 years,Portland,OR,120000.0
Virtual Reality Developer,Design and Technology,8 - 10 years,Austin,TX,75000.0
Producer,Creative,2 - 4 years,Los Angeles,CA,54000.0
Senior Video Producer,Tech,8 - 10 years,Seattle,WA,120000.0
Executive Director,Financial Services,41 years or more,New York,NY,300000.0
Director,Manufacturing,31 - 40 years,Atlanta,GA,170000.0
Product Management Leader,Retail,21 - 30 years,Seattle,WA,200000.0
Software Engineer,Software,21 - 30 years,Seattle,WA,250000.0
Key Account Manager,Oil & Gas,11 - 20 years,Philadelphia,PA,140000.0
Director of park development,Amusement,11 - 20 years,Los Angeles,CA,97000.0
Actuary,Insurance,5 - 7 years,Chicago,IL,117000.0
Mechanical Engineer,Oil & Gas,8 - 10 years,Houston,TX,125000.0
Bank Examiner,Government,5 - 7 years,San Francisco,CA,110000.0
Mechanic,Aviation,11 - 20 years,Denver,CO,105000.0
VP of Design,Tech,1 year or less,New York,NY,350000.0
AD,Higher Education,2 - 4 years,San Francisco,CA,97000.0
Telecom Expense Analyst,Healthcare,21 - 30 years,Denver,CO,100000.0
QA Manager,IT,11 - 20 years,New York,NY,115963.0
QA Manager,IT,11 - 20 years,New York,NY,115963.0
Senior Product Manager,Manufacturing,11 - 20 years,Dallas,TX,135000.0
"Senior Manager, Procurement",Consumer Products Manufacturing,21 - 30 years,Atlanta,GA,97920.0
QA Manager,IT,11 - 20 years,New York,NY,115963.0
Finance Manager,Finance,11 - 20 years,New York,NY,155000.0
Finance Director,Financial Services,21 - 30 years,Chicago,IL,190000.0
Senior Director of Amazon Account Sales,Manufacturing,11 - 20 years,Seattle,WA,182000.0
RN Case Manager,Healthcare,8 - 10 years,Portland,OR,90000.0
Assistant Vice President,Finance,11 - 20 years,New York,NY,117500.0
Managing Director,Consulting,31 - 40 years,Chicago,IL,450000.0
Account Executive,SaaS,5 - 7 years,San Diego,CA,150000.0
Signal Engineer,Transportation,8 - 10 years,Denver,CO,92000.0
Program Manager,Medical Devices,11 - 20 years,Seattle,WA,145000.0
VP,Government Affairs,8 - 10 years,Washington,DC,195000.0
Manager,Food industry,5 - 7 years,San Francisco,CA,120000.0
Software Engineering Manager,Software,21 - 30 years,San Diego,CA,130000.0
HR Director,Nonprofit,21 - 30 years,Washington,DC,105000.0
Controller,Distribution,41 years or more,Houston,TX,120000.0
Head of Design,Finance,11 - 20 years,New York,NY,200000.0
Scientist,Nanotechnology,5 - 7 years,Boston,MA,80000.0
Desktop Support Analyst,Food Service,5 - 7 years,Chicago,IL,48000.0
Sales Engineer,Metals,5 - 7 years,Pittsburgh,PA,82000.0
Software Engineer,Defense,2 - 4 years,Boston,MA,92000.0
Software Engineer,Healthcare Tech,2 - 4 years,New York,NY,103000.0
Managing Consultant,Technology,11 - 20 years,San Diego,CA,185000.0
Managing Consultant,Technology,11 - 20 years,San Diego,CA,185000.0
Senior Director,Financial Services,11 - 20 years,San Francisco,CA,450000.0
Outreach & Archives Librarian,Higher Education,5 - 7 years,St. Louis,MO,43000.0
Economics Manager,Energy,21 - 30 years,Houston,TX,171000.0
Senior Communications Manager,Communications,21 - 30 years,Phoenix,AZ,98442.0
Software Engineer,Tech,2 - 4 years,San Francisco,CA,140000.0
Business Operations Manager,Technology,5 - 7 years,Seattle,WA,70000.0
HR Director,Nonprofit,21 - 30 years,Washington,DC,105000.0
Business Operations Manager,Technology,5 - 7 years,Seattle,WA,70000.0
Director of Marketing,Education,11 - 20 years,Washington,DC,165000.0
"Director, Sales Engineering",Software Sales,5 - 7 years,Seattle,WA,160000.0
Risk Management Analyst,Long Term Care Insurance,21 - 30 years,Chicago,IL,65000.0
Consultant,Consulting,5 - 7 years,Chicago,IL,106000.0
Transportation Operations Manager,Event Management,8 - 10 years,New York,NY,60000.0
Associate Account Manager,Advertising,2 - 4 years,New York,NY,62000.0
Transportation Operations Manager,Event Management,8 - 10 years,New York,NY,60000.0
Vice President of Sales,Industrial Distribution,21 - 30 years,Houston,TX,150000.0
Director of Marketing & Communications,Marketing,11 - 20 years,San Diego,CA,85000.0
Associate Professor,Research,11 - 20 years,New York,NY,133000.0
Senior Programmer,Healthcare,21 - 30 years,San Diego,CA,109000.0
General Counsel,Technology,21 - 30 years,Seattle,WA,240000.0
Fraud investigator,Banking,21 - 30 years,Atlanta,GA,50000.0
Program Manager,Telecommunications,5 - 7 years,Denver,CO,85000.0
Appraiser,Insurance,11 - 20 years,Dallas,TX,63500.0
General Counsel,Technology,21 - 30 years,Seattle,WA,240000.0
Experience Designer,Software,21 - 30 years,Boston,MA,135000.0
Director of Marketing & Communications,Travel & Tourism,11 - 20 years,San Diego,CA,85000.0
Planning Manager,Aviation,11 - 20 years,New York,NY,125000.0
Project Manager,"Architecture, Engineering, and Construction",5 - 7 years,New York,NY,63000.0
Engineering,Tech,21 - 30 years,Seattle,WA,160000.0
Head of Clinical Operations,Pharmaceutical,11 - 20 years,Boston,MA,300000.0
Engineering Director,Biotech,21 - 30 years,San Francisco,CA,210000.0
Senior Associate,Consulting,2 - 4 years,New York,NY,82500.0
Senior Technical Program Manager,Retail,11 - 20 years,Minneapolis,MN,124000.0
SE,IT,21 - 30 years,Washington,DC,200000.0
Onboarding Manager,Healthcare,8 - 10 years,Dallas,TX,65000.0
Director,Human Resources,11 - 20 years,Chicago,IL,185000.0
Product Manager,Pharmaceutical,31 - 40 years,Boston,MA,145000.0
Program Manager,Government,8 - 10 years,Washington,DC,103000.0
Paralegal,Tech,11 - 20 years,Austin,TX,135000.0
Software Engineering Manager,Tech,11 - 20 years,Los Angeles,CA,145800.0
Ultrasound clinical account specialist,Medical Devices,11 - 20 years,Los Angeles,CA,90000.0
Director of Product Management,Media,11 - 20 years,New York,NY,185000.0
Cloud Architect,Technology,21 - 30 years,New York,NY,200000.0
Cloud Architect,Cloud,21 - 30 years,Dallas,TX,160000.0
Manager,Telecommunications,21 - 30 years,Atlanta,GA,130000.0
Principal Engineer,Oil & Gas,31 - 40 years,Houston,TX,210000.0
HR Manager,Education,8 - 10 years,Chicago,IL,61200.0
Partner,Law Firm,11 - 20 years,Phoenix,AZ,290000.0
Director,Pharmaceutical,11 - 20 years,Boston,MA,160000.0
General Accounting Manager,Oil & Gas,11 - 20 years,Houston,TX,169000.0
Digital sales representative,Technology,1 year or less,Atlanta,GA,72000.0
Pharmacy Manager,Healthcare,8 - 10 years,New York,NY,139000.0
Software Engineer,Tech,5 - 7 years,Seattle,WA,130000.0
Senior Program Manager,Information Security,21 - 30 years,Seattle,WA,123000.0
Director,Television,11 - 20 years,Atlanta,GA,200000.0
Local sales manager,Broadcast,21 - 30 years,Chicago,IL,230000.0
Associate,Attorney,5 - 7 years,Chicago,IL,100000.0
Program Director,Engineering,11 - 20 years,Phoenix,AZ,90000.0
Driver,Transportation,5 - 7 years,San Francisco,CA,50000.0
Product Manger,Lighting,5 - 7 years,Houston,TX,60000.0
Senior Program Manager,Information Security,21 - 30 years,Seattle,WA,123000.0
Station manager,Customer Service,5 - 7 years,Los Angeles,CA,65000.0
Enterprise Architect,Information Technology,21 - 30 years,Phoenix,AZ,180000.0
Business and Systems Integration Associate Manager,Information Technology,5 - 7 years,Los Angeles,CA,106300.0
Associate,Law,5 - 7 years,Chicago,IL,100000.0
Writer/Editor,Higher Education,11 - 20 years,San Francisco,CA,60000.0
Senior Director,Healthcare Quality Measurement,11 - 20 years,Washington,DC,160000.0
IT Manager,Oil and Gas,11 - 20 years,Houston,TX,135000.0
Director,Interior products,31 - 40 years,New York,NY,200000.0
Solutions Architect,Information Technology,21 - 30 years,Chicago,IL,136000.0
Project Manager,Construction,8 - 10 years,Austin,TX,90000.0
Project Manager,HVAC,5 - 7 years,New York,NY,90000.0
Elementary School Counselor,Public Education,8 - 10 years,Austin,TX,60000.0
Senior Principal,Information Technology,21 - 30 years,St. Louis,MO,149000.0
Reporter,Media,11 - 20 years,New York,NY,83600.0
General Counsel,Manufacturing,31 - 40 years,Pittsburgh,PA,145000.0
Senior Principal,Information Technology,21 - 30 years,St. Louis,MO,149000.0
Finance Manager,Entertainment,5 - 7 years,Los Angeles,CA,100000.0
Technology Analyst,IT,31 - 40 years,Atlanta,GA,90000.0
Analyst,business consulting and market research,2 - 4 years,Seattle,WA,49000.0
Office Manager,Finance,21 - 30 years,Seattle,WA,57200.0
Senior Software Engineer,Software,41 years or more,St. Louis,MO,130000.0
Senior Security Consultant,Security,11 - 20 years,Seattle,WA,107000.0
Therapist,Mental Health,5 - 7 years,New York,NY,75000.0
Retirement Representative,Finance,8 - 10 years,Denver,CO,45000.0
Program Manager,Communications,8 - 10 years,Atlanta,GA,120000.0
Branch Manager,Finance,11 - 20 years,Dallas,TX,75000.0
Director,Construction,31 - 40 years,Washington,DC,165000.0
LA region Dir of Marketing,Commercial Real Eatate ( global firm),11 - 20 years,Los Angeles,CA,120000.0
Associate Director IT,Legal,21 - 30 years,New York,NY,200000.0
Engineering team leader,Construction Industry,8 - 10 years,Atlanta,GA,99800.0
Director of Executive Protection,IT/Tech,21 - 30 years,Austin,TX,110000.0
Industry Relations,Academia,21 - 30 years,Los Angeles,CA,172000.0
Human Resources Manager,Retail,5 - 7 years,Phoenix,AZ,52000.0
Branch Head,Government,8 - 10 years,New York,NY,136000.0
Hydrologic Engineer,Water Resources,2 - 4 years,Denver,CO,90000.0
Associate Partner,Architecture,11 - 20 years,San Francisco,CA,130000.0
Director,Banking,21 - 30 years,San Francisco,CA,175000.0
Housekeeping Supervisor,Federal Government,2 - 4 years,Denver,CO,69000.0
UX Researcher,Tech,8 - 10 years,Seattle,WA,128000.0
Marketing Manager,Beauty / Wellness,5 - 7 years,New York,NY,70000.0
Director,Banking,21 - 30 years,San Francisco,CA,175000.0
Senior Finance Associate,Pharmaceutical,8 - 10 years,Philadelphia,PA,90000.0
Senior Legal Counsel,Energy,11 - 20 years,Houston,TX,350000.0
Accounts Manager,Marketing/Promotional,5 - 7 years,New York,NY,65000.0
Manufacturing Engineer,Medical Devices,2 - 4 years,San Diego,CA,81500.0
Senior Program Manager,Information Technology,11 - 20 years,Dallas,TX,130000.0
Software Engineer,Healthcare,8 - 10 years,San Diego,CA,95000.0
Speech Language Pathologist,Speech pathology,21 - 30 years,New York,NY,140000.0
Network Administrator,IT,11 - 20 years,Austin,TX,80000.0
Director,Finance,11 - 20 years,New York,NY,500000.0
Manager,Software,11 - 20 years,Los Angeles,CA,108000.0
Software Consultant,IT computers,31 - 40 years,Austin,TX,120000.0
Software Engineer,Software,8 - 10 years,San Francisco,CA,176000.0
Claims adjuster,Insurance,2 - 4 years,Denver,CO,51000.0
National Sales Executive - Industrial and Facilities,SaaS,21 - 30 years,Atlanta,GA,125000.0
Management Consultant,Consulting,5 - 7 years,Boston,MA,122000.0
"Executive Director, Software Engineering",Software Development,11 - 20 years,Philadelphia,PA,236000.0
Labor,Light rail ( train),8 - 10 years,Seattle,WA,110000.0
Scientist,Government,11 - 20 years,Washington,DC,117000.0
Sales Rep,Insurance,8 - 10 years,Los Angeles,CA,100000.0
Sales,Building Materials Distribution,2 - 4 years,Boston,MA,95000.0
Structural Engineer,Private,31 - 40 years,San Francisco,CA,250000.0
SM,Consulting,8 - 10 years,Austin,TX,285000.0
Senior footwear design lead,FOOTWEAR DESIGN,21 - 30 years,Portland,OR,200000.0
Investment Banking Analyst,Finance,1 year or less,San Francisco,CA,110000.0
Owner,Public Relations,21 - 30 years,Houston,TX,35000.0
Merchandiser,Retail,2 - 4 years,Chicago,IL,70000.0
Manager,Government,21 - 30 years,Chicago,IL,115000.0
Manager,Information Technology,11 - 20 years,Denver,CO,118000.0
Senior Project Manager,Electrical construction,21 - 30 years,New York,NY,150000.0
Head of marketing,Consumer Packaged Goods,21 - 30 years,Boston,MA,315000.0
Writer,Entertainment Industry,11 - 20 years,Los Angeles,CA,35000.0
Labor,Light rail ( train),8 - 10 years,Seattle,WA,110000.0
Software Engineering,Financial,21 - 30 years,Dallas,TX,155000.0
Associate General Counsel,Telecommunications,21 - 30 years,Washington,DC,400000.0
Product Marketing Manager,Tech,11 - 20 years,San Francisco,CA,400000.0
Biomedical Engineer,Government,5 - 7 years,San Diego,CA,81000.0
EVP,IT,11 - 20 years,Seattle,WA,450000.0
Managing Partner,Finance,8 - 10 years,Austin,TX,200000.0
Network Engineer,Engineering,21 - 30 years,Pittsburgh,PA,103000.0
Finance Manager,Software,8 - 10 years,Boston,MA,112000.0
Senior Project Manager,Electrical construction,21 - 30 years,New York,NY,150000.0
Senior Project Manager,Electrical construction,21 - 30 years,New York,NY,150000.0
Software Engineer,Satellite Tv,2 - 4 years,Denver,CO,70000.0
Senior Project Manager,Electrical construction,21 - 30 years,New York,NY,150000.0
Director,Healthcare revenue cycle,11 - 20 years,Boston,MA,255000.0
Senior Project Manager,Electrical construction,21 - 30 years,New York,NY,150000.0
IT Architect,Utilities,21 - 30 years,Los Angeles,CA,174000.0
Product Lead,Biotechnology,5 - 7 years,San Francisco,CA,160000.0
Resource analyst,Aerospace,5 - 7 years,Houston,TX,102000.0
Data Steward,Finance,8 - 10 years,St. Louis,MO,68000.0
Senior Manager,Government,21 - 30 years,Houston,TX,120000.0
Systems Engineer,IT,11 - 20 years,Seattle,WA,55000.0
Management Software Development,Information Technology,21 - 30 years,Dallas,TX,160000.0
Director,IT,11 - 20 years,New York,NY,170000.0
Business Development Manager,Legal,11 - 20 years,New York,NY,174000.0
Senior Materials Program Manager,Tech,2 - 4 years,San Francisco,CA,170000.0
Career Advisor,Higher Education,11 - 20 years,San Diego,CA,56000.0
Operations Manager,Financial,11 - 20 years,New York,NY,138000.0
Engineering Manager,IT,8 - 10 years,San Francisco,CA,175000.0
Branch Manager,Retail banking,5 - 7 years,Austin,TX,79200.0
Tax Compliance Officer,Government,8 - 10 years,Portland,OR,70000.0
Director of Technology,Ad Agency,11 - 20 years,Seattle,WA,200000.0
Supervisor,Aviation,21 - 30 years,Atlanta,GA,76000.0
Quality Engineer,Tech,5 - 7 years,Seattle,WA,120000.0
Operations Manager,Financial,11 - 20 years,New York,NY,138000.0
QA Consultant,Oil,21 - 30 years,Houston,TX,110000.0
Teacher,privte school education,31 - 40 years,Dallas,TX,104000.0
Director of Fish and Wildlife,Ecosystem Restoration,41 years or more,Portland,OR,150000.0
Director Account Management,Telecommunications,11 - 20 years,Atlanta,GA,160000.0
Director Account Management,Telecommunications,11 - 20 years,Atlanta,GA,160000.0
Podiatry,Medical,5 - 7 years,Phoenix,AZ,450000.0
Senior Manager,Software,8 - 10 years,Seattle,WA,201000.0
Professor,Education,41 years or more,Boston,MA,100000.0
Consultant,Diagnostics,31 - 40 years,San Diego,CA,200000.0
Professor,Education,31 - 40 years,New York,NY,173000.0
Senior Engineer,Software Engineering,11 - 20 years,Seattle,WA,425000.0
Consultant,Diagnostics,31 - 40 years,San Diego,CA,200000.0
Sales,Tech,8 - 10 years,New York,NY,135000.0
Director,Tech,11 - 20 years,San Francisco,CA,225000.0
KAM,CPG,11 - 20 years,Dallas,TX,120000.0
Site Reliability Engineer,Fin tech,5 - 7 years,Chicago,IL,90000.0
Vice President,Real Estate,11 - 20 years,Baltimore,MD,150000.0
Financial Advisor,Finance,5 - 7 years,Minneapolis,MN,400000.0
Financial Advisor,Finance,5 - 7 years,Minneapolis,MN,400000.0
Vice President,Real Estate,11 - 20 years,Baltimore,MD,150000.0
Sales Manager,Construction,11 - 20 years,Atlanta,GA,210000.0
UX Designer / Product Designer,technology software saas,2 - 4 years,Los Angeles,CA,80000.0
Partner,Hospitality,21 - 30 years,Chicago,IL,150000.0
Senior Software Engineer,Software,8 - 10 years,San Francisco,CA,170000.0
CTO,Logistics,11 - 20 years,Portland,OR,150000.0
"SVP, Cyber Security",Financial Services,21 - 30 years,Phoenix,AZ,295000.0
Director of Sales,Transportation,5 - 7 years,Phoenix,AZ,123000.0
Sales Director,Sales,1 year or less,Austin,TX,150000.0
COO,Finance,5 - 7 years,Chicago,IL,330000.0
Director of Schools,Education,8 - 10 years,Washington,DC,148000.0
COO,Finance,5 - 7 years,Chicago,IL,330000.0
Environmental Protection Specialist,U.S. Government,11 - 20 years,Denver,CO,92313.0
VP of Business Development,Healthcare,8 - 10 years,San Diego,CA,225000.0
Software Engineer,Healthcare,11 - 20 years,Minneapolis,MN,65000.0
Senior Software Engineer,Technology,11 - 20 years,Dallas,TX,105000.0
Marketing Manager,Hospitality,11 - 20 years,New York,NY,94000.0
Marketplaces manager,Ecommerce,21 - 30 years,Houston,TX,70000.0
Office Manager,Tech,8 - 10 years,Chicago,IL,63000.0
Senior Software Engineer,Technology,11 - 20 years,Dallas,TX,105000.0
Postdoctoral Research Scholar,Pharmaceutical,1 year or less,San Francisco,CA,73000.0
Teacher,Education,11 - 20 years,Phoenix,AZ,72000.0
Attorney,Legal,8 - 10 years,Dallas,TX,300000.0
Lead Deceloper,Transportation,11 - 20 years,San Francisco,CA,240000.0
Senior Product Manager,Software,8 - 10 years,San Francisco,CA,230000.0
Airline Pilot,Transportation,31 - 40 years,Los Angeles,CA,500000.0
Account Executive,Software,8 - 10 years,Houston,TX,300000.0
Marketing Director,CPG,11 - 20 years,New York,NY,157000.0
Financial Analyst,Real Estate,1 year or less,San Francisco,CA,70000.0
Program Manager,Cyber Security,11 - 20 years,Washington,DC,138000.0
Program Manager,Cyber Security,11 - 20 years,Washington,DC,138000.0
Data systems analyst,Government,21 - 30 years,Atlanta,GA,87000.0
Director,IT,31 - 40 years,Houston,TX,140000.0
Operations Supervisor,Labor Organization,2 - 4 years,New York,NY,80500.0
Director,Marketing Research,8 - 10 years,Chicago,IL,110000.0
Manager,Management Consulting,8 - 10 years,Washington,DC,125000.0
Director,Logistics,21 - 30 years,Los Angeles,CA,120000.0
Director,Marketing Research,8 - 10 years,Chicago,IL,110000.0
Principal Software Engineer,Media,21 - 30 years,New York,NY,165000.0
IT Deployment Specialist,Car Rental Industry,21 - 30 years,St. Louis,MO,55000.0
Optometrist,Healthcare,8 - 10 years,Houston,TX,120000.0
Administrative Assistant,Finance,5 - 7 years,New York,NY,80000.0
Teacher,Education,11 - 20 years,New York,NY,95000.0
Senior Consultant,Management Consulting,8 - 10 years,Pittsburgh,PA,160000.0
Director,Education,21 - 30 years,Atlanta,GA,119000.0
Superintendent,Construction,21 - 30 years,Denver,CO,80000.0
Systems Engineer,Tech,11 - 20 years,New York,NY,237000.0
Application Engineer,Oil and Gas,5 - 7 years,Denver,CO,115000.0
Senior accounting manager,Investment Management,11 - 20 years,Philadelphia,PA,128000.0
Delivery Manager,Banking,11 - 20 years,Atlanta,GA,140000.0
SoItion Architect,Telecom,11 - 20 years,Houston,TX,135000.0
Senior Operations Associate,Fiance,2 - 4 years,New York,NY,55000.0
Senior accounting manager,Investment Management,11 - 20 years,Philadelphia,PA,128000.0
SoItion Architect,Telecom,11 - 20 years,Houston,TX,135000.0
Director of Finance/IT/Human Resources,Municipal Government,21 - 30 years,Los Angeles,CA,176000.0
Scientist,Biotech,8 - 10 years,San Diego,CA,107000.0
Product Manager,Software,11 - 20 years,Boston,MA,190000.0
Leadman,Film & TV Production,21 - 30 years,Los Angeles,CA,125000.0
Clinic Manager,Education,11 - 20 years,San Francisco,CA,38000.0
Land Rep,Energy,2 - 4 years,Houston,TX,115000.0
Account Executive,Tech,8 - 10 years,San Francisco,CA,205000.0
Director of Infrastructure,Healthcare,21 - 30 years,Austin,TX,160000.0
"Director, Product Management",Banking,11 - 20 years,San Francisco,CA,245000.0
Director of Operations,Business Services,21 - 30 years,New York,NY,250000.0
VP HR,Biotech,11 - 20 years,San Francisco,CA,230000.0
"Director, Product Management",Banking,11 - 20 years,San Francisco,CA,245000.0
"Director, Product Management",Banking,11 - 20 years,San Francisco,CA,245000.0
Director of Research and Development,Manufacturing,21 - 30 years,Minneapolis,MN,185000.0
Account Executive,Tech,8 - 10 years,San Francisco,CA,205000.0
CIO,Healthcare,31 - 40 years,Minneapolis,MN,175000.0
President,Construction,11 - 20 years,Portland,ME,170000.0
Accounting Manager,Information Technology,5 - 7 years,Atlanta,GA,85000.0
Business Development,Fintech,5 - 7 years,New York,NY,150000.0
Business Development,Fintech,5 - 7 years,New York,NY,150000.0
SVP Product,Software,11 - 20 years,San Francisco,CA,400000.0
Software Engineer,Tech,1 year or less,San Francisco,CA,185000.0
Foreign Service Officer,Federal Government,21 - 30 years,Washington,DC,123000.0
Senior Engineer,Aerospace,11 - 20 years,Minneapolis,MN,114588.0
Application Engineer,Electronics,11 - 20 years,Boston,MA,150000.0
Assoc. CIO,Information Technology,8 - 10 years,Washington,DC,198000.0
Technology Manager,Government,11 - 20 years,Washington,DC,147000.0
Manufacturing Manager,Oil and Gas,11 - 20 years,Houston,TX,116000.0
Software Engineer,Software,2 - 4 years,Portland,OR,120000.0
General Manager,Restaurant,21 - 30 years,Atlanta,GA,110000.0
Recruiter,Government Contracting,5 - 7 years,Baltimore,MD,90000.0
Development Coordinator,Arts and cultural heritage,5 - 7 years,Seattle,WA,45500.0
Senior Applications Engineer,Healthcare IT,8 - 10 years,Chicago,IL,105000.0
Product Manager,Life Sciences,8 - 10 years,Boston,MA,97000.0
Creative Director,Entertainment,11 - 20 years,Los Angeles,CA,250000.0
Senior Sales Manager,Manufacturing,21 - 30 years,Chicago,IL,175000.0
Director,Public Accounting,11 - 20 years,Dallas,TX,157000.0
Geologist,Environmental co6,8 - 10 years,Houston,TX,90000.0
Engagement Manager,Healthcare,11 - 20 years,Denver,CO,118000.0
Application Architect,Tech,21 - 30 years,Seattle,WA,161000.0
Director of Product Management,Software,11 - 20 years,San Francisco,CA,210000.0
"Director, User Experience Design",Healthcare,21 - 30 years,Boston,MA,178000.0
Software Engineer,Software,11 - 20 years,Boston,MA,150000.0
Manager,Insurance,8 - 10 years,Chicago,IL,91000.0
Senior Marketing Manager,Fintech,11 - 20 years,Boston,MA,144000.0
New Development leasing agent.,Real Estate,5 - 7 years,New York,NY,105000.0
Manager,Insurance,8 - 10 years,Chicago,IL,91000.0
Senior Software Engineer,Electronics,5 - 7 years,San Diego,CA,99000.0
Physical Therapist,Healthcare,8 - 10 years,Austin,TX,160000.0
Project Manager,Industrial Manufacturing,11 - 20 years,Pittsburgh,PA,95000.0
Principal Architect,Education,21 - 30 years,Phoenix,AZ,100000.0
VP Application Development,Education,11 - 20 years,Boston,MA,180000.0
Vice President,Finance,11 - 20 years,Atlanta,GA,200000.0
Business banking sales manager,Banking,8 - 10 years,Seattle,WA,214000.0
Marketing Director,Online Media,8 - 10 years,Chicago,IL,155000.0
Accounting Manager,Healthcare,11 - 20 years,Atlanta,GA,120000.0
Senior Manager FP&A,Software,5 - 7 years,Los Angeles,CA,125000.0
Accounting Manager,Healthcare,11 - 20 years,Atlanta,GA,120000.0
Financial Advisor,Finance,5 - 7 years,San Diego,CA,480000.0
Senior Software Engineer,Enterprise Software,21 - 30 years,Phoenix,AZ,105000.0
Librarian,Nonprofit Publisher,11 - 20 years,New York,NY,72000.0
Project Architect,Architecture,5 - 7 years,Boston,MA,100000.0
Legal Assistant,Legal,21 - 30 years,Austin,TX,87000.0
Professor,Research,21 - 30 years,Los Angeles,CA,250000.0
IT Project Manager,Automotive,31 - 40 years,Portland,OR,128000.0
Criminal Intelligence Analyst,Government - Law Enforcement,21 - 30 years,Baltimore,MD,39000.0
Software Engineer,Software,2 - 4 years,New York,NY,210000.0
Consultant,Consulting,5 - 7 years,Seattle,WA,127000.0
Software Engineer,Aerospace,21 - 30 years,Dallas,TX,152000.0
ERP Systems Analyst III,Manufacturing,21 - 30 years,Dallas,TX,101000.0
Nurse,Nursing,2 - 4 years,Atlanta,GA,65000.0
Associate,Consulting,8 - 10 years,Washington,DC,150000.0
Recruiter,Military,11 - 20 years,Phoenix,AZ,85397.0
Software Engineer,Software,2 - 4 years,Pittsburgh,PA,121000.0
Technical Lead,Software,11 - 20 years,Dallas,TX,100000.0
Geospatial Program Manager,Government,5 - 7 years,Atlanta,GA,60100.0
Senior VP Global Human Resources,Chemical,31 - 40 years,Houston,TX,271000.0
Lieutenant,Law Enforcement,21 - 30 years,St. Louis,MO,90000.0
Finance Director,Pharma,11 - 20 years,New York,NY,305000.0
Associate,Auditing,1 year or less,Washington,DC,55000.0
Associate Director of HR,Human Resources,11 - 20 years,Chicago,IL,80000.0
Manager,Mgmt Consulting,11 - 20 years,New York,NY,220000.0
Staff Attorney,Law (public interest/non-profit),5 - 7 years,Philadelphia,PA,68500.0
Engineering Manager,Technology,21 - 30 years,Portland,OR,151000.0
Data Engineer,Tech,11 - 20 years,Seattle,WA,200000.0
Technical Director,Performing Arts,11 - 20 years,Chicago,IL,58000.0
Associate Director,Food,21 - 30 years,Chicago,IL,150000.0
Operations Superintendent,Oil and Gas,11 - 20 years,Houston,TX,180000.0
Program Coordinator,Education,2 - 4 years,Philadelphia,PA,40000.0
Director,Gaming,11 - 20 years,San Francisco,CA,331000.0
Program Manager,Aviation,8 - 10 years,Atlanta,GA,86000.0
Senior Vice President,Banking,21 - 30 years,New York,NY,250000.0
Product Manager,Tech,2 - 4 years,New York,NY,96000.0
Associate Director,Food,21 - 30 years,Chicago,IL,150000.0
"Managing Editor, Content Development",Publishing,8 - 10 years,Atlanta,GA,58460.0
Data Analyst,Government consulting,2 - 4 years,Washington,DC,70000.0
Sales Manager,Energy,11 - 20 years,Philadelphia,PA,160000.0
Software Engineer,Finance,11 - 20 years,Chicago,IL,135000.0
Principal Consultant,Federal IT Consulting,11 - 20 years,Washington,DC,215000.0
Account Manager,SaaS,2 - 4 years,San Diego,CA,55000.0
Capital Program Manager,Construction,21 - 30 years,Dallas,TX,134000.0
Senior Cloud Engineer,Finance,21 - 30 years,Minneapolis,MN,120000.0
Manager,Mining,8 - 10 years,Phoenix,AZ,115000.0
Consultant,Consulting,8 - 10 years,Boston,MA,160000.0
Senior Software Engineer,Software,5 - 7 years,Atlanta,GA,122700.0
Product Manager,Software,31 - 40 years,Austin,TX,165000.0
Salon Manager,Beauty,1 year or less,New York,NY,50000.0
Principal Consultant,Audiovisual Consulting,11 - 20 years,New York,NY,130000.0
Technical Program Manager,Semiconductor,11 - 20 years,Austin,TX,164000.0
Head of UX,Financial Services,21 - 30 years,Boston,MA,180000.0
HR direcror,Healthcare,11 - 20 years,Philadelphia,PA,65000.0
Senior Software Engineer,Software,8 - 10 years,New York,NY,128000.0
Librarian,Libraries,8 - 10 years,New York,NY,66000.0
Software Engineer,Broadcasting,5 - 7 years,Denver,CO,86000.0
Summer Pool Manager,Aquatics,1 year or less,New York,NY,62000.0
Project Coordinator,Tech,5 - 7 years,Seattle,WA,81120.0
EMT,EMS,5 - 7 years,Minneapolis,MN,37000.0
Electronics technician,Oil and Gas,1 year or less,Houston,TX,57000.0
Senior Consultant,Airline,11 - 20 years,Dallas,TX,160000.0
Senior Engineer,Software,21 - 30 years,Portland,OR,138000.0
Program Manager,Educational Publishing/Technology,8 - 10 years,Boston,MA,82000.0
Sales Manager,Marine,21 - 30 years,New York,NY,100000.0
Scientist,Pharmaceutical,11 - 20 years,Boston,MA,125000.0
Teacher,Education,5 - 7 years,Houston,TX,52000.0
Associate Veterinarian,Veterinary medicine,5 - 7 years,Los Angeles,CA,135000.0
Partner,Legal,31 - 40 years,Minneapolis,MN,215000.0
Automotive Service Manager,Retail,31 - 40 years,Pittsburgh,PA,40000.0
VP Operations,Music,11 - 20 years,Los Angeles,CA,100000.0
Supervisory Patent Examiner,Intellectual Property,11 - 20 years,Denver,CO,155948.0
Vice President,Financial Services,8 - 10 years,New York,NY,250000.0
Implementation Consultant,Technology,2 - 4 years,Portland,ME,55000.0
Implementation Consultant,Technology,2 - 4 years,Portland,ME,55000.0
Senior Demand Planner,Retail,5 - 7 years,Seattle,WA,85000.0
Investment Analyst,Finance,1 year or less,Washington,DC,78000.0
Integration and Test Manager,Aerospace Engineering,11 - 20 years,Los Angeles,CA,153920.0
Equities Associate,Financial Services,1 year or less,New York,NY,85000.0
Senior Consultant,Management Consulting,21 - 30 years,Boston,MA,100000.0
Senior Brand Manager,Hospitality,11 - 20 years,Atlanta,GA,115000.0
VP Operations,Tech,11 - 20 years,Minneapolis,MN,125000.0
Technical Supervisor,Petro-chemical,5 - 7 years,Houston,TX,137500.0
Project Manager,Banking,8 - 10 years,Pittsburgh,PA,54000.0
Recruiter,IT,2 - 4 years,San Francisco,CA,110000.0
VP Sales,Sales,11 - 20 years,Austin,TX,110000.0
Digital mktg mgr,Chemical mfg,21 - 30 years,Chicago,IL,75000.0
Strategy Director,Consultant - Energy Industry,31 - 40 years,Philadelphia,PA,278000.0
Chief Marketing Officer,Finance,11 - 20 years,Washington,DC,177500.0
Recruiter,Tech,8 - 10 years,Austin,TX,120000.0
Director of HR,Fitness,11 - 20 years,San Diego,CA,136000.0
Finance Director,Manufacturing,8 - 10 years,Dallas,TX,150000.0
"Senior Director, Finance",Technology,11 - 20 years,Philadelphia,PA,210000.0
President,Construction,8 - 10 years,Dallas,TX,208000.0
Recruiter,Tech,8 - 10 years,Austin,TX,120000.0
Associate Director,oil logistics,21 - 30 years,Houston,TX,190000.0
Senior fpa,Financial Services,8 - 10 years,Minneapolis,MN,110000.0
Executive Director,Government,31 - 40 years,Washington,DC,167000.0
Director,Insurance,11 - 20 years,Atlanta,GA,340000.0
SVP,Finance,11 - 20 years,New York,NY,460000.0
Compensation Analyst,International Development,5 - 7 years,Washington,DC,61800.0
Associate Director,oil logistics,21 - 30 years,Houston,TX,190000.0
Manager EHS Engineering,Defense,11 - 20 years,Los Angeles,CA,140000.0
SVP,Finance,11 - 20 years,New York,NY,460000.0
Senior Technical Project Manager,Technology,5 - 7 years,Boston,MA,130000.0
IT Applications Manager,Finance,11 - 20 years,Houston,TX,100000.0
Administrative Assistant,Nonprofit,2 - 4 years,Dallas,TX,32000.0
Principal,Marketing,21 - 30 years,Portland,OR,135000.0
Senior Director,Aerospace & Defense,11 - 20 years,Washington,DC,257000.0
Senior Director of Product,Technology,21 - 30 years,Los Angeles,CA,180000.0
Senior Software Engineer,Retail,11 - 20 years,Seattle,WA,168500.0
Director,Consulting,8 - 10 years,Austin,TX,200000.0
Plumber,Construction,5 - 7 years,New York,NY,154000.0
Entry-level Engineer,Arch/Eng/Construction,1 year or less,Los Angeles,CA,60320.0
Senior Manager Program Management,Aerospace and Defense,11 - 20 years,Boston,MA,200000.0
Medical biller,Healthcare,2 - 4 years,Los Angeles,CA,30000.0
Physician Assistant,Healthcare,11 - 20 years,San Francisco,CA,150000.0
Project Manager,Landscaping,11 - 20 years,Washington,DC,80000.0
Academic Advisor,Higher Education,8 - 10 years,Houston,TX,50000.0
Professor,Education,21 - 30 years,Pittsburgh,PA,152000.0
Acquisitions Analyst,Real Estate,1 year or less,Atlanta,GA,60000.0
Director of Communications,Higher Education,11 - 20 years,New York,NY,75000.0
Senior HRIS Analyst,Insurance,5 - 7 years,Minneapolis,MN,92000.0
Agent,Law Enforcement,5 - 7 years,Chicago,IL,121000.0
National Administration Manager,Corporate housing,21 - 30 years,Dallas,TX,80000.0
associate medical director,Healthcare,5 - 7 years,Houston,TX,185000.0
Business Associate,Healthcare Instrumentation,8 - 10 years,Boston,MA,131334.0
National Administration Manager,Corporate housing,21 - 30 years,Dallas,TX,80000.0
Engineer,Aerospace,8 - 10 years,Dallas,TX,84000.0
Lead Visualization Developer,Data Analytics BI,8 - 10 years,New York,NY,105000.0
Technical Account Manager,Tech,11 - 20 years,Seattle,WA,143000.0
Senior Product Manager,Software,11 - 20 years,San Francisco,CA,280000.0
General Manager,Metals,8 - 10 years,Chicago,IL,205009.0
Principal Software Engineer,Tech,11 - 20 years,Los Angeles,CA,200000.0
General Manager,Mining,5 - 7 years,Phoenix,AZ,140000.0
Analyst,Financial Services,8 - 10 years,Dallas,TX,120000.0
Distance learning coordinator,Higher Education,11 - 20 years,St. Louis,MO,52000.0
Attorney,Legal,8 - 10 years,Washington,DC,91000.0
Strategist,Tech,11 - 20 years,Austin,TX,170000.0
Engineering Director,Engineering,11 - 20 years,Los Angeles,CA,192000.0
Digital Risk Solutions Experienced Associate,Consulting,2 - 4 years,Seattle,WA,72000.0
Postal Inspector,Government,11 - 20 years,Chicago,IL,162000.0
IT Risk Manager,Technology,21 - 30 years,Dallas,TX,170000.0
Analyst,Financial Services,8 - 10 years,Dallas,TX,120000.0
Landscape Architect,Landscape Architecture,11 - 20 years,Philadelphia,PA,80000.0
IT Risk Manager,Technology,21 - 30 years,Dallas,TX,170000.0
Evidence technician,Public Service,5 - 7 years,Minneapolis,MN,52000.0
Quality Engineer,Technology,11 - 20 years,Houston,TX,112000.0
Teacher,Education,5 - 7 years,Houston,TX,53000.0
Software Engineer,Software,1 year or less,Minneapolis,MN,60000.0
Production Support Engineer,Fintech,21 - 30 years,Atlanta,GA,82500.0
Physician Assistant,Medicine,8 - 10 years,New York,NY,130000.0
Principal Consultant,Healthcare,8 - 10 years,San Francisco,CA,156000.0
Attorney,Legal,8 - 10 years,San Francisco,CA,315000.0
Hospitalist Physician,Healthcare,11 - 20 years,Los Angeles,CA,265000.0
Physical Therapist,Healthcare,11 - 20 years,Denver,CO,80000.0
Data Analytics Manager,Nonprofit,11 - 20 years,Washington,DC,93500.0
Area Director,Oil and Gas,21 - 30 years,Houston,TX,197000.0
Manager of Sales Engineering,Software,8 - 10 years,Boston,MA,213000.0
Area Director of Service,Technology Sales and Service,31 - 40 years,Washington,DC,116000.0
Corporate Counsel,Law,5 - 7 years,Denver,CO,118000.0
Senior Software Engineer,Software,8 - 10 years,San Francisco,CA,175000.0
VP,Information Technology,21 - 30 years,Philadelphia,PA,320000.0
Commercial counsel,Consumer Goods,5 - 7 years,Austin,TX,108000.0
Specialist,Marketing,8 - 10 years,Minneapolis,MN,85000.0
Senior Software Engineer,Tech,5 - 7 years,Austin,TX,150000.0
Grant Coordinator,Academia,11 - 20 years,Minneapolis,MN,65500.0
Director of Design,Construction,11 - 20 years,Denver,CO,115500.0
Senior Operations Engineer,Finance,2 - 4 years,Chicago,IL,120000.0
Head of marketing,Marketing Tech,5 - 7 years,Los Angeles,CA,100000.0
Senior Business Development Manager,Consumer Packaged Goods,21 - 30 years,Denver,CO,135000.0
Planning Consultant,Land Development,8 - 10 years,Phoenix,AZ,135000.0
Director of Creative,Nonprofit,11 - 20 years,New York,NY,180000.0
Director of Marketing Communication,Marketing,11 - 20 years,San Francisco,CA,310000.0
Facilities Coordinator,Recreation,5 - 7 years,Boston,MA,48000.0
Facilities Coordinator,Recreation,5 - 7 years,Boston,MA,48000.0
Clinical psychologist,Mental Health,5 - 7 years,Dallas,TX,154000.0
Software Engineering Manager,Logistics,31 - 40 years,Portland,OR,129000.0
Pastry Chef,Hospitality,11 - 20 years,New York,NY,200000.0
Senior Project Manager,Construction,11 - 20 years,Baltimore,MD,145000.0
Manager of Project Controls,Energy,11 - 20 years,Houston,TX,145000.0
Software Engineer,Telecommunications,2 - 4 years,Dallas,TX,84000.0
Director,Software,21 - 30 years,San Francisco,CA,180000.0
Attorney,Law,11 - 20 years,Washington,DC,163000.0
Technology team lead,Information Technology,11 - 20 years,Baltimore,MD,127000.0
Infrastructure architect,IT,21 - 30 years,Minneapolis,MN,150000.0
Marketing Manager,Tech,11 - 20 years,San Francisco,CA,188000.0
Senior Manager of Software Development,Ecommerce,21 - 30 years,Chicago,IL,130000.0
CEO,Software,11 - 20 years,Atlanta,GA,400000.0
Industrial Engineering Manager,Aerospace,11 - 20 years,Seattle,WA,127800.0
CEO,Software,11 - 20 years,Atlanta,GA,400000.0
Professional Service Analyst,Technology,2 - 4 years,San Francisco,CA,81000.0
Social Media Specialist,Apparel,1 year or less,Portland,OR,45000.0
Operations Manager,Manufacturing,11 - 20 years,Portland,OR,96500.0
Senior Operations Manager,Tech,11 - 20 years,San Francisco,CA,125000.0
VIP Director,Concert Touring,11 - 20 years,Los Angeles,CA,250000.0
Scientist,Communications software,21 - 30 years,Washington,DC,180000.0
Regulatory Affairs Manager,Petroleum,41 years or more,Houston,TX,200000.0
Program Analyst,Federal Employee,2 - 4 years,Washington,DC,107000.0
Senior Scientist,Software,8 - 10 years,Houston,TX,170000.0
Director Application development,Manufacturing,11 - 20 years,Denver,CO,159000.0
IT Manager,Information Technology Management,5 - 7 years,Boston,MA,114800.0
Assistant Controller,Technology,5 - 7 years,Minneapolis,MN,126500.0
Senior Business Systems Analyst,Retail,11 - 20 years,Seattle,WA,108000.0
Head of Production,Tech,21 - 30 years,Los Angeles,CA,240000.0
Architect,Architecture,8 - 10 years,Washington,DC,117000.0
Physician,Healthcare,11 - 20 years,San Francisco,CA,260000.0
Illustrator,Graphic Design,5 - 7 years,Phoenix,AZ,40000.0
Financial Analyst,Insurance,5 - 7 years,Philadelphia,PA,62250.0
Senior Quality Assurance Engineer,Software Development,11 - 20 years,Los Angeles,CA,112000.0
Implementation,Investments,11 - 20 years,Dallas,TX,63000.0
COO,Nonprofit,21 - 30 years,Dallas,TX,110000.0
VP,Funding,21 - 30 years,Houston,TX,100000.0
Electronics Technician Supervisor,Military,2 - 4 years,San Diego,CA,90000.0
Development Associate,Real Estate,2 - 4 years,Denver,CO,87000.0
Manager,Hospitality,21 - 30 years,Denver,CO,50000.0
Inside Sales,Industrial Supply; Valves and Automation,11 - 20 years,Denver,CO,51500.0
System Engineer,IT,21 - 30 years,Minneapolis,MN,61000.0
CyberSecurity Architect,Retail,21 - 30 years,Seattle,WA,250000.0
Senior Analyst,Retail,5 - 7 years,Portland,OR,90000.0
Business Manager,Restaurant,8 - 10 years,Houston,TX,52500.0
Mechanical Engineer,Aerospace,21 - 30 years,Dallas,TX,165000.0
Division maintenance manager,Grocery Store Maintenance,11 - 20 years,Atlanta,GA,105000.0
Store Manager,Retail,8 - 10 years,Denver,CO,35000.0
Development Associate,Real Estate,2 - 4 years,Denver,CO,87000.0
Senior Emergency Manager,Transportation,21 - 30 years,Dallas,TX,94000.0
Program Manager,Tech,11 - 20 years,Portland,OR,110000.0
Engineering Manager,Aerospace,31 - 40 years,Los Angeles,CA,208000.0
Program Manager,Government,11 - 20 years,Atlanta,GA,120000.0
Team Lead,Technology,8 - 10 years,Los Angeles,CA,130000.0
Engineering Manager,Aerospace,31 - 40 years,Los Angeles,CA,208000.0
Senior Infrastructure Engineer,Retail,5 - 7 years,Chicago,IL,120000.0
Consultant,Information Technology,31 - 40 years,Denver,CO,200000.0
Principal,Landscape Architect,31 - 40 years,Atlanta,GA,300000.0
VP,Software,11 - 20 years,Phoenix,AZ,120000.0
Regional Manager of Operations,Hospitality,21 - 30 years,Denver,CO,110000.0
Civil project engineer,"Land development, engineering",5 - 7 years,Denver,CO,76000.0
Principal,Landscape Architect,31 - 40 years,Atlanta,GA,300000.0
Registered Nurse,Healthcare,21 - 30 years,San Diego,CA,120000.0
Senior Software Engineer,Software Engineering,11 - 20 years,San Francisco,CA,180000.0
Manager,Healthcare,11 - 20 years,Portland,OR,85000.0
Mail processing Clerk,Postal,2 - 4 years,Los Angeles,CA,44383.0
Director,Retail,21 - 30 years,Minneapolis,MN,314000.0
Senior Software Engineer,Software Engineering,11 - 20 years,San Francisco,CA,180000.0
Director of Photography,Entertainment,41 years or more,Los Angeles,CA,240000.0
Sales Manager,Software,8 - 10 years,Los Angeles,CA,265000.0
Senior Scientist,Healthcare Diagnostics,11 - 20 years,Los Angeles,CA,90000.0
Manager,Oil and Gas,11 - 20 years,Houston,TX,177000.0
Security Officer,Security,1 year or less,Los Angeles,CA,25000.0
Cost Accounting Manager,Beverage Manufacturing,8 - 10 years,Portland,OR,95000.0
Quality Assurance Manager,Environmental Chemistry,11 - 20 years,Los Angeles,CA,85000.0
Associate Director,Telecommunications,11 - 20 years,Houston,TX,105000.0
Marketing Analyst,Service,8 - 10 years,Philadelphia,PA,60000.0
Quality Assurance Manager,Environmental Chemistry,11 - 20 years,Los Angeles,CA,85000.0
Cost Accounting Manager,Beverage Manufacturing,8 - 10 years,Portland,OR,95000.0
Senior Associate,Legal,5 - 7 years,San Francisco,CA,205000.0
Vice President,Financial Services,21 - 30 years,New York,NY,165000.0
Software Engineer,Manufacturing,21 - 30 years,Chicago,IL,88000.0
Program Manager,Technology,11 - 20 years,Portland,OR,160000.0
Customs Broker,International Trade,8 - 10 years,Seattle,WA,67000.0
Laboratory Supervisor,Medical Research,11 - 20 years,Seattle,WA,72675.0
Alliance Executive,IT,21 - 30 years,Boston,MA,195000.0
Design Engineer,Semiconductor,5 - 7 years,Portland,OR,104000.0
Alliance Executive,IT,21 - 30 years,Boston,MA,195000.0
Senior VP,Insurance,21 - 30 years,Atlanta,GA,300000.0
Director of Product Management,Software,5 - 7 years,Atlanta,GA,138000.0
Senior Accountant,Finance,2 - 4 years,Chicago,IL,77000.0
Data Engineer,Tech,5 - 7 years,Seattle,WA,100000.0
COO,Software,21 - 30 years,Los Angeles,CA,239000.0
Group marketing manager,Medical Devices,11 - 20 years,Los Angeles,CA,185000.0
NPI Operations Program Manager,Technology,8 - 10 years,San Francisco,CA,148000.0
Chairman,Medical,8 - 10 years,San Diego,CA,250000.0
Maintenance Technician,Manufacturing,2 - 4 years,Denver,CO,65000.0
Major Gifts Officer,Arts Administration,11 - 20 years,Los Angeles,CA,65000.0
Associate,Structural Engineering,21 - 30 years,Portland,OR,110000.0
Software Engineer,Tech,5 - 7 years,Portland,OR,122000.0
SVP - Commercial Banking,Banking,11 - 20 years,Dallas,TX,260000.0
Software Sales,Tech,21 - 30 years,Seattle,WA,400000.0
Electrical Engineer,Power Utility,2 - 4 years,Dallas,TX,93000.0
Optical Engineer,Military Contracting,21 - 30 years,Dallas,TX,130000.0
Engineering Manager,Internet media,11 - 20 years,San Francisco,CA,173000.0
Software Engineer,Banking/Credit Union Software,11 - 20 years,San Diego,CA,90000.0
Post Production Coordinator,Marketing,5 - 7 years,Los Angeles,CA,65000.0
Senior Software Engineer,Finical,8 - 10 years,Phoenix,AZ,158000.0
Product Designer,Tech,5 - 7 years,Los Angeles,CA,300000.0
Senior Technical Support Engineer,Robotics,11 - 20 years,Pittsburgh,PA,69000.0
Engineer,IT,11 - 20 years,Portland,OR,132000.0
Principal Consultant,IT,11 - 20 years,Phoenix,AZ,126000.0
Regional Marketing manager,Engineering,11 - 20 years,San Diego,CA,118000.0
Senior Manager,Logistics,11 - 20 years,Los Angeles,CA,130000.0
Engineer,Transportation,31 - 40 years,Portland,OR,133000.0
"Director, National Sales",Sales,11 - 20 years,Los Angeles,CA,78000.0
General Manager,Hospitality,11 - 20 years,Los Angeles,CA,77000.0
Operations team lead,Tech,2 - 4 years,San Francisco,CA,72000.0
Assistant Department Manager,Retail,5 - 7 years,Portland,OR,28500.0
Senior commercial claims adjuster,Insurance,11 - 20 years,Portland,OR,85000.0
Lead,Engineering,31 - 40 years,San Diego,CA,150000.0
Audit Manager,Public Accounting,11 - 20 years,Phoenix,AZ,88000.0
SVP,Insurance,11 - 20 years,New York,NY,175000.0
Engineering Manager,Software,11 - 20 years,San Francisco,CA,206000.0
Design Director,Fashion Footwear,11 - 20 years,New York,NY,235000.0
Director R&D,Pharmaceutical,21 - 30 years,San Diego,CA,202000.0
Senior Competitive Intelligence Specialist,Computer storage,31 - 40 years,Portland,OR,190000.0
SVP,Insurance,11 - 20 years,New York,NY,175000.0
Audit Manager,Public Accounting,5 - 7 years,Phoenix,AZ,88000.0
Professor,Education,31 - 40 years,San Diego,CA,150000.0
"Director, Channel Marketing","Manufacturing, Consumer Goods",11 - 20 years,San Diego,CA,145000.0
CFO,Wholesale,31 - 40 years,Los Angeles,CA,350000.0
VDC Manager,Construction,11 - 20 years,Austin,TX,200000.0
Senior Software Engineer,Software,21 - 30 years,San Francisco,CA,158000.0
Human Resources Coordinator,Advertising,2 - 4 years,San Francisco,CA,58000.0
Business Intelligence Analyst,Tech,2 - 4 years,San Francisco,CA,104000.0
Project Engineer,Civil Engineering,8 - 10 years,Seattle,WA,80000.0
Software Engineer,Internet,31 - 40 years,New York,NY,250000.0
Associate Director,Higher Education,8 - 10 years,New York,NY,75000.0
Marketing Manager,Software,21 - 30 years,Portland,OR,156000.0
Product Manager,Software,11 - 20 years,Seattle,WA,165000.0
Senior Security Specialist,Entertainment media,8 - 10 years,Los Angeles,CA,139500.0
"director, physical security",Retail,21 - 30 years,Seattle,WA,281000.0
"Director, Channel Marketing",Consumer Products Manufacturing,11 - 20 years,San Diego,CA,145000.0
Director of Public Engagement,Federal Government/Trade Finance,2 - 4 years,Washington,DC,110000.0
HR Manager,Hospitality,8 - 10 years,New York,NY,65500.0
Sales Engineer,Financial,21 - 30 years,Minneapolis,MN,108500.0
VP,Healthcare,21 - 30 years,Baltimore,MD,250000.0
CT Manager,Medical,31 - 40 years,Dallas,TX,110000.0
Senior Director,Market Research,11 - 20 years,Seattle,WA,156000.0
Counsel,Law,11 - 20 years,Atlanta,GA,285000.0
Project scheduler,Construction maintenance,11 - 20 years,Phoenix,AZ,120640.0
Senior experience designer,Design,11 - 20 years,San Francisco,CA,154000.0
Senior experience designer,Design,11 - 20 years,San Francisco,CA,154000.0
Legal Secretary,Legal,8 - 10 years,Los Angeles,CA,54000.0
Lead Artist,Video Games,5 - 7 years,San Francisco,CA,95000.0
Ops analyst,Telecom,5 - 7 years,San Diego,CA,91000.0
Marketing Manager,Finance,8 - 10 years,San Francisco,CA,150000.0
Dentist,Dentistry,5 - 7 years,San Diego,CA,350000.0
Matrimonial associate,Legal,2 - 4 years,New York,NY,115000.0
Indirect Strategic Sourcing,Vitamin manufacturing,21 - 30 years,Los Angeles,CA,72451.0
Staff counsel,Insurance,21 - 30 years,Denver,CO,116000.0
Aircraft Mechanic,Airline,1 year or less,Seattle,WA,120000.0
COO,Electrical,1 year or less,Seattle,WA,109000.0
Principal Manager,Utilities,11 - 20 years,Los Angeles,CA,185000.0
Manufacturing Engineer,Aviation,5 - 7 years,Portland,OR,78000.0
Area Sales Manager,Hospitality,5 - 7 years,San Francisco,CA,60000.0
Loan officer,Banking,11 - 20 years,San Diego,CA,175000.0
"Coordinator, Student Organizations",Education,5 - 7 years,Los Angeles,CA,62000.0
LTL Line Driver,Freight Transportation,21 - 30 years,Portland,OR,85000.0
Instructional Designer,Tech,8 - 10 years,San Francisco,CA,128000.0
Network Engineer,Technology,2 - 4 years,Seattle,WA,66000.0
Product Support Manager,Software,5 - 7 years,Austin,TX,75000.0
Registered Nurse,Healthcare,5 - 7 years,Philadelphia,PA,80000.0
Software Engineer,Technology,8 - 10 years,Atlanta,GA,108000.0
Analyst,Retail,5 - 7 years,Portland,OR,90000.0
Principal Counsel,Entertainment (movie studio),21 - 30 years,Los Angeles,CA,206000.0
Analyst,Retail,5 - 7 years,Portland,OR,90000.0
Principal- Technology Security,Information Security,8 - 10 years,Denver,CO,103000.0
Sales Representative,Furniture,21 - 30 years,Los Angeles,CA,125000.0
Operations Manager,Pest control,1 year or less,Houston,TX,52000.0
Director of Business Development,Engineering,11 - 20 years,San Francisco,CA,140000.0
Business Development Manager,Aerospace,31 - 40 years,Phoenix,AZ,224000.0
General Manager,Mining,5 - 7 years,Phoenix,AZ,140000.0
Senior ecommerce manager,Digital Marketing,21 - 30 years,Denver,CO,70000.0
Government relations associate,Nonprofit,2 - 4 years,Chicago,IL,60000.0
Senior Engineering Program Manager,Medical Technology,31 - 40 years,Los Angeles,CA,165000.0
Director,Education,2 - 4 years,Seattle,WA,170000.0
Creative Director,Design,11 - 20 years,San Francisco,CA,215000.0
"SVP, customer success",Retail tech,11 - 20 years,San Francisco,CA,225000.0
"SVP, customer success",Retail tech,11 - 20 years,San Francisco,CA,225000.0
Assistance superintendent,Construction,1 year or less,Austin,TX,78000.0
Business Development Director,Telecommunications,11 - 20 years,San Francisco,CA,187000.0
Project Lead,Government Relations,5 - 7 years,San Francisco,CA,145000.0
Registered Nurse,Healthcare,8 - 10 years,Phoenix,AZ,74000.0
Project Lead,Government Relations,5 - 7 years,San Francisco,CA,145000.0
Manager,Consulting,5 - 7 years,Denver,CO,225000.0
Agile Coach,Consulting,11 - 20 years,Seattle,WA,220000.0
Tax Associate,Accounting,1 year or less,Philadelphia,PA,57500.0
Attorney,Legal,21 - 30 years,Chicago,IL,400000.0
Tech Support,Tech,2 - 4 years,Phoenix,AZ,33000.0
Vice president of risk,Financial Services,8 - 10 years,New York,NY,150000.0
Principal Data Scientist,Healthcare,8 - 10 years,Los Angeles,CA,150000.0
Underwriter,Insurance,2 - 4 years,Chicago,IL,73500.0
Engineer,Defense,31 - 40 years,Baltimore,MD,200000.0
Motion Graphics Animator,Film and Television,11 - 20 years,Los Angeles,CA,160000.0
Physician Assistant,Medicine,8 - 10 years,San Francisco,CA,150000.0
Revenue Accountant,Technology,2 - 4 years,Portland,OR,50000.0
BI Developer,IT,8 - 10 years,San Diego,CA,120000.0
Director,Nonprofit,11 - 20 years,Seattle,WA,90480.0
Sales Engineer,Construction technology,11 - 20 years,Seattle,WA,123000.0
Revenue Recognition Manager,Software,5 - 7 years,Portland,OR,118000.0
Director,Tech,11 - 20 years,New York,NY,210000.0
Community Manager,Media,2 - 4 years,New York,NY,53300.0
Vp of product,Technology,8 - 10 years,New York,NY,170000.0
Assistant,Dental,5 - 7 years,New York,NY,31000.0
PhD student,Academia,2 - 4 years,San Diego,CA,33009.0
General Manager,Construction,31 - 40 years,Austin,TX,133750.0
Software Engineer,Defense,2 - 4 years,Dallas,TX,81000.0
Director of Quantitative Insights,Information services,5 - 7 years,New York,NY,110000.0
Teacher,Education,5 - 7 years,Phoenix,AZ,44000.0
Senior project consultant,Health consulting,21 - 30 years,San Francisco,CA,125000.0
Aerospace Engineer,Aerospace,2 - 4 years,Houston,TX,71000.0
Systems wngineer,Aerospace,2 - 4 years,Seattle,WA,105000.0
Key Account Manager,Solar,8 - 10 years,Los Angeles,CA,117000.0
Software Engineering Manager,Technology,11 - 20 years,San Francisco,CA,180000.0
Director of Finance,Consumer Electronics,11 - 20 years,San Diego,CA,130000.0
Software Engineer,Telecommunications,11 - 20 years,San Diego,CA,153000.0
Owner,Custom Cabinetry,11 - 20 years,Portland,OR,100000.0
VP,Biotech,8 - 10 years,San Francisco,CA,180000.0
Software Engineer,Consumer Electronics,8 - 10 years,San Francisco,CA,180000.0
Associate,Benefits consulting (actuarial),2 - 4 years,New York,NY,87000.0
Aircraft maintenance manager,Aviation,11 - 20 years,St. Louis,MO,118600.0
Software Engineering Manager,Software Development,8 - 10 years,Seattle,WA,275000.0
School Nurse,Education,11 - 20 years,St. Louis,MO,36000.0
Senior Scientist,Defense,11 - 20 years,San Diego,CA,154000.0
Superintendent,Construction,11 - 20 years,Denver,CO,100000.0
Product Research Manager,Healthcare Tech Startup,8 - 10 years,New York,NY,64000.0
"Director, Financial Planning",Entertainment,11 - 20 years,Los Angeles,CA,150000.0
Corporate Communications,Technology,8 - 10 years,San Francisco,CA,145000.0
Juice Barista,Restaurant,2 - 4 years,Philadelphia,PA,18000.0
Associate Attorney,Legal,1 year or less,Los Angeles,CA,70000.0
Rectal Inspector General,Healthcare,2 - 4 years,Seattle,WA,400000.0
Senior Mgr Technical Program Manager,Tech,11 - 20 years,Phoenix,AZ,310000.0
Technical,Construction,1 year or less,Los Angeles,CA,91520.0
"Senior Technical Support Engineer, Dedicated Support",Business intelligence,11 - 20 years,Austin,TX,58850.0
Technology Manager,Construction,21 - 30 years,Minneapolis,MN,75000.0
Financial Advisor,Finance,8 - 10 years,Los Angeles,CA,150000.0
Assistant Specialist,Academia,2 - 4 years,San Francisco,CA,51000.0
Distinguished Engineer,Software,11 - 20 years,New York,NY,250000.0
GC Project Manager,Construction,8 - 10 years,Baltimore,MD,91000.0
HR Generalist,Chemical,5 - 7 years,Houston,TX,65000.0
Account Based marketinng,Technology,11 - 20 years,Boston,MA,200000.0
General Manager,Hospitality,2 - 4 years,New York,NY,75000.0
President of the United States of America,Freedom,41 years or more,Washington,DC,400000.0
Director Program Management,Innovation,11 - 20 years,San Francisco,CA,150000.0
Inventory & Purchasing Mgr.,Tech,11 - 20 years,Seattle,WA,68000.0
SAP Business Analyst,IT,21 - 30 years,Phoenix,AZ,120000.0
Engineer,Software,8 - 10 years,Phoenix,AZ,242000.0
Network Administrator,IT,21 - 30 years,Pittsburgh,PA,87000.0
Senior Software Engineer,IT,21 - 30 years,San Francisco,CA,410000.0
Senior User Experience Designer,Advertising / Software,8 - 10 years,New York,NY,230000.0
Engineer,Oil and gas technology,8 - 10 years,Houston,TX,82000.0
Senior Product Marketing Manager,Technology,21 - 30 years,Seattle,WA,153000.0
Assistant Director,Software,11 - 20 years,Houston,TX,110000.0
Controller,Home building,11 - 20 years,Austin,TX,240000.0
Principal,Architecture,21 - 30 years,Boston,MA,130000.0
Principal,Architecture,21 - 30 years,Boston,MA,130000.0
Principal,Architecture,21 - 30 years,Boston,MA,130000.0
Vice President,Steel Fabrication,31 - 40 years,New York,NY,166000.0
Software Engineer,IT,1 year or less,Washington,DC,67932.0
Project Engineer,Civil Engineering,2 - 4 years,Dallas,TX,67000.0
Consulting,Technology,21 - 30 years,Chicago,IL,153000.0
Social Worker,Medical,2 - 4 years,New York,NY,77000.0
Social Worker,Medical,2 - 4 years,New York,NY,77000.0
CT Technologist,Healthcare,5 - 7 years,Minneapolis,MN,68000.0
Store Manager,Retail,8 - 10 years,Portland,OR,61000.0
Associate Merchant,Retail,5 - 7 years,New York,NY,75000.0
Trainmaster,Railroad,5 - 7 years,St. Louis,MO,81000.0
Operations Supervisor,Railroad,5 - 7 years,St. Louis,MO,81000.0
Human Resources Manager nv,Retail,11 - 20 years,Minneapolis,MN,66560.0
Senior Analyst,Hospitality,5 - 7 years,Washington,DC,108000.0
Social Studies Teacher,Alternative education,2 - 4 years,Chicago,IL,40000.0
Engineer,Tech,2 - 4 years,New York,NY,60000.0
Railroad conductor,Transportation,1 year or less,Houston,TX,103000.0
Senior Marketing Manager,Retail,11 - 20 years,Philadelphia,PA,260000.0
Senior Marketing Manager,Retail,11 - 20 years,Philadelphia,PA,260000.0
Data Scientist,Tech,8 - 10 years,Washington,DC,147000.0
Senior Project Manager,Financial Services,8 - 10 years,Philadelphia,PA,121000.0
Program Analyst,Government Administration,8 - 10 years,Washington,DC,105000.0
Senior Producer,Games,2 - 4 years,Boston,MA,100000.0
Program Analyst,Government Administration,8 - 10 years,Washington,DC,105000.0
Senior Engineer,Consumer Goods,8 - 10 years,Boston,MA,115000.0
Administrative Coordinator,Healthcare,31 - 40 years,New York,NY,55000.0
Major Airline Captain,Airline,11 - 20 years,New York,NY,320000.0
Senior Project Manager,Financial Services,8 - 10 years,Philadelphia,PA,121000.0
Director,Finance,11 - 20 years,New York,NY,400000.0
Director,Finance,11 - 20 years,New York,NY,400000.0
Product/UX Designer,Tech,11 - 20 years,New York,NY,210000.0
Service Manager,Healthcare,31 - 40 years,Portland,ME,140000.0
Senior Associate,Architecture,5 - 7 years,New York,NY,95000.0
Scientific Director,Pharmaceutical,21 - 30 years,Boston,MA,242000.0
Scientist,Nonprofit,11 - 20 years,Washington,DC,87000.0
Senior Interior Designer,Interior Design,11 - 20 years,New York,NY,80000.0
Business Development Exec,IT Services,11 - 20 years,Dallas,TX,182000.0
Research Professional,Academia,2 - 4 years,Chicago,IL,49000.0
Engineering Supervisor,Automotive,11 - 20 years,Chicago,IL,122000.0
Business Development Exec,IT Services,11 - 20 years,Dallas,TX,182000.0
Economic Development Specialst,Government,2 - 4 years,Atlanta,GA,52500.0
Software Engineer,Healthcare,5 - 7 years,New York,NY,165000.0
CT Technologist,Healthcare,5 - 7 years,Minneapolis,MN,68000.0
Consultant,Hospitality,11 - 20 years,New York,NY,150000.0
Program Security Officer,Security (federal govt contractor),11 - 20 years,Washington,DC,104000.0
Automation project engineer,Manufacturing,8 - 10 years,Denver,CO,101000.0
Benefits analyst,Healthcare Insurance,5 - 7 years,Pittsburgh,PA,50000.0
Consultant,Hospitality,11 - 20 years,New York,NY,150000.0
Manager,Education Non-profit,8 - 10 years,Washington,DC,70000.0
Administrative Director,Healthcare,11 - 20 years,New York,NY,170000.0
Process Engineer,Manufacturing,1 year or less,New York,NY,85500.0
Flow line Engineer,Oil & Gas,21 - 30 years,Houston,TX,222500.0
Buying Specialist,Grocery,11 - 20 years,Portland,ME,37500.0
Detective,Law Enforcement,21 - 30 years,Austin,TX,110500.0
Enterprise Sales Executive,CPG,11 - 20 years,Chicago,IL,90000.0
Buying Specialist,Grocery,11 - 20 years,Portland,ME,37500.0
Sales Operations Director,Technology,21 - 30 years,Minneapolis,MN,135000.0
Sales Operations Director,Technology,21 - 30 years,Minneapolis,MN,135000.0
Software Engineering Lead,Robotics - Automation,11 - 20 years,Boston,MA,193000.0
Buying Specialist,Grocery,11 - 20 years,Portland,ME,37500.0
Deputy Director,Transportation,31 - 40 years,New York,NY,193200.0
Buying Specialist,Grocery,11 - 20 years,Portland,ME,37500.0
Product Manager,Chemical distribution,11 - 20 years,Dallas,TX,170000.0
Network Security Analyst,Texh,5 - 7 years,Atlanta,GA,85000.0
Product Manager,Chemical distribution,11 - 20 years,Dallas,TX,170000.0
Sales Director,Refurbished IT Equipment,31 - 40 years,Los Angeles,CA,150000.0
Associate,Finance,8 - 10 years,New York,NY,200000.0
Senior Product Manager,Supply Chain Software,5 - 7 years,Atlanta,GA,110000.0
High School Spanish Teacher,Education,2 - 4 years,Philadelphia,PA,59000.0
Product Development Manager,Agriculture,5 - 7 years,St. Louis,MO,120000.0
Executive Administrative Assistant,Financial Services,31 - 40 years,Chicago,IL,71000.0
Finance Manager,Higher Education,11 - 20 years,New York,NY,97600.0
Associate buyer,Retail,5 - 7 years,New York,NY,64000.0
Senior Project Manager,Financial Services,11 - 20 years,Phoenix,AZ,105000.0
Service Experience Manager,Technology,31 - 40 years,Atlanta,GA,120000.0
Project Manager,Satellite technology,31 - 40 years,Denver,CO,141000.0
Business architect,Tech,5 - 7 years,San Francisco,CA,153000.0
VP HR,Insurance,11 - 20 years,San Francisco,CA,280000.0
ROW. Manager,Real Estate,31 - 40 years,Washington,DC,165000.0
Senior Systems Engineer,Aerospace,5 - 7 years,New York,NY,94500.0
Information systems security engineering,Government Contracting,11 - 20 years,Baltimore,MD,160000.0
Assistant Operations Planning Manager,Manufacturing Supply Chain,2 - 4 years,Atlanta,GA,77700.0
VP Services,Software,21 - 30 years,Dallas,TX,250000.0
ROW. Manager,Real Estate,31 - 40 years,Washington,DC,165000.0
Loan Processor,Mortgage,11 - 20 years,Los Angeles,CA,85000.0
Legal Administrative Assistant,Legal,1 year or less,Minneapolis,MN,76200.0
Principal Engineer,Software,11 - 20 years,Austin,TX,155000.0
ROW. Manager,Real Estate,31 - 40 years,Washington,DC,165000.0
Senior Consultant,Software,11 - 20 years,New York,NY,167000.0
Circulation manager,Newspapers,1 year or less,Boston,MA,150000.0
SVP Marketing,Travel,21 - 30 years,Dallas,TX,240000.0
Clinical Specialists,Emergency medical services,8 - 10 years,Austin,TX,67000.0
Chief Strategy Officer,Financial Services,21 - 30 years,Atlanta,GA,240000.0
Vice President,Financial Services,21 - 30 years,New York,NY,165000.0
Director,Government consulting,11 - 20 years,New York,NY,210000.0
Treasury director,Healthcare,21 - 30 years,Dallas,TX,135000.0
Senior Manager Startegic Partnerships,Financial Services,11 - 20 years,New York,NY,118000.0
Science Director,Tech,8 - 10 years,Boston,MA,160000.0
Test director,Consumer Products,11 - 20 years,Boston,MA,158000.0
Lead generation manager,Sales,11 - 20 years,Dallas,TX,150000.0
President owner,Manufactured housing,1 year or less,Los Angeles,CA,100000.0
Chemistry Patent Paralegal,Patent Law,2 - 4 years,Boston,MA,48000.0
General Manager,Automotive,11 - 20 years,New York,NY,150000.0
Director of Strategic Planning,Telecommunications,5 - 7 years,Atlanta,GA,103000.0
Director of Strategic Planning,Telecommunications,5 - 7 years,Atlanta,GA,103000.0
Pilot,Airlines,5 - 7 years,New York,NY,120000.0
Systems and network administrator,Technology,8 - 10 years,Boston,MA,85000.0
VP Product,Technology,8 - 10 years,New York,NY,240000.0
Software Sales,Software,8 - 10 years,Atlanta,GA,300000.0
Technical Lead,IT,11 - 20 years,Chicago,IL,103000.0
Director of project controls,Construction,5 - 7 years,New York,NY,140000.0
Senior Sales Executive,Cloud Software,41 years or more,Boston,MA,165000.0
Wind turbine technician,Wind Energy,2 - 4 years,Austin,MN,60000.0
Psychiatrist,Medical,5 - 7 years,Los Angeles,CA,280000.0
Director of Finance & Administration,Nonprofit,11 - 20 years,Philadelphia,PA,90000.0
Director,Transportation,21 - 30 years,Pittsburgh,PA,180000.0
Lead Technologist,Consulting,11 - 20 years,Washington,DC,113590.0
Finance Controller,Semiconductor,11 - 20 years,Boston,MA,200000.0
Product Manager,Technology,11 - 20 years,Houston,TX,150000.0
Director of Digital Marketing,Technology (SaaS),8 - 10 years,Atlanta,GA,112000.0
Marketing Representative,Insurance,2 - 4 years,New York,NY,65000.0
Product Manager,Tech,8 - 10 years,San Francisco,CA,235000.0
Video Producer/Editor,Video Production,31 - 40 years,Chicago,IL,125000.0
Research Engineer,Technology,5 - 7 years,San Francisco,CA,440000.0
Lead Engineer,Petro-chemical,8 - 10 years,Houston,TX,131000.0
Regional Manager,Construction Materials,11 - 20 years,Seattle,WA,165000.0
Finance and Administration Officer,Diplomacy,5 - 7 years,New York,NY,50400.0
Project Scientist,Environmental Consulting,11 - 20 years,San Diego,CA,77000.0
Applied Scientist,Internet Technology,21 - 30 years,Seattle,WA,190000.0
Finance and Administration Officer,Diplomacy,5 - 7 years,New York,NY,50400.0
Claims Team Manager,Insurance,5 - 7 years,Portland,OR,90000.0
Senior QA QC Representative,Oil and Gas,8 - 10 years,Houston,TX,180000.0
Chief Software Architect,IT,11 - 20 years,San Diego,CA,155000.0
Senior QA QC Representative,Oil and Gas,8 - 10 years,Houston,TX,180000.0
PMO Director,CPG,11 - 20 years,Denver,CO,135000.0
VP of Finance,Startup,8 - 10 years,New York,NY,150000.0
Marketing Director,Financial Services,11 - 20 years,Boston,MA,175000.0
Manager,Banking,11 - 20 years,San Francisco,CA,180000.0
Development Officer,Museums,11 - 20 years,Portland,OR,59600.0
Product Marketing,Internet,21 - 30 years,Los Angeles,CA,167000.0
Senior Staff Software Engineet,Online Retail,21 - 30 years,Seattle,WA,382000.0
Admitting Representative,Healthcare,2 - 4 years,New York,NY,41000.0
"Analyst, Labor and Employee Relations",Human Resources,11 - 20 years,Philadelphia,PA,48000.0
Workday Financial Consultant,Consulting,21 - 30 years,Chicago,IL,124500.0
Assistant professor of anesthesiology,Medicine,5 - 7 years,St. Louis,MO,298600.0
Associate,Wealth Management,2 - 4 years,Boston,MA,90000.0
Project Director,Digital Marketing,5 - 7 years,San Francisco,CA,140000.0
Technical Advisor,Customer Service,8 - 10 years,Seattle,WA,47843.0
Application Development Engineer,Plastics,2 - 4 years,Boston,MA,80000.0
Data Analyst IV,Insurance,31 - 40 years,Philadelphia,PA,135800.0
Agile DevOps Coach,Software Development,11 - 20 years,Boston,MA,175000.0
CFO,Real Estate,31 - 40 years,Chicago,IL,175000.0
Software Engineer,Technology,11 - 20 years,New York,NY,240000.0
Director of Operations,Startup,11 - 20 years,New York,NY,50000.0
Project Manager,VFX,5 - 7 years,Los Angeles,CA,140000.0
Global Manager Quality and Operational Excellence,Manufacturing,21 - 30 years,Pittsburgh,PA,133000.0
Project Manager,VFX,5 - 7 years,Los Angeles,CA,140000.0
Advisor,Tech/Real Estate,11 - 20 years,Dallas,TX,46000.0
Finance leader,Consumer Goods,8 - 10 years,Atlanta,GA,93000.0
Product Manager,Sporting Goods,5 - 7 years,Seattle,WA,98000.0
Writer/Editor,Higher Education,11 - 20 years,San Francisco,CA,90000.0
Software Engineer,Tech,2 - 4 years,San Francisco,CA,170000.0
Assistant Director- Business Analyst,Financial Services,8 - 10 years,New York,NY,140000.0
Production Manager,Manufacturing,11 - 20 years,Minneapolis,MN,110000.0
"Associate Director, Development",Arts Non Profit,5 - 7 years,New York,NY,68500.0
Product Manager,Chemical distribution,11 - 20 years,Dallas,TX,170000.0
Senior Operations Manager,Contact Center,11 - 20 years,Chicago,IL,90000.0
Information technology manager,Higher Education,11 - 20 years,Minneapolis,MN,99000.0
"Manager, Trust & Safety",Tech company,8 - 10 years,San Francisco,CA,165000.0
Service planner,Public Transportation,31 - 40 years,Seattle,WA,105000.0
Enterprise Risk Analyst,Banking,5 - 7 years,Chicago,IL,60000.0
Senior Software Engineer,Software,5 - 7 years,Philadelphia,PA,105000.0
Economist,Government,8 - 10 years,Denver,CO,92400.0
Project leader,Semiconductor,11 - 20 years,Dallas,TX,75000.0
Director,Transportation,21 - 30 years,Pittsburgh,PA,180000.0
Finance Director,Energy,11 - 20 years,Washington,DC,205000.0
Demand Generation,Technology,31 - 40 years,San Francisco,CA,175000.0
Network Engineer,Telecommunications,2 - 4 years,Seattle,WA,84035.0
Project Manager,Construction,11 - 20 years,Dallas,TX,125000.0
Operations Consultant,Computer Software,21 - 30 years,Houston,TX,82000.0
Faculty,Education,11 - 20 years,Denver,CO,55300.0
Software Engineer,Internet Software,2 - 4 years,Dallas,TX,86500.0
Product Owner,Technology,11 - 20 years,St. Louis,MO,175000.0
Cyber Security Engineer,Information Technology,5 - 7 years,San Diego,CA,92700.0
Buying Specialist,Grocery,11 - 20 years,Portland,ME,37500.0
grid operator,Utilities,1 year or less,Portland,OR,82000.0
Senior Technical Account Manager,IT,11 - 20 years,Los Angeles,CA,148000.0
District Manager,Retail,8 - 10 years,Chicago,IL,112000.0
Teacher,Education,2 - 4 years,Austin,TX,42000.0
Flight Attendant,Transportation,11 - 20 years,Portland,OR,107000.0
Director of Finance & Administration,Nonprofit,11 - 20 years,Chicago,IL,101000.0
Maintenance Supervisor,Government,21 - 30 years,Los Angeles,CA,72000.0
VP Asset Lead,Biotech/Pharma,21 - 30 years,San Diego,CA,405000.0
Director of Finance & Administration,Nonprofit,11 - 20 years,Chicago,IL,101000.0
Executive project management,Construction,21 - 30 years,Dallas,TX,145000.0
Senior Associate,Consulting,2 - 4 years,San Francisco,CA,105000.0
VP Asset Lead,Biotech/Pharma,21 - 30 years,San Diego,CA,405000.0
Program Manager,Human Services,5 - 7 years,Denver,CO,75000.0
Director technical support,Software,11 - 20 years,San Diego,CA,125875.0
CRNA,Healthcare,31 - 40 years,New York,NY,220000.0
Senior UX Designer,Ecommerce,5 - 7 years,Seattle,WA,210000.0
Senior Manufacturing Supervisor,Medical Devices,8 - 10 years,Minneapolis,MN,90000.0
Professional Services Manager,Software,21 - 30 years,Portland,OR,116000.0
General Manager,Commercial Real Estate Property Management,11 - 20 years,Washington,DC,186000.0
Compliance Manager,Finance,5 - 7 years,Minneapolis,MN,90000.0
Regional Mgr,Airlines,41 years or more,Atlanta,GA,80000.0
Associate,Law,5 - 7 years,New York,NY,120000.0
Regional Mgr,Airlines,41 years or more,Atlanta,GA,80000.0
Partner,Venture Capital,11 - 20 years,New York,NY,300000.0
Senior Associate,Education Management Consulting,5 - 7 years,Boston,MA,77000.0
Director,Health Insurance,11 - 20 years,Boston,MA,170000.0
Business Data Analyst,Technology Sotware,8 - 10 years,New York,NY,115000.0
Senior Account Executive,Digital information,11 - 20 years,Denver,CO,115000.0
Sales Operations Associate,Enterprise Software,2 - 4 years,San Francisco,CA,122000.0
Senior Principal HR Manager,Human Resources,11 - 20 years,Portland,OR,120000.0
Program Manager,Retail,8 - 10 years,Minneapolis,MN,85000.0
Systems Analyst,Health IT,2 - 4 years,Houston,TX,74500.0
Word Processing Operator,Legal,21 - 30 years,New York,NY,94000.0
SVP,Marketing,11 - 20 years,Washington,DC,240000.0
Engineering Manager,Fintech,11 - 20 years,San Francisco,CA,200000.0
Senior IT Analyst,Information Technology,11 - 20 years,Portland,ME,82000.0
Product Manager,Tech,5 - 7 years,Chicago,IL,97000.0
Solution Consultant,Software,8 - 10 years,Chicago,IL,120000.0
Consultant,Benefits Consulting,5 - 7 years,Los Angeles,CA,108000.0
Director of Outlets,Hospitality,11 - 20 years,New York,NY,74000.0
Manufacturing Work Lead,Oil and Gas,11 - 20 years,Houston,TX,106000.0
Data Analyst,Energy,11 - 20 years,Portland,OR,85000.0
Physical Security Specialist,Contractor,21 - 30 years,Washington,DC,129000.0
Cost Accountant,Manufacturing,8 - 10 years,Seattle,WA,88000.0
Product Manager,Tech (software),11 - 20 years,San Francisco,CA,125000.0
Operations Supervisor,Third party logistics,1 year or less,Atlanta,GA,53000.0
Product Training and Enablement Manager,Marketing Technology,5 - 7 years,Boston,MA,82500.0
Security Engineer,Tech,2 - 4 years,Seattle,WA,200000.0
Engineering Project Manager,Packaging and Containers,2 - 4 years,New York,NY,90000.0
Software Engineer,Software Engineering,5 - 7 years,San Francisco,CA,125000.0
Associate Manager,Technology,5 - 7 years,New York,NY,137000.0
Associate Manager,Technology,5 - 7 years,New York,NY,137000.0
City Planner,Government,8 - 10 years,New York,NY,65000.0
VP Marketing,Direct to consumer retail,21 - 30 years,Los Angeles,CA,229000.0
Finance Analyst,Technology,2 - 4 years,Dallas,TX,90000.0
M&A IT Senior Consultant,Management Consulting,8 - 10 years,New York,NY,152000.0
Senior Associate,Nonprofit,2 - 4 years,Washington,DC,70000.0
cardiologist,Physician,11 - 20 years,Dallas,TX,300000.0
Consultant,Consulting / Tech,2 - 4 years,Atlanta,GA,86000.0
Business Manager,Property Manager,5 - 7 years,Dallas,TX,100000.0
Associate,Investment Banking,2 - 4 years,Houston,TX,190000.0
Program Assistant,Nonprofit,1 year or less,Washington,DC,40000.0
Account Manager,Wholesale Grocery,21 - 30 years,Portland,OR,92000.0
Senior Recruiter,Fashion and apparel,31 - 40 years,New York,NY,90000.0
Training and Development Manager,Manufacturing,5 - 7 years,Minneapolis,MN,82000.0
Operations Associate,Nonprofit,5 - 7 years,Washington,DC,49000.0
Content Specialist,Tech,2 - 4 years,Seattle,WA,84000.0
AVP,Financial Services,11 - 20 years,Philadelphia,PA,190000.0
Regional Philanthropy Officer,Nonprofit,11 - 20 years,San Diego,CA,75000.0
Graduate Research Assistant,Academia,2 - 4 years,Denver,CO,27000.0
Strategy and Initiative Manager,Banking,21 - 30 years,Boston,MA,130000.0
Tech Manager,Nonprofit,11 - 20 years,Dallas,TX,75000.0
Design Manager,Video Games,11 - 20 years,Seattle,WA,133380.0
Quality Engineer,Pharmaceutical Manufacturing,8 - 10 years,Chicago,IL,70000.0
Facility Manager,Government,5 - 7 years,Washington,DC,110000.0
Trader,Finance,2 - 4 years,Chicago,IL,200000.0
Systems Architect,Manufacturing,11 - 20 years,Chicago,IL,133075.0
Production Manager,Arts Education,31 - 40 years,Portland,OR,40000.0
Chief of Staff,Tech,8 - 10 years,San Francisco,CA,175000.0
Data Analyst,Tech,2 - 4 years,Los Angeles,CA,82000.0
Senior Consultant,Management Consulting,8 - 10 years,Atlanta,GA,78500.0
Product Designer,Education Technology,5 - 7 years,New York,NY,165000.0
Social Media/Editor,Publishing,8 - 10 years,New York,NY,54000.0
Epidemiologist,Public Health,2 - 4 years,Atlanta,GA,78446.0
Avp analytics data science,Beauty,21 - 30 years,New York,NY,218000.0
Technician,Automotive,21 - 30 years,Los Angeles,CA,110000.0
Director of Product Marketing,Wholesale distribution,21 - 30 years,Chicago,IL,145000.0
Senior Supply Chain Analyst,Aerospace & Defense,8 - 10 years,Atlanta,GA,95000.0
Copy Editor,Journalism,8 - 10 years,New York,NY,67500.0
Actuarial Assistant,P&C Insurance,5 - 7 years,Chicago,IL,75000.0
Manager,Consulting,8 - 10 years,Los Angeles,CA,170000.0
Manager,Consulting,8 - 10 years,Los Angeles,CA,170000.0
Senior Director,Healthcare,31 - 40 years,Chicago,IL,245000.0
Engineer,Semiconductor,21 - 30 years,Portland,OR,113000.0
Vice President Operations,Education Non-profit,21 - 30 years,Washington,DC,98000.0
Client Support Specialist,Healthcare IT,21 - 30 years,Philadelphia,PA,60000.0
Client Support Specialist,Healthcare IT,21 - 30 years,Philadelphia,PA,60000.0
Principal Software Engineer,Fintech,21 - 30 years,San Francisco,CA,318000.0
Business Consultant,Various,11 - 20 years,New York,NY,120000.0
Director of Development,Nonprofit,11 - 20 years,Los Angeles,CA,85000.0
Quality Improvement Manager,Association/Non-Profit,8 - 10 years,Washington,DC,84000.0
Clinical Data Manager,Clinical Research,8 - 10 years,Seattle,WA,70000.0
Manager,IT,21 - 30 years,San Francisco,CA,265000.0
Business Development,Technology,5 - 7 years,New York,NY,140000.0
Manager,IT,21 - 30 years,San Francisco,CA,265000.0
Sales Engineering Manager,Technology,11 - 20 years,New York,NY,185000.0
Lead Data Scientist,Software,5 - 7 years,New York,NY,170000.0
Marketing Automation Consultant,Marketing,2 - 4 years,Denver,CO,80000.0
Manager,Quick serve restaurant,11 - 20 years,Boston,MA,82000.0
Software Engineer,Media,5 - 7 years,New York,NY,120000.0
Sales - CBDSamurai.com,CBD Industry,1 year or less,New York,NY,100000.0
Licensing Manager,Consumer Products,11 - 20 years,Los Angeles,CA,123000.0
Assistant Director of Admissions Operations,Higher Education,11 - 20 years,Houston,TX,64000.0
VP Marketing,Healthcare,21 - 30 years,San Francisco,CA,200000.0
Planning Manager,Retail,8 - 10 years,Los Angeles,CA,100000.0
Managing Director,Consulting,31 - 40 years,Philadelphia,PA,415000.0
Interior Designer,Government,8 - 10 years,New York,NY,95000.0
VP Product Management,Software,11 - 20 years,Phoenix,AZ,210000.0
Senior Manager,Public Accounting,11 - 20 years,San Francisco,CA,169500.0
Carrier Sales Representative,Supply Chain Transportation,1 year or less,Houston,TX,44000.0
VP Sales,Software,31 - 40 years,Pittsburgh,PA,400000.0
Architect,IT,5 - 7 years,Chicago,IL,160000.0
Director,Higher Ed,21 - 30 years,New York,NY,113000.0
Business Analyst,Insurance,1 year or less,Washington,DC,60000.0
Project Manager,Healthcare,11 - 20 years,Minneapolis,MN,130000.0
Project Manager,Academia,2 - 4 years,Washington,DC,50000.0
Media Director,Advertising,11 - 20 years,New York,NY,145000.0
Account Executive,Employee Benefits,21 - 30 years,Seattle,WA,129000.0
Building inspector,Municipal Government,31 - 40 years,Boston,MA,62000.0
Assistant Director,Nonprofit,11 - 20 years,Atlanta,GA,50000.0
Senior Mechancial Engineer,Consumer Electronics,2 - 4 years,San Francisco,CA,120000.0
Senior Compliance Officer,Technology,5 - 7 years,San Francisco,CA,108000.0
Supervisor,Nonprofit,11 - 20 years,Boston,MA,49000.0
"Director, Customer Success",Software,11 - 20 years,Austin,TX,140000.0
General Manager,Hospitality,8 - 10 years,Denver,CO,70000.0
Certified veterinary technician,Veterinary,5 - 7 years,Chicago,IL,35000.0
Estimator,Construction,2 - 4 years,Houston,TX,75000.0
Consultant,Finance/Accounting,11 - 20 years,Chicago,IL,176800.0
Process Engineer,Electronics Manufacturing,2 - 4 years,Minneapolis,MN,82000.0
Project Engineer,Civil Engineering,8 - 10 years,Philadelphia,PA,101500.0
Head of Community Strategy and Partnerships,media/tech,8 - 10 years,New York,NY,85000.0
Digital Marketing Specialist,Marketing,2 - 4 years,Boston,MA,62100.0
Branch Manager,Libraries,8 - 10 years,Chicago,IL,73100.0
Presales Engineer,Tech,11 - 20 years,Seattle,WA,200000.0
Senior Communications Associate,Nonprofit advocacy,2 - 4 years,New York,NY,54500.0
Recruiter,Technology,21 - 30 years,Seattle,WA,114000.0
Account Manager,Insurance,5 - 7 years,Portland,OR,78000.0
Principal,Consulting (Financial Crimes Compliance @ Financial Institutions),5 - 7 years,New York,NY,130000.0
Associate,Legal,5 - 7 years,Houston,TX,170000.0
Manufacturing Engineer,Manufacturing,11 - 20 years,Atlanta,GA,97000.0
Attorney,Legal,5 - 7 years,Houston,TX,170000.0
Associate,Legal,5 - 7 years,Houston,TX,170000.0
"Manager, Talent Development",Talent Development,21 - 30 years,Chicago,IL,135000.0
Business Services Clerk,Commercial Real Estate,1 year or less,Houston,TX,36710.0
SVP,Insurance - Financial Lines,21 - 30 years,New York,NY,233000.0
Assistant General Manager,Real Estate - Property Management,5 - 7 years,Washington,DC,72000.0
Senior Director of donor relations,Fundraising,21 - 30 years,Boston,MA,119000.0
Director,Software,21 - 30 years,Houston,TX,165000.0
Senior Director of donor relations,Fundraising,21 - 30 years,Boston,MA,119000.0
Dispatcher,Government,11 - 20 years,Philadelphia,PA,41000.0
PM,IT,11 - 20 years,New York,NY,150000.0
PM,IT,11 - 20 years,New York,NY,150000.0
PM,IT,11 - 20 years,New York,NY,150000.0
HR Advisor,Oil & Gas,8 - 10 years,Houston,TX,118000.0
Systems Engineer,Information Technology,21 - 30 years,Seattle,WA,120000.0
Library Director,Public Library,31 - 40 years,Chicago,IL,131000.0
VP Product Management,Technology,21 - 30 years,Washington,DC,215000.0
Social Media Manager,Higher Education,8 - 10 years,Washington,DC,67000.0
Risk Advisory Associate,Public Accounting,1 year or less,New York,NY,68000.0
Digital Communications Associate,Nonprofit communications,5 - 7 years,Washington,DC,55000.0
Underwriting Manager,Insurance,5 - 7 years,Chicago,IL,98000.0
Senior Associate,Labor Union,2 - 4 years,Washington,DC,85795.0
Deputy Chief of Staff,Government,8 - 10 years,New York,NY,83000.0
Analyst,Insurance Software,1 year or less,Washington,DC,46500.0
Compliance Manager,Political campaigns,5 - 7 years,Washington,DC,65000.0
Consultant,Pharma,11 - 20 years,New York,NY,111000.0
Scrum Master,Information Technology,21 - 30 years,Atlanta,GA,205000.0
Partner,Law,11 - 20 years,Atlanta,GA,340000.0
public defender,Law,5 - 7 years,New York,NY,71000.0
Senior Director,Education,11 - 20 years,Los Angeles,CA,138000.0
Teacher,Education,5 - 7 years,New York,NY,74000.0
VP Product Management,Technology,8 - 10 years,New York,NY,220000.0
Scrum Master,Information Technology,21 - 30 years,Atlanta,GA,205000.0
Marketing Specialist,Book publishing,2 - 4 years,New York,NY,60000.0
Office Manager,Recreation,11 - 20 years,Los Angeles,CA,43000.0
Project Manager,Software,11 - 20 years,New York,NY,110000.0
Senior Software Engineer,Media,11 - 20 years,New York,NY,138000.0
Project Specialist,Association Membership,8 - 10 years,Chicago,IL,65000.0
Senior Benefits Specialist,Professional Services,21 - 30 years,Chicago,IL,100000.0
Senior Benefits Specialist,Professional Services,21 - 30 years,Chicago,IL,100000.0
Senior Cloud Engineer,Consumer Electronics,8 - 10 years,Boston,MA,168000.0
Senior Benefits Specialist,Professional Services,21 - 30 years,Chicago,IL,100000.0
Associate Designer,Fashion,2 - 4 years,New York,NY,57500.0
Senior Benefits Specialist,Professional Services,21 - 30 years,Chicago,IL,100000.0
Production Artist,Headwear,8 - 10 years,Chicago,IL,40000.0
Strategy Officer,Banking,5 - 7 years,Los Angeles,CA,83000.0
Benefits Specialist,Professional Services,21 - 30 years,Chicago,IL,100000.0
Benefits Specialist,Professional Services,21 - 30 years,Chicago,IL,100000.0
Benefits Specialist,Professional Services,21 - 30 years,Chicago,IL,100000.0
Data Science Manager,Data Science,5 - 7 years,New York,NY,260000.0
Associate Development Editor,Publishing,8 - 10 years,Boston,MA,47500.0
Support Manager,Technology,11 - 20 years,Portland,OR,90000.0
Senior Client Partner,Software,21 - 30 years,New York,NY,450000.0
SW Engr,Tech,1 year or less,San Francisco,CA,140000.0
Project Manager,Science/Technology,5 - 7 years,Philadelphia,PA,40000.0
Site Manager,Chemical,21 - 30 years,Houston,TX,170000.0
Product Manager,Enterprise Technology,11 - 20 years,New York,NY,380000.0
Hearing Paralegal,Legal,1 year or less,Boston,MA,32000.0
Vice President of Sales,Radio,11 - 20 years,Washington,DC,200000.0
Executive director of data solutions,Digital Publishing,11 - 20 years,New York,NY,202500.0
Software Engineer,Tech,8 - 10 years,San Francisco,CA,125000.0
Communications Manager,Nonprofit,5 - 7 years,New York,NY,70000.0
Curatorial Assistant,Nonprofit,5 - 7 years,New York,NY,45000.0
UX/UI Designer,Entertainment,5 - 7 years,San Francisco,CA,97000.0
Senior Business Systems Analyst,"HCM, Payroll, Benefits provider",21 - 30 years,Atlanta,GA,102000.0
Contracts Administrator,Engineering Firm,5 - 7 years,New York,NY,70000.0
Software Engineer,Software,11 - 20 years,Boston,MA,134900.0
Software Engineer,Technology - Software,2 - 4 years,Seattle,WA,105000.0
Reservoir Engineer,Oil and Gas,5 - 7 years,Houston,TX,139000.0
Attorney,Government (Legal),8 - 10 years,Los Angeles,CA,148000.0
Project Manager,Biotech,11 - 20 years,Austin,TX,76000.0
Project Manager,Biotech,11 - 20 years,Austin,TX,76000.0
Engineer,Semiconduyor,21 - 30 years,Dallas,TX,120000.0
Manager,Transportation,11 - 20 years,Portland,OR,230000.0
Engineer,Semiconduyor,21 - 30 years,Dallas,TX,120000.0
Principal Engineer,Aerospace,11 - 20 years,Washington,DC,142000.0
Claims adjuster,Insurance,11 - 20 years,Atlanta,GA,78000.0
Director of Sales,Software,31 - 40 years,New York,NY,300000.0
Senior operations specialist,Digital Marketing,2 - 4 years,Atlanta,GA,44000.0
Finance Specialist,Software,11 - 20 years,Philadelphia,PA,94000.0
Communications Manager,Nonprofit,11 - 20 years,Chicago,IL,67000.0
Physician,Medicine,2 - 4 years,Chicago,IL,180000.0
Communications Manager,Nonprofit,11 - 20 years,Chicago,IL,67000.0
Senior account mgr,Transportation,8 - 10 years,Dallas,TX,100000.0
Senior Mechanical Engineer,"Architecture, Engineering, and Construction",11 - 20 years,Portland,OR,118000.0
Assistant location manager,Film,8 - 10 years,New York,NY,100000.0
Event Director,Event Management,11 - 20 years,Chicago,IL,252000.0
Software Engineering Manager,Software,5 - 7 years,Atlanta,GA,120000.0
Proposal Manager,Construction,8 - 10 years,New York,NY,90000.0
Director of Product Management,Software Development,11 - 20 years,Chicago,IL,220000.0
President,Automotive,11 - 20 years,Atlanta,GA,240000.0
Director of Product Management,Software Development,11 - 20 years,Chicago,IL,220000.0
Program Officer,Philanthropy,11 - 20 years,Denver,CO,107000.0
Project environmental engineer,Geotechnical engineering,2 - 4 years,Atlanta,GA,80500.0
Software Architect,Higher education technology,11 - 20 years,Washington,DC,165000.0
Vice President,Finance,11 - 20 years,New York,NY,325000.0
Project environmental engineer,Environmental engineering,2 - 4 years,Atlanta,GA,80500.0
Communications Manager,Finance,5 - 7 years,New York,NY,129000.0
Senior Program Manager,Aerospace,31 - 40 years,Seattle,WA,230000.0
"Team Lead, Customer success manager",Tech/SaaS,2 - 4 years,Los Angeles,CA,70000.0
Librarian,Higher Education,5 - 7 years,Los Angeles,CA,63500.0
Editor,Publishing,8 - 10 years,Austin,TX,44000.0
Senior Solutions Architect,Information Technology,11 - 20 years,Portland,ME,125000.0
Electrical Engineer,Energy,5 - 7 years,New York,NY,93000.0
Knowledge Manager,Marketing,21 - 30 years,Boston,MA,86000.0
Associate Attorney,Legal,5 - 7 years,New York,NY,265000.0
Knowledge Manager,Marketing,21 - 30 years,Boston,MA,86000.0
Executive Assistant,Financial Investment,5 - 7 years,Portland,OR,40000.0
Senior Graphic Designer,Higher Education,8 - 10 years,Atlanta,GA,65000.0
EVP,Transportation,21 - 30 years,Dallas,TX,290000.0
Financial Planning Manager,Semiconductor,5 - 7 years,Dallas,TX,95000.0
Web Services Engineer,IT,11 - 20 years,New York,NY,150000.0
Consultant,Security Management,21 - 30 years,Chicago,IL,125000.0
Senior Manager,IT Indestry,11 - 20 years,New York,NY,130000.0
Vice President,Real Estate,21 - 30 years,Atlanta,GA,200000.0
Administrator,Arts,8 - 10 years,New York,NY,65000.0
Vice President,Agriculture,11 - 20 years,Washington,DC,130000.0
Consultant,Mfg,5 - 7 years,Chicago,IL,80000.0
SIU Claim Specialist,Insurance,5 - 7 years,Dallas,TX,65000.0
Principal,Education,11 - 20 years,Philadelphia,PA,139600.0
Customer Success Manager,Software as a service,8 - 10 years,Seattle,WA,78000.0
Pharmacy Manager,Healthcare,21 - 30 years,Chicago,IL,140000.0
Human Resources Director,Healthcare,11 - 20 years,Los Angeles,CA,185000.0
Communications Director,Politics,5 - 7 years,Washington,DC,70000.0
Director of Donor Relations,Higher Ed Fundraising,21 - 30 years,Philadelphia,PA,85000.0
Engineer,Defense,31 - 40 years,New York,NY,147000.0
Manufacturing Engineer,Medical Manufacturing,5 - 7 years,Minneapolis,MN,83000.0
Copyright Coordinator,Higher Education,11 - 20 years,Seattle,WA,37989.0
Project Manager,Nonprofit,11 - 20 years,Chicago,IL,85000.0
Sales Engineering Manager,Technology,11 - 20 years,New York,NY,185000.0
Analyst,Utilities,8 - 10 years,Washington,DC,86000.0
VP HR,Tech,11 - 20 years,Los Angeles,CA,150000.0
Senior Research Scientist,Biotechnology,8 - 10 years,San Francisco,CA,130000.0
Bar Manager,Food and Beverage,5 - 7 years,New York,NY,55000.0
Data Analytics Manager,Healthcare IT,5 - 7 years,Philadelphia,PA,87000.0
Associate Professor,Higher Education,21 - 30 years,Phoenix,AZ,84000.0
Associate Professor,Higher Education,21 - 30 years,Phoenix,AZ,82000.0
Senior Manager,IT,8 - 10 years,Washington,DC,155000.0
Grocery manager,Grocery,11 - 20 years,Seattle,WA,61000.0
Civil Engineer,Public Works,2 - 4 years,Los Angeles,CA,85000.0
Electrician,Construction,5 - 7 years,Atlanta,GA,60000.0
Creative Director,Creative,11 - 20 years,Chicago,IL,135000.0
Supervising video producer,Video Production,8 - 10 years,New York,NY,130000.0
Veterinary Assistant,Veterinary,8 - 10 years,Seattle,WA,31000.0
Membership Specialist,Nonprofit,2 - 4 years,Washington,DC,48000.0
Training and Support Manager,Tech (startup),1 year or less,San Francisco,CA,60000.0
Safety management manager,Oil & Gas,8 - 10 years,Houston,TX,75000.0
Director of Operations,Healthcare,31 - 40 years,Philadelphia,PA,111000.0
Senior Supply Chain Manager,Healthcare distribution,11 - 20 years,Philadelphia,PA,111000.0
Director of Finance,Professional Development,11 - 20 years,Washington,DC,165000.0
Compliance Safety and Health Officer,Occupational safety,5 - 7 years,Chicago,IL,86000.0
Quality System Manager,Medical Devices,8 - 10 years,Austin,TX,120000.0
Operations and Development Coordinator,Nonprofit,2 - 4 years,Boston,MA,48200.0
Sustainability director,Food & Beverage,5 - 7 years,New York,NY,179000.0
Marketing Manager,Nonprofit,11 - 20 years,Atlanta,GA,72000.0
Product Manager,Technology,5 - 7 years,Boston,MA,125000.0
Senior Manager,Consulting - Financial Services,21 - 30 years,New York,NY,260000.0
Project Manager,Hotels / Food and Beverage,8 - 10 years,New York,NY,90000.0
Senior accountant executive,Graphic Design,8 - 10 years,Seattle,WA,118000.0
Marketing Coordinator,Consumer Goods,5 - 7 years,Denver,CO,52000.0
Junior Designer,Architecture,2 - 4 years,San Francisco,CA,54000.0
IP Attorney,Energy,11 - 20 years,Houston,TX,200000.0
Manufacturing associate,Biotech,11 - 20 years,Boston,MA,87999.0
CDFI relationship manager,Finance,11 - 20 years,San Francisco,CA,108000.0
Video Director,Architecture,11 - 20 years,New York,NY,78000.0
Sommelier,Restaurant,8 - 10 years,Atlanta,GA,55000.0
Senior Reservoir Engineer,Oil/Energy,11 - 20 years,Houston,TX,144000.0
Project Coordinator,Nonprofit,8 - 10 years,Los Angeles,CA,52500.0
Desktop Engineer,Information Technology,5 - 7 years,St. Louis,MO,85000.0
Operations Manager,Learning Adminstration,21 - 30 years,Seattle,WA,85000.0
Operations Manager,Learning Adminstration,21 - 30 years,Seattle,WA,85000.0
Accountant,Scrap Metal Recycling,11 - 20 years,St. Louis,MO,75000.0
Contract Agent,Energy/Utilities,11 - 20 years,Atlanta,GA,86000.0
Contract Agent,Energy/Utilities,11 - 20 years,Atlanta,GA,86000.0
Contract Agent,Energy/Utilities,11 - 20 years,Atlanta,GA,86000.0
Branch Manager,Travel,5 - 7 years,Chicago,IL,49800.0
Portfolio Manager,Investment Management,11 - 20 years,Boston,MA,15000.0
Test Engineer,Corrugated,8 - 10 years,Baltimore,MD,99500.0
Director,Retail,8 - 10 years,New York,NY,140000.0
Marketing Coordinator,Non-profit arts,8 - 10 years,Seattle,WA,41000.0
Marketing Coordinator,Non-profit arts,8 - 10 years,Seattle,WA,41000.0
Dev manager,Software,21 - 30 years,San Francisco,CA,190000.0
Technical Program Manager,IT,11 - 20 years,Austin,TX,128000.0
Audiologist,Healthcare,31 - 40 years,New York,NY,80000.0
Tax Senior,Accounting,2 - 4 years,New York,NY,101000.0
Tax Senior,Accounting,2 - 4 years,New York,NY,101000.0
Project Manager,IT,11 - 20 years,Baltimore,MD,86000.0
Lead Business Analyst,Healthcare IT,11 - 20 years,Washington,DC,110000.0
Principal Stats Programmer,Clinical Research,11 - 20 years,Chicago,IL,139000.0
Engineering Program Manager,Technology,8 - 10 years,San Francisco,CA,132000.0
Structured lending,Finance,11 - 20 years,New York,NY,500000.0
Senior Vice President,Advertising,11 - 20 years,Washington,DC,170000.0
Senior Media Buyer,Advertising,11 - 20 years,Seattle,WA,85000.0
QA Tester,Software,11 - 20 years,Seattle,WA,80000.0
Analyst,Biotech,11 - 20 years,San Diego,CA,105009.0
Analyst,Biotech,11 - 20 years,San Diego,CA,105009.0
Analyst,Biotech,11 - 20 years,San Diego,CA,105009.0
Analyst,Biotech,11 - 20 years,San Diego,CA,105009.0
Senior Sales Executive,Sales,5 - 7 years,San Diego,CA,82400.0
Senior dir,Software,21 - 30 years,San Francisco,CA,245000.0
"Senior Analyst, Digital Strategy",Travel,5 - 7 years,Dallas,TX,93000.0
Executive Director,Association Management,21 - 30 years,Denver,CO,93000.0
Teacher,Education,2 - 4 years,Portland,OR,48322.0
Veterinary Technician,Animal welfare,11 - 20 years,Phoenix,AZ,27000.0
Software Engineer,Tech,5 - 7 years,New York,NY,120000.0
Project Manager,Technology,11 - 20 years,San Diego,CA,140000.0
Managerial business consultant,Healthcare,8 - 10 years,Los Angeles,CA,115000.0
Program Director,Regulatory Affairs,11 - 20 years,Washington,DC,150000.0
Program Director,Regulatory Affairs,11 - 20 years,Washington,DC,150000.0
Web Marketing Analyst,Tech,2 - 4 years,Portland,OR,65000.0
Director of Training,Private Security,21 - 30 years,Los Angeles,CA,80000.0
Senior VP of Development,Real Estate,21 - 30 years,Los Angeles,CA,360000.0
Manager,Gaming Commission,21 - 30 years,Los Angeles,CA,90000.0
Annual Giving Manager,Healthcare non-profit,11 - 20 years,Seattle,WA,79000.0
Controller,Tech,21 - 30 years,Austin,TX,125000.0
Mental Health & Performance Counselor,Higher Education,5 - 7 years,Philadelphia,PA,60000.0
Principal Software Engineer,Health IT,8 - 10 years,Boston,MA,168000.0
Director of Marketing,Nonprofit,5 - 7 years,Chicago,IL,110000.0
Group lead,Space,11 - 20 years,Houston,TX,136000.0
Regulator,FED GOV,21 - 30 years,Washington,DC,122000.0
Statistician,Pharmaceutical,21 - 30 years,Chicago,IL,200000.0
Manager,IT,11 - 20 years,St. Louis,MO,95000.0
Humanitarian Program Manager,Humanitarian (INGO),11 - 20 years,Washington,DC,76000.0
Director,Consulting,8 - 10 years,Washington,DC,195000.0
Special assistant/advisor,International relations/government,11 - 20 years,Washington,DC,105000.0
Realtie,Real Estate,21 - 30 years,Philadelphia,PA,37000.0
Assistant Program Director,Social Services,5 - 7 years,Boston,MA,54000.0
Nutrition Advisor,International Development,11 - 20 years,Washington,DC,100081.0
President,Manufacturing,21 - 30 years,Atlanta,GA,26000.0
Senior Consultant,Consulting,8 - 10 years,Chicago,IL,115000.0
Senior Site Reliability Engineer,Fraud prevention,21 - 30 years,Portland,OR,140000.0
AVP Product Development,Financial Services,11 - 20 years,Boston,MA,90000.0
Engineer,Transportation,31 - 40 years,New York,NY,126000.0
Boilermaker,Trades,2 - 4 years,New York,NY,100000.0
Parts Manager,Automotive,21 - 30 years,Chicago,IL,95000.0
Retoucher,Photography,5 - 7 years,Chicago,IL,101000.0
Marketing designer,Publishing,8 - 10 years,New York,NY,55000.0
Administrative Assistant,Government,5 - 7 years,Portland,OR,48630.0
Software Account Executive,HR Software,5 - 7 years,New York,NY,225000.0
Director of Events,"Conferences, Meetings and Events",11 - 20 years,San Francisco,CA,140000.0
Software Account Executive,HR Software,5 - 7 years,New York,NY,225000.0
VP Product Management,Software,21 - 30 years,New York,NY,255000.0
Manager of the service desk,Consumer Packaged Goods,2 - 4 years,St. Louis,MO,77000.0
Manager,Consumer Packaged Goods,2 - 4 years,St. Louis,MO,77000.0
Librarian,Government,11 - 20 years,San Francisco,CA,105222.0
Science Teacher,Education (High School),8 - 10 years,San Francisco,CA,74000.0
User Experience Designer,Oil & Gas,8 - 10 years,Houston,TX,101000.0
Policy Advisor,Government,5 - 7 years,Washington,DC,70000.0
Manager,Consulting,8 - 10 years,New York,NY,150000.0
Director of Procurement,Construction,11 - 20 years,Houston,TX,197000.0
Producer,Marketing film production,8 - 10 years,Minneapolis,MN,73000.0
Software Engineer,Tech/Healthcare,2 - 4 years,New York,NY,152000.0
Program Manager,NGO,5 - 7 years,Washington,DC,65000.0
Manager,Consulting,11 - 20 years,Chicago,IL,138000.0
Senior Marketing coordinator,Engineering marketing,11 - 20 years,New York,NY,84000.0
Commercial Property Management,Real Estate,21 - 30 years,Boston,MA,85000.0
Senior Director,Medical,11 - 20 years,Dallas,TX,135000.0
Coordinating Producer,Media,8 - 10 years,New York,NY,72000.0
Chief Financial Officer,Finance,21 - 30 years,Washington,DC,235000.0
Creative Director,Marketing,21 - 30 years,Dallas,TX,133000.0
Corporate Communications Manager,Finance,11 - 20 years,Portland,OR,70000.0
Electronic Telecommunications Technician,Logistics,21 - 30 years,Seattle,WA,90000.0
Creative Director,Marketing,21 - 30 years,Dallas,TX,133000.0
Assistant Director,Older Adult Services,11 - 20 years,New York,NY,50000.0
Outside Sales,Tech,11 - 20 years,New York,NY,350000.0
Principal Software Engineer,Software,21 - 30 years,San Diego,CA,168000.0
Specialist,Healthcare,5 - 7 years,Boston,MA,100000.0
Director,Supply Chain Logistics / Armored transportation,11 - 20 years,Phoenix,AZ,113000.0
Specialist,Healthcare,5 - 7 years,Boston,MA,100000.0
Software Engineer,Financial Services,21 - 30 years,Austin,TX,150000.0
Senior Lead Engineer,Software,8 - 10 years,New York,NY,120000.0
Head of product design,Design,11 - 20 years,San Francisco,CA,150000.0
Associate,Finance,5 - 7 years,New York,NY,168000.0
Business Intelligence Manager,Ecommerce,8 - 10 years,Seattle,WA,189000.0
Human Resources Director,Information Technology Services,21 - 30 years,Philadelphia,PA,140000.0
Owner,Print,11 - 20 years,Chicago,IL,90000.0
Principal Software Engineer,Information Technology/Software,11 - 20 years,San Francisco,CA,232000.0
Msjor Account Executive,Telecommunications,21 - 30 years,St. Louis,MO,125000.0
Captain,Law Enforcement,21 - 30 years,St. Louis,MO,115000.0
Captain,Law Enforcement,21 - 30 years,St. Louis,MO,115000.0
Senior Manager,Pharmaceutical,8 - 10 years,Boston,MA,150000.0
Senior Software Engineer,Software,5 - 7 years,Austin,TX,139000.0
"Director, Product Management",Tech,21 - 30 years,Los Angeles,CA,280000.0
Captain,Law Enforcement,21 - 30 years,St. Louis,MO,115000.0
Captain,Law Enforcement,21 - 30 years,St. Louis,MO,115000.0
Pharmacy Manager,Retail,2 - 4 years,Seattle,WA,152000.0
Director of Programs,Defense,8 - 10 years,Austin,TX,92500.0
SEO Manager,Marketing,5 - 7 years,Philadelphia,PA,105000.0
Engineer,AEC,1 year or less,Seattle,WA,73000.0
"Asst. Director, Reference/Instruction",Libraries,11 - 20 years,Boston,MA,79500.0
Senior Regulatory Operations Specialist,Pharmaceutical,21 - 30 years,San Diego,CA,90000.0
Director,Higher Ed,11 - 20 years,Portland,OR,80099.0
Engineering Manager,Software/dotcom,11 - 20 years,San Francisco,CA,300000.0
Collaboration Engineer,Public Utility,11 - 20 years,San Diego,CA,100000.0
Senior Program Manager,Digital Advertising,11 - 20 years,New York,NY,210000.0
Department Head,Higher Education (Librarian),11 - 20 years,Boston,MA,80000.0
Legislative Assistant,Public Policy,2 - 4 years,Washington,DC,53000.0
Director of Product Management,Tech,11 - 20 years,Phoenix,AZ,160000.0
Product Design lead,Advertising,5 - 7 years,New York,NY,240000.0
Clinical Informatics Systems Consultant,Healthcare IT,5 - 7 years,Seattle,WA,102000.0
Director of Training,Non profit human services,11 - 20 years,Minneapolis,MN,51500.0
Salesperson,Fashion,2 - 4 years,San Diego,CA,40000.0
Senior Software Engineer,Technology,5 - 7 years,New York,NY,172000.0
Technical Support Specialist,Technology,5 - 7 years,Boston,MA,45900.0
Lab coordinator,Medical,31 - 40 years,Dallas,TX,55000.0
Business Development Coordinator,Events,5 - 7 years,Atlanta,GA,33000.0
Head of Analytics,Tech,11 - 20 years,San Francisco,CA,245000.0
Librarian,Information,1 year or less,Washington,DC,60000.0
Senior Director,Healthcare,11 - 20 years,New York,NY,191000.0
Research and Measurement Associate,PR,2 - 4 years,San Francisco,CA,48000.0
Senior Director,Healthcare,11 - 20 years,New York,NY,191000.0
Account Executive,High Tech,21 - 30 years,Minneapolis,MN,250000.0
Accounting Manager,Manufacturing,11 - 20 years,Houston,TX,92000.0
ED,Finance,11 - 20 years,New York,NY,400000.0
Flight Test Engineer,Aerospace,2 - 4 years,St. Louis,MO,83666.0
Digital Design Engineer,Semiconductor,11 - 20 years,Austin,TX,156000.0
Aircraft Mechanic,Airline,8 - 10 years,Minneapolis,MN,55000.0
Tax Director,Healthcare,11 - 20 years,Dallas,TX,135000.0
"Senior Director, Engineering",Software,21 - 30 years,Boston,MA,220000.0
Account Manager,Tech,5 - 7 years,New York,NY,120000.0
Senior Manager of Project Controls,Construction,11 - 20 years,Boston,MA,117000.0
Financial Analyst,Finance,5 - 7 years,New York,NY,76000.0
Engineering Tech,Contract administration,21 - 30 years,Minneapolis,MN,75000.0
General engineer,Government,11 - 20 years,Washington,DC,136725.0
Director of IT,Biotech,21 - 30 years,Boston,MA,130000.0
Consultant,Management Consulting,5 - 7 years,Boston,MA,150000.0
Program Manager,Retail,8 - 10 years,Minneapolis,MN,84000.0
Grants Manager,Nonprofit,5 - 7 years,New York,NY,71000.0
Threat analysis,Security,11 - 20 years,Washington,DC,145000.0
Social Worker,Healthcare,5 - 7 years,New York,NY,62000.0
General Manager,Bike rental,11 - 20 years,New York,NY,70000.0
General Manager,Bike rental,11 - 20 years,New York,NY,70000.0
Senior Director IT,Pharmaceutical,11 - 20 years,Philadelphia,PA,225000.0
Social Worker,Healthcare,5 - 7 years,New York,NY,62000.0
Chief Financial Officer,Professional Services,11 - 20 years,Dallas,TX,200000.0
Principal Software Engineer,Medical,21 - 30 years,Boston,MA,165000.0
Library Technology Manager,Public Libraries,8 - 10 years,Minneapolis,MN,81000.0
Network Engineer,Real Estate,11 - 20 years,Denver,CO,120000.0
Planner,Fashion,11 - 20 years,Philadelphia,PA,125000.0
Director of Accounting,Professional Services,11 - 20 years,Minneapolis,MN,127300.0
Planning Director,Government,8 - 10 years,Minneapolis,MN,73500.0
Mechanical Engineer,Technology,8 - 10 years,Portland,OR,112000.0
Aircraft Dispatcher,Aviation,8 - 10 years,Atlanta,GA,200000.0
supplier development engineer,Aerospace,11 - 20 years,Pittsburgh,PA,120000.0
Director,Chemical,11 - 20 years,Chicago,IL,155000.0
Vice Chair,Healthcare,21 - 30 years,New York,NY,435000.0
Vice Chair,Healthcare,21 - 30 years,New York,NY,435000.0
Director,Chemical,11 - 20 years,Chicago,IL,155000.0
Consultant,Management Consulting,5 - 7 years,Boston,MA,112000.0
Contracts Administrator,Defense,8 - 10 years,Boston,MA,67000.0
Consultant,Management Consulting,5 - 7 years,Boston,MA,112000.0
Data Engineer,Logistics,2 - 4 years,Atlanta,GA,90000.0
Manager,Media/Advertising,2 - 4 years,New York,NY,85000.0
Physician,Healthcare,5 - 7 years,New York,NY,360000.0
Senior Systems Engineer,Defense,31 - 40 years,Washington,DC,173000.0
Staff Accountant,Public Accounting,1 year or less,Atlanta,GA,54000.0
Credit manager,Financial Services,11 - 20 years,Denver,CO,102000.0
Managing Consultant,Consulting,2 - 4 years,Washington,DC,133000.0
Curator,Govt,11 - 20 years,Washington,DC,90000.0
Senior Software Engineer,Banking,8 - 10 years,Pittsburgh,PA,100000.0
Physical Therapist,Healthcare,5 - 7 years,Pittsburgh,PA,78000.0
Solutions Manager,Software,5 - 7 years,New York,NY,145000.0
Project Manager,Technology,11 - 20 years,Philadelphia,PA,148000.0
Editor / Project Manager,Book publishing,8 - 10 years,Minneapolis,MN,44000.0
Senior Engineering Manager,Tech,11 - 20 years,Boston,MA,148000.0
Branch Office Administrator,Investments,21 - 30 years,Phoenix,AZ,45000.0
Management Consultant,Consulting,2 - 4 years,New York,NY,72000.0
Management Consultant,Consulting,2 - 4 years,New York,NY,72000.0
Teacher,Education,11 - 20 years,Atlanta,GA,42000.0
Nurse Unit Director,Healthcare,5 - 7 years,Chicago,IL,111000.0
Nurse Unit Director,Healthcare,5 - 7 years,Chicago,IL,111000.0
Regional Manager,Hospitality textile sales,8 - 10 years,Washington,DC,75000.0
Senior technical designer,Fashion Design,8 - 10 years,Philadelphia,PA,105000.0
Regional Manager,Hospitality sales,8 - 10 years,Washington,DC,75000.0
Development Director,Nonprofit,11 - 20 years,Austin,TX,46000.0
Physical Therapist,Healthcare,11 - 20 years,Houston,TX,65000.0
Chief Ethics Officer,Telecommunications,21 - 30 years,Atlanta,GA,175000.0
Senior Director,Consumer Goods,21 - 30 years,New York,NY,340000.0
Chief Ethics Officer,Telecommunications,21 - 30 years,Atlanta,GA,175000.0
Senior Software Engineering Manager,Tech,21 - 30 years,Austin,TX,150000.0
Research Manager,Market Research,5 - 7 years,New York,NY,107000.0
"GIS Analyst/IT Specialist, Principal",IT,11 - 20 years,Minneapolis,MN,91000.0
Director of Advertising,EdTech,8 - 10 years,San Francisco,CA,215000.0
Consultant,Healthcare IT,31 - 40 years,Atlanta,GA,175000.0
IT Manager,Manufacturing,31 - 40 years,Philadelphia,PA,135000.0
Senior Accountant,Senior Housing,11 - 20 years,Seattle,WA,76500.0
Office Manager,Construction,31 - 40 years,Boston,MA,70000.0
Staff Attorney,Legal Services,5 - 7 years,Boston,MA,64500.0
Project Manager,Architecture,8 - 10 years,Philadelphia,PA,110000.0
Resource Technologist,Biomedical,5 - 7 years,Philadelphia,PA,50000.0
Data Analyst,IT,2 - 4 years,Dallas,TX,99000.0
Claims supervisor,Insurance,11 - 20 years,Denver,CO,90000.0
Campaign Director,Nonprofit,11 - 20 years,Portland,OR,85000.0
Staff Chief Engineer,Defense,11 - 20 years,Baltimore,MD,157000.0
Staff Chief Engineer,Defense,11 - 20 years,Baltimore,MD,157000.0
Business Development Director,"Nonprofit, health related",8 - 10 years,Seattle,WA,72000.0
Veterinarian,Veterinary,8 - 10 years,Seattle,WA,110000.0
Veterinarian,Veterinary,8 - 10 years,Seattle,WA,110000.0
Manager Labor Relations,Transportation,11 - 20 years,Pittsburgh,PA,125000.0
Product Owner,Media Research,21 - 30 years,Washington,DC,125000.0
Communications Manager,Healthcare communications,11 - 20 years,Boston,MA,77000.0
Operations Manager,Insurance,5 - 7 years,Philadelphia,PA,140000.0
Project Geologist,Environmental Consulting,11 - 20 years,Dallas,TX,65000.0
Controller,Private,8 - 10 years,Baltimore,MD,97000.0
Senior Financial Analyst,Healthcare,11 - 20 years,San Francisco,CA,111000.0
Principal Program Managee,Mobile Messaging Technology -SaaS,11 - 20 years,Seattle,WA,163500.0
Business Intelligence Analyst,Healthcare,11 - 20 years,Seattle,WA,94000.0
Informatics Manager,Insurance,11 - 20 years,Philadelphia,PA,120000.0
Program Director,Environmental non-profit,21 - 30 years,Portland,OR,48000.0
Program Manager,Ecommerce,5 - 7 years,Seattle,WA,130000.0
Lead Large Bank Examiner,Banking,11 - 20 years,Chicago,IL,178000.0
Director of Sales,Medical Device Sales,21 - 30 years,Los Angeles,CA,100000.0
Staff Associate,Accounting,5 - 7 years,Washington,DC,62000.0
PA,Healthcare,5 - 7 years,Houston,TX,142000.0
Security Officer,Government,8 - 10 years,Washington,DC,117705.0
Vice President,Media,8 - 10 years,New York,NY,275000.0
Chief of Staff,Government,5 - 7 years,Washington,DC,150000.0
Owner,Business owner,11 - 20 years,Seattle,WA,123000.0
Sales,Credit card,11 - 20 years,Atlanta,GA,125000.0
"Manager, Industrial Security",Industrial Security,11 - 20 years,Washington,DC,313000.0
Finance Manager,Telecommunications,5 - 7 years,Atlanta,GA,102000.0
electrical maintenance,Chemical,5 - 7 years,St. Louis,MO,73000.0
Compliance Director,Fintech,11 - 20 years,San Francisco,CA,160000.0
"VP, Talent",Business Services,31 - 40 years,Pittsburgh,PA,210000.0
Manager,Federal Government Contractor,11 - 20 years,Washington,DC,160000.0
Resident physician,Medicine,2 - 4 years,Baltimore,MD,53790.0
Diesel technician,Mechanic,1 year or less,Baltimore,MD,85000.0
Air Analyst,Travel,31 - 40 years,St. Louis,MO,50000.0
Project Manager,Engineering,11 - 20 years,Portland,ME,60000.0
Vice President Membership,Nonprofit,21 - 30 years,Washington,DC,155000.0
Software Engineer,Tech,1 year or less,Seattle,WA,108000.0
Adjunct Instructor,Academia,31 - 40 years,New York,NY,24000.0
Software Engineer,Technology,2 - 4 years,Boston,MA,105000.0
Senior Manager,Transportation,11 - 20 years,Minneapolis,MN,122000.0
Engineer,Civil Engineering,2 - 4 years,Philadelphia,PA,66000.0
Senior Project Manager,Information Technology,21 - 30 years,St. Louis,MO,145000.0
Assistant Controller,Restaurant,21 - 30 years,Austin,TX,100000.0
Senior Data Scientist,Research and Development,11 - 20 years,Baltimore,MD,145000.0
Director of Development,Museums,5 - 7 years,New York,NY,77250.0
Network Operations Center Manager,Dept of Defense,11 - 20 years,Baltimore,MD,149000.0
Engineer,Aviation,31 - 40 years,Denver,CO,150000.0
Department Head,Education,21 - 30 years,New York,NY,140000.0
Customer Service,Film & Television,2 - 4 years,New York,NY,32240.0
Field services,IT,11 - 20 years,Chicago,IL,70000.0
Systems Administrator,Wholesale distribution,2 - 4 years,St. Louis,MO,59500.0
Senior Technical Support Engineer,Software,21 - 30 years,Philadelphia,PA,109000.0
IT Analyst,Construction,2 - 4 years,Pittsburgh,PA,57000.0
Research Data Manager,Research,8 - 10 years,Boston,MA,86000.0
Infrastructure Senior system admin,Finance,21 - 30 years,Dallas,TX,130000.0
Managing Editor,Media,11 - 20 years,New York,NY,101000.0
IT Professional,Oil & Gas,11 - 20 years,Dallas,TX,138000.0
IT Helpdesk Technician,Healthcare,11 - 20 years,New York,NY,86000.0
Office Supervisor,Education,5 - 7 years,Minneapolis,MN,44500.0
Director of Development,Nonprofit,11 - 20 years,Boston,MA,120000.0
Software Engineer,Tech,5 - 7 years,Dallas,TX,100000.0
Hardware Engineer,Technology,2 - 4 years,Minneapolis,MN,80000.0
Tax Manager,Public Accounting,11 - 20 years,Washington,DC,107544.0
Technical Manager,IT,21 - 30 years,Atlanta,GA,120000.0
Senior Digital Marketing Manager,Nonprofit,8 - 10 years,Pittsburgh,PA,56000.0
Assistant Vice President,Banking,8 - 10 years,Dallas,TX,111000.0
Senior Coordinator,Higher Education,11 - 20 years,Austin,TX,69000.0
Senior Analyst,Advertising,2 - 4 years,Philadelphia,PA,78000.0
Director,Education,21 - 30 years,Atlanta,GA,94000.0
Brand Manager,Wine & Spirits,11 - 20 years,New York,NY,92500.0
Engineering Manager,Software/Internet,31 - 40 years,Pittsburgh,PA,173500.0
Assistant Special Projects Coordinator,Government,2 - 4 years,Washington,DC,65000.0
Senior Software Engineer,Tech,8 - 10 years,New York,NY,125000.0
Technical Research Assistant,Healthcare,1 year or less,Boston,MA,34800.0
Project Controls Lead (Manager),Federal Government Contractor,11 - 20 years,Houston,TX,150000.0
Sourcing Analyst,Manufacturing- Power Industry,5 - 7 years,Chicago,IL,69000.0
Digital Marketing Manager,Luxury Goods,5 - 7 years,Philadelphia,PA,75000.0
Professor,Education,21 - 30 years,Atlanta,GA,250000.0
Teacher,Education,31 - 40 years,Boston,MA,90000.0
Policy Analyst,Think tanks,8 - 10 years,Washington,DC,67000.0
Executive Recruiter,Recruiting,11 - 20 years,Dallas,TX,150000.0
Data Analyst,Traffic technology--tolling,2 - 4 years,Austin,TX,79000.0
Contract Managet,Procurement,11 - 20 years,Dallas,TX,79500.0
Senior Audit Manager,Public Accounting,8 - 10 years,New York,NY,128400.0
Associate Editor,Journalism,5 - 7 years,New York,NY,65000.0
Director of Marketing,Association,11 - 20 years,Washington,DC,115000.0
RN,Healthcare,5 - 7 years,St. Louis,MO,41000.0
Senior Software Engineer,IT,11 - 20 years,Houston,TX,110000.0
Senior Software Engineer,Healthcare,21 - 30 years,Portland,ME,107000.0
Inventory/Product Analyst,Semiconductor,1 year or less,Austin,TX,50000.0
Environmental Compliance Specialist,State Government,1 year or less,Atlanta,GA,30000.0
Senior Content Strategist,Design,21 - 30 years,Boston,MA,125000.0
Project Manager,Electrical construction,2 - 4 years,Minneapolis,MN,82000.0
Administration,Higher Education,5 - 7 years,Boston,MA,80000.0
Software Engineer,Technology,5 - 7 years,New York,NY,97500.0
CEO,Tech,11 - 20 years,Washington,DC,250000.0
Assistant Store Manager,Retail,2 - 4 years,Boston,MA,57300.0
Information Security Consultant,Big 4,11 - 20 years,Atlanta,GA,168500.0
Institutional Account Manager,Asset Management,11 - 20 years,New York,NY,230000.0
Regional Service manager/Field Service Engineer,Electron Microscopy,41 years or more,Baltimore,MD,80000.0
Food Service Director,Food Service,21 - 30 years,Philadelphia,PA,79000.0
President of the United States of America,Government,41 years or more,Washington,DC,400000.0
Global Sales Manager,Manufacturing,21 - 30 years,Minneapolis,MN,140000.0
System Administrator,IT,11 - 20 years,Houston,TX,65000.0
Executive Director of Branded Content,Branded Content/Publishing,11 - 20 years,New York,NY,300000.0
"Civil Engineer, EIT",Engineering,5 - 7 years,Atlanta,GA,73000.0
Administrative Manager,Education,5 - 7 years,Minneapolis,MN,60000.0
Color Manager,Fashion,11 - 20 years,New York,NY,82650.0
Finance Director,Higher Education,8 - 10 years,Philadelphia,PA,125000.0
"Project Manager, Civil Engineer, PE",Civil Engineering,21 - 30 years,Atlanta,GA,97000.0
VP Product,Tech,8 - 10 years,New York,NY,200000.0
Administrative Assistant,Higher Education,8 - 10 years,Boston,MA,57054.0
Property Manager,Real Estate,2 - 4 years,New York,NY,125000.0
Software Engineer,Technology,5 - 7 years,Atlanta,GA,165000.0
"Senior Director, Finance",Telecommunications,11 - 20 years,Washington,DC,170000.0
IT,IT,2 - 4 years,Atlanta,GA,120000.0
Associate,Finance,5 - 7 years,San Francisco,CA,205000.0
Office Manager,Machine Tools,21 - 30 years,Philadelphia,PA,53000.0
"Coordinator, Clean Energy Solutions",Electrical Distribution,11 - 20 years,St. Louis,MO,53000.0
Junior Designer,Graphic Design,1 year or less,Austin,TX,47500.0
Customer Care Associate,"Data Storage, analysis, Consulting",11 - 20 years,Denver,CO,57000.0
College Professor,Education,11 - 20 years,Dallas,TX,61000.0
Vice President,Banking,11 - 20 years,Washington,DC,120000.0
Editorial Assistant,Publishing,11 - 20 years,New York,NY,35000.0
Research Financial Analyst,Education,31 - 40 years,Atlanta,GA,85870.0
Project Manager,Civil Engineering (Traffic Engineer),11 - 20 years,Dallas,TX,115000.0
Network Manager,Oil & Gas,21 - 30 years,Houston,TX,125000.0
Software Engineer,Education,2 - 4 years,Atlanta,GA,68000.0
Engineering Manager,IT,5 - 7 years,Atlanta,GA,115000.0
Software Engineer,Information Technology,5 - 7 years,Atlanta,GA,85000.0
Vice President,Banking,11 - 20 years,Washington,DC,120000.0
Project Manager,IT,31 - 40 years,Phoenix,AZ,100000.0
Fraud Analyst,Insurance claims,21 - 30 years,Boston,MA,63000.0
Associate Controller,Higher Education,11 - 20 years,Boston,MA,113000.0
Maintenance Manager,Transportation,21 - 30 years,Philadelphia,PA,74000.0
Project Manager,Contract Furniture,11 - 20 years,New York,NY,98000.0
Software Engineer,Software,11 - 20 years,Denver,CO,160000.0
"Director, Web Content Mangement & Governance",Nonprofit association,11 - 20 years,Washington,DC,92600.0
President,Building materials,21 - 30 years,Dallas,TX,175000.0
Payroll Director,Construction,21 - 30 years,Chicago,IL,125000.0
Senior Network Security Engineer,Information Security,8 - 10 years,Austin,TX,133000.0
CFO/CHRO,Trucking,11 - 20 years,Atlanta,GA,140000.0
Software Engineer,IT,2 - 4 years,Baltimore,MD,116000.0
Grant Administrator,Education,2 - 4 years,Philadelphia,PA,70000.0
Project Engineer,Construction,2 - 4 years,Chicago,IL,66000.0
Technical Project Manager,Tech,11 - 20 years,New York,NY,195000.0
Business Partnerships Manager,Nonprofit fundraising,8 - 10 years,New York,NY,58500.0
Vice President Client Services,Market Research,11 - 20 years,Boston,MA,132500.0
Policy Advisor,Government,8 - 10 years,Washington,DC,80000.0
Director of Food Safety,Food,8 - 10 years,Pittsburgh,PA,115000.0
Postdoctoral Researcher (year 0),Academic Research (Neuroscience),2 - 4 years,Philadelphia,PA,48000.0
Senior Associate Director,Education,21 - 30 years,New York,NY,90000.0
Director of Production,Non-profit arts,8 - 10 years,New York,NY,87500.0
Paraprofessional,Education,2 - 4 years,Boston,MA,22000.0
Motion Graphics Designer,Tech,2 - 4 years,Boston,MA,75000.0
Team Lead,Customer Service,5 - 7 years,San Diego,CA,31470.0
Senior Director of Fraud,Web Domains,11 - 20 years,Boston,MA,175000.0
Software Engineer,Government,21 - 30 years,Washington,DC,90000.0
Research Analyst,Social Science Research,11 - 20 years,Boston,MA,81000.0
Senior Mechanical Designer,oil field,8 - 10 years,Houston,TX,91000.0
Assistant Project Engineer,Construction,5 - 7 years,Boston,MA,80000.0
Senior Backend Developer,Information Techonolotgy,5 - 7 years,Chicago,IL,130000.0
Development Manager,Technology,21 - 30 years,San Francisco,CA,200000.0
Dispatcher,Transportation,2 - 4 years,Boston,MA,36400.0
Senior Software Engineer,Cloud Infrastructure,8 - 10 years,Chicago,IL,155000.0
Principal Software Engineer,Hardware Tech,21 - 30 years,Minneapolis,MN,144000.0
Senior Manager,Telecom,11 - 20 years,Denver,CO,160000.0
Security Architect,IT,11 - 20 years,Dallas,TX,134800.0
Research Scientist,software security research development,8 - 10 years,Atlanta,GA,105832.0
Nutrition Consultant,Public Health/Government,5 - 7 years,New York,NY,70700.0
Caregiver,Caregiving,1 year or less,Houston,TX,24000.0
Staff Accountant,Public Accounting,1 year or less,Atlanta,GA,52000.0
Front Desk,Staffing,1 year or less,Atlanta,GA,30000.0
Director,Government Contracting,11 - 20 years,Washington,DC,169000.0
Major,Military,11 - 20 years,New York,NY,136000.0
Video Producer/Editor,Digital Publishing,11 - 20 years,New York,NY,80000.0
Marketing Manager,Insurance,8 - 10 years,Boston,MA,55000.0
Administrative Specialist,Nonprofit,8 - 10 years,Washington,DC,67275.0
Software Engineer,Video Games,8 - 10 years,Austin,TX,92000.0
Executive Director,Education Non-profit,21 - 30 years,Boston,MA,70000.0
locksmith / lead engineer,Healthcare,21 - 30 years,Chicago,IL,90000.0
Computer Automation Engineer I,Information Technology,21 - 30 years,Dallas,TX,65000.0
Tax Manager,Public Accounting,5 - 7 years,Houston,TX,100000.0
Financial Analyst,Finance,1 year or less,Minneapolis,MN,47500.0
Project Manager,Real Estate,5 - 7 years,New York,NY,75000.0
Sales Trader,Finance,8 - 10 years,New York,NY,250000.0
Photographer,Museums,8 - 10 years,Washington,DC,72500.0
Archivist,Education,8 - 10 years,Washington,DC,54000.0
Manager,Reinsurance,11 - 20 years,New York,NY,150000.0
Marketing Manager,Healthcare non-profit,5 - 7 years,Chicago,IL,57200.0
Professional Services Consultant,IT Consulting,8 - 10 years,Dallas,TX,130000.0
Senior Project Manager,Marketing,5 - 7 years,Dallas,TX,70000.0
Fiscal Policy Analyst,Government,2 - 4 years,Atlanta,GA,60000.0
Senior Project Manager,Engineering,21 - 30 years,Baltimore,MD,115000.0
Deputy Director IT,Government,21 - 30 years,New York,NY,108000.0
Senior Program Manager,Medical Devices,21 - 30 years,Denver,CO,183000.0
Trainer,Training facilitation workforce development,11 - 20 years,New York,NY,60000.0
SEO Manager,Telecommunications,11 - 20 years,Atlanta,GA,110000.0
Infrastructure Engineer,Government,11 - 20 years,Washington,DC,130762.0
Software Engineer,Higher Education,11 - 20 years,Pittsburgh,PA,48000.0
Senior Consultant,IT Consulting,5 - 7 years,Washington,DC,85000.0
Director,Hospitality,11 - 20 years,Atlanta,GA,180000.0
Head of Product,Software,11 - 20 years,Seattle,WA,375000.0
Engineer,Semiconductor,11 - 20 years,Phoenix,AZ,85000.0
Program Administrator,Higher Education,8 - 10 years,New York,NY,58000.0
Tax Manager,Accounting,5 - 7 years,New York,NY,113000.0
Prepress Designer,IT,2 - 4 years,Dallas,TX,50000.0
Librarian,Academic Libraries,8 - 10 years,New York,NY,75000.0
Customer Success Specialist,Security,2 - 4 years,Baltimore,MD,40705.0
ERP Administrator,FLooring,11 - 20 years,Houston,TX,90000.0
Senior Analyst,Commercial Real Estate Management,11 - 20 years,New York,NY,75000.0
Customer Success Manager,Technology/software,8 - 10 years,New York,NY,101000.0
VP of Marketing,Travel,41 years or more,Washington,DC,143000.0
IT Applications Lead,Public sector,11 - 20 years,Boston,MA,104000.0
CFO,Finance,31 - 40 years,New York,NY,400000.0
Software Engineer,Software,2 - 4 years,San Francisco,CA,200000.0
Engineer,Transportation,2 - 4 years,Pittsburgh,PA,61000.0
"Senior Manager, Quality Assurance",Biotech/Pharma,11 - 20 years,Boston,MA,156000.0
Quality Specialist,Tissue Banking,11 - 20 years,Austin,TX,47500.0
Project Coordinator,Healthcare,11 - 20 years,New York,NY,70000.0
Appraiser,Real Estate,11 - 20 years,Phoenix,AZ,85000.0
Developer/Product Manager,Software,11 - 20 years,Washington,DC,60000.0
Tax Administrator,Accounting,2 - 4 years,New York,NY,50000.0
uxe,Tech,5 - 7 years,New York,NY,330000.0
BioMed Technician,Healthcare,21 - 30 years,Minneapolis,MN,36000.0
Technical Rep,Alchol,2 - 4 years,San Francisco,CA,85000.0
Biostatistician,Academia,1 year or less,New York,NY,70000.0
Software Engineer,Software Development,1 year or less,Dallas,TX,67000.0
Associate Automation Systems Analyst,Trusted Identities and secure transactions,1 year or less,Minneapolis,MN,60000.0
Software Engineer,Tech,8 - 10 years,Boston,MA,134000.0
Staff Engineer,IC DESIGN,11 - 20 years,Austin,TX,190000.0
Business Analyst,Consulting,2 - 4 years,Chicago,IL,80000.0
Customer Support Manager,Technology,5 - 7 years,Atlanta,GA,66195.0
Finance Director,Commercial Real Estate,11 - 20 years,Philadelphia,PA,179523.0
Director of Production,Publishing,11 - 20 years,New York,NY,49500.0
Financial Analyst,Advertising,2 - 4 years,New York,NY,58500.0
Burger Flipper,McDonalds,1 year or less,Chicago,IL,31000.0
Researcher/Writer,legal - for now,21 - 30 years,Washington,DC,70000.0
Production Manager,Publishing,8 - 10 years,New York,NY,75000.0
Marketing Associate,Technology,2 - 4 years,Atlanta,GA,65000.0
Strategic Consultant,Consulting,11 - 20 years,Houston,TX,180000.0
Clinical Therapist,Mental Health/Social Services,8 - 10 years,Portland,ME,40019.0
RN,Healthcare,11 - 20 years,Minneapolis,MN,67000.0
VP of Finance,Floral,21 - 30 years,New York,NY,240000.0
Security Engineer,Tech (software),11 - 20 years,Seattle,WA,149000.0
Senior Windows Systems Engineer,IT,11 - 20 years,Atlanta,GA,100000.0
Customer Service,Technology,31 - 40 years,Washington,DC,100000.0
Product Team Manager,Publishing,8 - 10 years,Boston,MA,116000.0
Purchasing Manager,Produce,8 - 10 years,Minneapolis,MN,60000.0
Data Analyst,Higher Education,8 - 10 years,New York,NY,72080.0
Project Manager,Advertising,2 - 4 years,Chicago,IL,58000.0
Senior Windows Server Admin,IT,8 - 10 years,Dallas,GA,103000.0
Associate Growth Marketing Manager,Marketing,2 - 4 years,New York,NY,67500.0
HR Director,Nonprofit social services,11 - 20 years,Chicago,IL,60000.0
Senior Sales Executive,Sales,5 - 7 years,Atlanta,GA,100000.0
Referral Relocation Director,Real Estate - admin,31 - 40 years,St. Louis,MO,37000.0
Senior Editor,Media,11 - 20 years,New York,NY,130000.0
Receptionist,Real Estate Developer,1 year or less,New York,NY,42500.0
Software Engineer,Fintech,2 - 4 years,New York,NY,135000.0
Corporate Strategy and Development Manager,Technology,2 - 4 years,New York,NY,115000.0
Director of Marketing,Software,5 - 7 years,Washington,DC,85000.0
Assistant Controller,Financial Services,8 - 10 years,Chicago,IL,133600.0
Head of Product,Financial Technology,21 - 30 years,Los Angeles,CA,160000.0
Software Engineer,Tech,2 - 4 years,Boston,MA,120000.0
Clinical Associate Professor,Education,31 - 40 years,Atlanta,GA,135000.0
Production Designer,Coffee,8 - 10 years,Seattle,WA,72000.0
Borough Manager,Municipal Government,31 - 40 years,Pittsburgh,PA,64000.0
Mech eng,Design,11 - 20 years,Seattle,WA,75000.0
Senior Contract Officer,Healthcare Research,11 - 20 years,Los Angeles,CA,95175.0
Project Manager,Construction,8 - 10 years,San Diego,CA,70000.0
Senior Manager,Government Affairs,11 - 20 years,Washington,DC,140000.0
Engineer,Semiconductor,21 - 30 years,Dallas,TX,120000.0
Support Coordinator,IT,2 - 4 years,Philadelphia,PA,51250.0
Concierge,Retirement Community,11 - 20 years,Portland,OR,26624.0
Head of Product,Tech,8 - 10 years,Chicago,IL,130000.0
Reporter,Journalism,2 - 4 years,Washington,DC,85000.0
Attorney,Legal,5 - 7 years,New York,NY,70000.0
Principal Engineer,Finance,8 - 10 years,Boston,MA,186000.0
Postdoctoral Associate,Academic Research,2 - 4 years,Boston,MA,66600.0
Case Manager,Insurance,2 - 4 years,Portland,OR,52200.0
Clinical Research Associate,Biotech/Pharma,2 - 4 years,Boston,MA,92000.0
Financial Advisor Trainee,Wealth Management,2 - 4 years,Portland,ME,49326.0
Governance Programs Manager,Nonprofit,8 - 10 years,Washington,DC,56000.0
Account Executive,Online Media,5 - 7 years,Los Angeles,CA,70000.0
Marketing Manager,Publishing,5 - 7 years,New York,NY,63000.0
IT Specialist,Technology,8 - 10 years,San Francisco,CA,95400.0
Analyst,Energy,11 - 20 years,New York,NY,140000.0
Recruiting,Tech,11 - 20 years,Dallas,TX,112000.0
Business Development,IT,31 - 40 years,Washington,DC,105000.0
Senior Instructional Designer,Construction Management,21 - 30 years,Boston,MA,108500.0
Associate Engineer,High Tech,5 - 7 years,Boston,MA,55857.0
COO,Health Care-Skilled Nursing Facilities,11 - 20 years,St. Louis,MO,312000.0
Executive Legal Assistant,Law,41 years or more,Chicago,IL,127000.0
Environmental Health Specialist,Government,11 - 20 years,Phoenix,AZ,60000.0
Director of Project Management,Advertising,11 - 20 years,New York,NY,120000.0
Marketing Manager,Marketing,5 - 7 years,Dallas,TX,67000.0
Business Intelligence Analyst,Technology,2 - 4 years,Austin,TX,93000.0
Regional General Manager,Transportation,11 - 20 years,Seattle,WA,175000.0
Senior Architect,IT,5 - 7 years,Denver,CO,130000.0
Supervisor,Research,8 - 10 years,Philadelphia,PA,50000.0
DBA,IT,31 - 40 years,Chicago,IL,144000.0
Software Engineer,IT,11 - 20 years,Seattle,WA,200000.0
Accounting Coordinator,Accounting,2 - 4 years,Houston,TX,55000.0
Principal Consultant,Software Consulting,11 - 20 years,Atlanta,GA,149000.0
Communications Coordinator,Nonprofit,2 - 4 years,New York,NY,55000.0
Director of HR & Risk,Telecommunications Construction,31 - 40 years,Denver,CO,103110.0
Yard Driver / Yard Dog / Yard Jockey,Trucking Industry,2 - 4 years,Dallas,TX,36400.0
Senior Product Manager,Technology,5 - 7 years,Seattle,WA,170000.0
Investment Banking Analyst,Investment Banking,1 year or less,Chicago,IL,85000.0
"Director, Alumni Relations and Events",Academia - Private K-12,11 - 20 years,New York,NY,102000.0
Senior Analyst,Consulting,5 - 7 years,New York,NY,110000.0
Senior Controls Engineer,Food Products Manufacturing,11 - 20 years,Atlanta,GA,120000.0
Marketing,Environmental,21 - 30 years,Philadelphia,PA,90000.0
Director Software Quality Assurance,Software Development,21 - 30 years,San Diego,CA,168000.0
Operations Coordinator,Consulting,11 - 20 years,New York,NY,58500.0
Sourcer,Recruiting,2 - 4 years,San Francisco,CA,90000.0
Marketing Manager,CPG,8 - 10 years,Atlanta,GA,82000.0
Software Engineer,Tech,5 - 7 years,Chicago,IL,135000.0
Senior Accountant,Tech,8 - 10 years,New York,NY,85000.0
help desk lead,Information Technology,5 - 7 years,Minneapolis,MN,54000.0
Program Aide,Education,2 - 4 years,New York,NY,40500.0
Senior Integration Consultant,Software,11 - 20 years,New York,NY,125000.0
Police Officer,Government,2 - 4 years,New York,NY,74000.0
Senior Data Scientist,Technology,8 - 10 years,Austin,TX,130000.0
Paralegal Specialist,Government,1 year or less,Washington,DC,45972.0
Dir of Student Services and Registrar,Higher Education,11 - 20 years,Philadelphia,PA,60000.0
Senior Marketing Specialist,Healthcare,8 - 10 years,Los Angeles,CA,96000.0
Director of organizational effectiveness,Financial Services,11 - 20 years,Philadelphia,PA,147000.0
Controls Engineer,OEM / Automotive / Automation,8 - 10 years,Chicago,IL,90000.0
SharePoint Developer,Information Technology,21 - 30 years,Atlanta,GA,100500.0
Technical Support Associate,Charitable Giving,21 - 30 years,Minneapolis,MN,52000.0
SVP,HR Consulting,41 years or more,Philadelphia,PA,123000.0
Director of Development Operations,Nonprofit,8 - 10 years,New York,NY,155000.0
Senior IT Infrastructure Project Manager,IT,21 - 30 years,Houston,TX,130000.0
Analyst,Government,11 - 20 years,Washington,DC,132000.0
Job developer,Nonprofit,21 - 30 years,San Diego,CA,48000.0
VoIP Network Engineer,Healthcare,8 - 10 years,Boston,MA,96000.0
Controller,Financial Services,8 - 10 years,New York,NY,200000.0
VoIP Network Engineer,Healthcare,8 - 10 years,Boston,MA,96000.0
Director,Home Health Care,11 - 20 years,New York,NY,120000.0
Business Analyst,Healthcare,21 - 30 years,Boston,MA,97000.0
Senior Software Engineer,Finance,11 - 20 years,Chicago,IL,135000.0
Assistant Editor,Academic Publishing,5 - 7 years,Baltimore,MD,46000.0
Instruction Librarian,Education,2 - 4 years,Houston,TX,63000.0
Assistant General Manager,Resturant,11 - 20 years,New York,NY,75000.0
Business Analyst,Engineering,8 - 10 years,Minneapolis,MN,112000.0
Infrastructure Engineer,IT,11 - 20 years,Phoenix,AZ,85800.0
Health Economics Scientist,Pharmaceutical,11 - 20 years,Philadelphia,PA,172000.0
UX/UI Designer,Software,2 - 4 years,Dallas,TX,45000.0
Full Stack Web Site  manager,Advertising,41 years or more,New York,NY,100000.0
Administrator,Financial,2 - 4 years,Dallas,TX,41500.0
Postdoctoral researcher,Life Science Research,5 - 7 years,Boston,MA,55000.0
Quality Assurance Coordinator,Research,5 - 7 years,Seattle,WA,73500.0
Vice President,Finance,8 - 10 years,New York,NY,150000.0
"Teaching Assistant, PhD student",Academia,5 - 7 years,Chicago,IL,30000.0
TA Manager,Talent Acquisition,11 - 20 years,Atlanta,GA,110000.0
Field Service Representative,Electrical Engineering,5 - 7 years,Houston,TX,52000.0
Communications Manager,Nonprofit,5 - 7 years,Los Angeles,CA,59000.0
Senior Compensation Analyst,Human Resources,21 - 30 years,Baltimore,MD,91800.0
Associate Director,Healthcare,11 - 20 years,Chicago,IL,105000.0
IT Manager,Government,11 - 20 years,Pittsburgh,PA,90000.0
Senior Compensation Analyst,Human Resources,21 - 30 years,Baltimore,MD,91800.0
Senior Program Advisor,Government,5 - 7 years,Washington,DC,104000.0
Software Engineer,Education,5 - 7 years,Boston,MA,118000.0
Senior Business Development Manager,Renewable Energy,8 - 10 years,Chicago,IL,148500.0
Product Manager,Healthcare,8 - 10 years,Boston,MA,95000.0
Exhibit Content Developer,Informal education,5 - 7 years,Boston,MA,42000.0
Director of Market Research,Telecommunications,21 - 30 years,Philadelphia,PA,151000.0
Postdoctoral researcher,Research,5 - 7 years,Denver,CO,79000.0
Landscape Architect,Landscape Architecture,21 - 30 years,Minneapolis,MN,95000.0
Senior Art Director,Digital Media,5 - 7 years,Chicago,IL,75000.0
Systems Administrator,Financial Services,5 - 7 years,Phoenix,AZ,94000.0
Editor,Legal Services,5 - 7 years,Philadelphia,PA,80000.0
PR Manager,Public Relations,8 - 10 years,Atlanta,GA,60000.0
Trader,Finacne,31 - 40 years,New York,NY,275000.0
Senior Paralegal,Law,21 - 30 years,Minneapolis,MN,93000.0
Marketing Manager,Technology,8 - 10 years,Dallas,TX,59000.0
Compliance Examiner,Finance,2 - 4 years,New York,NY,96000.0
Senior Manager,Consulting,11 - 20 years,Philadelphia,PA,155000.0
Director of Communications,Municipal Government,11 - 20 years,Houston,TX,56000.0
Senior Scientist,Pharmaceutical,2 - 4 years,Boston,MA,116640.0
Account Executive,Public Infrastructure,11 - 20 years,Philadelphia,PA,250000.0
Human Resources Director,Food Service,21 - 30 years,Baltimore,MD,94600.0
Accounting Manager,Transportation,31 - 40 years,Atlanta,GA,65000.0
Director of Operations & Research,Recruiting Agency,5 - 7 years,Chicago,IL,65000.0
Communications & Outreach Manager,Higher Ed Communications,2 - 4 years,Chicago,IL,48000.0
Business Development Manager,"oil and gas, power",11 - 20 years,Denver,CO,100000.0
Project Coordinator,Telecom,2 - 4 years,Denver,CO,48000.0
Director,Philanthropy,21 - 30 years,Chicago,IL,93000.0
Senior Software Engineer,IT,21 - 30 years,Denver,CO,102000.0
Account Manager,Tech,11 - 20 years,Austin,TX,102000.0
IT Director,Media,11 - 20 years,New York,NY,150000.0
Web Designer,Media,8 - 10 years,Pittsburgh,PA,60000.0
Director,Biopharma,11 - 20 years,Boston,MA,250000.0
Senior Product Manager,Technology,11 - 20 years,San Francisco,CA,180000.0
Application Analyst,Healthcare,31 - 40 years,Chicago,IL,91000.0
Research Manager,Market Research,5 - 7 years,Boston,MA,90000.0
Operations Analyst,Finance,1 year or less,New York,NY,65000.0
Application Engineer,Construction,2 - 4 years,Los Angeles,CA,70980.0
Distribution Agent,Hospitality,11 - 20 years,San Diego,CA,37400.0
Program Manager,Nonprofit,11 - 20 years,New York,NY,69000.0
Research Assistant/Lab Manager,Biomedical Research,2 - 4 years,Philadelphia,PA,31000.0
Architect,Software,21 - 30 years,Dallas,TX,165000.0
Strategy Director,Philanthropy,8 - 10 years,Washington,DC,149000.0
Editor,Newspapers,31 - 40 years,New York,NY,55000.0
"Director, Technical Services",Chemical Manufacturing,8 - 10 years,Chicago,IL,118000.0
Senior Business Analyst,Natural Food,5 - 7 years,San Diego,CA,60000.0
Senior Software Engineer,Insurance,21 - 30 years,Chicago,IL,100000.0
Senior Managing Consultant,Consultant,8 - 10 years,Chicago,IL,160614.0
Transportation Planner,Local Government,8 - 10 years,Portland,OR,78000.0
Senior User Experience Designer,Finance,11 - 20 years,Denver,CO,125000.0
Software Engineer,Software,2 - 4 years,San Francisco,CA,130000.0
Operations Manager,IT,11 - 20 years,Seattle,WA,200000.0
Tax Senior,Accounting,5 - 7 years,New York,NY,96000.0
Software Engineer,Supply chain management,1 year or less,Boston,MA,87000.0
Account Manager,Benefit Compensation,5 - 7 years,Pittsburgh,PA,42000.0
Network Technician,Real Estate,31 - 40 years,Boston,MA,87000.0
construction inspector,Construction,11 - 20 years,Boston,MA,105000.0
Director of Customer Success,Consulting,11 - 20 years,Minneapolis,MN,175000.0
Senior Software Engineer,Technology,2 - 4 years,Dallas,TX,87704.0
Operations Analyst,Technology,5 - 7 years,New York,NY,75000.0
Business Analyst,Human Resources,21 - 30 years,Austin,TX,105000.0
Senior Engineer (SW),SW engineering,11 - 20 years,San Francisco,CA,160000.0
Executive Director,Higher Education,21 - 30 years,Philadelphia,PA,95000.0
Wind and Solar Development Project Manager,Renewable Energy,21 - 30 years,Portland,OR,140000.0
High School Teacher,Education,5 - 7 years,New York,NY,78000.0
Assistant Town Administrator,Government,8 - 10 years,Boston,MA,90000.0
Asst. Manager,Retail,11 - 20 years,New York,NY,42000.0
Senior Technical Writer,High Tech,21 - 30 years,Phoenix,AZ,99200.0
Project Manager,Market Research,2 - 4 years,Chicago,IL,42500.0
Manager of Diversity and Inclusion,Tech,11 - 20 years,Denver,CO,90000.0
Administrator,Trucking,1 year or less,Dallas,TX,29900.0
Wireless Applications Engineer,Technology,2 - 4 years,Austin,TX,77000.0
Senior Software Engineer,Software,5 - 7 years,Denver,CO,101000.0
Financial planner,Financial Services,11 - 20 years,Chicago,IL,105000.0
Project Manager,Advertising Technology,5 - 7 years,New York,NY,90000.0
Project Manager,Software Development,21 - 30 years,Philadelphia,PA,110000.0
Software Engineer,Technology,2 - 4 years,Atlanta,GA,110000.0
Art Director,Publishing,21 - 30 years,New York,NY,140000.0
Project Manager,Office Furniture,21 - 30 years,Chicago,IL,75000.0
Engineer,Oil and Gas,11 - 20 years,Houston,TX,186000.0
Corporate Access,Finance,8 - 10 years,Boston,MA,100000.0
Retail Consultant,Cannabis,11 - 20 years,Phoenix,AZ,50000.0
Quality Manager,IT Security,21 - 30 years,Austin,TX,60000.0
Project Manager,IT,21 - 30 years,Washington,DC,165000.0
Senior Software Engineer,Software and Internet,21 - 30 years,Seattle,WA,182000.0
Sales Engineer,Engineering/Technology,2 - 4 years,Boston,MA,58750.0
Vice President,Construction,8 - 10 years,Baltimore,MD,90000.0
Legal Specialist,International Non-Profit,2 - 4 years,New York,NY,65000.0
Administrative Assistant,Consulting,5 - 7 years,New York,NY,45000.0
Bookkeeper,Finance,11 - 20 years,San Diego,CA,38000.0
Director of Risk Management,Banking,11 - 20 years,Phoenix,AZ,96000.0
Lab Technician,Food,2 - 4 years,Chicago,IL,40000.0
IT Operations Manager,Government,21 - 30 years,New York,NY,70000.0
Administrative/Research Assistant,Public Health,1 year or less,New York,NY,45000.0
Facility Supervisor,Higher Education,21 - 30 years,Boston,MA,73000.0
Software Engineer,Telecom,11 - 20 years,Dallas,TX,90000.0
Project Coordinator,Nonprofit,2 - 4 years,New York,NY,40000.0
Senior Mgr Data & Analysis,Entertainment & Hospitality,5 - 7 years,Dallas,TX,82000.0
Word Processor,Legal,11 - 20 years,Los Angeles,CA,85000.0
Employment Manager,Education,21 - 30 years,Austin,TX,84000.0
Design Manager,Construction,11 - 20 years,Dallas,TX,125000.0
Senior Research Analyst,Nonprofit,8 - 10 years,New York,NY,75000.0
Software Engineer,Software,5 - 7 years,Denver,CO,100000.0
Financial Analyst,Information Technology,5 - 7 years,Minneapolis,MN,70000.0
Director of Music,Education,2 - 4 years,Philadelphia,PA,45357.0
Administrative Assistant,State Government,5 - 7 years,Houston,TX,28000.0
Interior Designer,Architecture,8 - 10 years,Boston,MA,86000.0
Account Executive,IT,11 - 20 years,Atlanta,GA,100000.0
Assistant Director of Admissions,Higher Education,8 - 10 years,Boston,MA,66000.0
Account Executive,IT,11 - 20 years,Atlanta,GA,100000.0
Executive Assistant to CFO,Education,8 - 10 years,Dallas,TX,45000.0
Platform Engineer,Software,8 - 10 years,Denver,CO,115000.0
Office Manager/Executive Asst.,Legal,31 - 40 years,Los Angeles,CA,165000.0
Communications Manager,Tech,5 - 7 years,Washington,DC,106000.0
VP of Business Development,Biotechnology,21 - 30 years,San Diego,CA,220000.0
Controls Engineer,Manufacturing Automation,5 - 7 years,Baltimore,MD,104000.0
"Senior Vice President , Property Management",Real Estate,31 - 40 years,Houston,TX,135000.0
SecOps Engineer,Cyber Security,5 - 7 years,Boston,MA,73000.0
Acquisitions,Real Estate,5 - 7 years,New York,NY,150000.0
Risk management,Investment Management / Financial Services,5 - 7 years,Minneapolis,MN,89000.0
Senior Business intelligence consultant,Information Technology,11 - 20 years,Chicago,IL,130000.0
Manager Client Support,Financial Technology,8 - 10 years,Atlanta,GA,80000.0
Research Associate,Research,5 - 7 years,Baltimore,MD,55000.0
Senior Business intelligence consultant,Information Technology,11 - 20 years,Chicago,IL,130000.0
Software Engineer,Software,2 - 4 years,Atlanta,GA,70000.0
Security Supervisor,Security,8 - 10 years,Minneapolis,MN,36000.0
Consultant,Management Consulting,5 - 7 years,St. Louis,MO,112000.0
Associate Director,Nonprofit,8 - 10 years,San Francisco,CA,115000.0
Project Manager,Construction,11 - 20 years,Houston,TX,125000.0
Program Coordinator,Education,1 year or less,Philadelphia,PA,39000.0
Research and evaluation specialist,Higher Education,5 - 7 years,New York,NY,64000.0
Senior Project Manager,Telecommunications,5 - 7 years,Austin,TX,135000.0
Business Analytics Manager,AdTech,5 - 7 years,Austin,TX,98700.0
Oracle Developer,Software Development,8 - 10 years,Los Angeles,CA,106000.0
Senior Underwriter,Surety,8 - 10 years,Denver,CO,90750.0
Engineering Technician,Oil and Gas,1 year or less,Houston,TX,61000.0
Compliance Manager,Agriculture,21 - 30 years,St. Louis,MO,101000.0
Compliance Coordinator,Property Management,2 - 4 years,Houston,TX,32000.0
Graphic Designer,Marketing,21 - 30 years,New York,NY,52000.0
Risk Analyst,Utilities,2 - 4 years,Denver,CO,66765.0
Digital and Paid Media Manager,Public Relations,11 - 20 years,New York,NY,81000.0
Webmaster,Clinical Trials,21 - 30 years,Boston,MA,70000.0
Sales Consultant,Medical Devices,11 - 20 years,Seattle,WA,350000.0
Senior Attorney,Legal,11 - 20 years,New York,NY,90000.0
Assistant Collections Manager,"Higher Education, Art",1 year or less,Philadelphia,PA,35000.0
"Senior Coordinator, Community Engagement",Nonprofit,5 - 7 years,New York,NY,48800.0
Acquisition Landman,Oil and Gas,5 - 7 years,Dallas,TX,75000.0
Software Engineer,Aerospace,8 - 10 years,Dallas,TX,90000.0
Senior Contracts Manager (attorney),Professional Services,8 - 10 years,Philadelphia,PA,106000.0
Assistant Marketing Manager,Publishing,5 - 7 years,New York,NY,55000.0
Lead Previs Artist,Entertainment,11 - 20 years,Los Angeles,CA,170000.0
VP of Development,Software/Tech,11 - 20 years,Boston,MA,130000.0
Museum Exhibition Specialist,Government-Museum,11 - 20 years,Washington,DC,83501.0
Program Manager,International Development,11 - 20 years,Washington,DC,101500.0
Grants & Contracts,Nonprofit,21 - 30 years,Denver,CO,37000.0
Flow Cytometry Coordinator,Healthcare,5 - 7 years,Dallas,TX,74000.0
Software Engineer,Education,21 - 30 years,Washington,DC,120000.0
Quantitative Research Analyst,Finance,1 year or less,Chicago,IL,250000.0
Associate,Law,2 - 4 years,New York,NY,200000.0
Corporate Counsel,Telecommunications,11 - 20 years,Denver,CO,155000.0
Landscape Architect,Architecture / Engineering,8 - 10 years,Seattle,WA,63000.0
Accountant,Government Finance,21 - 30 years,Portland,OR,86500.0
Budget Specialist,Higher Education,8 - 10 years,Baltimore,MD,40162.0
Group Art Supervisor,Advertising,11 - 20 years,New York,NY,150000.0
Receptionist/Admin Assistant,Law,1 year or less,San Francisco,CA,34000.0
Law Clerk,Law,2 - 4 years,New York,NY,78000.0
Research Assistant,Research,2 - 4 years,Boston,MA,41000.0
Senior Data Manager,Healthcare,11 - 20 years,Boston,MA,105000.0
Librarian,Higher Education,8 - 10 years,Denver,CO,65000.0
Recruiter,Tech,11 - 20 years,Seattle,WA,175000.0
Application Architect,Insurance,11 - 20 years,Atlanta,GA,165000.0
Digital Marketing Manager,Sports,5 - 7 years,Phoenix,AZ,48000.0
CISO,IT Security,21 - 30 years,New York,NY,220000.0
Senior Software Engineer,Software,5 - 7 years,Dallas,TX,95000.0
Manager Talent Sourcing,Manufacturing,8 - 10 years,Denver,CO,119000.0
Project Manager,Architecture,11 - 20 years,Atlanta,GA,89000.0
Senior Software Engineer,Technology,5 - 7 years,Chicago,IL,125000.0
Communications,Housing,5 - 7 years,Washington,DC,52000.0
Executive Assistant,Tech,21 - 30 years,Austin,TX,65000.0
Director,Telecommunications,11 - 20 years,New York,NY,150000.0
Director of Payroll,Transportation,5 - 7 years,Phoenix,AZ,66000.0
Analyst,Financial,11 - 20 years,Austin,TX,52000.0
Account Supervisor,Advertising,11 - 20 years,Boston,MA,85000.0
Sales Engineer,Construction,2 - 4 years,San Francisco,CA,80000.0
Pharmacist,Healthcare,5 - 7 years,Los Angeles,CA,150000.0
Senior Graphic Designer,Hospitality/Food & Beverage,11 - 20 years,Chicago,IL,73000.0
Project Coordinator,Oil and Energy,2 - 4 years,Dallas,TX,50000.0
DBA,Software,11 - 20 years,Minneapolis,MN,96000.0
Grants Manager,Nonprofit,21 - 30 years,Phoenix,AZ,52000.0
Director of Operations,Hospitality,11 - 20 years,Atlanta,GA,83000.0
Manager,Management Consulting,11 - 20 years,Los Angeles,CA,147000.0
Director,Finance,8 - 10 years,New York,NY,500000.0
Librarian,Libraries,8 - 10 years,Houston,TX,40000.0
CEO,Healthcare,11 - 20 years,Denver,CO,292000.0
Civil Engineer,Engineering / Construction,11 - 20 years,Seattle,WA,95000.0
Senior Software Engineer,Software,8 - 10 years,Dallas,TX,103000.0
Product Manager,Techonolgy,5 - 7 years,Seattle,WA,140000.0
Director,Library,11 - 20 years,Houston,TX,46000.0
ISSE,IT,8 - 10 years,Baltimore,MD,145000.0
Reference Librarian,Education,8 - 10 years,Houston,TX,69000.0
"Senior Manager, Facilities",Technology,11 - 20 years,Seattle,WA,105000.0
Development Officer,Arts non-profit (Museum),8 - 10 years,Boston,MA,70000.0
Customer Success Manager,IT,8 - 10 years,Portland,ME,32000.0
CEO,Staffing,11 - 20 years,Washington,DC,300000.0
Senior Digital Strategist,Digital Marketing,8 - 10 years,Minneapolis,MN,72700.0
Technology Analyst / Software Engineer,Financial Services,1 year or less,New York,NY,110000.0
Pastor,Church,5 - 7 years,St. Louis,MO,57000.0
Technology Manager,Entertainment Technology,5 - 7 years,Los Angeles,CA,85000.0
Senior Consultant,Real Estate,8 - 10 years,Philadelphia,PA,93000.0
Attorney,Legal,8 - 10 years,Chicago,IL,150000.0
Senior Financial Analyst,Higher Education,5 - 7 years,Baltimore,MD,75858.0
Senior Manager of Ticket Operations,Sports and Entertainment,21 - 30 years,Chicago,IL,86000.0
"VP, Marketing  & Promotions",Nonprofit,11 - 20 years,Baltimore,MD,97000.0
VP of Finance,Service,21 - 30 years,Chicago,IL,140000.0
DM,Retail,21 - 30 years,Philadelphia,PA,120000.0
Financial Data Analyst,University,2 - 4 years,St. Louis,MO,65152.0
DM,Retail,21 - 30 years,Philadelphia,PA,120000.0
Research Technician,Academia,1 year or less,St. Louis,MO,24000.0
Project Coordinator,Construction,11 - 20 years,Minneapolis,MN,56000.0
Director of Network services,IT,21 - 30 years,Houston,TX,165000.0
Township Manager,Local Government,11 - 20 years,Philadelphia,PA,101000.0
Senior Product Manager,Software,8 - 10 years,San Francisco,CA,165000.0
Manager,Software,21 - 30 years,Seattle,WA,111000.0
Architect,Architect - Infrastructure,11 - 20 years,New York,NY,108000.0
Elementary School Teacher,Education,2 - 4 years,Los Angeles,CA,61000.0
Management Consultant,Consulting,1 year or less,New York,NY,82500.0
Marketing Director,Real Estate,5 - 7 years,San Francisco,CA,100000.0
HR Coordinator,HR,1 year or less,Chicago,IL,50000.0
Private Rentals Director,Private Events,8 - 10 years,Houston,TX,60000.0
Senior Software Engineer,Ecommerce,8 - 10 years,Chicago,IL,155000.0
Escalation Support Analyst,IT Support,5 - 7 years,San Diego,CA,80000.0
Gear Specialist,Electrical wholesale,2 - 4 years,Seattle,WA,96000.0
General Counsel,Energy,11 - 20 years,Houston,TX,315000.0
Infant and early childhood mental health therapist,Mental Health,5 - 7 years,Seattle,WA,47000.0
Financial Examiner,Government,11 - 20 years,Seattle,WA,70320.0
Resource Center Coordinator,Higher Education,2 - 4 years,Los Angeles,CA,60040.0
Engineer,HVAC/IoT,5 - 7 years,New York,NY,75000.0
Inventory Control Manager,Petrochemicals,11 - 20 years,Houston,TX,87000.0
Marketing Manager,Ocean Conservation,2 - 4 years,Washington,DC,60000.0
Business Manager,Accounting,11 - 20 years,Los Angeles,CA,80000.0
Director of Finance,Tech,11 - 20 years,San Francisco,CA,205000.0
Business Information Security Officer,Technology,11 - 20 years,Denver,CO,200000.0
Project Manager,Telecom,11 - 20 years,St. Louis,MO,66000.0
Director of Marketing,Power and Utilities,8 - 10 years,Chicago,IL,105000.0
Software Engineer,Technology,5 - 7 years,Chicago,IL,120000.0
Business Intelligence Manager,Automotive,21 - 30 years,Los Angeles,CA,125000.0
Education Manager,Technology,5 - 7 years,San Francisco,CA,75000.0
Administrative Assistant,Healthcare,21 - 30 years,New York,NY,53950.0
Water Process Engineer,Engineering,2 - 4 years,Dallas,TX,85000.0
Senior Mechanical Engineer,HVAC Engineering Consulting,11 - 20 years,Seattle,WA,88000.0
Fellow,Nonprofit,5 - 7 years,Washington,DC,60000.0
Director,Consulting,8 - 10 years,Los Angeles,CA,109500.0
Director,Consulting,11 - 20 years,Los Angeles,CA,109500.0
Lead UX Designer,Nonprofit,11 - 20 years,Washington,DC,126700.0
Department Asociate Director,Estate Jewelry Sales,8 - 10 years,New York,NY,115000.0
Asset Manager,PE,2 - 4 years,San Francisco,CA,150000.0
Web Designer,Healthcare,11 - 20 years,St. Louis,MO,85000.0
Associate Director,Investment Management,8 - 10 years,Austin,TX,180000.0
Research Analyst,Consulting,1 year or less,Boston,MA,55000.0
Accounting Analyst,Property Management Software,11 - 20 years,Dallas,TX,65000.0
Account Manager,Sales,8 - 10 years,Austin,TX,100000.0
Technology Director,Social Services,11 - 20 years,Portland,OR,42000.0
HR Generalist,Manufacturing,8 - 10 years,Houston,TX,75000.0
Senior User Researcher,Software,5 - 7 years,Denver,CO,130500.0
Finance Director,Data Services,21 - 30 years,Washington,DC,112000.0
Designer,Fashion Design,11 - 20 years,San Francisco,CA,67081.0
IT Engineer,Information Technology,2 - 4 years,Boston,MA,68000.0
Business Intelligence Engineer,Tech,2 - 4 years,San Francisco,CA,135000.0
General Manager,Telecommunications,31 - 40 years,Dallas,TX,165000.0
Technology and Development Coordinator,Gov Tech,2 - 4 years,New York,NY,103000.0
Regional Sales Manager,Oil & Gas,8 - 10 years,San Diego,CA,138000.0
Program Specialist,Federal Government,2 - 4 years,Washington,DC,57510.0
Chief Marketing Officer,Technology,21 - 30 years,Washington,DC,215000.0
Associate Environmental Planner,Local Government,2 - 4 years,Washington,DC,60200.0
Senior Digital Strategist,Digital Marketing,5 - 7 years,St. Louis,MO,70000.0
Senior Software Engineer,Healthcare,11 - 20 years,Houston,TX,116000.0
Executive Assistant,Legal,11 - 20 years,Seattle,WA,55000.0
Accountant,Accounting,2 - 4 years,Dallas,TX,56000.0
Manager,Government,2 - 4 years,Austin,TX,97500.0
KYC Analyst,Finance,21 - 30 years,Chicago,IL,60000.0
Senior Economic Research Analyst,Economic Research,8 - 10 years,Chicago,IL,80000.0
Full Professor,Higher Ed,11 - 20 years,New York,NY,136000.0
"VP, Account Director",Advertising,8 - 10 years,New York,NY,130000.0
Director of Research and Development,Software Development,8 - 10 years,Seattle,WA,97000.0
Senior Analyst,Litigation Consulting,8 - 10 years,San Francisco,CA,105000.0
Compliance Specialist,Financial Tech (FinTech),11 - 20 years,San Francisco,CA,100000.0
Legal Assistant,Legal - Law Firm,2 - 4 years,Chicago,IL,60000.0
Product Manager,Entertainment,11 - 20 years,Los Angeles,CA,113250.0
"Principal, Advisory Services",Advertising Technology,11 - 20 years,San Francisco,CA,185000.0
Associate Art Director,Publishing,11 - 20 years,New York,NY,80000.0
Associate Consultant,Housing and Community Development,5 - 7 years,Denver,CO,65000.0
Software Engineer,education tech,1 year or less,Los Angeles,CA,93000.0
Attorney,Government,11 - 20 years,San Diego,CA,125000.0
Technical Supervisor,Entertainment production,11 - 20 years,Portland,OR,134000.0
Project Manager,Real Estate Development,11 - 20 years,Los Angeles,CA,100000.0
Adjunct Librarian,Higher Education,2 - 4 years,Chicago,IL,23664.0
Data Scientist,Tech,2 - 4 years,New York,NY,91000.0
Librarian,Healthcare,5 - 7 years,Philadelphia,PA,75000.0
Staff Engineer,Communication equipment,8 - 10 years,San Diego,CA,138000.0
Operations & Human Resources Manager,Nonprofit,11 - 20 years,Minneapolis,MN,43264.0
Energy Analyst,Public sector,2 - 4 years,San Francisco,CA,82000.0
"Assistant Manager, Global Marketing",Beauty,8 - 10 years,New York,NY,78000.0
Software Engineer,Internet,21 - 30 years,San Francisco,CA,160000.0
Executive Assistant,Nonprofit,8 - 10 years,Portland,OR,58250.0
Lead Actuarial Developer,Insurance,11 - 20 years,Los Angeles,CA,155000.0
Storyboard Artist,Animation,8 - 10 years,Los Angeles,CA,110000.0
Project Coordinator,Civil Engineering,2 - 4 years,Houston,TX,66000.0
President,Construction,41 years or more,Houston,TX,215000.0
Assistant,Maritime,2 - 4 years,Portland,OR,50000.0
Development Lead,Software,11 - 20 years,Washington,DC,200000.0
Senior Marketing Automation Specialist,Marketing,5 - 7 years,Seattle,WA,106000.0
Project Manager,International Development,5 - 7 years,Washington,DC,52000.0
Software Engineer,Financial,2 - 4 years,Washington,DC,100000.0
Senior Producer,Advertising,5 - 7 years,New York,NY,115000.0
Lead Talent Acquisition,Technology,11 - 20 years,Atlanta,GA,130000.0
Project Manager,Electrical,11 - 20 years,Portland,OR,50000.0
Resident physician,Medicine,2 - 4 years,Los Angeles,CA,57000.0
IT Administrator,Nonprofit,2 - 4 years,Chicago,IL,45000.0
Analytics Engineer,Digital Media,5 - 7 years,Seattle,WA,110000.0
Scheduler,Natural Gas,1 year or less,Houston,TX,65000.0
National Assistant Director of Operations,Nonprofit association,21 - 30 years,Washington,DC,80000.0
Airport Operations,Aviation,8 - 10 years,Boston,MA,28300.0
System Administration Manager,IT,11 - 20 years,Austin,TX,100000.0
Assistant Director of Donor Relations,Higher Education,8 - 10 years,Denver,CO,56000.0
"Manager, Commercial Development",Oil and Gas,11 - 20 years,Houston,TX,175000.0
Communications Director,Labor Union,31 - 40 years,New York,NY,85000.0
Archives Manager,"Museums, Archvies, Libraries",8 - 10 years,Chicago,IL,43000.0
Assistant Professor,Higher Education,1 year or less,Houston,TX,122000.0
VP manufacturing,Manufacturing,21 - 30 years,Los Angeles,CA,130000.0
Maintenance Coordinator,Hospitality,2 - 4 years,Phoenix,AZ,30430.0
Director of Research,Telecommunications,11 - 20 years,Philadelphia,PA,124800.0
Supervisory program analyst,Government,5 - 7 years,Washington,DC,138000.0
Contracts Manager,Legal,2 - 4 years,Boston,MA,53000.0
Speech and Language Pathologist,Education,11 - 20 years,Seattle,WA,103000.0
IT Mananger,IT,11 - 20 years,Dallas,TX,132600.0
Intake Advisor (Academic Advisor),Higher Education,2 - 4 years,San Diego,CA,38500.0
Partner,Accounting,31 - 40 years,Los Angeles,CA,180000.0
Senior Sales Engineer,IT,8 - 10 years,Houston,TX,240000.0
Administrative Assistant,Higher Education,8 - 10 years,Austin,TX,32500.0
e comm manager,Ecommerce,8 - 10 years,New York,NY,80000.0
Data Engineer,AdTech,5 - 7 years,Dallas,TX,120000.0
Project Manager,Construction,5 - 7 years,San Diego,CA,68000.0
Paid Search Analyst,Marketing,2 - 4 years,Austin,TX,50000.0
Senior Software Engineer,Software,11 - 20 years,Boston,MA,150000.0
VP Engineering,Fintech,11 - 20 years,New York,NY,225000.0
Recruitment Manager,University Administration,8 - 10 years,Los Angeles,CA,45000.0
Partner,Accounting,31 - 40 years,Los Angeles,CA,180000.0
Engineering Project Manager,Defense,11 - 20 years,Atlanta,GA,160000.0
Financial Analyst,Financial Services,2 - 4 years,Chicago,IL,63000.0
GIS Analyst,Commercial Real Estate,5 - 7 years,Phoenix,AZ,51000.0
CTO,Tech,2 - 4 years,Los Angeles,CA,80000.0
Senior Social Media Specialist,Digital Advertising,8 - 10 years,Denver,CO,60000.0
Senior Product Manager,Hospitality,11 - 20 years,Dallas,TX,106000.0
Marketing Assistant,marketing and 3PL,2 - 4 years,St. Louis,MO,37000.0
Communications Manager,Nonprofit,8 - 10 years,Austin,TX,86000.0
Chief of Staff,Real Estate,21 - 30 years,New York,NY,200000.0
"VP, Account Director",Marketing,11 - 20 years,Chicago,IL,165000.0
Civil Engineer,Engineering,5 - 7 years,Dallas,TX,85000.0
Video Producer,Online Media,2 - 4 years,Chicago,IL,63000.0
Digital Media Associate,Digital Media,2 - 4 years,Philadelphia,PA,50000.0
CTO,Biomedical,31 - 40 years,Austin,TX,270000.0
Senior Mechanical Engineer,Oil and Gas,11 - 20 years,Houston,TX,95500.0
Director of Marketing and Communications,Nonprofit,11 - 20 years,San Diego,CA,78000.0
Human Resource Business Partner,Marketing,21 - 30 years,Los Angeles,CA,97000.0
Marketing Manager,Nonprofit,5 - 7 years,Portland,OR,55000.0
Project Engineer,Heating & Cooling,2 - 4 years,St. Louis,MO,69000.0
Vice President,Business Consulting,11 - 20 years,Portland,OR,70000.0
planned giving director,Nonprofit,31 - 40 years,Washington,DC,96000.0
COO,Nonprofit,21 - 30 years,New York,NY,87000.0
Senior Software Engineer,Software,8 - 10 years,Dallas,TX,105000.0
Senior Software Engineer,Video Games,8 - 10 years,Seattle,WA,96000.0
Chief Investment Officer,Finance,11 - 20 years,San Francisco,CA,400000.0
Assistant Dean,Higher Education,21 - 30 years,Dallas,TX,100000.0
Director of Membership,Non-profit trade association,11 - 20 years,Austin,TX,68000.0
VP Aerospace,Advanced composites,21 - 30 years,Portland,OR,160000.0
Project Engineer,Construction Management,1 year or less,San Francisco,CA,78000.0
Grants Manager,Nonprofit,11 - 20 years,New York,NY,80000.0
Research Scientist,Pharma,2 - 4 years,San Diego,CA,120000.0
Freelance writer,Media,8 - 10 years,Austin,TX,65000.0
Digital Designer,Tech,21 - 30 years,Austin,TX,70250.0
Product Success Director,Tech,5 - 7 years,New York,NY,70000.0
Graphic Designer,Specialty Retail Marketing,5 - 7 years,Minneapolis,MN,36000.0
Software Engineer,Technology,2 - 4 years,Chicago,IL,108000.0
Project Manager,Architecture,8 - 10 years,Denver,CO,88100.0
Sales Engineer,Tech,8 - 10 years,Chicago,IL,84000.0
Strategy Director,Marketing,11 - 20 years,Dallas,TX,105000.0
Lead Microbiologist,Quality Control,2 - 4 years,Atlanta,GA,33000.0
QA Engineer,Media,21 - 30 years,Los Angeles,CA,130000.0
Network Engineer,IT,11 - 20 years,Seattle,WA,109000.0
Market Research Analyst,Entertainment,2 - 4 years,Los Angeles,CA,54000.0
Product Team Manager,Education Technology,11 - 20 years,San Francisco,CA,164000.0
Coordinator,TV,2 - 4 years,Los Angeles,CA,65000.0
Principal Business Analyst,Software,11 - 20 years,Phoenix,AZ,95500.0
Sales - Product Development,CNC Machining,11 - 20 years,Portland,OR,50000.0
Associate Attorney,Law,8 - 10 years,San Diego,CA,136500.0
Executive Assistant,Film Industry - Los Angeles,8 - 10 years,Los Angeles,CA,49000.0
TV Editor,Entertainment,5 - 7 years,Los Angeles,CA,180000.0
Principal,Consulting,11 - 20 years,Seattle,WA,200000.0
Director of Operations,Software,8 - 10 years,Los Angeles,CA,108000.0
Tech Support Lead,IT,5 - 7 years,Houston,TX,85000.0
Attorney,Law,11 - 20 years,Philadelphia,PA,350000.0
Product Owner,IT,21 - 30 years,Seattle,WA,108000.0
Project Manager,Construction,11 - 20 years,San Francisco,CA,295000.0
IT Manager,IT,5 - 7 years,Los Angeles,CA,130000.0
Executive Assistant to CEO,Retail,11 - 20 years,San Francisco,CA,140000.0
Marketing Director,Healthcare,11 - 20 years,Pittsburgh,PA,210000.0
Software Engineer,Entertainment,5 - 7 years,Seattle,WA,127500.0
Fleet Analyst,Rail/Energy,2 - 4 years,Chicago,IL,85000.0
Librarian,Higher Education,21 - 30 years,Minneapolis,MN,55000.0
AV System Technician and Programmer,Education,21 - 30 years,Austin,TX,60000.0
Broker,Insurance,8 - 10 years,Phoenix,AZ,90000.0
Program/Development Specialist,Non-Profit Sector,1 year or less,Denver,CO,24000.0
Staff Engineer,Media - Diversified,21 - 30 years,San Francisco,CA,162000.0
VP Operations,Manufacturing,21 - 30 years,Los Angeles,CA,204000.0
VFX Producer,Advertising,8 - 10 years,New York,NY,96000.0
Senior Administrative Assistant/Office Manager,Higher Education,11 - 20 years,Seattle,WA,48000.0
Scientist,Geospatial Services,8 - 10 years,Portland,OR,125000.0
Business Development Manager,Employee recognition,11 - 20 years,Los Angeles,CA,40000.0
Solution Consultant,Software Engineering,1 year or less,Seattle,WA,72000.0
Partner,Law,8 - 10 years,San Francisco,CA,184000.0
Software Engineer,IT,2 - 4 years,Phoenix,AZ,62000.0
Assest Management Consultant,Management Consulting,2 - 4 years,New York,NY,132000.0
Principal Data Scientist,Software,2 - 4 years,Seattle,WA,187000.0
Software Engineer,Genealogy,1 year or less,San Francisco,CA,215000.0
Communications Manager,Non-profit arts,11 - 20 years,New York,NY,68000.0
IT Manager,Retail,21 - 30 years,Houston,TX,108625.0
Associate CIO,Higher Ed Technology,21 - 30 years,New York,NY,130000.0
Software Engineer,High Tech,2 - 4 years,San Diego,CA,100000.0
Localization project manager,Software,8 - 10 years,Los Angeles,CA,102000.0
Computer Engineer,Computer,2 - 4 years,San Diego,CA,97000.0
Senior Software Engineer,Video Games,11 - 20 years,Los Angeles,CA,130000.0
Lecturer B,Higher Education,21 - 30 years,Los Angeles,CA,34000.0
Pilot,Airline,21 - 30 years,Seattle,WA,206000.0
Marketing Manager,Powersports,8 - 10 years,Los Angeles,CA,92000.0
Forensic Engineer,Transportation & Logistics,1 year or less,Phoenix,AZ,67000.0
Maintenance Supervisor,Energy,1 year or less,Denver,CO,88900.0
VP Business Development,Packaging,31 - 40 years,Phoenix,AZ,120000.0
Youth trainer,Education,2 - 4 years,Chicago,IL,48000.0
Supply Chain Manager,Frozen Grocery,2 - 4 years,San Diego,CA,48000.0
Manager,Government,5 - 7 years,San Francisco,CA,70800.0
Art Director,Advertising,8 - 10 years,Atlanta,GA,85000.0
Front-end Software Development,IT,11 - 20 years,New York,NY,103000.0
Senior Analyst,Finance,5 - 7 years,New York,NY,85000.0
Talent Acquisition Manager,Public Accounting,21 - 30 years,Portland,OR,99110.0
Senior Engineer,Tech,21 - 30 years,Portland,OR,160000.0
Director,Non-Profit Banking,11 - 20 years,Baltimore,MD,98000.0
Registered Nurse,Healthcare,2 - 4 years,Phoenix,AZ,80000.0
Senior Marketing Specialist,Construction,5 - 7 years,Phoenix,AZ,55000.0
Network Security Analyst,Cyber Security,5 - 7 years,Austin,TX,84000.0
Data Scientist,Financial Services,5 - 7 years,Boston,MA,125000.0
Consultant,Consulting,5 - 7 years,Boston,MA,125000.0
Sales,Design,8 - 10 years,Chicago,IL,200000.0
Lead Product Designer,Human Resources - Tech,5 - 7 years,New York,NY,160000.0
Parts Manager,Automotive,31 - 40 years,Denver,CO,175000.0
"Director, Information Technology",Financial Services,21 - 30 years,New York,NY,205000.0
Vice President,Finance,21 - 30 years,Seattle,WA,200000.0
Director of Communications,Nonprofit,11 - 20 years,New York,NY,90000.0
Manager of Technical Training,Software,21 - 30 years,Austin,TX,185000.0
Technical Director,Media,5 - 7 years,New York,NY,48000.0
Legal Assistant,Legal,11 - 20 years,Los Angeles,CA,75000.0
Senior Marketing Manager,Consulting,8 - 10 years,Washington,DC,88000.0
Manager biostatistics,Healthcare,31 - 40 years,Minneapolis,MN,121000.0
Director,Finance,11 - 20 years,New York,NY,250000.0
Software Engineer,Software Engineering,2 - 4 years,San Diego,CA,62500.0
Director of Marketing,Technology,8 - 10 years,Los Angeles,CA,113000.0
Talent,Adult Film,21 - 30 years,San Diego,CA,420000.0
Securities Trader,Finance,21 - 30 years,New York,NY,500000.0
Customer Support,Technology,2 - 4 years,New York,NY,98000.0
Data Analyst,Real Estate,2 - 4 years,Chicago,IL,50000.0
Engineering Manager,Advertising tech,8 - 10 years,Boston,MA,138000.0
magazine staff writer,Media,2 - 4 years,Los Angeles,CA,63000.0
Teacher,Education,5 - 7 years,Pittsburgh,PA,54000.0
Laborer,Labor,1 year or less,New York,NY,22000.0
Scientist,Biotech,2 - 4 years,Boston,MA,114000.0
Attorney,Government,21 - 30 years,Baltimore,MD,144538.0
High school math teacher,Education,21 - 30 years,Portland,OR,74000.0
Software Engineer,IT,8 - 10 years,Portland,OR,79000.0
Tutor,Education,11 - 20 years,Atlanta,GA,48000.0
Managing Consultant,Banking,11 - 20 years,Denver,CO,138000.0
Managing Consultant,Banking,11 - 20 years,Denver,CO,138000.0
Office Manager,Health,21 - 30 years,Dallas,TX,50000.0
Editor,Film & Television,8 - 10 years,Los Angeles,CA,98800.0
Senior Manager of Equity Programs,Forestry,8 - 10 years,Washington,DC,75000.0
Mechanical Engineer,Engineer,8 - 10 years,Los Angeles,CA,70000.0
Engineer,Tech,11 - 20 years,Portland,OR,60000.0
VoIP network management,Telecommunications,21 - 30 years,Denver,CO,110000.0
Engineer,Aerospace,2 - 4 years,Boston,MA,83740.0
Bank Branch Manager,Financial Services,5 - 7 years,Chicago,IL,73000.0
Associate,Finance,8 - 10 years,New York,NY,175000.0
Senior Concept Artist,Games,5 - 7 years,Seattle,WA,90000.0
Senior Software Engineer,Software,11 - 20 years,San Francisco,CA,200000.0
Oceanographer,Government,11 - 20 years,Washington,DC,100000.0
"Senior Manager, Corporate Development",Retail (Corporate office),8 - 10 years,Minneapolis,MN,118000.0
Regional Curator,Travel,8 - 10 years,Seattle,WA,65000.0
Product Development Coordinator,Kitchen Appliance,2 - 4 years,Los Angeles,CA,43804.0
Research Scientist,Artificial Intelligence,2 - 4 years,Seattle,WA,250000.0
Engineering Manager,Software,5 - 7 years,Boston,MA,230000.0
Vice President,Technology Sales,11 - 20 years,Los Angeles,CA,220000.0
Sales Director,Electronics Manufacturing,8 - 10 years,Dallas,TX,150000.0
CEO,Tech,1 year or less,Austin,TX,30000.0
Senior Director Software,Consumer Packaged Goods,21 - 30 years,Los Angeles,CA,180000.0
President,Real Estate Development Services,21 - 30 years,Atlanta,GA,250000.0
Senior Product Manager,Information Technology,21 - 30 years,Washington,DC,105000.0
Senior Consultant,Technology,5 - 7 years,Pittsburgh,PA,115000.0
Special Events Manager,Higher Education,8 - 10 years,Chicago,IL,61000.0
Account Manager,Insurance,2 - 4 years,Seattle,WA,40000.0
Principal Product Manager,Media,8 - 10 years,Baltimore,MD,126000.0
Software Engineer,Software/Internet,8 - 10 years,San Francisco,CA,165000.0
"Senior Analyst, Business Operations",Travel,2 - 4 years,Boston,MA,90000.0
Director technical support,Software,31 - 40 years,Denver,CO,224000.0
Director,Financial Services,31 - 40 years,New York,NY,165000.0
Pharmacist,Healthcare,2 - 4 years,New York,NY,150000.0
Teacher,Education,5 - 7 years,Los Angeles,CA,63000.0
Regulatory Affairs Manager,Agriculture,5 - 7 years,St. Louis,MO,101500.0
CEO,Technology,11 - 20 years,Austin,TX,120000.0
Judicial Law Clerk,Law,1 year or less,Minneapolis,MN,50000.0
Project Director,"Academic, public health",11 - 20 years,Los Angeles,CA,83800.0
Analyst,Market Research,5 - 7 years,Boston,MA,85000.0
Principal and Co-Owner,acoustical engineering consulting,11 - 20 years,Denver,CO,115000.0
Internet Marketer,Marketing,8 - 10 years,Los Angeles,CA,50000.0
Elementary Principal,Education,21 - 30 years,Pittsburgh,PA,120000.0
Business Technology Analyst,Consulting,1 year or less,Philadelphia,PA,80000.0
Analyst,Fed,5 - 7 years,Washington,DC,102000.0
Information Security Consultant,Information Security,11 - 20 years,San Diego,CA,140000.0
DBA,Communications,21 - 30 years,Minneapolis,MN,72000.0
Program Analyst,Government,21 - 30 years,Washington,DC,93000.0
Major Gifts Officer,Nonprofit,11 - 20 years,New York,NY,98000.0
Director of Engineering,Oil & Gas,21 - 30 years,Houston,TX,208000.0
Associate,Entertainment Law,8 - 10 years,Los Angeles,CA,100000.0
Director of Photography,Entertainment,2 - 4 years,Los Angeles,CA,80000.0
Legal Resource Assistant,Legal,2 - 4 years,Washington,DC,42500.0
Senior Product Line Manager,Technology,31 - 40 years,San Francisco,CA,17000.0
senior survey coordinator,Policy Research,8 - 10 years,Boston,MA,80000.0
Assistant Professor,Education (Community College),11 - 20 years,Chicago,IL,61000.0
Manager,Higher Education,5 - 7 years,Boston,MA,110000.0
Consultant,Technology Consulting,21 - 30 years,Atlanta,GA,480000.0
Software Engineer,Advertising,2 - 4 years,Boston,MA,95000.0
Assistant Professor,Education,11 - 20 years,Pittsburgh,PA,97300.0
Software Engineer,Software,5 - 7 years,Austin,TX,77000.0
Head of Sales,Technolo,11 - 20 years,San Francisco,CA,500000.0
Editor,Media,11 - 20 years,New York,NY,70000.0
Deputy Sheriff,Law Enforcement,5 - 7 years,Los Angeles,CA,98000.0
Financial Analyst,Accounting,21 - 30 years,Los Angeles,CA,104000.0
associate professor of communications,Education,11 - 20 years,New York,NY,102000.0
Head Baker,Hospitality,8 - 10 years,Chicago,IL,41000.0
Senior Project Controls Specialist,Oil and Gas,11 - 20 years,Houston,TX,120000.0
Implementation,Banking,11 - 20 years,Pittsburgh,PA,61000.0
Strategy Director,Software,11 - 20 years,Atlanta,GA,170000.0
Engineer,Energy,8 - 10 years,Denver,CO,70000.0
Product Manager,Media and Publishing,5 - 7 years,Boston,MA,65000.0
General Manager,Hospitality/restaurant management,8 - 10 years,Seattle,WA,75000.0
Director of Inside Sales,Tech,21 - 30 years,Philadelphia,PA,150000.0
Human Resources Manager,Local Government,5 - 7 years,San Francisco,CA,150000.0
Senior Product Manager,Technology,8 - 10 years,Seattle,WA,160000.0
Associate Director Operations Management,Clinical Trials,11 - 20 years,Austin,TX,107000.0
Cyber Security Engineer,Defense,21 - 30 years,Phoenix,AZ,125000.0
Associate Director Operations Management,Clinical Trials,11 - 20 years,Austin,TX,107000.0
Assistant Director,foreign policy (think tank),5 - 7 years,Washington,DC,58500.0
Technical Manager,International Development,8 - 10 years,Washington,DC,98300.0
Interior Designer,Construction,11 - 20 years,Los Angeles,CA,50000.0
Head of Department,Technology,8 - 10 years,San Francisco,CA,160000.0
Associate Director Operations Management,Clinical Trials,11 - 20 years,Austin,TX,107000.0
Consultant,Finance,11 - 20 years,Washington,DC,85000.0
Project Manager,Legal\Ediscovery,11 - 20 years,Washington,DC,120000.0
Associate,Healthcare,8 - 10 years,Dallas,TX,110000.0
Sales Engineer,Information Technology,11 - 20 years,Chicago,IL,115000.0
Associate Director Operations Management,Clinical Trials,11 - 20 years,Austin,TX,107000.0
Senior Director,Technology,11 - 20 years,Austin,TX,220000.0
Research Associate,Biotechnology,2 - 4 years,San Francisco,CA,70000.0
Underwriter,Insurance,8 - 10 years,Portland,OR,92000.0
Attorney,K-12 Education,5 - 7 years,Phoenix,AZ,95000.0
Attorney,K-12 Education,5 - 7 years,Phoenix,AZ,95000.0
Asset Manager,Real Estate Investment,11 - 20 years,Los Angeles,CA,100000.0
Computer Scientist,Defense Contractor Cybersecurity,5 - 7 years,Baltimore,MD,121000.0
Manager,Restaurant,5 - 7 years,Seattle,WA,60000.0
Technical Designer,Aerospace Engineering,41 years or more,Seattle,WA,125000.0
Electrician,Construction,1 year or less,Portland,OR,95000.0
Support Manager,Technology,21 - 30 years,Chicago,IL,92000.0
IT Consultatn,IT,8 - 10 years,Dallas,TX,123000.0
Accountant,Nonprofit,2 - 4 years,Houston,TX,64000.0
Manager,Nonprofit,11 - 20 years,Denver,CO,36000.0
Senior Director of Engineering,High Tech,21 - 30 years,San Francisco,CA,265000.0
Teacher,Music Education,1 year or less,Pittsburgh,PA,25000.0
Director of Product Management,Technology,5 - 7 years,San Francisco,CA,160000.0
"Senior Director, Strategy and Business Development",Healthcare,11 - 20 years,Atlanta,GA,192000.0
Planning Manager,Local government consultant,21 - 30 years,Denver,CO,102000.0
Planning Manager,Local government consultant,21 - 30 years,Denver,CO,102000.0
Engineer,Aerospace,31 - 40 years,Los Angeles,CA,150000.0
Certified Peer Recovery Support Specialist,Addiction Recovery,2 - 4 years,Houston,TX,64000.0
Director of Talent Acquisition,Healthcare,8 - 10 years,Portland,OR,110000.0
Account Manager,Technology Sales,21 - 30 years,Seattle,WA,50000.0
VP Marketing,Finance,11 - 20 years,San Francisco,CA,500000.0
Software Engineer,Technology,1 year or less,Austin,TX,60000.0
Enterprise Architect,Information Technology (federal),8 - 10 years,Washington,DC,170000.0
Enterprise Architect,Information Technology (federal),8 - 10 years,Washington,DC,170000.0
Enterprise Architect,Information Technology (federal),8 - 10 years,Washington,DC,170000.0
ITOPS Manager,IT,5 - 7 years,Austin,TX,93000.0
UX/UI Designer,Fintech,5 - 7 years,Portland,OR,90000.0
Director of Development,Higher Education,11 - 20 years,New York,NY,130000.0
Director,Professional Accounting,11 - 20 years,Washington,DC,232000.0
Vice President,Tech,11 - 20 years,New York,NY,200000.0
Laboratory technical supervisor,Healthcare,21 - 30 years,Philadelphia,PA,115000.0
Vet tech,Veterinary medicine,8 - 10 years,Pittsburgh,PA,30000.0
Postdoc,Research,2 - 4 years,Baltimore,MD,50000.0
Analytics Manager,Financial Services/Banking,21 - 30 years,San Francisco,CA,172000.0
Software Engineer,Tech,11 - 20 years,New York,NY,125000.0
Trader,Finance,8 - 10 years,New York,NY,500000.0
Product Manager,Tech,5 - 7 years,New York,NY,105000.0
Director of (technical area),Tech,5 - 7 years,New York,NY,200000.0
Cartographer,International Development,11 - 20 years,Washington,DC,86000.0
Software Engineer,Tech,2 - 4 years,Atlanta,GA,62000.0
Principal Software Engineer,Software,21 - 30 years,New York,NY,195000.0
Manager,IT,11 - 20 years,Washington,DC,129950.0
Partner,Legal,8 - 10 years,Boston,MA,160000.0
Data Reporting Specialist,Non-Profit Consulting,8 - 10 years,Minneapolis,MN,65000.0
Chief Digital Officer,Media,11 - 20 years,New York,NY,500000.0
Associate Professor,Higher Education,21 - 30 years,Chicago,IL,80000.0
"Senior Director, Data Analysis",Education,5 - 7 years,New York,NY,96000.0
Salesforce Administrator,Technology,5 - 7 years,New York,NY,90000.0
Analyst,Education / Non Profit,11 - 20 years,New York,NY,72000.0
Case team leader,Consulting,8 - 10 years,New York,NY,280000.0
Senior Data Analyst,Market Research,5 - 7 years,New York,NY,80000.0
Senior Graphic Designer,Educational Publishing,11 - 20 years,New York,NY,79000.0
Assurance manager,Public Accounting,8 - 10 years,Philadelphia,PA,95000.0
Engineer,financial engineering,5 - 7 years,New York,NY,410000.0
Accounts Manager,Contracting,21 - 30 years,Pittsburgh,PA,48000.0
Director,Insurance,5 - 7 years,Boston,MA,170000.0
Senior Telecom Engineer,"Restaurant, Hotel, Leisure",11 - 20 years,St. Louis,MO,100000.0
Senior Software Engineer,Software,11 - 20 years,Boston,MA,140000.0
CyberSecurity Architect,IT,21 - 30 years,Chicago,IL,140000.0
Accounting Assistant,Real Estate,11 - 20 years,Minneapolis,MN,44000.0
Legal Research Manager,Legal,11 - 20 years,Boston,MA,100000.0
Professor,University,21 - 30 years,Baltimore,MD,205000.0
Shop director,Higher Education,11 - 20 years,Pittsburgh,PA,50000.0
Engineering Manager,Ecommerce,2 - 4 years,Boston,MA,130000.0
Software Sales Executive,Technology,5 - 7 years,Portland,ME,215000.0
Live Experiences and Events Coordinator,Radio,21 - 30 years,Phoenix,AZ,35000.0
Epidemiologist,Government - Public Health,11 - 20 years,Atlanta,GA,124000.0
Attending Physician/Clinical Professor of Medicine,Medicine,11 - 20 years,San Diego,CA,282000.0
Legal Administrative Manager,Legal/Nonprofit,11 - 20 years,New York,NY,71000.0
Support and Training Coordinator,Nonprofit,8 - 10 years,Pittsburgh,PA,40000.0
CISO,Energy,11 - 20 years,Houston,TX,190000.0
Engineer,Systems Integration,1 year or less,Houston,TX,79800.0
Artist,Interior Decoration,2 - 4 years,Chicago,IL,40000.0
Software Engineer,Software,8 - 10 years,Boston,MA,156000.0
CFO,Construction Management,21 - 30 years,Houston,TX,158000.0
Senior Associate,Architecture,5 - 7 years,Chicago,IL,90000.0
Senior UX Researcher,Tech,11 - 20 years,New York,NY,122000.0
Lead Business Systems Analyst,Marketing,11 - 20 years,Denver,CO,103000.0
Human Resources Confidential Assistant,Education,21 - 30 years,Pittsburgh,PA,56000.0
Chief Product Officer,b2b SaaS software,11 - 20 years,Boston,MA,210000.0
System Engineer,IT,2 - 4 years,New York,NY,68000.0
Project Manager,Commercial Construction,5 - 7 years,Minneapolis,MN,75000.0
Director of Engineering,Software Engineering,11 - 20 years,Boston,MA,199000.0
Moderator,Social Media,2 - 4 years,San Francisco,CA,54000.0
VP Sales,Printing,41 years or more,Dallas,TX,250000.0
Health Science Officer,Scientific research,11 - 20 years,Minneapolis,MN,101431.0
Photographer,Retail,2 - 4 years,Boston,MA,72000.0
Project Architect,Architecture,21 - 30 years,Boston,MA,115000.0
Analytics Manager,Transportation,8 - 10 years,New York,NY,108000.0
"Technology Manager, Management & Monitoring",IT Consulting,21 - 30 years,Boston,MA,125000.0
Attorney,Law,11 - 20 years,Chicago,IL,430000.0
Community Association Manager,Property Management,11 - 20 years,Austin,TX,54000.0
Software Engineer,IT,11 - 20 years,Philadelphia,PA,145000.0
Studio Manager,Wellness,2 - 4 years,Baltimore,MD,40000.0
Engineering Manager,Oil & Gas,8 - 10 years,Houston,TX,150000.0
"Senior Associate, Analytics",Consulting,2 - 4 years,New York,NY,78000.0
Director,Communications,11 - 20 years,New York,NY,180000.0
Executive Director,Nonprofit,11 - 20 years,New York,NY,200000.0
Senior Performance Engineer,Technology,11 - 20 years,Seattle,WA,125000.0
Machine learning engineer,Telecom,2 - 4 years,Atlanta,GA,80000.0
Senior Sales Manager,Hospitality,11 - 20 years,Los Angeles,CA,101000.0
Vice President,Finance,8 - 10 years,New York,NY,200000.0
Designer,Design,2 - 4 years,Houston,TX,50000.0
Data Scientist,Tech,1 year or less,San Francisco,CA,165000.0
Workforce Management Analyst,Retail,5 - 7 years,Chicago,IL,75000.0
Tech Support,IT,2 - 4 years,Minneapolis,MN,37000.0
Teacher,Education,2 - 4 years,Atlanta,GA,41083.0
Marketing Coordinator,Public Library,8 - 10 years,Chicago,IL,55000.0
Project Manager,Construction,31 - 40 years,Pittsburgh,PA,120000.0
Assistant Director of Financial Aid,Higher Education,2 - 4 years,Boston,MA,48999.0
Senior Planning Engineer,Wireless,31 - 40 years,Denver,CO,153000.0
IT Director,Management Consulting,11 - 20 years,Chicago,IL,148000.0
Recruiter,Human Resources,1 year or less,Baltimore,MD,47500.0
Senior Mechanical Engineer,Medical Devices,21 - 30 years,San Diego,CA,105000.0
Senior DevOps Engineer,SaaS,8 - 10 years,Boston,MA,140000.0
Photo Editor,Media,5 - 7 years,New York,NY,58000.0
Clinical Research Coordinator,Healthcare,2 - 4 years,New York,NY,58000.0
Associate Professor,Higher Ed,11 - 20 years,New York,NY,80000.0
Business Administrator,Higher Education,8 - 10 years,Philadelphia,PA,51000.0
Director of Marketing,Business Consulting,11 - 20 years,Austin,TX,130000.0
Senior Infrastructure Engineer,Healthcare Services,21 - 30 years,Denver,CO,185000.0
Senior Manager of Marketing,Nonprofit,8 - 10 years,Chicago,IL,67000.0
Digital Learning Designer,Training,8 - 10 years,Dallas,TX,45855.0
Manager,Sporting Goods,11 - 20 years,Chicago,IL,45000.0
Associate Consultant,Legal consulting/tech,2 - 4 years,Chicago,IL,80000.0
Data Analyst,Fintech,2 - 4 years,Philadelphia,PA,72500.0
Senior Payment Analyst 1,Government,11 - 20 years,Boston,MA,61500.0
Attorney,Legal,5 - 7 years,Pittsburgh,PA,160000.0
Software Engineer,Web Development,11 - 20 years,Philadelphia,PA,103000.0
Engineering Project Leader,Engineering,11 - 20 years,Minneapolis,MN,70000.0
Associate Producer,Television Production,5 - 7 years,New York,NY,55000.0
High School Teacher,Education,8 - 10 years,Boston,MA,92801.0
"Director, Supply Chain & Operations",IoT Devices,5 - 7 years,Seattle,WA,110000.0
Methodologist,Non-Profit Public Health,11 - 20 years,Washington,DC,120000.0
Librarian,Academic health sciences libraries,2 - 4 years,Boston,MA,58500.0
"Director, Supply Chain & Operations",IoT Devices,5 - 7 years,Seattle,WA,110000.0
Software Engineer,Technology,11 - 20 years,Seattle,WA,380000.0
Coffee Roasting Production Supervisor,Coffee,5 - 7 years,Portland,OR,42000.0
Research Associate,Health Policy,2 - 4 years,Atlanta,GA,67000.0
BI Developer,IT,11 - 20 years,Dallas,TX,110000.0
Account Manager,Public Relations,21 - 30 years,San Francisco,CA,90000.0
Business Manager,Architecture,11 - 20 years,New York,NY,90000.0
Survey Statistician,Federal Government,8 - 10 years,Washington,DC,91740.0
CEO,Technology,8 - 10 years,San Francisco,CA,150000.0
"Vice President, Investment Banking",Finance,8 - 10 years,New York,NY,430000.0
Engineer,IT,11 - 20 years,San Francisco,CA,135000.0
Police evidence Technician,Government,11 - 20 years,Minneapolis,MN,65000.0
Senior Associate,Public Accounting,2 - 4 years,Dallas,TX,96000.0
Designer,Architecture,5 - 7 years,New York,NY,26000.0
Software Engineer,Software Engineering,11 - 20 years,Seattle,WA,180000.0
Accounting Associate,Not for profit,21 - 30 years,Boston,MA,51342.0
Operations,Electrical Contracting,2 - 4 years,Chicago,IL,65000.0
Career Consultant,Higher Education,11 - 20 years,Pittsburgh,PA,50000.0
Architect,Tech,2 - 4 years,New York,NY,185000.0
Fellow,Nonprofit,5 - 7 years,New York,NY,101000.0
Senior Director of Engineering,Telecommunications,31 - 40 years,Portland,OR,205000.0
Director of Information Technology,Legal,11 - 20 years,Seattle,WA,120000.0
Accountant,Finance,2 - 4 years,Portland,OR,39520.0
Assistant Director,Government,8 - 10 years,Baltimore,MD,82000.0
Principal Software Engineer,Software,11 - 20 years,San Francisco,CA,104400.0
Marketing Writer and Analyst,Finance,8 - 10 years,Washington,DC,84000.0
conflicts of interest analyst,Legal,11 - 20 years,Washington,DC,77000.0
Vice President,Banking,11 - 20 years,Washington,DC,109000.0
"VP, Product Strategy",Nonprofit,8 - 10 years,New York,NY,156000.0
Senior Program Manager,Technology,21 - 30 years,San Diego,CA,160000.0
Associate Director,Pharma,5 - 7 years,New York,NY,150000.0
Scientist,Defense/Aerospace,5 - 7 years,Washington,DC,100000.0
Sales Manager,Technology,5 - 7 years,Boston,MA,190000.0
Senior Application Consultant,IT,5 - 7 years,Austin,TX,83200.0
senior equipment & automation engineer,Biotech,21 - 30 years,San Diego,CA,114000.0
Assistant Professor,Higher Ed,8 - 10 years,San Diego,CA,180000.0
Budget Director,Government,21 - 30 years,Austin,TX,112880.0
Operations Engineer,Software,11 - 20 years,Atlanta,GA,260000.0
Executive Assistant,Sales,11 - 20 years,Chicago,IL,55000.0
Estimator,Mechanical construction,21 - 30 years,Minneapolis,MN,90000.0
Senior Systems Administrator,Manufacturing,21 - 30 years,Portland,OR,98000.0
Product Analyst,Tech,8 - 10 years,San Francisco,CA,110000.0
Maintenance Engineer,Pharma,11 - 20 years,St. Louis,MO,86000.0
Lab Manager,academic biological research,31 - 40 years,Baltimore,MD,90000.0
Customer Advocate,Technology,21 - 30 years,New York,NY,45000.0
Creative Director,Advertising,11 - 20 years,Chicago,IL,180000.0
Project Manager,Finance,11 - 20 years,Atlanta,GA,130410.0
Instrumentation technician,Oil and Gas,5 - 7 years,Houston,TX,170000.0
Relationship Consultant,Finance,11 - 20 years,Chicago,IL,65000.0
Engagement Manager,Consulting,11 - 20 years,Chicago,IL,125465.0
General Manager,Software,21 - 30 years,Denver,CO,170000.0
Director of Development,Nonprofit,11 - 20 years,Washington,DC,135000.0
Content Manager,Tech,2 - 4 years,New York,NY,65000.0
Senior Software Engineer,Education Software,5 - 7 years,Chicago,IL,107000.0
District Manager,Retail,21 - 30 years,Denver,CO,176000.0
Project Manager,Global Health,5 - 7 years,Baltimore,MD,63000.0
Residential Therapist,Mental Health,2 - 4 years,Chicago,IL,39000.0
Process Development Scientist,Biopharmaceuticals,5 - 7 years,St. Louis,MO,59000.0
Data Scientist,Media Research,2 - 4 years,Portland,OR,80500.0
Senior Engineer,IT,8 - 10 years,Chicago,IL,89000.0
Manager,Engineering Consulting,11 - 20 years,Seattle,WA,123500.0
Organizational Development Manager,Human Resources,5 - 7 years,New York,NY,84500.0
Active Directory Engineer,Oil and Gas,21 - 30 years,Houston,TX,160000.0
Senior Consultant,Management Consulting,11 - 20 years,San Francisco,CA,210000.0
Software Engineer,Tech,5 - 7 years,St. Louis,MO,73500.0
Customer Success Enterprise,Software,2 - 4 years,Dallas,TX,45000.0
Senior Cloud Automation Engineer,Information technologies,21 - 30 years,Chicago,IL,115566.0
Data Scientist,Tech,2 - 4 years,New York,NY,103000.0
Mechanical Engineer,Manufacturing,2 - 4 years,Houston,TX,80000.0
Project Analyst,Government,8 - 10 years,Washington,DC,117191.0
Senior Software Engineer,IT,11 - 20 years,Dallas,TX,120000.0
Project Manager,Information Technology,31 - 40 years,New York,NY,170000.0
Program Manager,Internet,21 - 30 years,San Francisco,CA,140000.0
Litigation Support Manager,Legal,11 - 20 years,Los Angeles,CA,105000.0
System Engineer,Space,5 - 7 years,Los Angeles,CA,97000.0
Electrical engineering technician,Engineering,8 - 10 years,Minneapolis,MN,55000.0
Vice President Services,Software,21 - 30 years,Washington,DC,215000.0
Development Associate,Nonprofit,2 - 4 years,Boston,MA,44000.0
Audience engagement editor,News/Media,8 - 10 years,New York,NY,88000.0
Product Manager,Tech,11 - 20 years,Seattle,WA,159000.0
Product Marketing Manager,Tech,5 - 7 years,San Francisco,CA,126000.0
Paralegal,Public Service,21 - 30 years,Seattle,WA,70000.0
Professor,Education,21 - 30 years,Dallas,TX,80500.0
Project Manager,Market Research,11 - 20 years,Chicago,IL,74000.0
General Manager,Nonprofit,8 - 10 years,Chicago,IL,23600.0
Academic Advisor,Higher Education,5 - 7 years,Boston,MA,52500.0
Data Engineer,Tech,11 - 20 years,New York,NY,170000.0
AWS Cloud Architect,Software/Internet,8 - 10 years,Denver,CO,125000.0
Program Manager,Civil Engineering,11 - 20 years,Dallas,TX,109000.0
Audit Manager,Public Accounting,8 - 10 years,Atlanta,GA,86000.0
Senior Manager,Marketing & Advertising,5 - 7 years,Chicago,IL,110000.0
Assistant Deputy Chief Appellate Court Attorney,Law/government,31 - 40 years,New York,NY,153665.0
Senior Manager,Non Profit/Professional Association,11 - 20 years,New York,NY,117200.0
Senior Program Manager,IT,11 - 20 years,Washington,DC,117764.0
Operations Supervisor,Healthcare,5 - 7 years,Minneapolis,MN,60500.0
Operations Manager,Marketing,11 - 20 years,Chicago,IL,70000.0
Library Director,Education,8 - 10 years,Philadelphia,PA,60000.0
Consultant,Consulting,5 - 7 years,San Francisco,CA,160000.0
"Photographer, advertising designer",Service,5 - 7 years,Chicago,IL,34000.0
Software Engineer,Tech,2 - 4 years,Portland,OR,105000.0
"Senior Manager, Brand Marketing",Hospitality,11 - 20 years,Chicago,IL,80000.0
UX Researcher,Technology,2 - 4 years,Seattle,WA,111000.0
Senior Manager,Technology Consulting,11 - 20 years,Chicago,IL,175000.0
Research Scientist/Manager,State University,21 - 30 years,Seattle,WA,76000.0
Software Engineer,University,21 - 30 years,Minneapolis,MN,100000.0
Onsite Office Manager,Construction,11 - 20 years,Boston,MA,65000.0
Senior Architect,Online Media,11 - 20 years,Seattle,WA,185000.0
Senior Program Associate,Think tanks,2 - 4 years,New York,NY,58575.0
Editor,Journalism,21 - 30 years,Seattle,WA,120000.0
Senior Technical Recruiter,Recruiting,11 - 20 years,Seattle,WA,72000.0
Software Engineer,Biotech,8 - 10 years,San Francisco,CA,147000.0
Radio producer,Radio Broadcasting,31 - 40 years,Baltimore,MD,23000.0
Email marketing coordinator,Publishing,5 - 7 years,New York,NY,49000.0
Senior Software Engineer,Technology,5 - 7 years,San Francisco,CA,165000.0
Sales Manager,Hospitality,21 - 30 years,San Francisco,CA,70000.0
Director of Marketing,Software,11 - 20 years,Phoenix,AZ,80000.0
Vice President - Legal,Insurance,11 - 20 years,San Francisco,CA,250000.0
Creative Director,Advertising,5 - 7 years,Seattle,WA,90000.0
VP of Business Development,Software,21 - 30 years,New York,NY,150000.0
Paralegal,Legal - Immigration Law,11 - 20 years,Seattle,WA,45000.0
Legal Secretary,Entertainment Law,11 - 20 years,Los Angeles,CA,70000.0
Principal Software Engineer,Software,11 - 20 years,San Francisco,CA,165000.0
Manager,State Government,11 - 20 years,Austin,TX,125000.0
Senior Manager,Public Accounting,11 - 20 years,New York,NY,166000.0
Director,Technology,11 - 20 years,Chicago,IL,105000.0
Director of Software Engineering for Marketing,Higher Education,8 - 10 years,New York,NY,150000.0
Collection Services Administrator,Education,21 - 30 years,New York,NY,62678.0
Analyst,Finance,1 year or less,New York,NY,85000.0
Analyst,Finance,1 year or less,New York,NY,85000.0
Program Analyst,Federal Government,2 - 4 years,Washington,DC,83000.0
Software Engineer,Technology,1 year or less,Boston,MA,105000.0
Design Strategist/UX Researcher,Design Consulting,21 - 30 years,Philadelphia,PA,165000.0
Psychotherapist,Psychology,11 - 20 years,Seattle,WA,74000.0
"Associate Director, Business Development",Advertising & Communications,11 - 20 years,Chicago,IL,110000.0
Producer for Special Projects,Education,11 - 20 years,Boston,MA,70000.0
Executive Director,Nonprofit,21 - 30 years,Washington,DC,100000.0
Software Engineer,Finance,11 - 20 years,Minneapolis,MN,110000.0
Attorney,Legal,11 - 20 years,Washington,DC,151633.0
Software Engineer,Telecom,21 - 30 years,Austin,TX,101000.0
Hardware Engineer,Manufacturing,2 - 4 years,San Francisco,CA,85000.0
Senior DevOps Engineer,Software,5 - 7 years,Chicago,IL,138400.0
Associate Dev. Director,Nonprofit social services,11 - 20 years,Denver,CO,37440.0
Training Coordinator,Nonprofit,5 - 7 years,San Francisco,CA,65000.0
"Vice President, Talent Acquisition",Education Non-profit,11 - 20 years,Boston,MA,117000.0
Analytics Consultant,Health Insurance,2 - 4 years,Chicago,IL,66000.0
Copy Chief,Media,8 - 10 years,New York,NY,103000.0
Business Analyst,IT,5 - 7 years,Minneapolis,MN,54164.0
Associate,Legal,5 - 7 years,Austin,TX,120000.0
Director,Transit,11 - 20 years,New York,NY,148000.0
Managing Editor,Book publishing,21 - 30 years,Boston,MA,69943.0
Police Officer,Law Enforcement,2 - 4 years,Houston,TX,70000.0
System Administrator,Education,31 - 40 years,Atlanta,GA,60000.0
Community Relations Coordinator,Local Government,21 - 30 years,Atlanta,GA,61000.0
Graphic Artist,Entertainment,5 - 7 years,Los Angeles,CA,140000.0
Project manager of store planning,Retail,11 - 20 years,New York,NY,92000.0
Data Scientist,Higher Education,8 - 10 years,New York,NY,74000.0
Project manager of store planning,Retail,11 - 20 years,New York,NY,92000.0
Data Scientist,Higher Education,8 - 10 years,New York,NY,74000.0
Manager,IT Consulting,11 - 20 years,Seattle,WA,82500.0
Software Engineer,Technology,2 - 4 years,Seattle,WA,130000.0
Security Compliance Manager,Tech,2 - 4 years,San Francisco,CA,130000.0
Chief of Staff,Education,11 - 20 years,Portland,OR,75500.0
Program Director for Strategic Engagement,Public Policy,8 - 10 years,Washington,DC,72500.0
Graphic Designer,Consulting,11 - 20 years,Boston,MA,62000.0
Sales Operations Specialist,IT Sales,11 - 20 years,Minneapolis,MN,100000.0
Associate Producer,Podcasting,2 - 4 years,New York,NY,43000.0
Inside Sales Rep,SaaS,11 - 20 years,Austin,TX,53000.0
Recruiter,Tech,8 - 10 years,San Francisco,CA,155000.0
Postdoctoral Fellow,Academia,5 - 7 years,Houston,TX,52000.0
Patent Attorney,Pharmaceutical,5 - 7 years,Boston,MA,210000.0
Grant Specialist,Nonprofit (Human Services),5 - 7 years,Pittsburgh,PA,42000.0
senior aviation project manager,Civil Engineering,11 - 20 years,Dallas,TX,103000.0
Project Manager,Commercial Real Estate,11 - 20 years,New York,NY,111000.0
Director of Litigation,Non-profit law,11 - 20 years,New York,NY,138369.0
Operations Associate,Nonprofit,2 - 4 years,New York,NY,58500.0
Manager of Career Development,Higher Education,11 - 20 years,Boston,MA,87000.0
Marketing Representative,Manufacturing Distribution,2 - 4 years,Minneapolis,MN,46000.0
Graphic Designer,Creative services,2 - 4 years,Dallas,TX,39000.0
Elevator  mechanic,Elevator,2 - 4 years,New York,NY,110000.0
Software Engineer,Arts Non Profit,8 - 10 years,New York,NY,75000.0
Project Engineer,Structural Engineering,1 year or less,Seattle,WA,56000.0
Regional Sales Manager,Logistics,11 - 20 years,Atlanta,GA,120000.0
Data Analyst,Technology,2 - 4 years,Seattle,WA,100000.0
Executive Editor,Publishing,11 - 20 years,New York,NY,107500.0
Senior Software Engineer,Tourism,11 - 20 years,New York,NY,128000.0
Marketing Coordinator,Real Estate,8 - 10 years,Seattle,WA,70000.0
Vice President,Architecture and Planning,21 - 30 years,Atlanta,GA,92000.0
Designer,Design/Manufacturing,21 - 30 years,New York,NY,65000.0
Senior Systems Analyst,Higher Education,21 - 30 years,New York,NY,105000.0
Graduate Student,Student,5 - 7 years,San Diego,CA,35000.0
Bankruptcy Specialist,Government,11 - 20 years,New York,NY,92000.0
Data Analyst,Test & Measurement,11 - 20 years,Austin,TX,65000.0
CFO,Real Estate,8 - 10 years,New York,NY,155000.0
Financial Analyst,Construction and engineering,2 - 4 years,Dallas,TX,67670.0
CFO,Real Estate,8 - 10 years,New York,NY,155000.0
Financial Analyst,Construction and engineering,2 - 4 years,Dallas,TX,67670.0
Energy Engineer,Facilities Operations,21 - 30 years,Denver,CO,125000.0
Associate,Legal,5 - 7 years,New York,NY,270000.0
Recruiter,Facilities,8 - 10 years,Chicago,IL,76000.0
Data Scientist,Consulting / Tech,2 - 4 years,Portland,OR,100000.0
Major Gifts Officer,Nonprofit,11 - 20 years,New York,NY,120000.0
Principal Software Engineer,Hi tech,21 - 30 years,Boston,MA,145000.0
Associate Creative Director,Advertising,11 - 20 years,San Francisco,CA,150000.0
Team Lead,Software,11 - 20 years,Austin,TX,198000.0
Managing Director,Banking,21 - 30 years,New York,NY,300000.0
High school English teacher,Education,11 - 20 years,Denver,CO,53000.0
Associate Creative Director,Advertising,11 - 20 years,San Francisco,CA,150000.0
Managing Director,Banking,21 - 30 years,New York,NY,300000.0
Family Advocate,Social Services/County Government,5 - 7 years,Houston,TX,50000.0
"Director, Internal Audit and Compliance",Real Estate,11 - 20 years,Denver,CO,141000.0
VP of Marketing,Technology,8 - 10 years,Washington,DC,130000.0
Editor,Tech,2 - 4 years,San Francisco,CA,131000.0
Library Assistant,Public Library Special Collection,8 - 10 years,Denver,CO,19000.0
Research Associate,Biotech,5 - 7 years,Boston,MA,84000.0
Senior Manager,Banking,8 - 10 years,Chicago,IL,125000.0
Chief Engineer,Commercial and Industrial Goods,11 - 20 years,Dallas,TX,133000.0
Associate Director,Nonprofit,8 - 10 years,Atlanta,GA,72000.0
Marketing,Software,21 - 30 years,Los Angeles,CA,165000.0
Program Manager,Public Health,8 - 10 years,Atlanta,GA,77000.0
Software Engineer,Tech,5 - 7 years,St. Louis,MO,74000.0
VP Business Development,Software,21 - 30 years,Seattle,WA,275000.0
Senior Analyst,Government,8 - 10 years,Washington,DC,80000.0
Account Executive,Technology,5 - 7 years,Boston,MA,65000.0
Assistant Editor,Television,5 - 7 years,New York,NY,100000.0
Director,Technology,21 - 30 years,Chicago,IL,155000.0
Investment Officer,Finance,11 - 20 years,Washington,DC,130000.0
Executive Director of Facilities,Entertainment,21 - 30 years,Los Angeles,CA,150000.0
Flight Test Engineer,Aerospace,5 - 7 years,Seattle,WA,140000.0
Flight Test Engineer,Aerospace,5 - 7 years,Seattle,WA,140000.0
Senior Product Manager,Marketing,11 - 20 years,San Francisco,CA,90000.0
Communications Specialist,Public Relations,2 - 4 years,Washington,DC,48000.0
Production Manager,Theatre,21 - 30 years,New York,NY,83500.0
Digital Marketing Specialist,Technology,8 - 10 years,Los Angeles,CA,65000.0
HR Project Associate,Nonprofit,5 - 7 years,Seattle,WA,55000.0
Director,Marketing,21 - 30 years,San Diego,CA,180000.0
Senior QA,IT,8 - 10 years,Austin,TX,100000.0
Video Editor,Film and Television,11 - 20 years,Los Angeles,CA,55000.0
Senior Manager,Contracting,8 - 10 years,Washington,DC,160000.0
Video Editor,Film and Television,11 - 20 years,Los Angeles,CA,55000.0
Senior Manager,Social Services,21 - 30 years,Los Angeles,CA,90000.0
SysAdmin,Government,11 - 20 years,San Francisco,CA,98000.0
CFO,Manufacturing,31 - 40 years,New York,NY,270000.0
Banquet captain,Hospitality,21 - 30 years,Los Angeles,CA,99000.0
Financial Accountant/Analyst,Agricultural Chemical Services,8 - 10 years,St. Louis,MO,75000.0
Assistant Director of Alumni Relations,Higher Education,8 - 10 years,Minneapolis,MN,46000.0
Banquet captain,Hospitality,21 - 30 years,Los Angeles,CA,99000.0
Procurement director,Consumer Packaged Goods,21 - 30 years,Atlanta,GA,175000.0
Chief Product Officer,b2b SaaS software,11 - 20 years,Boston,MA,210000.0
Development Administrative Assistant,Real Estate Development,5 - 7 years,Washington,DC,45000.0
Research Analyst,Higher Education,8 - 10 years,Houston,TX,67000.0
Software Engineer,Healthcare Tech,2 - 4 years,Philadelphia,PA,110000.0
Project Manager,Consulting,8 - 10 years,New York,NY,300000.0
Intellectual Property Counsel,Technology,11 - 20 years,Atlanta,GA,185000.0
Data Analyst,Procurement,5 - 7 years,Boston,MA,75000.0
Strategy Director,Advertising,8 - 10 years,New York,NY,125000.0
Project Director,Marketing,11 - 20 years,Chicago,IL,98000.0
Editor,Journalism,21 - 30 years,New York,NY,180000.0
CFO,Fintech,8 - 10 years,San Francisco,CA,150000.0
Analyst,Healthcare IT,11 - 20 years,Los Angeles,CA,130000.0
Art Teacher,Education,5 - 7 years,Philadelphia,PA,54064.0
Business Analyst,Analytics,2 - 4 years,Atlanta,GA,75000.0
Manager of store planning,Retail,11 - 20 years,New York,NY,92000.0
Assistant Director of Communications,Higher Education,11 - 20 years,Boston,MA,69900.0
Senior Digital Marketing Strategist,Financial Services,11 - 20 years,Chicago,IL,115000.0
Director of Product,Software,11 - 20 years,Austin,TX,189000.0
Research Technician,Biology - Academia,2 - 4 years,Pittsburgh,PA,28896.0
Service Desk Manager,Information Technology,11 - 20 years,Portland,OR,71500.0
Teacher,Education,5 - 7 years,Atlanta,GA,50000.0
Account Executive,Tech,11 - 20 years,San Francisco,CA,290000.0
"Director, Strat & Biz Dev",Telecommunications,21 - 30 years,Dallas,TX,270000.0
Associate Creative Director,Advertising,11 - 20 years,San Francisco,CA,150000.0
Strategist,Web Technology,5 - 7 years,Chicago,IL,80000.0
Director of Recruiting,Legal,21 - 30 years,San Francisco,CA,225000.0
Researcher,Tech,5 - 7 years,New York,NY,110000.0
Head of Talent Acquisition,Technology - Software,11 - 20 years,Boston,MA,120000.0
Director of Operations,Healthcare Tech,2 - 4 years,San Francisco,CA,125000.0
Lease Administrator,Real Estate,2 - 4 years,Denver,CO,61000.0
Senior Account Manager,Insurance,11 - 20 years,San Francisco,CA,97650.0
multiplatform editor,Journalism,5 - 7 years,Washington,DC,68000.0
Accounting Assistant,Real Estate,2 - 4 years,Dallas,TX,39000.0
Senior Marketing Manager,Retail,8 - 10 years,Dallas,TX,117000.0
Market Intelligence Manager,Tech,8 - 10 years,Chicago,IL,142000.0
Curator,Art/Design,2 - 4 years,New York,NY,55000.0
Curator,Art/Design,2 - 4 years,New York,NY,55000.0
Senior Pharmacy technician,Pharmacy,11 - 20 years,Chicago,IL,52000.0
Director Supply Chain,Consumer Electronics,11 - 20 years,San Francisco,CA,215000.0
Administrative Assistant,Local Government,31 - 40 years,San Francisco,CA,63102.0
Curator / Project Manager,Hospitality Design / Art,5 - 7 years,New York,NY,60000.0
Sourcer,Tech,11 - 20 years,Chicago,IL,125000.0
Revenue Operations Architect,Software,8 - 10 years,San Francisco,CA,145000.0
Assistant Professor,Academia - Public Health,21 - 30 years,Houston,TX,93000.0
Product Manager,Ecommerce,5 - 7 years,Austin,TX,120000.0
Software Engineer,Finance,11 - 20 years,Chicago,IL,118500.0
Software Engineer,Tech,2 - 4 years,San Francisco,CA,125000.0
Archivist,"GLAM (gallery, library, archives, museum)",2 - 4 years,Chicago,IL,38000.0
Vice President Creative Director,Marketing,21 - 30 years,New York,NY,200000.0
Lead Systems Administrator,Information Technology,8 - 10 years,Austin,TX,92000.0
Technology Manager,Federal Consulting,11 - 20 years,Washington,DC,160000.0
Information Security Analyst,Financial Services,8 - 10 years,Phoenix,AZ,65200.0
Librarian,Public Libraries,5 - 7 years,Washington,DC,65000.0
Software Engineer,Manufacturing,5 - 7 years,Minneapolis,MN,111000.0
Sales,Medical Devices,8 - 10 years,Seattle,WA,205000.0
Research Analyst,Consulting,5 - 7 years,New York,NY,90000.0
Marketing Specialist,Insurance,5 - 7 years,Seattle,WA,49000.0
Principal Software Engineer,Software,11 - 20 years,Boston,MA,164000.0
Yacht broker,Yacht sales,8 - 10 years,Boston,MA,120000.0
Senior Java Developer,Finance,2 - 4 years,New York,NY,135000.0
Senior tax analyst,Retail,11 - 20 years,San Francisco,CA,101000.0
Contracts Manager,High-tech,31 - 40 years,Seattle,WA,60000.0
Product Analyst,Technology,11 - 20 years,San Francisco,CA,150000.0
Project Manager Architect,Architecture,11 - 20 years,Atlanta,GA,80000.0
NOC Engineer,IT,5 - 7 years,Chicago,IL,65000.0
Content Strategist,Marketing and Advertising,11 - 20 years,Austin,TX,106000.0
Security Officer,Security,1 year or less,Chicago,IL,25000.0
Compliance assurance,Banking,8 - 10 years,New York,NY,80000.0
Experience Designer,Software,11 - 20 years,Austin,TX,150000.0
Senior Software Engineer,Internet,8 - 10 years,San Francisco,CA,365000.0
Administrative Assistant,Nonprofit Immigration,2 - 4 years,San Francisco,CA,52000.0
Senior Software Engineer,Technology,5 - 7 years,Atlanta,GA,165000.0
Executive Assistant,Entertainment,2 - 4 years,Los Angeles,CA,45000.0
Principal Software Engineer,Software Engineering,11 - 20 years,San Diego,CA,150000.0
Senior Network Planner,Cloud,8 - 10 years,Seattle,WA,150000.0
Associate,Consulting,5 - 7 years,Washington,DC,85000.0
"Manager, Prospect Research and Management",Nonprofit,41 years or more,San Francisco,CA,85000.0
Marketing Director,Ecommerce,5 - 7 years,Portland,OR,45000.0
Associate Architect,Technology,11 - 20 years,Seattle,WA,161500.0
Contracts Coordinator - Bloomberg L.P.,Finance,2 - 4 years,New York,NY,60000.0
Senior Estimator,Construction,11 - 20 years,Chicago,IL,123000.0
Senior Estimator,Construction,11 - 20 years,Chicago,IL,123000.0
Communications Officer,Public Safety,8 - 10 years,San Diego,CA,83000.0
Director,Software,21 - 30 years,San Francisco,CA,250000.0
Vice President,Financial Services,21 - 30 years,New York,NY,220000.0
Director of Strategy,Marketing,11 - 20 years,Seattle,WA,120000.0
Account Executive,Industrial Supply,11 - 20 years,Chicago,IL,80000.0
Operations Officer,Federal Government,8 - 10 years,Washington,DC,115000.0
Mortgage loan officer,Mortgage,2 - 4 years,Los Angeles,CA,45000.0
Manager,Healthcare,5 - 7 years,Chicago,IL,138000.0
Executive Director,Higher Education,11 - 20 years,Phoenix,AZ,135500.0
Software Architect,Software Consulting,11 - 20 years,Houston,TX,182000.0
Systems Administrator,Tech,5 - 7 years,Los Angeles,CA,135000.0
CRM Technology Analyst,Education,11 - 20 years,Dallas,TX,53179.0
Software Engineer,IT,2 - 4 years,Chicago,IL,70000.0
Scientist,Pharmaceutical Industry,11 - 20 years,Boston,MA,95000.0
Data Management Director,Data solutions,11 - 20 years,Washington,DC,170000.0
Clinical Research Associate,Biomedical Research,11 - 20 years,Minneapolis,MN,90000.0
Professor,Education,21 - 30 years,Seattle,WA,75000.0
Principal Engineer,Networking,21 - 30 years,New York,NY,149010.0
Director,Nonprofit,21 - 30 years,Atlanta,GA,144000.0
VP of Finance,Bank,11 - 20 years,New York,NY,170000.0
Social Media Content Manager,Telecommunications,5 - 7 years,Denver,CO,104000.0
Senior Project Engineer,Archjitecture/Engineering/Construction,8 - 10 years,Chicago,IL,100000.0
Principal Scientist,Pharma,8 - 10 years,Boston,MA,136850.0
Instructional Support Leader,Education,11 - 20 years,Chicago,IL,111000.0
Solutions Engineer,IT,11 - 20 years,Minneapolis,MN,150000.0
Health IT supervisor,Healthcare,11 - 20 years,San Diego,CA,116000.0
Manager if Individual Giving,Nonprofit,5 - 7 years,New York,NY,77000.0
Court Clerk (Manager),Government,21 - 30 years,New York,NY,120000.0
Curator,Libraries,8 - 10 years,Philadelphia,PA,69500.0
Civil Engineer,Engineer,2 - 4 years,Dallas,TX,64800.0
Software Engineer,Tech,1 year or less,Seattle,WA,122400.0
VP of Finance,Finance,8 - 10 years,San Francisco,CA,205000.0
Senior Manager,Video Games,31 - 40 years,San Francisco,CA,320000.0
Senior Technology Support,Technology,5 - 7 years,Houston,TX,55000.0
Professor,Healthcare,5 - 7 years,Portland,OR,65000.0
Network Engineer,Higher Education,11 - 20 years,Phoenix,AZ,84000.0
Senior Functional Consultant,IT,11 - 20 years,Denver,CO,106500.0
Program Manager,Higher Education Administration,5 - 7 years,New York,NY,85000.0
Technical Product Manager,Internet Technology,2 - 4 years,Austin,TX,115200.0
Senior Counsel,NonprofitâSocial Justice organization,11 - 20 years,Washington,DC,90000.0
Senior Manager Data Strategy,Retail - Big Data,11 - 20 years,Boston,MA,145000.0
Superintendent,Construction,21 - 30 years,Los Angeles,CA,179000.0
SEO Manager,Non profit medical association,11 - 20 years,Houston,TX,83500.0
Business Analyst,Technology,21 - 30 years,Atlanta,GA,72000.0
Dog walker,Pet care,1 year or less,Chicago,IL,40000.0
Dog walker,Pet care,2 - 4 years,Chicago,IL,40000.0
Consultant,Management Consulting,5 - 7 years,Washington,DC,70000.0
Dog walker,Pet care,2 - 4 years,Chicago,IL,40000.0
Software Engineering Manager,Financial Software Services,11 - 20 years,New York,NY,350000.0
Senior pricing manager,Information Management,8 - 10 years,Boston,MA,150000.0
Director,Fundraising,11 - 20 years,Austin,TX,154000.0
Finance Analytics Manager,Insurance,11 - 20 years,Chicago,IL,99885.0
Finance Analytics Manager,Insurance,11 - 20 years,Chicago,IL,99885.0
Urban Planner,Architecture and Planning,8 - 10 years,Pittsburgh,PA,50000.0
Senior Product Manager,Tech,5 - 7 years,New York,NY,120000.0
"VP, Group Account Director",Advertising,11 - 20 years,Chicago,IL,160000.0
Senior Software Engineer,Computer Software,31 - 40 years,New York,NY,192000.0
Graphic Designer,Freelance,5 - 7 years,Los Angeles,CA,175000.0
lead systems engineer,Healthcare,31 - 40 years,Philadelphia,PA,129000.0
Senior Consultant,Pharmaceutical,2 - 4 years,Philadelphia,PA,103000.0
Senior Purchasing Manager,Food,21 - 30 years,New York,NY,130000.0
Senior Manager,Pharmaceutical,21 - 30 years,Washington,DC,137000.0
Associate,Amazon,1 year or less,Houston,TX,30000.0
Team Lead,Social Services,8 - 10 years,Chicago,IL,45000.0
Engineer,Defense,2 - 4 years,Philadelphia,PA,79000.0
Video Editor,Advertising,8 - 10 years,Los Angeles,CA,60000.0
Project Manager,Healthcare Consulting,11 - 20 years,Washington,DC,140000.0
Project Manager,Healthcare Consulting,11 - 20 years,Washington,DC,140000.0
Senior Policy Analyst,Utilities,11 - 20 years,Denver,CO,90000.0
Clinical Data Manager,Global Health,11 - 20 years,Seattle,WA,88000.0
Engineer,Tech manufacturing,11 - 20 years,Portland,OR,208000.0
Mechanical Engineer,Engineering,1 year or less,San Diego,CA,76000.0
Senior Advisor,Government consulting,31 - 40 years,Washington,DC,195000.0
Director of Operations,Association Membership,5 - 7 years,Phoenix,AZ,44000.0
Engineering Lead,Oil & Gas,11 - 20 years,Dallas,TX,225000.0
Front-End Engineer,Technology,5 - 7 years,San Francisco,CA,151000.0
Software Engineer,Software Engineering,8 - 10 years,San Francisco,CA,450000.0
Director of Business Intelligence,Software,21 - 30 years,Portland,OR,250000.0
Software Engineer,Software,21 - 30 years,Seattle,WA,152500.0
Product Marketing,High Tech,2 - 4 years,San Francisco,CA,255000.0
Registered Nurse,Healthcare,5 - 7 years,St. Louis,MO,75000.0
Channel Manager,Oil & Gas,21 - 30 years,Houston,TX,96000.0
Software Engineering Manager,Software,21 - 30 years,Seattle,WA,433000.0
Senior Engineer,Biotech,2 - 4 years,Boston,MA,120000.0
VP Marketing,Electrical Manufacturing,11 - 20 years,San Francisco,CA,130000.0
Development Manager,Real Estate,21 - 30 years,Los Angeles,CA,250000.0
Attorney,Law,8 - 10 years,Denver,CO,110000.0
Content Strategist,Associations/nonprofit,11 - 20 years,Chicago,IL,57000.0
"Director, Data Partnerships",AdTech,5 - 7 years,New York,NY,200000.0
Supply Chain Manager,Supply Chain,21 - 30 years,Pittsburgh,PA,120000.0
Analyst Application System III Programmer,Healthcare,11 - 20 years,Seattle,WA,107000.0
Senior Business Analyst,Transportation technology,31 - 40 years,Dallas,TX,124000.0
Software Engineer,Software,8 - 10 years,Seattle,WA,160000.0
Senior Technician,R&D,1 year or less,San Diego,CA,98000.0
Software Engineer,IT / Web Hosting,8 - 10 years,Los Angeles,CA,66000.0
Software Engineer,Saas software,8 - 10 years,Seattle,WA,152500.0
Counsel,Legal,11 - 20 years,Los Angeles,CA,150000.0
Director of Business Intelligence,Technology,8 - 10 years,Los Angeles,CA,160000.0
Communications Manager,Nonprofit,5 - 7 years,Los Angeles,CA,60500.0
Behavioral Health Clinician,Healthcare,8 - 10 years,San Francisco,CA,98000.0
Technical Program Manager,E-commerce technology,21 - 30 years,San Francisco,CA,250000.0
Director of Community Engagement,Social Work,11 - 20 years,St. Louis,MO,62000.0
Regulatory Analyst,Clinical Research,5 - 7 years,Seattle,WA,60000.0
Manager,Transportation,11 - 20 years,Los Angeles,CA,125000.0
Tour Guide,Food/Beverage,8 - 10 years,San Diego,CA,20000.0
Editor,Media,5 - 7 years,New York,NY,82000.0
Senior DevOps Engineer,Technology,8 - 10 years,San Francisco,CA,170000.0
Director,Television,11 - 20 years,Los Angeles,CA,300000.0
Software Engineer,Tech,5 - 7 years,New York,NY,135000.0
Community Relations Coordinator,Sports,1 year or less,Washington,DC,32500.0
Pharmacist,Military,11 - 20 years,Philadelphia,PA,160000.0
Systems consultant,Healthcare,21 - 30 years,Chicago,IL,150000.0
Financial and Academic Accountability Senior Specialist,Government - Education,8 - 10 years,Washington,DC,91720.0
COO,Tech,21 - 30 years,New York,NY,450000.0
Database Administrator,Technology,2 - 4 years,Atlanta,GA,130000.0
DBA,IT,8 - 10 years,Atlanta,GA,130000.0
Managing Partner,Information Technology,31 - 40 years,Washington,DC,147000.0
Senior Manager,Tech,21 - 30 years,New York,NY,300000.0
Principal,Consulting,21 - 30 years,San Francisco,CA,224000.0
Senior Pastor,Religious leader,8 - 10 years,Chicago,IL,98000.0
"VP, Analytics",Advertising,11 - 20 years,Minneapolis,MN,152000.0
Vice President,Education Management,11 - 20 years,Baltimore,MD,175000.0
Staff Assistant,Government Relations,5 - 7 years,Washington,DC,44000.0
Asst Music Director,Church ministry,41 years or more,Chicago,IL,34000.0
Service Delivery Manager,IT,31 - 40 years,Dallas,TX,66000.0
Analytics Managee,Building materials,8 - 10 years,Chicago,IL,160000.0
Marketing Manager,Home improvement,5 - 7 years,New York,NY,72000.0
Senior Consultant,Consulting,8 - 10 years,Washington,DC,152000.0
Family Physician/Research/Teaching,Medicine,8 - 10 years,Philadelphia,PA,150000.0
Facilities Manager,Fiancial institution,11 - 20 years,Houston,TX,105000.0
Principal Software Engineer,Aerospace,31 - 40 years,New York,NY,205500.0
COO,Pharmaceutical,21 - 30 years,Boston,MA,350000.0
Journalist,Publishing,41 years or more,Austin,TX,68000.0
Senior Manager,Management Consulting,11 - 20 years,Atlanta,GA,155000.0
Associate Attorney,Law,5 - 7 years,Los Angeles,CA,95000.0
Manager of Quality,Health Care Administration,5 - 7 years,Washington,DC,80000.0
Project Manager,Market Research,5 - 7 years,Chicago,IL,72000.0
Network Engineer,IT,5 - 7 years,Baltimore,MD,85000.0
VP Business Development,Entertainment,21 - 30 years,Los Angeles,CA,250000.0
Supervisor,edivatiom3,21 - 30 years,Boston,MA,110000.0
Urgent Care Physician,Healthcare,31 - 40 years,New York,NY,290000.0
Associate Program Officer,Health Policy,11 - 20 years,Washington,DC,71000.0
Agile Project Lead,Healthcare,11 - 20 years,Boston,MA,135000.0
General Manager,Retail,8 - 10 years,New York,NY,68000.0
Senior Associate,Consulting,5 - 7 years,Boston,MA,92000.0
Medical Device Territory Sales Manager,Medical Device- Orthopedic Extremities,8 - 10 years,Boston,MA,230000.0
Senior business analyst,Software,21 - 30 years,Boston,MA,139000.0
Manager,Public accounting: Tax,8 - 10 years,Dallas,TX,90000.0
Account Executive,Building efficiency,5 - 7 years,Seattle,WA,93500.0
Marketing Specialist,Nonprofit,2 - 4 years,Washington,DC,57000.0
Senior Manager,Technology/online retail,11 - 20 years,Boston,MA,111000.0
Product Owner,Consulting,11 - 20 years,Pittsburgh,PA,120000.0
Communications and Policy Manager,Government Affairs,5 - 7 years,Washington,DC,89000.0
Business Development,Construction,8 - 10 years,New York,NY,190000.0
Center Director,Education ESL,21 - 30 years,San Diego,CA,85000.0
Security Consultant,Healthcare IT,31 - 40 years,Denver,CO,164000.0
Event Manager,Events,21 - 30 years,Seattle,WA,85000.0
Location manager,Motion Pictures,31 - 40 years,Seattle,WA,125000.0
"Director, Engagement",Digital Media,21 - 30 years,New York,NY,179000.0
Senior Graphic Designer,Commercial Real Estate,5 - 7 years,Phoenix,AZ,66000.0
Health Benefits Specialist,Consulting,2 - 4 years,New York,NY,75000.0
Senior Director,Packaging,21 - 30 years,Denver,CO,185000.0
Associate Business Analyst,IT,5 - 7 years,Philadelphia,PA,57000.0
Assistant Director,Higher Education,11 - 20 years,New York,NY,70000.0
Senior Associate,Research and Evaluation,5 - 7 years,Washington,DC,92500.0
Senior Supply Chain Manager,Medical Devices,11 - 20 years,Denver,CO,130000.0
Political reporter,Journalism,2 - 4 years,Phoenix,AZ,22880.0
Senior comms specialist,Technology,21 - 30 years,Denver,CO,95000.0
Supervisor,Public Health,21 - 30 years,Phoenix,AZ,65000.0
Attorney,Legal,11 - 20 years,Philadelphia,PA,113548.0
Director of Development,Arts,8 - 10 years,Washington,DC,80000.0
Data Analyst,Higher Education,8 - 10 years,Minneapolis,MN,70000.0
Senior Legal Consultant,Transportation,8 - 10 years,Washington,DC,146000.0
Scientist,Pharmaceutical,11 - 20 years,Los Angeles,CA,115000.0
Senior Consultant,Consulting,5 - 7 years,Boston,MA,104000.0
Consultant,Consulting,8 - 10 years,Chicago,IL,125000.0
COO,Government Relations,11 - 20 years,Washington,DC,300000.0
Principal Analyst,Government,5 - 7 years,Washington,DC,119000.0
Personal Lines Underwriter,Insurance,2 - 4 years,Dallas,TX,52500.0
Chief Information Officer (Agency-level),State Government,21 - 30 years,Portland,OR,89000.0
Senior Project Manager,Tech,11 - 20 years,Seattle,WA,135000.0
Chief Operating Officer,Cyber Security,21 - 30 years,New York,NY,150000.0
Software Engineer,Publishing,1 year or less,Washington,DC,83121.0
Manager,R&D,11 - 20 years,Los Angeles,CA,80000.0
General Manager,Restaurant,8 - 10 years,Denver,CO,60000.0
Commercial Coordinator,Energy,11 - 20 years,Houston,TX,181000.0
Associate,Consulting,8 - 10 years,Seattle,WA,63684.0
Human Resources Generalist,Nonprofit,5 - 7 years,Boston,MA,50000.0
Project Engineer,Engineering Services,2 - 4 years,Minneapolis,MN,83000.0
Research Manager,Energy (nonprofit),8 - 10 years,Chicago,IL,72000.0
SVP Product,SaaS,11 - 20 years,Austin,TX,190000.0
Director Continuous Improvement,Manufacturing,11 - 20 years,St. Louis,MO,207000.0
Head of Recruiting,Tech,11 - 20 years,Boston,MA,350000.0
Principal Consultant,Management Consulting,11 - 20 years,Seattle,WA,185000.0
E-commerce manager,Hospitality,8 - 10 years,Dallas,TX,85000.0
Senior Editor,Marketing,5 - 7 years,New York,NY,80000.0
Associate,Law Firm,2 - 4 years,New York,NY,190000.0
Account Manager,Technology,5 - 7 years,New York,NY,140000.0
Accounts Payable Clerk,Construction,2 - 4 years,Los Angeles,CA,35000.0
Law Clerk,Judiciary,2 - 4 years,Washington,DC,90000.0
Senior Assistant to Management,Financial Services,8 - 10 years,Boston,MA,112000.0
Senior Manager,Consulting,11 - 20 years,Atlanta,GA,283000.0
IT Manager,Industrial,11 - 20 years,Phoenix,AZ,132000.0
Social Strategy Manager,Marketing,8 - 10 years,Chicago,IL,88000.0
Senior SDET,Technology,11 - 20 years,Denver,CO,130000.0
Epidemiologist,Public Health,11 - 20 years,Atlanta,GA,105000.0
Senior Manager,Nonprofit,11 - 20 years,Seattle,WA,70000.0
HRIS Senior Manager,Public Relations,8 - 10 years,New York,NY,110000.0
Patient Service Coordinator,Front Desk,2 - 4 years,New York,NY,37000.0
Grants Manager,Nonpr ofit,11 - 20 years,Atlanta,GA,88000.0
Financial Analyst,Government Contracting,8 - 10 years,Washington,DC,105000.0
Social Media Manager,Healthcare,5 - 7 years,Denver,CO,58240.0
Training and Technical Assistance Manager,Healthcare non-profit,5 - 7 years,Denver,CO,51000.0
Producer,Audio Visual,21 - 30 years,New York,NY,185000.0
Paralegal,Legal,2 - 4 years,Austin,TX,45000.0
Individual Giving Coordinator,Non-profit arts,2 - 4 years,Los Angeles,CA,50000.0
SEO Analyst,Marketing,2 - 4 years,Minneapolis,MN,60000.0
Graduate Program Coordinator,Higher Education,5 - 7 years,Minneapolis,MN,45100.0
Business Systems Analyst,Software Consulting,31 - 40 years,Seattle,WA,110000.0
Senior Business Continuity Analyst,Finance,8 - 10 years,Boston,MA,116500.0
Software Engineer,Software,5 - 7 years,Seattle,WA,125000.0
Program Director,Non profit - Day program for I/DD,5 - 7 years,Los Angeles,CA,49920.0
Internal Audit Senior,Internal Audit,5 - 7 years,Chicago,IL,89000.0
Epidemiology research assistant,Occupational Safety and Health,2 - 4 years,Denver,CO,56500.0
Partner,Venture Capital,11 - 20 years,San Francisco,CA,330000.0
web and graphic designer,Insurance,5 - 7 years,Minneapolis,MN,60000.0
Principal,Accounting,21 - 30 years,San Francisco,CA,200000.0
Electrical Engineer,Telecommunications,21 - 30 years,Austin,TX,135000.0
Project Engineer,Engineering Consulting,8 - 10 years,Phoenix,AZ,91000.0
Physician,Medicine,11 - 20 years,Seattle,WA,235000.0
Executive Assistant to the President,Nonprofit,31 - 40 years,New York,NY,83232.0
Payroll Manager,Movie exhibitor,21 - 30 years,Los Angeles,CA,75000.0
associate director of programming,Non-Profit Performing Arts,11 - 20 years,New York,NY,74000.0
Director,Higher Education,31 - 40 years,New York,NY,156000.0
CFO,Nonprofit,21 - 30 years,Washington,DC,152000.0
Department Head,Libraries,11 - 20 years,Chicago,IL,56000.0
Planning Manager,Education,8 - 10 years,Denver,CO,85000.0
Director of Regulatory Affairs,Healthcare,8 - 10 years,Washington,DC,127500.0
Director,Healthcare,5 - 7 years,St. Louis,MO,102000.0
Software Engineer,Technology,1 year or less,Boston,MA,110000.0
Senior Systems Engineer,IT,11 - 20 years,Houston,TX,117000.0
Senior Manager,Digital Media,8 - 10 years,Los Angeles,CA,100000.0
VP,Health & Wellness,21 - 30 years,San Diego,CA,130000.0
Payroll Specialist,Government,21 - 30 years,Denver,CO,56167.0
Full Time Faculty,Higher Education,21 - 30 years,Phoenix,AZ,65000.0
Production Scheduler,Manufacturing,2 - 4 years,Atlanta,GA,50000.0
Product Manager,Tech,8 - 10 years,Los Angeles,CA,125000.0
Analyst,Real Estate,1 year or less,Chicago,IL,100000.0
Director of Learning Design,Higher Education,2 - 4 years,St. Louis,MO,78000.0
Managing Editor,news media,8 - 10 years,New York,NY,120000.0
Director,Nonprofit,11 - 20 years,New York,NY,82000.0
Assistant Editor,Media,2 - 4 years,New York,NY,56000.0
Senior Cybersecurity Architect,Cyber Security,11 - 20 years,Washington,DC,195000.0
VFX Editor,Film,11 - 20 years,Los Angeles,CA,210000.0
Graphic Designer,Automotive,2 - 4 years,Washington,DC,50000.0
Principal Enterprise Architect,Transportation,21 - 30 years,Portland,OR,166000.0
Supervisor,Government,21 - 30 years,New York,NY,78000.0
Interior Designer,Design,8 - 10 years,Boston,MA,71000.0
Editor,Media,11 - 20 years,Washington,DC,110000.0
Associate,Management Consulting,8 - 10 years,New York,NY,138000.0
Civil Engineer,Government,2 - 4 years,Pittsburgh,PA,66000.0
Software Engineer,Financial Technology,2 - 4 years,San Diego,CA,75000.0
Staff Physicist,Defense,11 - 20 years,Baltimore,MD,185000.0
Acquisition Marketing Manager,Tech,5 - 7 years,New York,NY,150000.0
Cyber Security Analyst,Energy,5 - 7 years,St. Louis,MO,84400.0
IT Auditor,Oil and Gas,2 - 4 years,Houston,TX,94000.0
Optometrist,Healthcare,11 - 20 years,Portland,OR,150000.0
Senior Security Engineer,Security,5 - 7 years,Portland,OR,140000.0
Analyst,Retail,11 - 20 years,Houston,TX,112000.0
Analyst,Retail,11 - 20 years,Houston,TX,112000.0
Strategy Manager,Tech,5 - 7 years,New York,NY,140000.0
Senior Attorney,Legal,11 - 20 years,New York,NY,218000.0
Corporate Partnerships Manager,Fundraising,5 - 7 years,New York,NY,60000.0
Senior Accountant,Nonprofit,21 - 30 years,Seattle,WA,70000.0
Data Analyst,Tech/Consulting,2 - 4 years,Boston,MA,80000.0
Project Manager,IT,8 - 10 years,Atlanta,GA,110000.0
Managing Director,Marketing,21 - 30 years,New York,NY,240000.0
Mechanical Engineer,Green Energy,5 - 7 years,San Francisco,CA,140000.0
Marketing Manager,Advertising,2 - 4 years,New York,NY,65000.0
Executive Director,Finance,21 - 30 years,New York,NY,235000.0
RN,Healthcare,8 - 10 years,Seattle,WA,87000.0
Research Fellow,Coatings,31 - 40 years,Philadelphia,PA,185000.0
3D Artist,CG,21 - 30 years,Los Angeles,CA,130000.0
Lead Engineer,Engineering,21 - 30 years,Dallas,TX,125000.0
Registered Nurse,Healthcare,8 - 10 years,Chicago,IL,72000.0
Product Manager,Technology,11 - 20 years,Boston,MA,131500.0
Copywriter,Startup,2 - 4 years,Los Angeles,CA,55000.0
Senior sales operations analyst,Digital Advertising,8 - 10 years,New York,NY,155000.0
Senior Consulting,Consulting,5 - 7 years,Washington,DC,100000.0
Senior Accounting Manager,Energy,11 - 20 years,Pittsburgh,PA,145000.0
Software Engineer,Transportation,2 - 4 years,Portland,OR,100000.0
Robotics Engineer,Aerospace,2 - 4 years,Pittsburgh,PA,82500.0
Robotics Engineer,Aerospace,2 - 4 years,Pittsburgh,PA,82500.0
System administrator / analyst,High tech service,11 - 20 years,Portland,OR,100000.0
Senior Manager,Financial Services,11 - 20 years,Chicago,IL,151000.0
Senior Manager,Financial Services,11 - 20 years,Chicago,IL,151000.0
Customs Broker,Freight Forwarding,21 - 30 years,Chicago,IL,42800.0
Owner,Service,5 - 7 years,Portland,OR,78000.0
Customer Service Manager,Consumer Packaged Goods,21 - 30 years,Los Angeles,CA,75000.0
Engineering Manager,Technology,8 - 10 years,San Francisco,CA,215000.0
Software Engineer,Technology,11 - 20 years,San Francisco,CA,140000.0
Technical Director,Entertainment,5 - 7 years,Los Angeles,CA,60000.0
Product design,Finance,8 - 10 years,New York,NY,120000.0
Health Coach,Health,11 - 20 years,Houston,TX,44000.0
Software Engineer,Tech,1 year or less,San Francisco,CA,210000.0
Analyst,Federal Government,2 - 4 years,Washington,DC,93000.0
Membership Manager,Association,2 - 4 years,Washington,DC,46000.0
Program Manager,Nonprofit,5 - 7 years,Baltimore,MD,59700.0
Software Quality Manager,Software,21 - 30 years,Boston,MA,130000.0
Senior Administrative Associate,Healthcare/Nonprofits,8 - 10 years,Boston,MA,46000.0
Senior data software engineer,Software,21 - 30 years,Atlanta,GA,170559.0
Software Engineering Manager,Consumer Electronics,21 - 30 years,Boston,MA,168300.0
Junior Copywriter,Advertising,1 year or less,New York,NY,60000.0
Business Development Manager,Advertising,8 - 10 years,San Diego,CA,110000.0
People analytics consultant,Consulting,5 - 7 years,Minneapolis,MN,85750.0
Business Development Manager,Advertising Technology,5 - 7 years,Boston,MA,95600.0
Senior Financial Analyst,Human Resources,2 - 4 years,Atlanta,GA,86000.0
Operations Assistant,Financial - investments,5 - 7 years,Baltimore,MD,35000.0
Senior Analyst,Political Consulting,8 - 10 years,Washington,DC,50000.0
Director of Early Intervention,early intervention pediatric therapy,21 - 30 years,Los Angeles,CA,96000.0
Counsel,Federal Government,8 - 10 years,Washington,DC,110000.0
Resource Development Coordinator,Nonprofit,5 - 7 years,New York,NY,52500.0
IT Manager,Technology,8 - 10 years,Denver,CO,75000.0
Vice President,Financial Services,11 - 20 years,Los Angeles,CA,149000.0
Operations Research Analyst,Government Contractor,11 - 20 years,Washington,DC,145000.0
Business Analyst,Government consulting,2 - 4 years,Washington,DC,72000.0
Development Specialist,Nonprofit,8 - 10 years,Washington,DC,62400.0
Reporter,Media,21 - 30 years,Washington,DC,90000.0
Coordinator,Human Services,5 - 7 years,New York,NY,51800.0
Coordinator,Human Services,5 - 7 years,New York,NY,51800.0
Coordinator,Human Services,5 - 7 years,New York,NY,51800.0
Underwriter,Insurance,11 - 20 years,Washington,DC,120000.0
"Director, International",Retail,11 - 20 years,New York,NY,135000.0
Contractor,Software Development,8 - 10 years,Dallas,TX,220000.0
Sales & Marketing Assistant,Marketing & Advertising,2 - 4 years,New York,NY,50000.0
Support Specialist,POS Technology,2 - 4 years,Seattle,WA,40000.0
Librarian,Academic Library,8 - 10 years,Atlanta,GA,55000.0
Senior Account Executive,Software,21 - 30 years,Atlanta,GA,150000.0
Tax Manager,Public Accounting,5 - 7 years,San Francisco,CA,125000.0
Owner,Technology,31 - 40 years,Dallas,TX,120000.0
Business Systems Analyst,Technology,2 - 4 years,St. Louis,MO,64819.0
Support Associate,Nonprofit,2 - 4 years,Washington,DC,55000.0
National Business Development Coordinator,Real Estate,2 - 4 years,Chicago,IL,55000.0
Technical Project Manager,IT,5 - 7 years,Los Angeles,CA,90000.0
Customer Service Supervisor,Pharmaceutical,8 - 10 years,Baltimore,MD,48000.0
Network Admin,Government,5 - 7 years,Portland,ME,62000.0
Director of Engineering,Ecommerce,11 - 20 years,Los Angeles,CA,175000.0
Digital Marketing Manager,Chemical,11 - 20 years,Philadelphia,PA,115000.0
Deployment Specialist,Consulting,2 - 4 years,Chicago,IL,60000.0
Category Manager,Transportation,8 - 10 years,Dallas,TX,106600.0
Software Engineer,Technology,5 - 7 years,Pittsburgh,PA,145000.0
Project Architect,Design,8 - 10 years,Philadelphia,PA,78000.0
Principal Mechanical Engineer,Consumer product design,8 - 10 years,San Francisco,CA,148000.0
Senior Advisor Associate,Financial Planning / Services,5 - 7 years,New York,NY,90000.0
Architectural Designer,Architecture,5 - 7 years,Baltimore,MD,60000.0
SVP Operations,Book publishing,21 - 30 years,New York,NY,210000.0
Senior Financial Analyst,Finance,5 - 7 years,Chicago,IL,100000.0
Financial planner,Wealth Management,21 - 30 years,Los Angeles,CA,65970.0
Producer,Advertising,5 - 7 years,Los Angeles,CA,103000.0
Continuous Improvement Leader,Manufacturing,1 year or less,Chicago,IL,61800.0
Software Engineer,Media,5 - 7 years,New York,NY,175000.0
Learning Technology Specialist,Organizational development and training,5 - 7 years,Washington,DC,86000.0
System Engineer,Technology,21 - 30 years,Seattle,WA,127000.0
Senior Associate,Real Estate,5 - 7 years,Denver,CO,70000.0
Executive Assistant,Government,2 - 4 years,Washington,DC,45000.0
Financial planner,Wealth Management,2 - 4 years,Houston,TX,90000.0
Director of Communications,Nonprofit,8 - 10 years,Washington,DC,110000.0
Director of HR,Non-profit arts,11 - 20 years,Washington,DC,92000.0
Archivist,Museum Archive,5 - 7 years,Washington,DC,56000.0
Marketing Specialist,Marketing,2 - 4 years,Chicago,IL,45000.0
Software Engineer,Technology,11 - 20 years,Portland,OR,122000.0
Associate Program Officer,Nonprofit,5 - 7 years,New York,NY,48500.0
Partner Marketing Manager,SaaS,2 - 4 years,Portland,OR,53000.0
Aide,Journalism,2 - 4 years,New York,NY,39000.0
Data Analyst,Tech,2 - 4 years,New York,NY,82500.0
Wealth Manager,Finance,8 - 10 years,Los Angeles,CA,200000.0
Software Engineer,Tech/ fintech,2 - 4 years,San Francisco,CA,140000.0
Quality Assurance Engineer,Pharmaceutical,5 - 7 years,Minneapolis,MN,85000.0
Director Transformation,Healthcare,11 - 20 years,Denver,CO,140000.0
Customer Support Technician,Technology,2 - 4 years,Atlanta,GA,37500.0
Program Director,Nonprofit (Foundation),5 - 7 years,Denver,CO,80000.0
Tax Manager,Tech,8 - 10 years,Portland,OR,120000.0
Account Director,Public Relations,11 - 20 years,San Francisco,CA,140000.0
Risk Analyst,Finance,1 year or less,New York,NY,70000.0
Research Assistant,Academic Research,1 year or less,Chicago,IL,24000.0
Senior Manufacturing Test Engineer,Consumer Electronics,11 - 20 years,San Francisco,CA,198000.0
Investment Analyst,Finance,2 - 4 years,New York,NY,120000.0
Data Scientist,Defense Contracting,2 - 4 years,New York,NY,117000.0
Head of Science Department,Government,41 years or more,Washington,DC,150000.0
Manufacturing Planning Manager,Technology,21 - 30 years,Portland,OR,190000.0
Sales Account Executive,"Entertainment, Post Production",8 - 10 years,New York,NY,56000.0
Director of Client Services,Financial Services,8 - 10 years,San Francisco,CA,140000.0
Asset Management,Real Estate,8 - 10 years,Portland,OR,58000.0
Senior Technical Trainer,Non-profit; financial services regulation,11 - 20 years,Washington,DC,108000.0
Operations Manager,eClinical Software,11 - 20 years,Philadelphia,PA,90000.0
Event Coordinator,Event Planning,8 - 10 years,San Diego,CA,44500.0
Project Manager,Legal,8 - 10 years,Portland,OR,92000.0
Brand designer,Marketing tech and design,8 - 10 years,Austin,TX,70000.0
Senior Business Analyst,Technology,11 - 20 years,Minneapolis,MN,65000.0
Assistant Professor,Academia,11 - 20 years,San Francisco,CA,82000.0
Campus Recruiter,Finance,5 - 7 years,New York,NY,80000.0
"Clinical Pharmacist, PBM",Healthcare,5 - 7 years,Minneapolis,MN,142000.0
Software Engineering Manager,Online Media,31 - 40 years,Chicago,IL,155000.0
Receptionist,Software,1 year or less,Atlanta,GA,33000.0
Offer Manager,IT,8 - 10 years,St. Louis,MO,110000.0
Senior Consultant,Management Consulting,5 - 7 years,Washington,DC,105000.0
Senior Data Architect,Government IT contracting,11 - 20 years,Washington,DC,170000.0
Data Science Assessment Designer,EdTech,1 year or less,New York,NY,100000.0
Communications Specialist,Aerospace,11 - 20 years,Denver,CO,106000.0
Customer Experience Product Owner,Financial Services,5 - 7 years,Minneapolis,MN,108000.0
Eligibility Specialist,Healthcare,8 - 10 years,Seattle,WA,45000.0
"Senior Manager, Advanced Analytics",Media (TV Advertising),8 - 10 years,Chicago,IL,125000.0
Senior Manager,Financial Services,11 - 20 years,Chicago,IL,151000.0
Owner,Dry Cleaning,2 - 4 years,Phoenix,AZ,35000.0
Executive,Technology,21 - 30 years,Denver,CO,175000.0
Director of Data Science,Tech,5 - 7 years,Chicago,IL,160000.0
Creative Director,Tech,11 - 20 years,New York,NY,200000.0
Advanced Analytics Analyst,Data & Technology Consulting,1 year or less,Atlanta,GA,75000.0
Buyer,Hospitality,11 - 20 years,Dallas,TX,73500.0
Senior User Experience Designer,Manufacturing/Industrial,8 - 10 years,Philadelphia,PA,110000.0
Staff Geologist,Consulting,2 - 4 years,Atlanta,GA,54000.0
campaign coordinator,Nonprofit,5 - 7 years,Boston,MA,46800.0
Engineering Technician,Fitness Technology,11 - 20 years,Atlanta,GA,43000.0
Program Management,Media,31 - 40 years,New York,NY,300000.0
Grant Writer,Nonprofit,8 - 10 years,Minneapolis,MN,52000.0
Office Coordinator,Market Research,5 - 7 years,Denver,CO,27000.0
Survey Statistician,Federal Government,8 - 10 years,Washington,DC,83400.0
Research Manager,Research,11 - 20 years,Chicago,IL,83000.0
Data Scientist,Biotech,2 - 4 years,San Francisco,CA,140000.0
Director,Nonprofit,11 - 20 years,Boston,MA,115000.0
Director of Development,Nonprofit,8 - 10 years,Minneapolis,MN,68000.0
International Benefits Manager,Semiconductor,5 - 7 years,Dallas,TX,115000.0
Director of Special Projects to a City Council Member,Government,2 - 4 years,Houston,TX,40000.0
Senior Data Scientist,Publishing,11 - 20 years,Austin,TX,105000.0
Data Engineer,Healthcare,2 - 4 years,Chicago,IL,115000.0
Clerk,Civil Service,5 - 7 years,St. Louis,MO,25714.0
Community Manager,Software,21 - 30 years,Boston,MA,104000.0
Newspaper reporter,Media,8 - 10 years,Portland,OR,52000.0
Reporter,Media,11 - 20 years,Washington,DC,108000.0
Director of Research,Real Estate,11 - 20 years,New York,NY,150000.0
Senior Communications Strategist,Non-profit/legal,8 - 10 years,Washington,DC,75000.0
QA Lead / PM,IT,21 - 30 years,Dallas,TX,120000.0
Attorney,Law,8 - 10 years,Los Angeles,CA,190000.0
Vice President,Banking,11 - 20 years,New York,NY,170000.0
Associate In-House Counsel,Real Estate,8 - 10 years,Los Angeles,CA,180000.0
Chief of Staff,Non-proft,2 - 4 years,Washington,DC,70000.0
Vice President,Real Estate (Public Sector),8 - 10 years,New York,NY,126000.0
Associate Director of Advising and Academic Services,Higher Education (Private),11 - 20 years,Los Angeles,CA,71000.0
Associate Head Swimming Coach,Education,11 - 20 years,Atlanta,GA,54320.0
Senior Product Manager,Tech,5 - 7 years,Atlanta,GA,130000.0
Tax Accountant,Higher Education,5 - 7 years,Chicago,IL,71000.0
Senior Product Manager,Software,5 - 7 years,Chicago,IL,105000.0
Associate Attorney,Law,2 - 4 years,Philadelphia,PA,120000.0
Associate,Law,5 - 7 years,Chicago,IL,220000.0
"Assistant Director, Digital Initiatives for Annual Giving",Higher Education,2 - 4 years,New York,NY,65000.0
Data Analyst,Real Estate,1 year or less,New York,NY,75000.0
Managing attorney,Tech,11 - 20 years,Dallas,TX,221000.0
Project Manager,Development & Fundraising,8 - 10 years,New York,NY,63000.0
Associate,Legal,5 - 7 years,Washington,DC,280000.0
Research officer,Non profit (community foundation),8 - 10 years,Portland,OR,60000.0
Lawyer,Legal,2 - 4 years,Los Angeles,CA,70000.0
Director of Project Management,Software,8 - 10 years,Chicago,IL,90000.0
Chief Compliance Officer,Finance,11 - 20 years,Minneapolis,MN,105000.0
Library Region Manager,Public Libraries,11 - 20 years,Phoenix,AZ,76000.0
Attorney,Law,5 - 7 years,Washington,DC,240000.0
Staff Attorney,Law,21 - 30 years,St. Louis,MO,80000.0
Senior Program Manager,Financial Technology,11 - 20 years,Dallas,TX,142000.0
Executive Director,Higher Education,11 - 20 years,Chicago,IL,150000.0
Dietitian,Healthcare,2 - 4 years,Los Angeles,CA,75000.0
Specialist,Education,5 - 7 years,Washington,DC,89000.0
International Controller,Medical Devices,11 - 20 years,Minneapolis,MN,145000.0
Senior Counsel,Legal,11 - 20 years,Chicago,IL,180250.0
Assistant Director Student Life,Higher Education,11 - 20 years,Philadelphia,PA,55000.0
Associate,Law,8 - 10 years,Boston,MA,300000.0
Director of PR,Tech,11 - 20 years,San Francisco,CA,185000.0
Accounting Manager,E-Commerce Retail,5 - 7 years,Seattle,WA,93000.0
"Director, Taxonomy",Tech,11 - 20 years,Seattle,WA,120000.0
Analyst,Government Contracting,8 - 10 years,Washington,DC,120000.0
Band Director,Education,11 - 20 years,Boston,MA,90000.0
Investment Research Analyst,Finance,2 - 4 years,New York,NY,85000.0
Solo Attorney,Legal,11 - 20 years,Austin,TX,80744.0
Partner,Law,11 - 20 years,Seattle,WA,475000.0
Finance Director,Healthcare,11 - 20 years,Los Angeles,CA,180000.0
Senior Product Manager,Media,8 - 10 years,Washington,DC,111000.0
Development Assistant,Nonprofit,5 - 7 years,Philadelphia,PA,45000.0
Designer,Design,8 - 10 years,Atlanta,GA,71000.0
Assistant Community Library Manager,Libraries,5 - 7 years,New York,NY,58657.0
Communications Director,Healthcare,11 - 20 years,Boston,MA,85000.0
Administrative Coordinator,Legal,8 - 10 years,St. Louis,MO,60000.0
Partner,Law,21 - 30 years,Dallas,TX,275000.0
"Manager, Revenue Cycle",Healthcare,11 - 20 years,New York,NY,145000.0
Associate Editor,Digital Media,2 - 4 years,New York,NY,65000.0
Associate Attorney,Law,8 - 10 years,New York,NY,340000.0
"Marketing Operations, Senior Manager",Technology,11 - 20 years,Seattle,WA,140000.0
Journeyman wireman,Electrical construction,1 year or less,Pittsburgh,PA,110450.0
Director of Corporate Communications,Communications,21 - 30 years,San Francisco,CA,180000.0
Research Librarian,Nonprofit,31 - 40 years,Washington,DC,80000.0
Staff Attorney,Law,8 - 10 years,New York,NY,80000.0
Associate Project Manager,Law/tech,11 - 20 years,Chicago,IL,65000.0
Managing Counsel,E-commerce technology,8 - 10 years,Chicago,IL,230000.0
Director of Data Science,Healthcare,8 - 10 years,Seattle,WA,240000.0
Senior Analyst,Market Research,5 - 7 years,New York,NY,100700.0
Elementary School Teacher,Education - Private School,11 - 20 years,Dallas,TX,57761.0
Physician Assistant,Healthcare,5 - 7 years,Seattle,WA,123000.0
Clinical lead,Biotech,5 - 7 years,Chicago,IL,63000.0
Attorney Supervisor,Law - Public Interest,11 - 20 years,New York,NY,108000.0
Postdoc,Science,2 - 4 years,New York,NY,62000.0
Senior Legal Counsel,Law,5 - 7 years,San Francisco,CA,218000.0
Manager of Strategic Analysis,Cultural,8 - 10 years,Philadelphia,PA,63000.0
Policy Writer,Transportation,11 - 20 years,New York,NY,110000.0
Chief Compliance Officer,Financial Services,11 - 20 years,New York,NY,195000.0
Senior,Transfer Pricing,2 - 4 years,Seattle,WA,132000.0
Pharmacy Technician,Healthcare,5 - 7 years,Los Angeles,CA,38979.0
Sales & Marketing Assistant,Tech,2 - 4 years,Chicago,IL,40000.0
Principal Software Engineer,Software,8 - 10 years,Austin,TX,134000.0
Manager,Public Education,5 - 7 years,Chicago,IL,80000.0
Director,Compliance,8 - 10 years,Portland,OR,155000.0
Associate General Counsel,Legal,11 - 20 years,Seattle,WA,167500.0
Policy Lead,Consulting,5 - 7 years,Washington,DC,100000.0
"Manager, Financial Planning & Analysis",Airline,11 - 20 years,Seattle,WA,122000.0
Attorney,Law,8 - 10 years,Minneapolis,MN,100000.0
Director of Prospect Management and Research,Advancement,21 - 30 years,Washington,DC,90000.0
Director of Prospect Management and Research,Advancement,21 - 30 years,Washington,DC,90000.0
Senior Policy Analyst,Nonprofit,8 - 10 years,New York,NY,109000.0
Speech Language Pathologist,Medical Speech Pathology,2 - 4 years,Washington,DC,70000.0
Analyst,Philanthropy,11 - 20 years,New York,NY,131000.0
Intelligence & Analysis Manager,Security,5 - 7 years,Washington,DC,75000.0
Recruiting Director,Health tech,11 - 20 years,San Francisco,CA,170000.0
Show runner,Media,5 - 7 years,New York,NY,150000.0
Project Manager,Architecture,11 - 20 years,Phoenix,AZ,80000.0
Senior Regulatory Affairs Associate,Biotech,11 - 20 years,Seattle,WA,105000.0
Partner,Accounting,11 - 20 years,New York,NY,435000.0
Attorney at Law,Legal,21 - 30 years,Seattle,WA,400000.0
Supply Chain Planning Manager,Medical Devices,11 - 20 years,Minneapolis,MN,111843.0
Deputy Director of Public Affairs,Local Government,11 - 20 years,New York,NY,100000.0
Bookkeeper,Finance,21 - 30 years,New York,NY,55000.0
Database and Systems Administrator,Nonprofit,8 - 10 years,Washington,DC,72000.0
Senior Project Manager,Healthcare,2 - 4 years,Boston,MA,71100.0
Program Manager,Nonprofit,8 - 10 years,Boston,MA,63000.0
Software Engineering Manager,Tech,5 - 7 years,San Francisco,CA,180000.0
Senior Electrical Engineer,Tech,2 - 4 years,San Diego,CA,107000.0
Manuscript editor,Medical publishing,5 - 7 years,Chicago,IL,60588.0
Site Manager,Manufacturing,11 - 20 years,Houston,TX,160000.0
Manager,Federal Government,5 - 7 years,Washington,DC,88959.0
Software Engineer,Government,5 - 7 years,St. Louis,MO,95500.0
Technical Recruiting Manager,Tech,11 - 20 years,Seattle,WA,109550.0
Secretary,Government,21 - 30 years,Los Angeles,CA,51168.0
Senior Business Consultant,Tax and Payroll,11 - 20 years,Austin,TX,59000.0
Senior Editor,Tech,21 - 30 years,Seattle,WA,110000.0
Senior Director,Real Estate,11 - 20 years,San Francisco,CA,230000.0
Technology Manager,Tech,8 - 10 years,San Francisco,CA,133000.0
Senior Director Marketing Tech,Marketing Technology,11 - 20 years,Boston,MA,165000.0
Research Scientist,Public Health,5 - 7 years,Washington,DC,80000.0
Director of Operations,Nonprofit,5 - 7 years,Boston,MA,50000.0
Senior Director Partnerships,Software,11 - 20 years,Philadelphia,PA,160000.0
Client service manager,Insurance,8 - 10 years,New York,NY,106000.0
President,Cable TV,41 years or more,Denver,CO,60000.0
Research Engineer,Oil & Gas,1 year or less,Houston,TX,89000.0
Service Manager,Automotive,5 - 7 years,Seattle,WA,48000.0
Attorney (Partner),Legal,11 - 20 years,Philadelphia,PA,230000.0
Senior Director - Merchandising,Retail,11 - 20 years,Minneapolis,MN,350000.0
Front of house manager,Hospitality,8 - 10 years,New York,NY,58509.0
Project Coordinator,Polling and Consulting,1 year or less,Washington,DC,65000.0
Media Relations Manager,PR,5 - 7 years,New York,NY,75000.0
Project Manager,Architect,41 years or more,San Francisco,CA,155000.0
Threat Intel Analyst,Cybersecurity (finance),2 - 4 years,New York,NY,93000.0
Senior Software Engineer,Entertainment,21 - 30 years,Los Angeles,CA,135000.0
Conflicts Manager,Legal,21 - 30 years,Los Angeles,CA,165000.0
Program Associate,Philanthropy,2 - 4 years,New York,NY,55000.0
Assistant Director,Education,5 - 7 years,Philadelphia,PA,55000.0
Instructional Designer,Higher Ed,8 - 10 years,Philadelphia,PA,64000.0
Director,Consulting,11 - 20 years,Denver,CO,126000.0
Associate Attorney,Law,1 year or less,Portland,ME,76000.0
Program Director,Nonprofit - policy,8 - 10 years,Austin,TX,102500.0
Assistant Events Manager,Higher Education,2 - 4 years,San Francisco,CA,67000.0
Doctor,Health,21 - 30 years,San Diego,CA,265000.0
Business Development Director,Energy,11 - 20 years,Boston,MA,210000.0
Research Specialist,Research Science,8 - 10 years,Philadelphia,PA,42000.0
Product Manager,Tech,5 - 7 years,Atlanta,GA,102500.0
Research Scientist,Non-profit - scientific research,11 - 20 years,Houston,TX,72000.0
"Senior Officer, Finance",Nonprofit,11 - 20 years,Washington,DC,107000.0
Senior Manager,Finance,11 - 20 years,New York,NY,260000.0
Senior Software Engineer,Manufacturing,21 - 30 years,Minneapolis,MN,136000.0
ACT Team Manager,Mental health & homelessness,1 year or less,Washington,DC,53000.0
Application Architect,Sofware,21 - 30 years,Denver,CO,154000.0
Requirements/Businesses Analyst Manager,Government IT contracting,11 - 20 years,Baltimore,MD,113000.0
AGC,Law,11 - 20 years,Dallas,TX,175000.0
Program Assistant,Government,2 - 4 years,Denver,CO,52245.0
Manager,Economic Consulting,8 - 10 years,Boston,MA,185000.0
Director,Software Development,8 - 10 years,Boston,MA,180000.0
Technician Supervisor,Semiconductor,2 - 4 years,Dallas,TX,95000.0
VP Product & Engineering,Software,11 - 20 years,Boston,MA,175000.0
Director of Product,AdTech,8 - 10 years,New York,NY,160000.0
Director,Legal,21 - 30 years,Houston,TX,130000.0
Senior Design Manager,Technology - Software,8 - 10 years,Minneapolis,MN,85000.0
Clinical Project Manager,Healthcare,11 - 20 years,St. Louis,MO,125400.0
Case Manager,Hospital,2 - 4 years,New York,NY,60000.0
Chair of academic department and associate professor,Academia,11 - 20 years,New York,NY,130000.0
Managing Director,Nonprofit,5 - 7 years,Dallas,TX,70000.0
Associate Attorney,Legal,5 - 7 years,Atlanta,GA,165000.0
Senior Consultant,IT,2 - 4 years,Atlanta,GA,69500.0
Assistant deli manager,Retail food service (grocery store),8 - 10 years,Philadelphia,PA,41205.0
Assistant Controller,Real Estate,8 - 10 years,Atlanta,GA,100000.0
Assistant to the COS,Lobbying/Government Affairs,2 - 4 years,New York,NY,60000.0
Education Coordinator,Nonprofit,2 - 4 years,Washington,DC,50000.0
Business Administration Director,Restaurant,21 - 30 years,San Francisco,CA,87000.0
Attorney,Law,5 - 7 years,Houston,TX,120000.0
Data Analytics Manager,Entertainment,2 - 4 years,Los Angeles,CA,93000.0
Human Resources Manager,Insurance,21 - 30 years,San Francisco,CA,140000.0
Product Marketing Manager,Tech,11 - 20 years,Seattle,WA,126000.0
Production Manager,Cruise Ship,8 - 10 years,New York,NY,65000.0
High School Spanish Teacher,Education,2 - 4 years,Seattle,WA,69000.0
Software Engineer,Internet,2 - 4 years,New York,NY,140000.0
Senior demand planner,Food Manufacturing,11 - 20 years,Minneapolis,MN,111000.0
Registered Nurse,Healthcare,11 - 20 years,Houston,TX,51000.0
Business Analyst,Energy retail,8 - 10 years,Houston,TX,57000.0
Senior Director,Healthcare IT,21 - 30 years,Denver,CO,200000.0
Events Manager,Restaurants and Manufacturing,2 - 4 years,Chicago,IL,75000.0
Senior Accountant,Finance,8 - 10 years,Philadelphia,PA,87000.0
Project Manager,Consumer Goods,11 - 20 years,Dallas,TX,175000.0
Director of Legal,Retail,8 - 10 years,Washington,DC,206000.0
Sales Development Representative,Tech,1 year or less,Austin,TX,60000.0
Area Director,Higher Education,5 - 7 years,New York,NY,51000.0
Senior Product Manager,High Tech,21 - 30 years,Seattle,WA,158000.0
Artistic Coordinator,Nonprofit - Music,2 - 4 years,Denver,CO,40000.0
Site Reliability Engineer,Computer,11 - 20 years,Seattle,WA,320376.0
Technical Trainer (Software),Healthcare,11 - 20 years,Minneapolis,MN,75000.0
In-House Substitute,Education,2 - 4 years,Portland,OR,25000.0
Call Center Manager,Nonprofit reproductive health,11 - 20 years,Pittsburgh,PA,35000.0
Senior business analyst,Nonprofit,8 - 10 years,Portland,OR,113000.0
Digital Artist,Ecomerce,8 - 10 years,San Francisco,CA,75000.0
Director of Business Development,Biotechnology & Pharmaceuticals,5 - 7 years,San Diego,CA,205000.0
Client Success Manager,Tech,5 - 7 years,New York,NY,80000.0
Program Manager,Engineering,11 - 20 years,Boston,MA,150000.0
Attorney,Legal,8 - 10 years,Boston,MA,148000.0
Senior Program Manager,IT,31 - 40 years,New York,NY,155000.0
Director of Development,Healthcare fundraising,11 - 20 years,Pittsburgh,PA,125000.0
Executive Assistant,Higher Education,11 - 20 years,Pittsburgh,PA,63000.0
Regional HR Strategic Partner,Higher Education,11 - 20 years,Pittsburgh,PA,95000.0
Assistant General Counsel,Non-profit/legal,5 - 7 years,Washington,DC,87705.0
General Manager,Restaurant,1 year or less,Pittsburgh,PA,50000.0
Quality Engineer,Manufacturing,2 - 4 years,Pittsburgh,PA,74000.0
Supply Chain Analyst,Energy/Utility,11 - 20 years,Boston,MA,84256.0
Network Administrator,IT,8 - 10 years,Washington,DC,57000.0
Meeting Planner,Higher Education Association,5 - 7 years,Washington,DC,58500.0
Legal Assistant,Law,8 - 10 years,Chicago,IL,50000.0
Development Director,Nonprofit,11 - 20 years,San Francisco,CA,85000.0
Attorney,Law,2 - 4 years,Los Angeles,CA,90000.0
Operations Analyst,Healthcare Technology,2 - 4 years,Atlanta,GA,57500.0
Associate Communication Consultant,HR Consulting,2 - 4 years,Seattle,WA,84000.0
Project Associate,Nonprofit,2 - 4 years,Seattle,WA,45000.0
Portfolio Manager,Banking,11 - 20 years,Boston,MA,95000.0
Faculty,Education,11 - 20 years,Denver,CO,66500.0
Legal Fellow,Law & Policy,5 - 7 years,Washington,DC,120000.0
Senior Analyst,Marketing,8 - 10 years,Chicago,IL,65000.0
Registered Dietitian,Healthcare,2 - 4 years,Dallas,TX,60153.0
Operations Manager,Solar,5 - 7 years,Phoenix,AZ,72000.0
Global Finance Manager,Consulting,8 - 10 years,Atlanta,GA,120000.0
Writer,Higher Education,31 - 40 years,Dallas,TX,51000.0
VP Business Development/Product Mgr,Intelligent Transportation Systems,41 years or more,Minneapolis,MN,50000.0
Executive Assistant,Higher Education,5 - 7 years,Portland,OR,46000.0
Assistant Director,Nonprofit fundraising,8 - 10 years,New York,NY,98000.0
Engineering Manager,Tech,5 - 7 years,New York,NY,170000.0
Human Resources Director,Performing Arts,21 - 30 years,New York,NY,165000.0
Senior Controls Engineer,Material Handling,8 - 10 years,Baltimore,MD,100000.0
Controller,Real Estate,11 - 20 years,Minneapolis,MN,120000.0
Associate Director of Recruitment,Education,8 - 10 years,New York,NY,72000.0
Sales Coordinator,Beauty,2 - 4 years,New York,NY,55000.0
Paralegal Manager,Law,8 - 10 years,Baltimore,MD,52000.0
Technology Manager,Financial Services,21 - 30 years,Phoenix,AZ,150000.0
Director of Patron Services,Non-Profit Performing Arts,8 - 10 years,Washington,DC,70000.0
Business Analyst,Medical Device Manufacturing,2 - 4 years,Los Angeles,CA,75000.0
VP Marketing,News/Media,11 - 20 years,San Francisco,CA,305000.0
Project Manager,Technology,8 - 10 years,Pittsburgh,PA,95300.0
Software Engineer,Software Development,11 - 20 years,Pittsburgh,PA,70000.0
IT Administrator,Manufacturing,11 - 20 years,Phoenix,AZ,120000.0
Credit manager,Healthcare,41 years or more,Chicago,IL,141000.0
Systems Engineer,Defense,5 - 7 years,San Diego,CA,110000.0
Director Supply Chain,Consumer Packaged Goods,31 - 40 years,Minneapolis,MN,130000.0
Web Director,Technology,8 - 10 years,New York,NY,175000.0
Inside Sales Representative,Oil & Gas / Manufacturing,11 - 20 years,Houston,TX,85000.0
"Director, Corporate Sponsorship",Sales--Non-Profit,11 - 20 years,Philadelphia,PA,114000.0
Clinical Nurse,Nursing,5 - 7 years,New York,NY,95000.0
Senior Vice President,Insurance Broker,21 - 30 years,Los Angeles,CA,175000.0
President,HVAC,21 - 30 years,Houston,TX,175000.0
Engineering Manager,Oil and Gas,5 - 7 years,Houston,TX,100000.0
Chemist,Production,21 - 30 years,Austin,TX,90000.0
Tech Support,Tech,2 - 4 years,Boston,MA,58000.0
assistant professor of medicine,Academia,11 - 20 years,Seattle,WA,204000.0
Business Development,Legal,8 - 10 years,Los Angeles,CA,90000.0
Admissions Counselor,Higher Education,2 - 4 years,Los Angeles,CA,43000.0
Senior Director,Philanthropy,8 - 10 years,New York,NY,195000.0
Data Manager,Nonprofit,5 - 7 years,Baltimore,MD,60000.0
Portfolio Manager,Finance,11 - 20 years,Atlanta,GA,225000.0
Security Supervisor,Education,11 - 20 years,San Diego,CA,49920.0
Estimator,Construction,31 - 40 years,San Diego,CA,183362.0
Senior Budget Officer,Education,41 years or more,Boston,MA,126800.0
Software Engineer,Defense contractor,8 - 10 years,Baltimore,MD,170000.0
VP of Operations,Nonprofit,8 - 10 years,New York,NY,160000.0
Chief Commercial Officer,Travel tech,21 - 30 years,New York,NY,275000.0
Risk Analyst,Real Estate/Construction,2 - 4 years,Houston,TX,70000.0
Vice President,Financial Services,11 - 20 years,San Francisco,CA,400000.0
Senior Technical Writer,Technology,11 - 20 years,Denver,CO,96000.0
Assistant Dean for Communications & Marketing,Higher Ed,11 - 20 years,Atlanta,GA,101000.0
Gallery Assistant,Art,2 - 4 years,New York,NY,43000.0
Dentist,Medical,8 - 10 years,Seattle,WA,350000.0
"Vice President, Finance",Entertainment,11 - 20 years,Los Angeles,CA,150000.0
Office Manager,Architecture,5 - 7 years,New York,NY,65000.0
Senior Business Process Analyst,Logistics,8 - 10 years,Seattle,WA,80000.0
Software Engineer,Ad Tech,2 - 4 years,New York,NY,108000.0
MD,Healthcare,21 - 30 years,New York,NY,55000.0
Associate Professor,Education,11 - 20 years,Dallas,TX,130000.0
Engineer,Aerospace,21 - 30 years,Los Angeles,CA,105000.0
Artist manager,Performing Arts,11 - 20 years,New York,NY,65000.0
Contracting Officer,Federal Government,8 - 10 years,Washington,DC,145000.0
Engineer,Marine,11 - 20 years,San Diego,CA,240000.0
Senior Manager,Healthcare,11 - 20 years,Los Angeles,CA,170000.0
Senior Marketing Database Analyst,Marketing,11 - 20 years,Minneapolis,MN,85000.0
Director of Finance,Apparel,11 - 20 years,New York,NY,150000.0
Vice President of Investments,Real Estate,5 - 7 years,Atlanta,GA,150000.0
Account Executive,Software,5 - 7 years,New York,NY,18000.0
Secretary,Legal,8 - 10 years,New York,NY,105000.0
CT Technologist,Medical,5 - 7 years,Seattle,WA,91000.0
Financial Analyst,Clean Technology,2 - 4 years,San Francisco,CA,84000.0
Senior Art Director,Advertising/Design,11 - 20 years,Los Angeles,CA,105000.0
Senior Reservoir Engineering Advisor,Oil and Gas,11 - 20 years,Houston,TX,225000.0
Visitor Services Manager,Cultural,11 - 20 years,Philadelphia,PA,49661.0
Outreach Coordinator,Nonprofit,8 - 10 years,Portland,OR,49350.0
Content Manager,Tech,8 - 10 years,San Francisco,CA,108000.0
Attorney,Law,11 - 20 years,Chicago,IL,72000.0
BCBA,Mental Health,8 - 10 years,New York,NY,160000.0
Senior Associate Attorney,Law,11 - 20 years,New York,NY,112000.0
CAD Manager,Engineering,31 - 40 years,New York,NY,73000.0
Supervisory Tax Attorney,Govt,31 - 40 years,Washington,DC,150000.0
Senior Program Manager,Philanthropy,11 - 20 years,New York,NY,144500.0
Program Manager,Healthcare,8 - 10 years,New York,NY,90000.0
Lead Systems Administrator,Healthcare IT,11 - 20 years,Portland,OR,110000.0
Credit Officer,Banking,21 - 30 years,New York,NY,138000.0
Project Manager,Finance,8 - 10 years,New York,NY,160000.0
Software Manager,Aerospace,31 - 40 years,Houston,TX,130000.0
Senior Consultant,Financial Services,2 - 4 years,New York,NY,92400.0
Senior Art Director,Publishing,21 - 30 years,New York,NY,112000.0
Manager of  Planning,Retail,31 - 40 years,Los Angeles,CA,130000.0
Law Clerk,Law,1 year or less,Washington,DC,62000.0
Team Leader,Retail Grocery,11 - 20 years,Chicago,IL,80000.0
Executive Assistant,Higher Ed,8 - 10 years,Chicago,IL,59468.0
High School Biology Teacher,Education,21 - 30 years,Philadelphia,PA,79000.0
"Manager, Strategy & Business Development",Healthcare,5 - 7 years,Philadelphia,PA,100000.0
Senior Associate,Tax Consulting,8 - 10 years,Chicago,IL,110000.0
Techinal Professional I,Enviromental Remediation,11 - 20 years,Pittsburgh,PA,49253.0
Paralegal,Legal,11 - 20 years,Chicago,IL,85000.0
VP Business Development,Transportation,31 - 40 years,Houston,TX,90000.0
Art Director / Designer,Advertising & Design,5 - 7 years,Austin,TX,45000.0
Attorney,Legal,11 - 20 years,Washington,DC,350000.0
Communications Officer,Global health NGO,5 - 7 years,Washington,DC,76000.0
Manager,Airline,11 - 20 years,Atlanta,GA,230000.0
FP&A Manager,Finance,5 - 7 years,Boston,MA,90000.0
Asst. Mgr. Credit Operations,Manufacturing Soft Consumer Goods,21 - 30 years,Boston,MA,93000.0
Pipeline engineer,Oil and Gas,5 - 7 years,Houston,TX,95000.0
Advisor,Philanthropy,11 - 20 years,Boston,MA,115000.0
Senior Manager,Consulting,11 - 20 years,Washington,DC,367000.0
Manager,Financial Technology,11 - 20 years,Austin,TX,128500.0
Process Improvement Data Analyst,Health Insurance,11 - 20 years,Pittsburgh,PA,60299.0
Director of Marketing,Technology,11 - 20 years,Houston,TX,124600.0
Manager,Financial Technology,11 - 20 years,Austin,TX,128500.0
Staff Manager,Telecom,31 - 40 years,New York,NY,128000.0
Assistant General Counsel,Insurance,5 - 7 years,New York,NY,180000.0
Attorney,Law,5 - 7 years,Philadelphia,PA,105000.0
Computer Engineer,Federal Gov't - Technical,31 - 40 years,Los Angeles,CA,110000.0
Director of Development,Non-profit sector - youth programs,5 - 7 years,Boston,MA,80000.0
Legal Administrative Assistant,Legal,11 - 20 years,New York,NY,79000.0
Software Engineering,Computing,11 - 20 years,San Francisco,CA,202000.0
General Manager,Hospitality,11 - 20 years,Philadelphia,PA,98000.0
Production Editor,Publishing,2 - 4 years,New York,NY,45000.0
Sales,Insurance,31 - 40 years,Philadelphia,PA,492000.0
Communications Officer,Nonprofit,8 - 10 years,Washington,DC,69000.0
Reference Law Librarian,Academia,5 - 7 years,Philadelphia,PA,80000.0
Associate Managing Editor,Academic Publishing,8 - 10 years,Chicago,IL,52500.0
Senior Recovery Manager,IT,11 - 20 years,Philadelphia,PA,110000.0
Associate Professor,Academia,11 - 20 years,Denver,CO,133000.0
Territory Business Manager,Consumer/Pharmaceutical Sales,5 - 7 years,Dallas,TX,80000.0
Residency Director,Healthcare,31 - 40 years,New York,NY,203000.0
Business Analyst,Healthcare,11 - 20 years,Chicago,IL,98000.0
People Manager,Tech,5 - 7 years,New York,NY,180000.0
Lpn,Healthcare,2 - 4 years,New York,NY,54000.0
Associate Video Producer,Journalism,5 - 7 years,San Francisco,CA,72000.0
EHS Manager,Energy,8 - 10 years,Houston,TX,140000.0
Junior Financial Analyst,Finance,1 year or less,New York,NY,30000.0
editor and manager,news media,31 - 40 years,New York,NY,325000.0
Head of Sales,Tech,2 - 4 years,New York,NY,100000.0
Product Engineer,Automotive,8 - 10 years,Chicago,IL,80000.0
Registered Nurse,Healthcare,1 year or less,Baltimore,MD,59000.0
Senior Director of Data,Information Technology,8 - 10 years,New York,NY,119000.0
Director of Outreach,Nonprofit,8 - 10 years,Washington,DC,76500.0
Group Sales Manager,Hospitality,2 - 4 years,Minneapolis,MN,60000.0
Director of Sales,Fashion,11 - 20 years,New York,NY,159000.0
Group Sales Manager,Hospitality,2 - 4 years,Minneapolis,MN,60000.0
Registered Dietitian,Healthcare,8 - 10 years,Boston,MA,62000.0
Account Manager,Marketing,5 - 7 years,Dallas,TX,64000.0
Editorial Assistant,Non Profit Foundation,2 - 4 years,New York,NY,60000.0
Methods supervisor,Machining,21 - 30 years,Minneapolis,MN,72800.0
Civil Engineer,Construction,5 - 7 years,San Diego,CA,101000.0
Financial Coordinator,Dental,31 - 40 years,Portland,OR,48000.0
Minister,Clergy,21 - 30 years,Dallas,TX,75000.0
Systems Engineer,Finance,31 - 40 years,New York,NY,140000.0
3rd year Associate,Law,2 - 4 years,Houston,TX,220000.0
Data Acqusition Specialist,Information services,5 - 7 years,New York,NY,55000.0
discovery counsel,Attorney,11 - 20 years,Chicago,IL,115000.0
Data Analyst,Education,11 - 20 years,Boston,MA,70000.0
Data Science Manager,Tech,8 - 10 years,New York,NY,400000.0
Assistant Manager,Grocery,11 - 20 years,Seattle,WA,44000.0
Managing Director,Legal,31 - 40 years,Boston,MA,232000.0
Senior Associate,Accounting,5 - 7 years,Phoenix,AZ,71500.0
Senior Marketing Associate,Financial Services,8 - 10 years,New York,NY,83000.0
Analyst,Investment Banking,1 year or less,New York,NY,85000.0
Business Analyst,Banking,11 - 20 years,New York,NY,165000.0
Content Creator,TV/Film/Content,21 - 30 years,Atlanta,GA,200000.0
Director,Healthcare,11 - 20 years,San Francisco,CA,250000.0
Customer Success Manager,Technology,2 - 4 years,New York,NY,55000.0
Project Manager,Construction,31 - 40 years,New York,NY,225000.0
Traffic Operations Coordinator,Traffic,1 year or less,Denver,CO,80500.0
Senior Technical Writer,High Tech,41 years or more,Portland,OR,106000.0
Software Engineer,Marketing,11 - 20 years,Chicago,IL,82000.0
Marketing Automation Specialist,Marketing,2 - 4 years,New York,NY,75000.0
Manager Level III,Government,31 - 40 years,San Francisco,CA,160000.0
"Manager, Continuous Improvement",Nonprofit,2 - 4 years,Philadelphia,PA,63000.0
tutor manager,Education,5 - 7 years,New York,NY,50000.0
Legal Assistant,Legal,5 - 7 years,Seattle,WA,56800.0
Architect,Architecture,31 - 40 years,New York,NY,300000.0
IT Director,Consulting,21 - 30 years,Chicago,IL,135000.0
Attorney,Law,11 - 20 years,New York,NY,250000.0
Associate Research Scientist,Academia,8 - 10 years,New York,NY,57000.0
Associate Engineer,Mechanical Engineering,2 - 4 years,New York,NY,87000.0
Executive Director,Nonprofit,11 - 20 years,Dallas,TX,96300.0
IT Manager,Nonprofit,21 - 30 years,San Francisco,CA,134000.0
Lawyer,Law / Litigation,11 - 20 years,New York,NY,162000.0
Attorney,Government,2 - 4 years,Los Angeles,CA,123500.0
Foreign Service Officer,Government,11 - 20 years,Washington,DC,101000.0
AVP Portfolio Manager (National),Healthcare Real Estate,8 - 10 years,Chicago,IL,115000.0
Program Manager,Healthcare,5 - 7 years,Boston,MA,78000.0
Corporate Engagement Manager,Nonprofit,11 - 20 years,Chicago,IL,52000.0
service representative,credit union -finance,2 - 4 years,Baltimore,MD,39000.0
Associate Transportation Planner,Architecture & Planning,5 - 7 years,New York,NY,70000.0
Art Director,Graphic Design,8 - 10 years,Portland,ME,59750.0
Senior Research Associate,Biotechnology,31 - 40 years,San Francisco,CA,99950.0
Public Information Specialist,Communications,1 year or less,Seattle,WA,49200.0
SVP of Product Development,Technology - Software,21 - 30 years,Portland,OR,315000.0
Engineering Manager,Technology,11 - 20 years,New York,NY,230000.0
speech pathologist,Healthcare,11 - 20 years,Denver,CO,94000.0
Senior Editor,Publishing,21 - 30 years,New York,NY,80000.0
Principal System Engineer,Software,11 - 20 years,San Diego,CA,175000.0
Sales Manager,Technology,21 - 30 years,Boston,MA,400000.0
Reconciliation Specialist,Securities,11 - 20 years,Los Angeles,CA,57200.0
Associate Manager Development Operations,Nonprofits/Museum,5 - 7 years,New York,NY,55000.0
Digital Editorial Assistant,Publishing,5 - 7 years,New York,NY,45000.0
Financial Analyst,Nonprofit,31 - 40 years,Philadelphia,PA,58000.0
Accountant,Real Estate,21 - 30 years,New York,NY,100000.0
VP Marketing and Innovation,Consumer Packaged Goods/OTC Pharmaceuticals,11 - 20 years,San Francisco,CA,273000.0
Pastor,Religion,21 - 30 years,Houston,TX,130000.0
Director of Institutional Giving,Arts,8 - 10 years,New York,NY,90000.0
Technical Service Delivery Manager,Healthcare IT,11 - 20 years,Washington,DC,130000.0
Director of Consulting,Technology,11 - 20 years,Washington,DC,210000.0
Healthcare technology coordinator,Healthcare,8 - 10 years,Chicago,IL,75000.0
Risk Associate,Finance,5 - 7 years,New York,NY,120000.0
Content Director,Marketing,8 - 10 years,New York,NY,70000.0
Actuary,Consulting,8 - 10 years,Portland,OR,150000.0
Executive Assistant,Finance,8 - 10 years,New York,NY,170000.0
Internal Communications Manager,Technology,5 - 7 years,Dallas,TX,98000.0
Senior Program Manager,Arts Education,31 - 40 years,New York,NY,84000.0
Environmental Protection Specialist,Government,11 - 20 years,Washington,DC,119000.0
Tax Manager,Accounting,5 - 7 years,New York,NY,135000.0
Software Engineer,Technology,11 - 20 years,San Francisco,CA,198000.0
Senior Messaging Engineer,Information Technology,11 - 20 years,Portland,OR,120000.0
Controller,Finance,11 - 20 years,Philadelphia,PA,100000.0
President,Banking,31 - 40 years,Dallas,TX,225000.0
"Project Engineer, Water Resourse Engineering",Engineering Consultant,5 - 7 years,Washington,DC,93000.0
Associate,Nonprofit,5 - 7 years,New York,NY,38000.0
Senior Financial Analyst,Sales,8 - 10 years,Pittsburgh,PA,95000.0
Attorney,Law,11 - 20 years,New York,NY,295000.0
Primary Therapist,Mental Health,8 - 10 years,Philadelphia,PA,60000.0
Assistant District Attorney,Lawyer,2 - 4 years,Dallas,TX,81000.0
Regional Manager,Retail,21 - 30 years,Atlanta,GA,109000.0
Primary Therapist,Mental Health,8 - 10 years,Philadelphia,PA,60000.0
Reporter,Media,5 - 7 years,Washington,DC,69500.0
Lecturer,Education,11 - 20 years,Boston,MA,54000.0
Speech Language Pathologist,Speech-Language Pathologist,11 - 20 years,Denver,CO,30000.0
Associate,Consulting,2 - 4 years,New York,NY,111000.0
Accounting Clerk,Finance,8 - 10 years,Chicago,IL,37440.0
"Director, New Business",Advertising,11 - 20 years,New York,NY,188000.0
Senior Software Engineer,CAD/CAM,31 - 40 years,Los Angeles,CA,110000.0
Senior Financial Analyst,Sales,8 - 10 years,Pittsburgh,PA,95000.0
Process Control Engineer,oil refining,2 - 4 years,Philadelphia,PA,89500.0
Institutional Giving Coordinator,Non-Profit Performing Arts,2 - 4 years,Houston,TX,45000.0
Research Analyst,Finance,8 - 10 years,New York,NY,250000.0
Financial Analyst,Finance,2 - 4 years,New York,NY,65000.0
Splicer,Utility worker,2 - 4 years,New York,NY,103572.0
Coordinator,Marketing,1 year or less,New York,NY,40000.0
Physical Therapist,Healthcare,11 - 20 years,New York,NY,115000.0
Administrative Assistant,Home Decor Distribution,2 - 4 years,Dallas,TX,33196.0
Property Manager,Apartment Management,11 - 20 years,Portland,OR,70000.0
Legislative Liaison,State Employee,8 - 10 years,Austin,TX,78000.0
Product Owner,Software,21 - 30 years,Atlanta,GA,185000.0
Assistant Editor,Publishing,5 - 7 years,New York,NY,41000.0
Senior Associate,Global Health non-profit,5 - 7 years,Seattle,WA,90000.0
"Senior Manager, Video Production",Media,5 - 7 years,San Francisco,CA,108000.0
Managing Director,Communications,5 - 7 years,New York,NY,150000.0
Compliance Manager,Engineering,5 - 7 years,Atlanta,GA,109334.0
Controller,Accounting,11 - 20 years,New York,NY,190000.0
Platform Manager,Tech/ Internet,8 - 10 years,Boston,MA,95000.0
Sustainability Manager,Agriculture,2 - 4 years,New York,NY,95000.0
Senior Marketing Manager,Biopharma,8 - 10 years,Boston,MA,125000.0
Digital Investment Manager,Advertising,2 - 4 years,New York,NY,78000.0
Senior IT Engineer,Technology,8 - 10 years,San Francisco,CA,160000.0
Sales Manager,Retail,8 - 10 years,New York,NY,88400.0
Manager,Philanthropy,8 - 10 years,Philadelphia,PA,106800.0
Medical Group Analytics Consultant,Healthcare,11 - 20 years,Chicago,IL,105000.0
Senior Compliance Office,Investment Management,8 - 10 years,New York,NY,135000.0
Senior Legal Analyst,Internet Technology,11 - 20 years,New York,NY,124000.0
Visual Designer,Design,2 - 4 years,Chicago,IL,70000.0
Strategy Director,Advertising,8 - 10 years,New York,NY,199000.0
Communications Coordinator,Marketing,2 - 4 years,Washington,DC,43500.0
Big Data Engineer,Software,2 - 4 years,Denver,CO,140000.0
Supervising Producer,Television,8 - 10 years,Los Angeles,CA,120000.0
Customer Service Manager,Utilities,31 - 40 years,Portland,OR,120000.0
Account Manager,Healthcare,11 - 20 years,New York,NY,75000.0
Business Systems Analyst,Healthcare,31 - 40 years,New York,NY,115000.0
Business System Consultant,Consulting,11 - 20 years,Denver,CO,135000.0
"Manager, Product Strategy",B2B Publishing,11 - 20 years,Chicago,IL,85000.0
Creative Strategist,Market Research,5 - 7 years,St. Louis,MO,70000.0
Researcher,Academia,5 - 7 years,Seattle,WA,76000.0
PR Manager,Information Security,5 - 7 years,San Francisco,CA,91000.0
Tax Analyst,Energy,11 - 20 years,Portland,OR,105000.0
Data Scientist,Tech,5 - 7 years,Seattle,WA,95000.0
Americas Sales Lead,Tech/Advertising,11 - 20 years,San Francisco,CA,300000.0
Deputy Director,Legal (Non-profit),11 - 20 years,Austin,TX,89199.0
Statistician,Academia,5 - 7 years,Boston,MA,106000.0
In-House Attorney,Legal,5 - 7 years,Minneapolis,MN,90000.0
UX Content Strategist,Technology,5 - 7 years,Atlanta,GA,90000.0
Project Manager,Tech,5 - 7 years,San Francisco,CA,155000.0
PMO Director,Financial Services,11 - 20 years,Chicago,IL,184000.0
Regional Manager,Nonprofit,11 - 20 years,San Francisco,CA,150000.0
Analyst,Finance,2 - 4 years,Chicago,IL,95000.0
Senior Broker,Insurance,21 - 30 years,Denver,CO,400000.0
Paralegal,Legal,8 - 10 years,Minneapolis,MN,103000.0
Enterprise Account Executive (sales),Technology,8 - 10 years,San Francisco,CA,300000.0
casting producer,Media,2 - 4 years,New York,NY,75000.0
Scientist,Science,8 - 10 years,Pittsburgh,PA,74000.0
Senior Director,Technology,21 - 30 years,Boston,MA,200000.0
Senior Marketing Manager,Ecommerce,11 - 20 years,Dallas,TX,123000.0
Supervisor,State Government,31 - 40 years,Baltimore,MD,54773.0
Director of Marketing,Finance,11 - 20 years,Chicago,IL,120000.0
Finance Manager,Tech,5 - 7 years,San Francisco,CA,190000.0
Business Development Manager,Technology,5 - 7 years,New York,NY,163000.0
Finance and Technology Officer,Nonprofit,8 - 10 years,Washington,DC,66130.0
Strategic Sourcing Leader (Indirect),Manufacturing,2 - 4 years,Minneapolis,MN,73000.0
Graduate Student,Biomedical Research,2 - 4 years,Portland,OR,29500.0
Associate Editor,Media,5 - 7 years,New York,NY,58000.0
Senior Partnerships Manager,Nonprofit,5 - 7 years,New York,NY,72000.0
Executive Assistant,Technology,11 - 20 years,Seattle,WA,75000.0
Senior Engineer,Financial Services,11 - 20 years,Minneapolis,MN,126000.0
Compliance Officer,Finance/Law,2 - 4 years,New York,NY,170000.0
Project Manager,Real Estate,8 - 10 years,Seattle,WA,150000.0
Event Director,Events,8 - 10 years,Los Angeles,CA,120000.0
Art Conservator,Museums,11 - 20 years,New York,NY,45100.0
Neurohospitalist,Healthcare,5 - 7 years,Seattle,WA,260000.0
Senior Brand Manager,Marketing,5 - 7 years,New York,NY,125000.0
Marketing Associate,Book publishing,2 - 4 years,New York,NY,37000.0
Managing Director,Real Estate,11 - 20 years,Atlanta,GA,240000.0
Software Engineer,Tech Industry,5 - 7 years,New York,NY,160300.0
Research Nurse,Healthcare,11 - 20 years,Atlanta,GA,80000.0
Associate Financial Planner,Wealth Management,11 - 20 years,Houston,TX,62000.0
Research Nurse,Healthcare,11 - 20 years,Atlanta,GA,80000.0
"Manager, Financial Planning & Analysis",Manufacturing,8 - 10 years,Portland,OR,125000.0
Scientific Program Officer,Funding Agency,11 - 20 years,Washington,DC,125000.0
"Director, Product Management",Software,21 - 30 years,Boston,MA,280000.0
Senior Associate Director,Higher Education,11 - 20 years,Boston,MA,72000.0
Creative Director,Advertising,11 - 20 years,Seattle,WA,170000.0
Senior Product Manager,Media,2 - 4 years,Los Angeles,CA,105000.0
Assistant Controller,Finance,11 - 20 years,Washington,DC,160000.0
Research editor,Publishing,21 - 30 years,Los Angeles,CA,70000.0
Senior Visual Designer,Graphic Design (Tech),11 - 20 years,New York,NY,184000.0
Business Manager,Book publishing,8 - 10 years,New York,NY,90000.0
Biomedical Editor,Marketing/Advertising,11 - 20 years,Dallas,TX,50000.0
Production Editor,Publishing,2 - 4 years,New York,NY,50000.0
Vice President,Real Estate,11 - 20 years,Washington,DC,110000.0
Strategy Analyst,Government,5 - 7 years,New York,NY,86000.0
Manufacturing Engineer,Manufacturing,2 - 4 years,Minneapolis,MN,82000.0
"Public Relations, Senior Manager",Professional Services,21 - 30 years,Portland,OR,132000.0
Program Coordinator,Healthcare training administration,5 - 7 years,Seattle,WA,44000.0
Associate Account Executive,Wholesale,5 - 7 years,New York,NY,62000.0
VP of IT,Advertising,11 - 20 years,New York,NY,147000.0
Director of Advocacy,Historic preservation non profit,5 - 7 years,Baltimore,MD,52500.0
Marketing Manager,Nonprofit,5 - 7 years,Boston,MA,72000.0
Director of Operations,Higher Education,11 - 20 years,Denver,CO,97000.0
Program Manager,Federal Government,11 - 20 years,Washington,DC,136000.0
Senior Director,Healthcare,11 - 20 years,Boston,MA,180000.0
Analyst,Financial Research,5 - 7 years,New York,NY,120000.0
Consultant,Life Sciences,8 - 10 years,Austin,TX,70000.0
Senior Security Engineer,Hospitality,21 - 30 years,Chicago,IL,140000.0
custom content creator,journalism/marketing,8 - 10 years,San Diego,CA,49000.0
Data visualization developer,Nonprofit,5 - 7 years,Washington,DC,81000.0
Development Officer,Higher Ed,5 - 7 years,Minneapolis,MN,80000.0
"Senior Director, Marketing",Marketing,11 - 20 years,New York,NY,250000.0
Manager,Transportation,2 - 4 years,New York,NY,85000.0
Advisor,Government,11 - 20 years,New York,NY,136000.0
Junior Data Scientist,Consulting,1 year or less,New York,NY,110000.0
Strategy Manager,Financial Services,2 - 4 years,Washington,DC,140000.0
Software Engineer,Software,2 - 4 years,Boston,MA,115000.0
Associate Professor,Higher Ed,8 - 10 years,Boston,MA,101000.0
Senior Policy Analyst and Staff Attorney,Non-profit social justice,5 - 7 years,Chicago,IL,58000.0
Business Analyst,Banking,5 - 7 years,Houston,TX,51000.0
Geophysics,Oil,31 - 40 years,Denver,CO,104000.0
Junior Software Engineer,Market Research,2 - 4 years,San Diego,CA,70000.0
Founder,Tech,11 - 20 years,Austin,TX,167500.0
Project Coordinator,IT,5 - 7 years,Los Angeles,CA,48000.0
Information Governance Strategist,Professional Services,11 - 20 years,Chicago,IL,100000.0
Consulting Manager,Healthcare,11 - 20 years,Baltimore,MD,115000.0
Email Marketing Manager,Education,2 - 4 years,Boston,MA,50000.0
Video Engineer,AV Freelance,11 - 20 years,Atlanta,GA,140000.0
Data and Analytics Manager,Healthcare,11 - 20 years,Washington,DC,87000.0
Pediatrician,Healtcare,11 - 20 years,New York,NY,140000.0
Contract Administrator,Defense,11 - 20 years,Baltimore,MD,122000.0
Systems and Communications Manager,Education Administration,5 - 7 years,New York,NY,72000.0
Marketing Manager,Retail,5 - 7 years,San Diego,CA,105000.0
Business Development,Entertainment,8 - 10 years,Los Angeles,CA,125000.0
Associate Product Marketing Manager,Technology,2 - 4 years,Seattle,WA,75000.0
Associate Product Marketing Manager,Technology,2 - 4 years,Seattle,WA,75000.0
SEO Analyst,Digital Marketing,2 - 4 years,Chicago,IL,68000.0
Senior Business Analyst,Information Technology,2 - 4 years,New York,NY,86900.0
Reporter,Journalism,2 - 4 years,Washington,DC,105000.0
Assistant Director,Higher Education,5 - 7 years,Philadelphia,PA,42000.0
Producer,Media,2 - 4 years,Washington,DC,58000.0
Emergency Management Specialist,Healthcare,1 year or less,Boston,MA,62000.0
Corporate Counsel,Operations,8 - 10 years,Denver,CO,144000.0
Director of Internal Communication,Higher Education,11 - 20 years,Pittsburgh,PA,65000.0
Principal Transportation Planner,Transportation,2 - 4 years,New York,NY,106000.0
Lead Application Support Analyst,Financial,11 - 20 years,Pittsburgh,PA,67000.0
Underwriter,Finance,8 - 10 years,Washington,DC,130000.0
Medical Editor,Advertising,1 year or less,New York,NY,80000.0
Designer,Higher Education,2 - 4 years,New York,NY,45000.0
Software Engineer,Ecommerce,2 - 4 years,New York,NY,90000.0
Ag. Program Associate,certification,8 - 10 years,Portland,OR,51000.0
Marketing Strategist,Finance,2 - 4 years,New York,NY,110000.0
Account Executive,Logistics,2 - 4 years,Chicago,IL,70000.0
Assistant research scientist,Academia,5 - 7 years,New York,NY,85000.0
Internal Audit Manager,Financial Services,8 - 10 years,Pittsburgh,PA,90000.0
Associate Director of Development,Higher Education,8 - 10 years,Denver,CO,72000.0
Copy Chief,Publishing,11 - 20 years,New York,NY,82000.0
Paralegal,Law,1 year or less,New York,NY,39000.0
Account Supervisor,Public Relations,8 - 10 years,Boston,MA,90000.0
Staff Scientist,Environmental Consulting,5 - 7 years,Denver,CO,56000.0
Project Manager,Aerospace,21 - 30 years,New York,NY,181000.0
ESL Teacher,Teaching,2 - 4 years,New York,NY,28000.0
IT Technician,Education,11 - 20 years,San Diego,CA,78000.0
Manager,Non-profit arts,11 - 20 years,Washington,DC,50000.0
Senior Director,Healthcare,21 - 30 years,Dallas,TX,300000.0
Manager,Health Insurance,11 - 20 years,Pittsburgh,PA,75000.0
Retirement Plan Administrator,Finance,8 - 10 years,Minneapolis,MN,66500.0
Program Manager,Nonprofit,8 - 10 years,New York,NY,76000.0
Director of Alumni Relations,Higher Education,11 - 20 years,New York,NY,100000.0
Transportation Engineer,Civil Engineering,8 - 10 years,Denver,CO,76000.0
Operations Manager,Arts Administration,11 - 20 years,New York,NY,60000.0
Research Audiologist,Audiology,8 - 10 years,Minneapolis,MN,93670.0
Senior Project Accountant,Architecture,21 - 30 years,Seattle,WA,75000.0
CTO,Media,21 - 30 years,New York,NY,390000.0
Communications Manager,Government,8 - 10 years,Los Angeles,CA,106000.0
Associate,Legal,5 - 7 years,Boston,MA,220000.0
Editor,Television,11 - 20 years,New York,NY,150000.0
Assistant Borough Manager,Local Government,5 - 7 years,Pittsburgh,PA,60000.0
Professor,University,31 - 40 years,New York,NY,106000.0
Director of Acquisitions,Real Estate,2 - 4 years,New York,NY,180000.0
Account Manager,Ad Tech,5 - 7 years,New York,NY,156000.0
Gaffer,Entertainment,11 - 20 years,New York,NY,150000.0
Director O&M,Infrastructure and Power,21 - 30 years,Houston,TX,185000.0
Operations Manager,Electical Energy,31 - 40 years,Philadelphia,PA,80000.0
Senior Director of Digital Customer Acquisition,CPG,11 - 20 years,Los Angeles,CA,210000.0
Associate Director of Marketing,Nonprofit,11 - 20 years,Baltimore,MD,55500.0
Speechwriter,Political Communications,5 - 7 years,Washington,DC,80000.0
Copywriter,Advertising,5 - 7 years,Chicago,IL,75000.0
Senior Commercial Counsel,Biotech,11 - 20 years,Chicago,IL,150000.0
Lawyer,Legal,11 - 20 years,Houston,TX,180000.0
Associate Marketing Manager,Publishing,2 - 4 years,New York,NY,57500.0
System Representative,Nonprofit,2 - 4 years,Philadelphia,PA,44500.0
Senior Software Engineer,Defense,11 - 20 years,Denver,CO,170000.0
Paralegal,Legal,31 - 40 years,Pittsburgh,PA,82000.0
Key Account Executive,Advertising,31 - 40 years,Boston,MA,125000.0
Consultant,Tech & Management Consulting,5 - 7 years,Chicago,IL,60000.0
Principal Software Engineer,Software,8 - 10 years,New York,NY,205000.0
Vice President Operations,Energy,11 - 20 years,Houston,TX,160000.0
Software Engineer,Tech,2 - 4 years,New York,NY,150000.0
Editor,Media,8 - 10 years,Chicago,IL,82000.0
Internal Communications Manager,Advertising,2 - 4 years,New York,NY,80000.0
Underwriter,Technology,2 - 4 years,San Francisco,CA,85000.0
Associate,Legal,2 - 4 years,New York,NY,220000.0
Dermatology resident,Healthcare,11 - 20 years,St. Louis,MO,61000.0
Area Sales Director,Food and Beverage,11 - 20 years,Atlanta,GA,169000.0
Staff Water Engineer,Engineering Consulting,2 - 4 years,New York,NY,77730.0
IT Manager,Asset Management,31 - 40 years,Chicago,IL,145000.0
Land Development Manager,Home building,11 - 20 years,Houston,TX,105000.0
Senior Director of Communications,Nonprofit,8 - 10 years,New York,NY,125000.0
Chief Engineer,Software Development,21 - 30 years,Los Angeles,CA,135000.0
Marketing Director,Technology/software,11 - 20 years,Boston,MA,189000.0
General Manager,Restaurant,11 - 20 years,Atlanta,GA,95000.0
Professor,Academia,21 - 30 years,Boston,MA,250000.0
Finance Manager,Media,11 - 20 years,New York,NY,127308.0
Lawyer,Law,2 - 4 years,Chicago,IL,255000.0
Senior Database Administrator,IT Consulting,21 - 30 years,Washington,DC,175000.0
Owner,Law,31 - 40 years,Chicago,IL,400000.0
Senior Advisor,Nonprofit,11 - 20 years,Boston,MA,90000.0
Director,Tax Consulting,8 - 10 years,New York,NY,230000.0
Engineer,Engineering,2 - 4 years,New York,NY,78500.0
Vice President,Nonprofit,11 - 20 years,New York,NY,150000.0
Event Director,Events,8 - 10 years,Portland,ME,110000.0
Customer Service/ Secretary,Tile industry,2 - 4 years,Chicago,IL,50000.0
Senior Corporate Counsel,Biotech,11 - 20 years,San Francisco,CA,235000.0
Information Systems Engineer II,Tech,8 - 10 years,San Francisco,CA,110000.0
Senior Account Executive,Public Relations,2 - 4 years,New York,NY,76000.0
Senior Associate Merchandiser,Ecommerce,2 - 4 years,New York,NY,60000.0
Associate,Real Estate,2 - 4 years,New York,NY,104000.0
Commercial Real Estate Lender,Finance,11 - 20 years,Dallas,TX,140000.0
Policy Analyst,State Government,2 - 4 years,Atlanta,GA,45000.0
"Director, Product Management",Enterprise Software,21 - 30 years,Dallas,TX,135000.0
Human Resources Coordinator,Nonprofit,2 - 4 years,Chicago,IL,39000.0
Technical Manager,Program evaluation of international development projects,11 - 20 years,Washington,DC,92000.0
Postdoctoral Research Fellow,Acedemia/Healthcare,8 - 10 years,New York,NY,68000.0
Project Manager,Construction,1 year or less,Houston,TX,55000.0
Officer,Global Health non-profit,2 - 4 years,Washington,DC,67000.0
Senior Director,Pharmaceutical,21 - 30 years,New York,NY,280000.0
Vice President,Banking,41 years or more,New York,NY,210000.0
Partner,Architecture,21 - 30 years,Dallas,TX,265000.0
Brand Coordinator,Marketing,5 - 7 years,Dallas,TX,61500.0
Analyst,Banking,2 - 4 years,New York,NY,80000.0
Scientist,Pharmaceutical,5 - 7 years,Philadelphia,PA,89000.0
Senior eLearning Specialist,Healthcare,8 - 10 years,New York,NY,95000.0
Counsel,Law,11 - 20 years,New York,NY,400000.0
Treasury manager,Mortgage,31 - 40 years,Dallas,TX,92200.0
Director of Analytics,Analytics,8 - 10 years,Chicago,IL,200000.0
Communications Officer,Higher Education,21 - 30 years,Boston,MA,80000.0
Research and Evaluation Manager,Reproductive health / non profit,2 - 4 years,New York,NY,65000.0
Business Analyst Expert,Energy,21 - 30 years,San Francisco,CA,144000.0
VP of Sales,Software,11 - 20 years,Austin,TX,420000.0
Director of Sales,Software Sales,8 - 10 years,Boston,MA,175000.0
Publisher,Publishing,1 year or less,New York,NY,65000.0
Lab Technician,Manufacturing,8 - 10 years,New York,NY,72000.0
CEO,Financial,31 - 40 years,Minneapolis,MN,350000.0
Analyst,Government,5 - 7 years,Washington,DC,82000.0
Digital Producer,Financial Services,2 - 4 years,Boston,MA,71000.0
Delivery Project Manager,Development / Construction,21 - 30 years,San Francisco,CA,135000.0
Senior Manager,Food,8 - 10 years,Chicago,IL,135000.0
Vice President,Finance,11 - 20 years,New York,NY,135000.0
Senior Associate,Real Estate,5 - 7 years,New York,NY,220000.0
Auditor,Professional Services,1 year or less,New York,NY,61000.0
Senior Mechanical Engineer,Biotech,11 - 20 years,Boston,MA,117000.0
Associate,Local Government,2 - 4 years,New York,NY,66000.0
Systems/Programmer III,Higher Education,11 - 20 years,Pittsburgh,PA,49500.0
Director,Archives,5 - 7 years,New York,NY,85000.0
Network Analyst,Local Government,11 - 20 years,Dallas,TX,55000.0
Civil Engineer,Government,8 - 10 years,Seattle,WA,81500.0
Reporter,Journalism,2 - 4 years,Phoenix,AZ,38000.0
Civil Engineer,Government,8 - 10 years,Seattle,WA,81500.0
Director of Operations,Labor Union,5 - 7 years,New York,NY,135000.0
Conference Programmer,Events,8 - 10 years,Austin,TX,67600.0
Senior Associate,Public Affairs,5 - 7 years,Washington,DC,68000.0
Civil Engineer,Government,8 - 10 years,Seattle,WA,81500.0
Software Engineer,Higher Education,2 - 4 years,Minneapolis,MN,87500.0
Civil Engineer,Government,8 - 10 years,Seattle,WA,81500.0
Medical Director,Healthcare,11 - 20 years,New York,NY,292000.0
Office Manager/Bookkeeper,Engineering,11 - 20 years,San Diego,CA,62000.0
Civil Engineer,Government,8 - 10 years,Seattle,WA,81500.0
Program Director,Nonprofit/Philanthropy,8 - 10 years,New York,NY,75000.0
Civil Engineer,Government,8 - 10 years,Seattle,WA,81500.0
Office Manager/Bookkeeper,Engineering,11 - 20 years,San Diego,CA,62000.0
Civil Engineer,Government,8 - 10 years,Seattle,WA,81500.0
Writer,Consulting,11 - 20 years,Boston,MA,73000.0
Associate Vice President,Architecture,2 - 4 years,Washington,DC,130000.0
Case Manager,Non-Profit/Social Services,8 - 10 years,Philadelphia,PA,37500.0
Civil Engineer,Government,8 - 10 years,Seattle,WA,81500.0
Union Representative,Labor Union,2 - 4 years,Los Angeles,CA,67000.0
Senior Program Associate,Nonprofit,8 - 10 years,New York,NY,48500.0
Consultant,Politics,5 - 7 years,Washington,DC,120000.0
Culinary director,Restaurant,8 - 10 years,New York,NY,125000.0
Associate Attorney,Labor Law (Union-side),8 - 10 years,Boston,MA,85000.0
Engineer,Technology,1 year or less,New York,NY,112000.0
Show Director,Association Management,11 - 20 years,Chicago,IL,70000.0
Managing Editor,Philanthropy,21 - 30 years,New York,NY,168000.0
Copy Chief,Media,11 - 20 years,New York,NY,110000.0
Executive Assistant,Construction,31 - 40 years,Boston,MA,97500.0
"Manager, Corrosion Engineering",Oil & Gas,21 - 30 years,Houston,TX,185000.0
Plumbing Designer,MEP Engineering,2 - 4 years,Philadelphia,PA,75000.0
Associate,Consulting,1 year or less,Washington,DC,50000.0
Senior Communications Manager,Consulting,11 - 20 years,New York,NY,190000.0
Database Analyst,Banking,11 - 20 years,St. Louis,MO,125000.0
Quality Manager,Healthcare,31 - 40 years,Portland,ME,107000.0
Senior Designer,Tech,11 - 20 years,Washington,DC,135000.0
Archaeologist,Government,11 - 20 years,San Francisco,CA,102000.0
Controller,Manufacturing,11 - 20 years,Los Angeles,CA,108000.0
Product Counsel,Legal,5 - 7 years,San Francisco,CA,172000.0
Principal,Architecture,41 years or more,Los Angeles,CA,180000.0
Associate Counsel,Law,5 - 7 years,Washington,DC,134000.0
"Director, FP&A",Manufacturing,11 - 20 years,Phoenix,AZ,180000.0
"Interior Designer, Principle",Interior Design,11 - 20 years,New York,NY,100000.0
Software Engineer,Tech,5 - 7 years,San Francisco,CA,187000.0
"Director, Subsidiary Rights",Book publishing,8 - 10 years,New York,NY,70000.0
Sales Manager,Hotel,11 - 20 years,Los Angeles,CA,75000.0
Operations Process Analyst,Publishing,21 - 30 years,New York,NY,93000.0
Product Manager,Ad Tech,11 - 20 years,San Francisco,CA,145000.0
Senior Credit Analyst,Banking,21 - 30 years,San Francisco,CA,170000.0
Assistant to the Chair,Higher Ed,1 year or less,Pittsburgh,PA,31000.0
Controller,Property Management,41 years or more,Seattle,WA,186000.0
Executive Assistant,Software Analytics,8 - 10 years,New York,NY,70000.0
Senior Financial Analyst,Aerospace,5 - 7 years,Seattle,WA,105000.0
"Manager, Membership and Development",Nonprofit,5 - 7 years,New York,NY,70000.0
Process Engineer,Manufacturing,5 - 7 years,Portland,OR,210000.0
Executive Director,Nonprofit/Philanthropy,31 - 40 years,Portland,OR,125000.0
Data Analyst,Nonprofit,1 year or less,Los Angeles,CA,48000.0
Senior Scientist,Technology,21 - 30 years,Baltimore,MD,200000.0
Junior Data Specialist,Non Governmental Organization,1 year or less,Washington,DC,47500.0
Engineer,Software,8 - 10 years,Atlanta,GA,100000.0
Content Development Manager,Nonprofit,31 - 40 years,Washington,DC,101500.0
Partner,Legal,11 - 20 years,Chicago,IL,175000.0
Resident physician,Medicine,1 year or less,Pittsburgh,PA,56000.0
Partner,Law,11 - 20 years,Washington,DC,365000.0
Television Director,Entertainment,21 - 30 years,Los Angeles,CA,350000.0
Executive Vice President,Consulting,11 - 20 years,Chicago,IL,200000.0
HR Business Partner,Finance,11 - 20 years,Los Angeles,CA,125000.0
Art Director,Design,21 - 30 years,Chicago,IL,70000.0
Engineer,Oil and Gas,5 - 7 years,Houston,TX,163000.0
VP of Finance,Management Consulting,21 - 30 years,Atlanta,GA,120000.0
Director,Consulting,8 - 10 years,Denver,CO,260000.0
UX/UI Designer,Tech,11 - 20 years,Austin,TX,67500.0
Business Analyst,Tech,1 year or less,Austin,TX,52005.0
Director or Prospect Research,Higher Education,11 - 20 years,New York,NY,78030.0
Director of Operations,Nonprofit,31 - 40 years,New York,NY,153000.0
COO,Internet Technology,21 - 30 years,New York,NY,300000.0
CFO,Nonprofit,8 - 10 years,New York,NY,150000.0
Professional Research Assistant,Public Health,1 year or less,Denver,CO,48000.0
Commercial Account Manager,Insurance,21 - 30 years,Seattle,WA,85000.0
Individual contributor,Computer Software,31 - 40 years,Boston,MA,120000.0
Designer,Architecture,1 year or less,New York,NY,55000.0
CFO,Real Estate,21 - 30 years,Chicago,IL,165000.0
Enterprise Account Executive,Software Sales SAAS,11 - 20 years,New York,NY,130000.0
Foreign Service Officer,Government,21 - 30 years,Washington,DC,155000.0
CFO,Real Estate,21 - 30 years,Chicago,IL,165000.0
Senior Product Manager,IT,21 - 30 years,Austin,TX,210000.0
Team Lead Donor Support,Nonprofit,2 - 4 years,Chicago,IL,50000.0
Events Manager,Education,11 - 20 years,Los Angeles,CA,50000.0
Senior Credit Analyst,Banking,11 - 20 years,Minneapolis,MN,84000.0
Associate Professor,Academia,11 - 20 years,Chicago,IL,158000.0
Vice President,Financial Services,2 - 4 years,Boston,MA,125000.0
Program Examiner,Government,5 - 7 years,Washington,DC,83500.0
International Affairs,Government,8 - 10 years,Washington,DC,124000.0
Software Architect,Financial Services,31 - 40 years,Denver,CO,147000.0
Director of Program Operations,Higher Education,8 - 10 years,Seattle,WA,105000.0
Marketing Manager,Museums,21 - 30 years,New York,NY,85000.0
Showroom sales,Design Wholesale,21 - 30 years,Denver,CO,39000.0
Operations,Travel,31 - 40 years,Los Angeles,CA,110000.0
Sales Engineer Director,Telecommunications,21 - 30 years,Denver,CO,250000.0
Administrative/HR Coordinator,Nonprofit,5 - 7 years,New York,NY,56000.0
Senior Research Fellow,Education,31 - 40 years,New York,NY,173000.0
Avant-Garde Communications,Fashion (Menswear),5 - 7 years,New York,NY,63000.0
Senior Associate,Accounting firm,2 - 4 years,Washington,DC,88000.0
Engineering Manager,Tech,11 - 20 years,New York,NY,180000.0
Senior Business Analyst/Scrum Master,IT Contracting,5 - 7 years,Denver,CO,98000.0
Artist,Visual Arts,11 - 20 years,Los Angeles,CA,130000.0
Director,Professional Services,11 - 20 years,Houston,TX,234000.0
Audit Manager,Retail,11 - 20 years,Dallas,TX,118000.0
Data Scientist,Tech,5 - 7 years,San Francisco,CA,148000.0
Trader,Investment Management,8 - 10 years,New York,NY,470000.0
Systems Engineer,Oil and Gas,5 - 7 years,Dallas,TX,125000.0
MTS,Semiconductor,2 - 4 years,Austin,TX,140000.0
assistant to managing director,Real Estate,11 - 20 years,New York,NY,90000.0
Import Brand Manager,Wine and Spirits,8 - 10 years,New York,NY,97000.0
Senior Editor,Magazine editorial,31 - 40 years,New York,NY,80000.0
Field Reimbursement and Payer Relations Manager,Medical Devices,21 - 30 years,Denver,CO,134000.0
Administrative Assistant,Engineering,21 - 30 years,Atlanta,GA,60000.0
Director,Finance,11 - 20 years,New York,NY,250000.0
Head of Revenue Operations,Software,8 - 10 years,New York,NY,130000.0
Senior Financial Analyst,Software,2 - 4 years,New York,NY,152000.0
Managing Editor,Media,11 - 20 years,Los Angeles,CA,120000.0
Procurement Forester,Forestry,5 - 7 years,Portland,OR,63500.0
Professor,Academia,21 - 30 years,Washington,DC,260000.0
Data Scientist,Technology,5 - 7 years,Seattle,WA,170000.0
"Director, Strategy & Logistics",Education,11 - 20 years,Washington,DC,113000.0
Software Engineer,Hospitality,2 - 4 years,Seattle,WA,170000.0
Design Director,Retail,11 - 20 years,Boston,MA,165000.0
Senior Financial Analyst,Finance,21 - 30 years,Washington,DC,243000.0
Teacher,Education,21 - 30 years,Dallas,TX,60000.0
Director,Public Education,5 - 7 years,San Francisco,CA,80000.0
Marketing Manager,Luxury Goods,8 - 10 years,New York,NY,80000.0
"Diversity, Recruitment, Retention Coorindator",Higher Education,2 - 4 years,Portland,OR,58000.0
Patent Agent,Law,8 - 10 years,Portland,OR,146000.0
Frontend Lead,EdTech,5 - 7 years,Chicago,IL,130000.0
"Senior Manager, Corporate Development",Finance,11 - 20 years,Chicago,IL,170000.0
Regulatory Compliance Manager,Healthcare,8 - 10 years,Chicago,IL,90000.0
Assistant Project Manager,Construction,11 - 20 years,Phoenix,AZ,85000.0
Program Manager,Education,11 - 20 years,Los Angeles,CA,75000.0
Managing Editor,Communications,8 - 10 years,Washington,DC,93000.0
Business Analyst,Healthcare,2 - 4 years,Phoenix,AZ,60000.0
UX/UI Designer,news media,11 - 20 years,Boston,MA,74000.0
Director,Pharmaceutical,21 - 30 years,Denver,CO,210000.0
Pathology resident,Healthcare,2 - 4 years,Chicago,IL,71000.0
Physician,Medical,21 - 30 years,Houston,TX,235000.0
Associate Director of Admissions,Education,11 - 20 years,Boston,MA,85000.0
Senior Civil Engineer,Engineering,11 - 20 years,Philadelphia,PA,103000.0
Senior Staff Attorney,Law,5 - 7 years,New York,NY,93000.0
Bioinformatician,Research,8 - 10 years,Seattle,WA,94000.0
Procurement Supervisor,Government,5 - 7 years,Dallas,TX,72500.0
senior manager of community partnerships,Non-Profit Sector,11 - 20 years,Boston,MA,58700.0
Senior Designer,Nonprofit,1 year or less,San Francisco,CA,87000.0
Senior Marketing Associate,Consumer Services,2 - 4 years,Denver,CO,65000.0
Associate Professor,Academia,11 - 20 years,Chicago,IL,92000.0
Program Associate,Higher Education,21 - 30 years,Boston,MA,65000.0
Software Engineer,Software,1 year or less,Seattle,WA,110000.0
Data Scientist,Tech,2 - 4 years,New York,NY,125000.0
Store Director,Retail,5 - 7 years,New York,NY,90000.0
Senior User Experience Designer,Technology,11 - 20 years,Chicago,IL,87000.0
Public Health Analyst,Public Health,21 - 30 years,Atlanta,GA,108000.0
Managing Senior Counsel,Banking,21 - 30 years,Pittsburgh,PA,222000.0
Experienced Accountant,Forestry,2 - 4 years,Seattle,WA,63000.0
Director,International NGO,11 - 20 years,Washington,DC,104000.0
Personal assistant / family manager,Domestic staffing,8 - 10 years,New York,NY,142000.0
Operations Manager,Automotive,21 - 30 years,Portland,OR,110000.0
Director,Public Relations,11 - 20 years,Philadelphia,PA,165000.0
Senior Writer,Entertainment,21 - 30 years,Los Angeles,CA,105000.0
Portfolio Manager,Financial Technology,21 - 30 years,New York,NY,240000.0
Multimedia Producer,Communications,5 - 7 years,Los Angeles,CA,98000.0
Senior Marketing Associate,Consumer Services,2 - 4 years,Denver,CO,65000.0
Director,Advertising,11 - 20 years,Los Angeles,CA,140000.0
Director,Advertising,11 - 20 years,Los Angeles,CA,140000.0
Park Manager,Nonprofit,21 - 30 years,New York,NY,58000.0
Software Engineer,Software,11 - 20 years,New York,NY,130000.0
Research Director,Politics,2 - 4 years,Portland,ME,45000.0
Registrar,Museums,2 - 4 years,New York,NY,67000.0
Senior Chemist,Oil & Gas,11 - 20 years,Houston,TX,90000.0
Director of Databases,Education,8 - 10 years,Washington,DC,85000.0
Self-employed (business owner),High-tech manufacturing,31 - 40 years,Phoenix,AZ,207000.0
Support Manager,Software,11 - 20 years,Chicago,IL,133680.0
Senior Manager,Scientific association,11 - 20 years,Washington,DC,109000.0
Research Director,Market Research,21 - 30 years,Atlanta,GA,114000.0
Deputy Director of Admissions,Higher Education,8 - 10 years,Chicago,IL,84000.0
Director of Clinical Operations,Health Research/Education,11 - 20 years,Seattle,WA,97000.0
Architect,Architecture,5 - 7 years,Atlanta,GA,73000.0
Architect,Architecture,5 - 7 years,Atlanta,GA,73000.0
Genetic counselor,Healthcare,2 - 4 years,New York,NY,91000.0
Director of Clincial Operations,Health Research,11 - 20 years,Seattle,WA,97000.0
Software Engineer,Technology,8 - 10 years,San Francisco,CA,143000.0
Attorney,Law,5 - 7 years,New York,NY,203000.0
Producer,Network News,21 - 30 years,New York,NY,95000.0
Director,Architecture,8 - 10 years,New York,NY,140000.0
Senior Advisor Marketing,Technology,8 - 10 years,Austin,TX,126500.0
Director of Finance,Advertising/PR,11 - 20 years,Boston,MA,110000.0
Director of Products,Tech,21 - 30 years,Boston,MA,240000.0
Associate Director of Knitwear,Fashion,8 - 10 years,New York,NY,120000.0
CEO,Education,41 years or more,New York,NY,169000.0
Software Engineer,Real Estate Developer,5 - 7 years,New York,NY,140000.0
Legal Assistant,Legal,11 - 20 years,Portland,OR,75700.0
Learning specialist/head teacher,Education,8 - 10 years,New York,NY,83000.0
Program Coordinator,Nonprofit,2 - 4 years,Chicago,IL,45000.0
Assistant Program Director,Nonprofit,11 - 20 years,Los Angeles,CA,80000.0
Program Manager,Education Non-profit,5 - 7 years,Los Angeles,CA,58000.0
Senior Software Engineer,Software,5 - 7 years,Boston,MA,128750.0
Project Designer,Architecture,8 - 10 years,Chicago,IL,75000.0
Consultant,Professional Services,5 - 7 years,Minneapolis,MN,117000.0
Graphic Designer,Marketing,2 - 4 years,San Francisco,CA,63000.0
"Senior Manager, Data and Information Management",Healthcare,11 - 20 years,Boston,MA,150000.0
Administrative Assistant,Finance,5 - 7 years,San Francisco,CA,73000.0
Client Success Director,Technology,11 - 20 years,New York,NY,165000.0
Teacher,Education,5 - 7 years,Denver,CO,40000.0
Researcher,Research,5 - 7 years,San Francisco,CA,89000.0
Technical Director,Software,21 - 30 years,New York,NY,126000.0
Lead Operations Officer,Federal Government,11 - 20 years,St. Louis,MO,103329.0
Copy Editor,Legal,21 - 30 years,Los Angeles,CA,75000.0
Copy Editor,Legal,21 - 30 years,Los Angeles,CA,75000.0
Principal Product Manager,Technology,21 - 30 years,Seattle,WA,400000.0
Financial Coach,Nonprofit,5 - 7 years,Houston,TX,39900.0
Teacher,Education,11 - 20 years,San Francisco,CA,93000.0
Assoc Director,Pharmaceutical,11 - 20 years,San Francisco,CA,193000.0
COO,Energy,21 - 30 years,Houston,TX,250000.0
Portfolio Manager,Mortgage,2 - 4 years,Pittsburgh,PA,67200.0
Portfolio Manager,Mortgage,2 - 4 years,Pittsburgh,PA,67200.0
Portfolio Manager,Mortgage,2 - 4 years,Pittsburgh,PA,67200.0
Financial Analyst,Banking,5 - 7 years,Los Angeles,CA,85000.0
Account Director,Public Relations,8 - 10 years,Los Angeles,CA,100000.0
Account Director,Public Relations,8 - 10 years,Los Angeles,CA,100000.0
Senior Product Manager,Software,21 - 30 years,San Francisco,CA,176000.0
Lead Strategist and Researcher,Design,8 - 10 years,Los Angeles,CA,135000.0
Senior Product Manager,Software,21 - 30 years,San Francisco,CA,176000.0
Transportation Planning Associate,Transportation Planning,1 year or less,Los Angeles,CA,87000.0
Clinical Pharmacy Specialist,Healthcare,5 - 7 years,Boston,MA,130000.0
Elementary Teacher,Education,5 - 7 years,Austin,TX,46000.0
Senior Manager,Consumer Goods,11 - 20 years,Los Angeles,CA,153000.0
Analyst,Hospitality,1 year or less,Portland,OR,50000.0
Supervisor,Finance,8 - 10 years,Los Angeles,CA,92500.0
Senior Content Manager,Tech,5 - 7 years,San Francisco,CA,110000.0
Producer,Media,11 - 20 years,New York,NY,180000.0
Software Engineer,Information Technology,8 - 10 years,New York,NY,135000.0
Software Engineer,Fintech,1 year or less,Chicago,IL,135000.0
Software Engineer,Fintech,1 year or less,Chicago,IL,135000.0
Machine learning engineer,Tech,2 - 4 years,New York,NY,180000.0
Assistant Principal,Education,11 - 20 years,Philadelphia,PA,65000.0
Assistant Principal,Education,11 - 20 years,Philadelphia,PA,65000.0
HR Consulting Analyst,Consulting Professional Services,1 year or less,San Francisco,CA,75000.0
Senior Attorney,Law,8 - 10 years,Houston,TX,115000.0
Data Analyst,Retail,8 - 10 years,Portland,OR,98000.0
Data Analyst,Retail,8 - 10 years,Portland,OR,98000.0
Special Assistant,International aid,11 - 20 years,New York,NY,146833.0
Senior Analyst,Public Health,5 - 7 years,San Francisco,CA,85000.0
Senior Vice President,Insurance,41 years or more,Phoenix,AZ,400000.0
Director,Information Technology,11 - 20 years,Washington,DC,175000.0
Senior Finance Manager,Consumer Goods,11 - 20 years,Houston,TX,168000.0
Physician,Healthcare,11 - 20 years,Pittsburgh,PA,300000.0
Technical Account Manager,Software,11 - 20 years,Baltimore,MD,94000.0
Farmer,Agriculture,21 - 30 years,New York,NY,15000.0
Associate Attorney,Legal,8 - 10 years,New York,NY,450000.0
Senior Product Designer,Technology,11 - 20 years,Chicago,IL,145000.0
Teller,Banking,11 - 20 years,Washington,DC,34320.0
National Sales Manager,Sales,11 - 20 years,Chicago,IL,75000.0
Portfolio Manager,Financial Services,11 - 20 years,New York,NY,365000.0
"Manager, Operations Accounting",Oil & Gas,11 - 20 years,Houston,TX,140000.0
"Assistant, Product Development",Fashion,2 - 4 years,New York,NY,64000.0
"Assistant, Product Development",Fashion,2 - 4 years,New York,NY,64000.0
Store Support Team Leader,Retail,2 - 4 years,New York,NY,52000.0
RN,Healthcare,8 - 10 years,New York,NY,95000.0
Senior Marketing Manager,Technology,5 - 7 years,New York,NY,130000.0
Engineering Manager,Technology,11 - 20 years,New York,NY,190000.0
Assistant Company Manager,Theatre,2 - 4 years,New York,NY,42500.0
CSO,Biotech Startup,5 - 7 years,Boston,MA,150000.0
Software Engineering Manager,Retail,21 - 30 years,Dallas,TX,137000.0
Associate Professor,Academia,11 - 20 years,Chicago,IL,90000.0
Flight Attendant,Aviation,2 - 4 years,San Diego,CA,105000.0
Content Writer,Advertising,8 - 10 years,New York,NY,80000.0
Content Writer,Advertising,8 - 10 years,New York,NY,80000.0
bartender,Restaurant,5 - 7 years,Philadelphia,PA,50000.0
Assistant Buyer,Fashion,2 - 4 years,New York,NY,65000.0
Director,Electronics,21 - 30 years,Boston,MA,186000.0
VP of Finance,Luxury Goods,11 - 20 years,New York,NY,17500.0
Physician P,Healthcare,8 - 10 years,Philadelphia,PA,238000.0
Director of Growth,Tech,8 - 10 years,Seattle,WA,160000.0
IT Project Manager,Pulp & Paper,21 - 30 years,Atlanta,GA,125000.0
Server,Service,1 year or less,San Francisco,CA,65000.0
Prosthetist/Orthotist,Medical,8 - 10 years,New York,NY,93000.0
Director,Automotive,21 - 30 years,Austin,TX,135000.0
Attorney,Law,5 - 7 years,Chicago,IL,125000.0
Attorney,Law,5 - 7 years,Chicago,IL,125000.0
Sweater Designer,Fashion Design,5 - 7 years,New York,NY,82000.0
Relationship Associate,Banking,21 - 30 years,Phoenix,AZ,68980.0
Senior Director,Marketing,8 - 10 years,Seattle,WA,185000.0
Senior Analyst,Insurance,2 - 4 years,Boston,MA,103000.0
B2B Marketing Manager,Spirits,5 - 7 years,New York,NY,113500.0
Assistant Professor,Academic Medical Center,2 - 4 years,Atlanta,GA,100000.0
Research Analyst,Finance,11 - 20 years,San Francisco,CA,285000.0
Digital Marketing Director,Nonprofit,8 - 10 years,New York,NY,110000.0
Physical Therapist,Healthcare,5 - 7 years,Chicago,IL,82000.0
Lawyer,Legal,11 - 20 years,Washington,DC,200000.0
Physical Therapist,Healthcare,5 - 7 years,Chicago,IL,82000.0
Physical Therapist,Healthcare,5 - 7 years,Chicago,IL,82000.0
Concierge,High end retail,5 - 7 years,Dallas,TX,65000.0
Associate Dean,Higher Education,11 - 20 years,Philadelphia,PA,147000.0
Assistant Professor,Art,2 - 4 years,Chicago,IL,80000.0
Director,Public Media,31 - 40 years,Washington,DC,96000.0
Director,Finance,11 - 20 years,Los Angeles,CA,150000.0
Software Engineer,Finance,21 - 30 years,New York,NY,250000.0
Research Lab Manager,Higher Education,21 - 30 years,Chicago,IL,47800.0
Project Manager,Nonprofit,2 - 4 years,St. Louis,MO,58100.0
Solutions Consultant,Sales,2 - 4 years,San Francisco,CA,150000.0
Software Engineer,Tech,1 year or less,New York,NY,125600.0
Engineering Director,Computer Hardware,11 - 20 years,Austin,TX,255000.0
Director of Partner Marketing,Software,11 - 20 years,Atlanta,GA,180000.0
Software Engineer,Entertainment,5 - 7 years,Los Angeles,CA,200000.0
Executive Assistant,Advertising,21 - 30 years,New York,NY,98000.0
Business Analyst,Technology,5 - 7 years,New York,NY,130000.0
Senior Accountant,Construction,11 - 20 years,San Francisco,CA,74500.0
PM,Ecommerce,11 - 20 years,San Francisco,CA,300000.0
House Manager,Theatre Entertainment,8 - 10 years,New York,NY,100000.0
Software Engineer,Tech,8 - 10 years,San Francisco,CA,120000.0
"Senior Director, Product Management",Entertainment,21 - 30 years,Los Angeles,CA,311000.0
Realtor,Real Estate,5 - 7 years,San Diego,CA,95000.0
Director of Research and Evaluation,"Social Sector (nonprofits, philanthropy)",11 - 20 years,San Francisco,CA,161000.0
Sales Manager,Medical Devices,5 - 7 years,Denver,CO,100000.0
Vice President,Nonprofit,31 - 40 years,St. Louis,MO,70000.0
Marketing Manager,Architecture,21 - 30 years,San Diego,CA,101000.0
Senior Marketing Manager,Technology,21 - 30 years,Austin,TX,150000.0
Project Coordinator,Technology,2 - 4 years,Pittsburgh,PA,58009.0
Program Manager,Software,8 - 10 years,Seattle,WA,130000.0
Underwriter manager,Banking,21 - 30 years,New York,NY,210000.0
Program Manager,Software,8 - 10 years,Seattle,WA,130000.0
Optical Engineer,Optics,8 - 10 years,Philadelphia,PA,100000.0
Account Manager,Marketing,8 - 10 years,New York,NY,115000.0
Lead Data Scientist,Ad Tech,2 - 4 years,New York,NY,140000.0
Software Engineer,Tech,1 year or less,San Francisco,CA,100000.0
Senior Finance Analyst,Technology,8 - 10 years,Phoenix,AZ,112000.0
Senior Site Reliability Engineer,Software,8 - 10 years,Seattle,WA,400000.0
Tax Manager,Accounting,5 - 7 years,Seattle,WA,107000.0
Designer,Landscape Architecture,5 - 7 years,San Francisco,CA,59000.0
Registered Nurse,Healthcare,2 - 4 years,Portland,OR,90000.0
Program Manager,Technology,21 - 30 years,Pittsburgh,PA,225000.0
Senior Director of Arts,Arts,11 - 20 years,New York,NY,110000.0
CAPT Uniform Service,Government research,21 - 30 years,Washington,DC,168000.0
ACAD Plumbing Detailer,Construction,11 - 20 years,Seattle,WA,275000.0
director of client happiness,Software Sales,21 - 30 years,New York,NY,65000.0
IT Lead,Agriculture,11 - 20 years,St. Louis,MO,175000.0
Sales,Payroll/HR,31 - 40 years,Boston,MA,80000.0
HR Operations Assistant,Corporate,2 - 4 years,Minneapolis,MN,47000.0
Managing Director,Food,11 - 20 years,Minneapolis,MN,215000.0
Sales,Finance,11 - 20 years,New York,NY,200000.0
Addictions Manager,Social Work,2 - 4 years,New York,NY,66000.0
Vice President,Investments,8 - 10 years,Los Angeles,CA,225000.0
Brand Manager,SaaS,2 - 4 years,Washington,DC,80000.0
Director of Corporate Communications,Corporate communications,21 - 30 years,Boston,MA,185000.0
HIgh School Science Teacher,Education,31 - 40 years,Washington,DC,94000.0
Writer,Publishing,31 - 40 years,New York,NY,250000.0
Director,Government Relations,11 - 20 years,Washington,DC,155000.0
Director,Government Relations,11 - 20 years,Washington,DC,155000.0
Director,Government Relations,11 - 20 years,Washington,DC,155000.0
Director,Government Relations,11 - 20 years,Washington,DC,155000.0
Senior Vice President,Banking,11 - 20 years,Baltimore,MD,192000.0
Consultant,Market Research,1 year or less,Boston,MA,66000.0
Assistant Vice President,Information technology  within financial services,31 - 40 years,New York,NY,137500.0
Senior Account Manager,Advertising,5 - 7 years,New York,NY,82000.0
Scientist,Public Health,21 - 30 years,Atlanta,GA,120000.0
VP of Product Management,Media,11 - 20 years,New York,NY,215000.0
Buyer,Retail,11 - 20 years,New York,NY,175000.0
Project Manager,Transportation,8 - 10 years,Austin,TX,115000.0
Client Finance Manager,Advertising,8 - 10 years,New York,NY,105000.0
Vice President,Engineering,11 - 20 years,New York,NY,187000.0
Purchasing Manager,Hospitality and Catering,11 - 20 years,Washington,DC,95500.0
Engineer,Aerospace,8 - 10 years,Seattle,WA,133000.0
Project Planner,Construction,5 - 7 years,Seattle,WA,63000.0
Editor/manager,Custom content,31 - 40 years,New York,NY,150000.0
"Senior Director, Marketing",Healthcare - Medical Device,21 - 30 years,Minneapolis,MN,247000.0
Practice Manager,Healthcare,2 - 4 years,St. Louis,MO,55000.0
Software Engineer,Telecommunications,11 - 20 years,Pittsburgh,PA,100000.0
Manager,Healthcare,5 - 7 years,New York,NY,140000.0
Manager,Healthcare,5 - 7 years,New York,NY,140000.0
Certified Financial Planner,Financial Services,21 - 30 years,Washington,DC,90000.0
Library Manager,Libraries,11 - 20 years,Minneapolis,MN,101000.0
Software Engineer,Financial,11 - 20 years,Chicago,IL,135000.0
Assistant Controller,Accounting,8 - 10 years,New York,NY,85000.0
Executive Assistant,Public Accounting,8 - 10 years,Dallas,TX,57000.0
Senior Director Legal & Business Affairs,Media,21 - 30 years,New York,NY,205000.0
Head of Digtal Marketing,Financial Services,21 - 30 years,New York,NY,275000.0
Owner/ event planner,Events,8 - 10 years,New York,NY,250000.0
Paralegal,Law,31 - 40 years,Portland,OR,62000.0
Operations Analyst,Real Estate,2 - 4 years,Portland,OR,102500.0
Portfolio Manager,Banking,31 - 40 years,Portland,OR,105000.0
Senior Economist,International Development,11 - 20 years,Washington,DC,204000.0
Customer Service Manager,Online Retail,8 - 10 years,Portland,OR,85000.0
VIce President business and legal affairs,Law,11 - 20 years,New York,NY,200000.0
Principal,Consulting,11 - 20 years,Washington,DC,425000.0
Executive Director,Nonprofit,11 - 20 years,Washington,DC,113000.0
Teacher,Education,2 - 4 years,Los Angeles,CA,90000.0
Senior Technical Consultant,Industrial Automation,31 - 40 years,Denver,CO,118000.0
Owner,Graphic Design,21 - 30 years,New York,NY,40000.0
VP Marketing,Financial Services,11 - 20 years,New York,NY,190000.0
Software Engineer,Ecommerce,5 - 7 years,New York,NY,120000.0
Senior Software Engineer,Tech,11 - 20 years,Austin,TX,165000.0
Associate,Finance,31 - 40 years,New York,NY,110000.0
Director of Industrial Design,Consumer Electronics,11 - 20 years,Seattle,WA,140000.0
Biostatistician,Biotech,2 - 4 years,San Diego,CA,90000.0
Technical Services Manager,Information Technology,11 - 20 years,New York,NY,90000.0
Senior Product Manager,Technology,5 - 7 years,New York,NY,160000.0
EHS specialist,Pharmaceutical R&D,8 - 10 years,Boston,MA,95200.0
Program Director,Information Technology,11 - 20 years,Minneapolis,MN,290000.0
Senior Actuarial Analyst,Health Insurance,5 - 7 years,Boston,MA,95000.0
Account Manager,Healthcare,2 - 4 years,Austin,TX,101000.0
User Experience Designer,Retail,21 - 30 years,Pittsburgh,PA,85000.0
Occupational therapist,Educational Special Services,1 year or less,Denver,CO,53000.0
Copy editor/proofreader,Financial Services,21 - 30 years,Boston,MA,75000.0
Physician,Healthcare,2 - 4 years,Portland,OR,195000.0
Communications Manager,Telecommunications Technology,31 - 40 years,Dallas,TX,111000.0
Vice President,Foundation,31 - 40 years,Los Angeles,CA,360000.0
HR Coordinator,Advertising,2 - 4 years,St. Louis,MO,42000.0
Bookkeeper,Arts & Media,21 - 30 years,New York,NY,92000.0
Financial Coordinator,Higher Education,2 - 4 years,Pittsburgh,PA,49000.0
Professor,Higher Education,11 - 20 years,Los Angeles,CA,125000.0
SVP Group Creative Director,Advertising,11 - 20 years,New York,NY,250000.0
Senior Systems Analyst,Higher Education,21 - 30 years,Chicago,IL,98000.0
VP,Technology,8 - 10 years,Boston,MA,310000.0
Senior VP product,Healthcare,11 - 20 years,Denver,CO,320000.0
Office Manager,small construction,2 - 4 years,New York,NY,52000.0
Designer/fabricator,Design,2 - 4 years,New York,NY,47500.0
Gastroenterologist,Medicine,11 - 20 years,New York,NY,385000.0
Senior Analyst,Tax,5 - 7 years,Dallas,TX,77000.0
Senior Scientist,Pharmaceutical,8 - 10 years,Boston,MA,128000.0
Vice President,Commercial Real Estate,21 - 30 years,New York,NY,250000.0
Intelligence Analyst,Federal Government,11 - 20 years,Washington,DC,125024.0
Director of Membership,Nonprofit / Arts / Museums,2 - 4 years,Dallas,TX,85000.0
CFO,Construction,11 - 20 years,Washington,DC,305000.0
Divisional Merchandising Manager,Direct Marketing,31 - 40 years,Minneapolis,MN,209000.0
Associate Project Manager,Entertainment,11 - 20 years,Los Angeles,CA,75000.0
Associate Project Manager,Entertainment,11 - 20 years,Los Angeles,CA,75000.0
Talent Acquisition Coordinator,Education,5 - 7 years,Chicago,IL,43000.0
Manager,Community Management,21 - 30 years,Houston,TX,60000.0
faculty research assistant,environmental science/research,5 - 7 years,Portland,OR,54000.0
Researcher/Writer,Higher Ed,8 - 10 years,Boston,MA,65000.0
Broker,Real Estate,31 - 40 years,Portland,OR,70000.0
Associate,Accounting,2 - 4 years,Chicago,IL,60000.0
Associate,Accounting,2 - 4 years,Chicago,IL,60000.0
Chief Marketing Officer,Restaurant,21 - 30 years,Boston,MA,250000.0
Enterprise Account Executive,Technology,11 - 20 years,Austin,TX,127000.0
Program Manager,Medical Devices,11 - 20 years,San Diego,CA,135000.0
CLO,Biotech,11 - 20 years,San Francisco,CA,485000.0
Art Director,Education,11 - 20 years,Los Angeles,CA,72000.0
UX Researcher,Technology,2 - 4 years,Atlanta,GA,87000.0
Video Producer,Media,11 - 20 years,New York,NY,75000.0
Teacher,Education,5 - 7 years,New York,NY,62000.0
MD,Healthcare,5 - 7 years,Pittsburgh,PA,500000.0
Data Analyst,Insurance,2 - 4 years,Austin,TX,65000.0
Archivist,Arts,8 - 10 years,New York,NY,65000.0
Digital Marketing Director,Digital Marketing,11 - 20 years,Chicago,IL,114000.0
Systems Engineer,IT/Retail,2 - 4 years,New York,NY,172000.0
Global Talent Manager,Consulting,21 - 30 years,Chicago,IL,182300.0
MD,Healthcare,5 - 7 years,Pittsburgh,PA,500000.0
Senior Auditor,Government,11 - 20 years,New York,NY,120000.0
Senior Editor,Media,11 - 20 years,New York,NY,117000.0
Associate Director,Healthcare Consulting,11 - 20 years,Chicago,IL,210000.0
Director of Engineering,Technology,8 - 10 years,New York,NY,150000.0
Environmental Scientist,Government,11 - 20 years,Denver,CO,109000.0
Product Manager,Technology,5 - 7 years,Atlanta,GA,90000.0
Credit Analyst,Banking,11 - 20 years,Philadelphia,PA,96000.0
"EVP, Group Account Director",Advertising,21 - 30 years,Los Angeles,CA,410000.0
C-Suite,Energy,21 - 30 years,Houston,TX,400000.0
System Administrator,IT,11 - 20 years,San Diego,CA,150000.0
Creative Director,Marketing,11 - 20 years,New York,NY,130000.0
Senior fund of hedge funds analyst,Investment asset management,11 - 20 years,New York,NY,500000.0
Senior Project Manager,Sign Manufacturing,31 - 40 years,San Diego,CA,93000.0
Project Manager,Real Estate,5 - 7 years,Boston,MA,90440.0
Analyst,Media,2 - 4 years,Los Angeles,CA,80000.0
Senior Business Analyst,Technology,8 - 10 years,San Diego,CA,150000.0
Clinical Program Manager,Health Insurance,11 - 20 years,Dallas,TX,88000.0
Clinical Program Manager,Health Insurance,11 - 20 years,Dallas,TX,88000.0
Learning and Development Coordinator,Human Resources,11 - 20 years,Washington,DC,75000.0
Attorney,Law,2 - 4 years,St. Louis,MO,90000.0
Data Scientist,Technology,5 - 7 years,Seattle,WA,104800.0
Customer Success Manager,Marketing Tech,5 - 7 years,New York,NY,125000.0
Director of Product Development,Beauty,5 - 7 years,Los Angeles,CA,135000.0
Analytic Consultant,Commercial Banking,11 - 20 years,San Francisco,CA,142800.0
College Admissions Consultant,Education,21 - 30 years,San Diego,CA,60000.0
Deputy county attorney,Legal,31 - 40 years,Phoenix,AZ,137000.0
"Director, UX Design",Design,11 - 20 years,New York,NY,200000.0
Flight Test Engineer,Aerospace & Defense,5 - 7 years,Los Angeles,CA,140000.0
Associate Professor,Higher Education,11 - 20 years,Baltimore,MD,96000.0
Manager of Knowledge Management & Library,Legal,21 - 30 years,San Francisco,CA,115000.0
Principal Software Engineer,Hospitality,11 - 20 years,Los Angeles,CA,214000.0
Strategist,Ecommerce,8 - 10 years,San Diego,CA,105000.0
Office lead data scientist,Tech,2 - 4 years,Boston,MA,100000.0
Senior Acquisition Analyst,Government Contracting,5 - 7 years,Washington,DC,90000.0
Polymer Research Scientist,Engineering,8 - 10 years,Austin,TX,65000.0
Account Manager,IT,11 - 20 years,Atlanta,GA,125000.0
Public Relations Advisor,Public Relations,11 - 20 years,New York,NY,125000.0
EVP,Insurance,41 years or more,New York,NY,300000.0
Group creative director,Design,11 - 20 years,New York,NY,256000.0
Research Associate,Academia,11 - 20 years,Austin,TX,60000.0
Senior Program Manager,Nonprofit,1 year or less,Austin,TX,72000.0
Senior Electronic Healthcare Record Application Analyst,Healthcare,5 - 7 years,Philadelphia,PA,87000.0
Director,Tech,11 - 20 years,New York,NY,300000.0
Director client strategy,Digital Marketing,5 - 7 years,New York,NY,120000.0
Senior Manager,Consulting,21 - 30 years,Dallas,TX,170000.0
Head of Product Management,Software,11 - 20 years,Seattle,WA,400000.0
Cameraman,Film Industry,11 - 20 years,Los Angeles,CA,130000.0
Associate Director,Healthcare,11 - 20 years,Washington,DC,160000.0
Vice President,Healthcare,11 - 20 years,New York,NY,360000.0
Senior Financial Analyst,Computer Software,5 - 7 years,Austin,TX,120000.0
Curator,Art museum,5 - 7 years,Boston,MA,50000.0
IT Director,Construction,11 - 20 years,Chicago,IL,200000.0
Marketing Assistant,Startup,11 - 20 years,New York,NY,41000.0
Vice President,Real Estate,5 - 7 years,Chicago,IL,125000.0
Account Manager,Digital Advertising,11 - 20 years,Atlanta,GA,73000.0
Director of Data Engineering,Finance/Banking,11 - 20 years,New York,NY,240000.0
Accountant,Consumer Products,31 - 40 years,New York,NY,90000.0
Sales Manager,Sales,5 - 7 years,New York,NY,55000.0
HR Consultant,Hospitality,8 - 10 years,New York,NY,120000.0
Senior Director,Marketing,21 - 30 years,Dallas,TX,170000.0
Outbound Sales Development Rep,HR Technology,8 - 10 years,New York,NY,70000.0
Senior Financial Consultant,Financial Cloud Software,21 - 30 years,Chicago,IL,125000.0
Senior storyteller,Professional Services,11 - 20 years,Denver,CO,83000.0
Digital News Producer,Journalism,5 - 7 years,New York,NY,64575.0
Editor,Film,11 - 20 years,Los Angeles,CA,140000.0
Finance Director,Technology,8 - 10 years,San Francisco,CA,230000.0
UX/UI Designer,Advertising tech,5 - 7 years,New York,NY,230000.0
Account Executive,Insurance,8 - 10 years,New York,NY,115000.0
UX/UI Designer,Technology,5 - 7 years,Seattle,WA,170000.0
photo stylist,Ecommerce,5 - 7 years,San Francisco,CA,63000.0
Senior Geologist,Environmental Consulting,21 - 30 years,Austin,TX,90000.0
Emotional Wellness Manager,Non-Profit Management,2 - 4 years,New York,NY,80000.0
IT Manager,Information Technology,11 - 20 years,Pittsburgh,PA,150000.0
Monitoring & Evaluation Specialist,International Development,8 - 10 years,Washington,DC,70000.0
Director of Product Marketing,Software,11 - 20 years,Austin,TX,150000.0
Quality Improvement Manager,Health Insurance,21 - 30 years,New York,NY,136000.0
Electrical Foreman,Construction,8 - 10 years,Boston,MA,78000.0
Human Resources Manager,Manufacturing,5 - 7 years,Philadelphia,PA,135000.0
Business Officer,Nonprofit,2 - 4 years,Boston,MA,58000.0
"Manger, Insights",Market Research,5 - 7 years,New York,NY,80000.0
Senior Financial Analyst,Higher Education Finance,11 - 20 years,New York,NY,103000.0
Business Development,Healthcare,1 year or less,New York,NY,92000.0
Managing Director,Advertising,11 - 20 years,New York,NY,325000.0
Finance Analyst,Media,1 year or less,New York,NY,66000.0
CFO,Software,31 - 40 years,San Francisco,CA,500000.0
Project Manager,Automotive,5 - 7 years,Dallas,TX,112000.0
Associate Professor,University,11 - 20 years,Boston,MA,120000.0
Interior Designer,Design,11 - 20 years,Denver,CO,65000.0
Department Administrator,Higher Education,11 - 20 years,Philadelphia,PA,70000.0
Senior Manager Billing,Technology,21 - 30 years,Phoenix,AZ,100006.0
Senior Manager Billing,Technology,21 - 30 years,Phoenix,AZ,100006.0
Senior Scientist,Biotech,5 - 7 years,San Francisco,CA,145000.0
Managing Director,Marketing,11 - 20 years,Washington,DC,220000.0
Front Desk Manager,Hospitality,2 - 4 years,Austin,TX,46400.0
Medical Director,Healthcare,21 - 30 years,Los Angeles,CA,292000.0
"Vice President, Programming",Television,11 - 20 years,New York,NY,185000.0
Senior Product Manager,Marketing,5 - 7 years,New York,NY,145000.0
Sales Executive,Tech,5 - 7 years,New York,NY,190000.0
Manager,Public Accounting,5 - 7 years,Denver,CO,80000.0
Chief Marketing Officer,Restaurant,21 - 30 years,Boston,MA,250000.0
Operating partner,Private Equity,21 - 30 years,New York,NY,400000.0
Industry Technical Consultant,Specialty Chemicals,31 - 40 years,Houston,TX,154500.0
Technical Lead,Technology,2 - 4 years,Minneapolis,MN,106000.0
Business Intelligence Analyst,Retail,11 - 20 years,Seattle,WA,82000.0
Product Manager,Technology,11 - 20 years,New York,NY,96500.0
Enterprise Engineer,IT,8 - 10 years,San Francisco,CA,150000.0
Director of Guest Services,Museums,8 - 10 years,Seattle,WA,75000.0
Analyst,Marketing,2 - 4 years,New York,NY,55000.0
Applied Data Scientist,Technology,2 - 4 years,Chicago,IL,78000.0
Program Manager,Technology,8 - 10 years,San Francisco,CA,180000.0
Recruiter,Technology,2 - 4 years,San Francisco,CA,102500.0
Principal Software Engineer,Medical Technology,8 - 10 years,San Diego,CA,136000.0
Strategy Manager,Healthcare,11 - 20 years,San Francisco,CA,150000.0
Technical Recruiter,Tech,2 - 4 years,Seattle,WA,117000.0
Marketing Manager,Food & Beverage,5 - 7 years,Portland,OR,52000.0
Commercial Banker,Banking,21 - 30 years,Austin,TX,155000.0
Senior Specialist,Technology,5 - 7 years,New York,NY,82000.0
Communications Lead,Tech,5 - 7 years,San Francisco,CA,130000.0
Associate,Banking,8 - 10 years,New York,NY,150000.0
Manager,Healthcare,31 - 40 years,Portland,OR,80000.0
Senior Proposal Manager,Commercial Real Estate,11 - 20 years,Atlanta,GA,102000.0
Managing Director,Financial Services,31 - 40 years,Boston,MA,250000.0
Vice President Global Channel Sales,High Tech,21 - 30 years,Boston,MA,360000.0
Senior Content Developer,Publishing,21 - 30 years,Austin,TX,71600.0
Senior Proposal Manager,Commercial Real Estate,11 - 20 years,Atlanta,GA,102000.0
Director of Marketing,Legal,21 - 30 years,Washington,DC,150000.0
Revenue Accountant,Oil and Gas,2 - 4 years,Houston,TX,65000.0
Revenue Accountant,Oil and Gas,2 - 4 years,Houston,TX,65000.0
Marketing Director,Nonprofit,2 - 4 years,Atlanta,GA,55000.0
Executive Assistant,Nonprofit,8 - 10 years,Boston,MA,60000.0
Executive Director,Technology,21 - 30 years,Los Angeles,CA,119000.0
Sales Development Manager,Software Sales,5 - 7 years,Boston,MA,75000.0
Development Associate,Nonprofit fundraising,2 - 4 years,New York,NY,48000.0
College Operations Coordinator,Higher Ed,5 - 7 years,Chicago,IL,43500.0
Director Software Development,Currently unemployed,31 - 40 years,Denver,CO,153000.0
Communications Associate,Higher Ed,11 - 20 years,Baltimore,MD,85000.0
Senior Publications Manager,Pharma,11 - 20 years,Chicago,IL,123000.0
Development Director,Nonprofit,11 - 20 years,San Francisco,CA,135000.0
SDR,Software,2 - 4 years,Washington,DC,110000.0
Transportation Manager,Logistics,11 - 20 years,Minneapolis,MN,120000.0
Expert Construction Operations Manager,Utilities,8 - 10 years,San Francisco,CA,128000.0
Strategy Director,Health Insurance,8 - 10 years,Chicago,IL,275000.0
Component Engineer,Aerospace/Defenses,2 - 4 years,Denver,CO,105000.0
Associate Director of Communications,Financial Services,8 - 10 years,New York,NY,115000.0
Product Manager,Tech,11 - 20 years,San Diego,CA,120000.0
Marketing Manager,Retail,11 - 20 years,San Francisco,CA,115000.0
Sales Engineer,Telecom/Cloud,5 - 7 years,Denver,CO,150000.0
Associate Health Scientist,Health Risk Assessment,2 - 4 years,New York,NY,77250.0
Compliance Officer for Investment Advisory Firm,Finance,11 - 20 years,St. Louis,MO,120000.0
Community Business Coordinator,Business Services,1 year or less,Denver,CO,48000.0
Architect,IT,11 - 20 years,Atlanta,GA,155000.0
Curriculum & Quality Coordinator - Healthy Living Programs,Nonprofit,2 - 4 years,Chicago,IL,40000.0
Director of Strategy,Health Insurance,11 - 20 years,Boston,MA,175000.0
HR Coordinator,Fitness,8 - 10 years,Chicago,IL,50000.0
Software Engineer,Oil & Gas,1 year or less,Houston,TX,120000.0
Chief Compliance Officer,Finance,11 - 20 years,New York,NY,400000.0
Marketing Specialist,Staffing,2 - 4 years,Atlanta,GA,56000.0
Senior Clinical Research Program Manager,Clinical Research,11 - 20 years,Boston,MA,91000.0
Franchise Recruitment Manager,Franchising,5 - 7 years,New York,NY,89000.0
Prepress Manager,Printing,21 - 30 years,Dallas,TX,67900.0
Sales Enablement Associate,E-Learning,2 - 4 years,New York,NY,60000.0
PR Manager,Food tech,2 - 4 years,New York,NY,85000.0
Software Director,Fitness,8 - 10 years,Portland,OR,150000.0
Structural Engineer,Civil Engineering,8 - 10 years,Los Angeles,CA,98000.0
Donor Communications Manager,Nonprofit,5 - 7 years,San Francisco,CA,70000.0
Lab Tech,Oil and Gas,2 - 4 years,Chicago,IL,65000.0
Research Analyst,Finance,5 - 7 years,Boston,MA,175000.0
Global Talent & Organizational Development Manager,Advertising,5 - 7 years,New York,NY,74750.0
Office Manager,Real Estate,8 - 10 years,Seattle,WA,60000.0
Postdoctoral Fellow,Higher Education,11 - 20 years,San Francisco,CA,63000.0
General Counsel,Financial Services,8 - 10 years,Chicago,IL,240000.0
Product Manager,Technology,2 - 4 years,San Francisco,CA,118000.0
Technical Sales Manager,Oil & Gas,11 - 20 years,Houston,TX,110000.0
Architect,Architecture,8 - 10 years,Atlanta,GA,73000.0
Director of Risk Management,Healthcare,2 - 4 years,Houston,TX,93700.0
Ticket Sales,Sports/Entertainment,21 - 30 years,Chicago,IL,80000.0
VP Global Treasury,Financial Services,11 - 20 years,New York,NY,195000.0
Marketing Manager,Finance,1 year or less,New York,NY,36000.0
Software Engineer,Computer Software,1 year or less,Portland,OR,72000.0
Associate Project Manager,Consulting,11 - 20 years,New York,NY,114000.0
Software Engineering Manager,Healthcare,11 - 20 years,Seattle,WA,156000.0
Director,Retail,11 - 20 years,San Francisco,CA,197000.0
Catering Sales Manager,Hospitality,5 - 7 years,San Diego,CA,60000.0
Editorial Director,Finance,5 - 7 years,New York,NY,170000.0
Principal Engineer,Oil and Gas Services,11 - 20 years,Houston,TX,141000.0
Office Manager,Accounting,8 - 10 years,Philadelphia,PA,42500.0
Customer Success Manager,Talent Acquisition,5 - 7 years,Chicago,IL,55000.0
Realty Specialist,Government,11 - 20 years,Dallas,TX,95000.0
Senior Communications Manager,IT,5 - 7 years,Chicago,IL,90000.0
Manager,Consulting,5 - 7 years,Pittsburgh,PA,91000.0
Director,Professional Services,2 - 4 years,Los Angeles,CA,82500.0
"Senior Manager, UX",Technology,8 - 10 years,Chicago,IL,123000.0
Manager of Strategy and Operations,Retail,11 - 20 years,Boston,MA,147500.0
Sales Executive,Technology,11 - 20 years,San Francisco,CA,450000.0
Senior Associate,Consulting,8 - 10 years,Washington,DC,110000.0
Senior Specialist,Pharmaceutical Manufacturer,5 - 7 years,Washington,DC,124660.0
"Vice President, Talent Acquisition",Legal Services,8 - 10 years,New York,NY,226000.0
Finance Manager,Technology,5 - 7 years,Chicago,IL,115000.0
HR Product Manager,Restaurant,5 - 7 years,Chicago,IL,117000.0
Teacher,Education,5 - 7 years,New York,NY,90000.0
BD Assistant,AEC,2 - 4 years,Seattle,WA,60000.0
Vice President,Financial Services,11 - 20 years,Dallas,TX,230000.0
Associate Director,Government Affairs,5 - 7 years,Washington,DC,135000.0
Catering Director,Food and Beverage,2 - 4 years,Seattle,WA,68000.0
Food Scientist,Food Industry (CPG),1 year or less,Minneapolis,MN,74000.0
Design Researcher,Design and Technology,8 - 10 years,Portland,OR,125000.0
Director of Information Security,Healthcare,11 - 20 years,Seattle,WA,200000.0
Technical Professional,Industrial Hygiene,8 - 10 years,Seattle,WA,69000.0
"Director, Congressional Relations",Government Affairs,5 - 7 years,Washington,DC,98500.0
Clinical Manager,Consumer Goods,5 - 7 years,Los Angeles,CA,105000.0
Donor Relations Coordinator,Fundraising,2 - 4 years,Philadelphia,PA,40800.0
Program Manager,Aerospace,11 - 20 years,Los Angeles,CA,160000.0
Mid Market Account Executive,Tech Sales,2 - 4 years,San Francisco,CA,150000.0
Senior Director,Energy,21 - 30 years,Chicago,IL,205000.0
Marketing Director,Professional Services,11 - 20 years,New York,NY,108000.0
Talent Acquisition Manager,Tech,5 - 7 years,New York,NY,112000.0
Clinical Research Manager,Pharma,21 - 30 years,San Francisco,CA,185000.0
Sales Director,Advertising,5 - 7 years,New York,NY,135000.0
Recruiting Specialist,Information Technology,11 - 20 years,St. Louis,MO,83800.0
Recruiter,Insurance brokerage,11 - 20 years,St. Louis,MO,125000.0
Account Supervisor,Public Relations,8 - 10 years,San Francisco,CA,70000.0
Senior Solutions Engineer,Software,8 - 10 years,Austin,TX,140000.0
Senior Vice President (Engagement Manager),Management Consulting,11 - 20 years,Los Angeles,CA,202000.0
Buyer,Ecommerce,1 year or less,San Francisco,CA,60000.0
Risk & Compliance Manager,Technology,2 - 4 years,San Francisco,CA,172000.0
Business Development Manager,Legal,5 - 7 years,San Francisco,CA,107000.0
Exec Assistant,Luxury Goods,31 - 40 years,New York,NY,89000.0
Marketing Coordinator,Tech,8 - 10 years,New York,NY,52000.0
Speech Language Pathologist,Healthcare,8 - 10 years,Seattle,WA,90000.0
Instructional Designer,Medical Devices,11 - 20 years,Boston,MA,100000.0
Environmental Health & Safety Director,Electronics Manufacturing,31 - 40 years,Boston,MA,138000.0
Software Engineer,Finance,11 - 20 years,Philadelphia,PA,280000.0
Midday DJ,Radio,41 years or more,Philadelphia,PA,120000.0
"Manager, Provider Relations",Healthcare Insurance,2 - 4 years,Houston,TX,88000.0
Senior Software Engineer,Internet Technology,11 - 20 years,Washington,DC,190000.0
Senior Associate,Strategy Consulting,8 - 10 years,New York,NY,85000.0
Director,Financial Services,21 - 30 years,Chicago,IL,210000.0
Psychiatric Nurse Practitioner,Healthcare,2 - 4 years,San Francisco,CA,169000.0
Digital Media Specialist,Communications,5 - 7 years,Denver,CO,48000.0
Sales Coordinator,Book publishing,2 - 4 years,New York,NY,43000.0
Director of Taxatio,Taxation and accounting,21 - 30 years,Dallas,TX,270000.0
Senior Specialist,Nonprofit,11 - 20 years,San Diego,CA,96000.0
Regional Sales VP,Finance,8 - 10 years,Boston,MA,400000.0
Senior Proposal Manager,Commercial Real Estate,11 - 20 years,Atlanta,GA,102000.0
Senior Relationship Manager,Wealth Management,21 - 30 years,Boston,MA,175000.0
Chief Growth Officer,Healthcare,11 - 20 years,Chicago,IL,500000.0
Photographer,Fine Art Market,8 - 10 years,New York,NY,80000.0
Vice President,Financial,21 - 30 years,Washington,DC,400000.0
Police Lieutenant,Retired,31 - 40 years,New York,NY,458000.0
retired public school teacher,education/retired,31 - 40 years,Chicago,IL,70000.0
senior statistical data analyst,Higher Education,21 - 30 years,St. Louis,MO,70000.0
Senior Associate Brand Manager,Manufacturing,11 - 20 years,Chicago,IL,115000.0
Director of Alumni Engagement,Higher Education,11 - 20 years,Philadelphia,PA,80000.0
HR Generalist,Journalism,5 - 7 years,Washington,DC,61000.0
Development Specialist,Development & Fundraising,2 - 4 years,Austin,TX,56000.0
Digital Support Specialist,Legal,5 - 7 years,Philadelphia,PA,50000.0
HR Generalist,Tech,2 - 4 years,Austin,TX,62000.0
Assistant Editor,Publishing / Nonprofit,11 - 20 years,Chicago,IL,49500.0
Reference Librarian,Finance,8 - 10 years,New York,NY,86000.0
Financial Production Coordinator,Marketing,1 year or less,Portland,OR,44000.0
Paraplanner,Financial Planning,11 - 20 years,Houston,TX,65000.0
Senior Investigations Editor,Journalism,21 - 30 years,New York,NY,210000.0
Sales Operations Specialist,Tech,5 - 7 years,Portland,OR,115000.0
Customer Success Manager,Technology,2 - 4 years,New York,NY,75000.0
IT Senior analyst,Healthcare,21 - 30 years,Houston,TX,119500.0
Senior Financial Analyst,Media/cable,5 - 7 years,Denver,CO,72500.0
Coordinator,Healthcare,8 - 10 years,Minneapolis,MN,67500.0
Vice President of Development,Nonprofit,11 - 20 years,New York,NY,145000.0
Portfolio Manager,Finance,2 - 4 years,Seattle,WA,85000.0
Accounting,Finance,8 - 10 years,New York,NY,170000.0
Management Consultant,Healthcare,11 - 20 years,Austin,TX,65000.0
Director of Operational Technologies,Energy,31 - 40 years,Seattle,WA,180000.0
Social Worker,Mental Health,21 - 30 years,Austin,TX,63000.0
Musician,"Arts non-profit, Orchestra",11 - 20 years,Portland,OR,50000.0
Software Developer--Team Lead,Health Science,11 - 20 years,New York,NY,87000.0
Attorney,Law,5 - 7 years,New York,NY,180000.0
Registered Nurse,Healthcare,2 - 4 years,Atlanta,GA,67000.0
Reporter,Media,2 - 4 years,New York,NY,90000.0
Director,Art gallery,8 - 10 years,Boston,MA,37000.0
"Vice President, Commercial Brokerage",Real Estate,11 - 20 years,Dallas,TX,350000.0
Senior Accountant,Utilities,11 - 20 years,New York,NY,120000.0
People Data Analyst,Tech/Life Sciences,5 - 7 years,New York,NY,83000.0
Data Scientist,Advertising,5 - 7 years,Boston,MA,130000.0
Lead teacher,Education,8 - 10 years,Seattle,WA,35000.0
Workflow and Technology Manager,Media/Entertainment,11 - 20 years,Los Angeles,CA,90000.0
Principal Software Engineer,Software,11 - 20 years,San Francisco,CA,190000.0
Senior Operations Engineer,Technology,5 - 7 years,Chicago,IL,127000.0
Software Engineer,Software Development,1 year or less,Seattle,WA,110000.0
Director,Education,8 - 10 years,Washington,DC,105000.0
Registered Dietitian,Healthcare,8 - 10 years,Los Angeles,CA,77500.0
Program Management,Fintech,11 - 20 years,San Francisco,CA,145500.0
Associate Editor,Arts Industry,1 year or less,New York,NY,50000.0
"Manager, Curriculum Development",Software,11 - 20 years,Philadelphia,PA,133000.0
Director of Product,Tech,11 - 20 years,New York,NY,187000.0
Camera Assistant,Film / TV,5 - 7 years,New York,NY,100000.0
Account Executive,IT,2 - 4 years,Seattle,WA,80000.0
Data Analyst,Digital Marketing,2 - 4 years,Baltimore,MD,66000.0
CEO,marketing / media,8 - 10 years,New York,NY,200000.0
HRIS Analyst,Music,2 - 4 years,New York,NY,63500.0
Pilates instructor,Fitness,8 - 10 years,New York,NY,90000.0
Development Director,Nonprofit,11 - 20 years,New York,NY,75000.0
Segment Producer,Television,2 - 4 years,New York,NY,80000.0
Quality Control Manager,Construction Management,5 - 7 years,New York,NY,100000.0
Technical Program Manager,Technology,11 - 20 years,Seattle,WA,140000.0
Manager,International Development,11 - 20 years,Washington,DC,82000.0
Medical Librarian,Librarian,2 - 4 years,Washington,DC,57000.0
HR Business Partner,Tech,5 - 7 years,San Francisco,CA,150000.0
Senior Program Manager,Non Profit - Youth Development,11 - 20 years,New York,NY,70500.0
Copywriter,Insurance,11 - 20 years,Atlanta,GA,62000.0
Software Engineer,Web Design,2 - 4 years,New York,NY,60000.0
Conflicts Analyst,Legal,2 - 4 years,Atlanta,GA,71750.0
Senior Regulatory Affairs Associate,Pharmaceutical,5 - 7 years,Los Angeles,CA,81500.0
Operations General Manager,Entertainment - Nightclub,11 - 20 years,San Francisco,CA,80000.0
Senior Vice President,Finance,8 - 10 years,New York,NY,200000.0
Associate Director Social Media,Advertising,8 - 10 years,New York,NY,105000.0
Program Analyst,Government,5 - 7 years,Washington,DC,84500.0
Program Associate,Non-profit/legal,2 - 4 years,New York,NY,43000.0
Marketing Director,STM Publishing,21 - 30 years,New York,NY,100000.0
Principal,Consulting,8 - 10 years,Chicago,IL,250000.0
Director of Product Management,Life Sciences,21 - 30 years,St. Louis,MO,141000.0
Programs Manager,Environment,11 - 20 years,Boston,MA,75000.0
Compliance Specialist,Transportation technology,11 - 20 years,Boston,MA,84036.0
Financial Specialist,Nonprofit/Finance,8 - 10 years,Seattle,WA,33200.0
Specialist,Tech,2 - 4 years,San Francisco,CA,70000.0
Senior Actuarial Analyst,Insurance,2 - 4 years,Chicago,IL,94500.0
Physician,Medicine,8 - 10 years,Philadelphia,PA,190000.0
Clinical Scientist,Food,5 - 7 years,Philadelphia,PA,150000.0
Corporate Counsel,Technology,8 - 10 years,Washington,DC,184000.0
Senior Underwriter,Insurance,21 - 30 years,Boston,MA,170000.0
Transportation Planner,Transportation,11 - 20 years,Portland,OR,83000.0
Manager of Education,Corporate Retail,8 - 10 years,New York,NY,90000.0
Business Development,Finance,21 - 30 years,Portland,OR,165000.0
Data Science Manager,Financial Services,11 - 20 years,New York,NY,350000.0
Associate General Counsel,Government,5 - 7 years,Washington,DC,137000.0
Project Engineer,Civil Engineering,5 - 7 years,Denver,CO,96000.0
Senior Associate,Healthcare Consulting,5 - 7 years,New York,NY,138000.0
Account Executive,Technology,11 - 20 years,Portland,OR,139000.0
Investment Research Analyst,Investments,5 - 7 years,Boston,MA,250000.0
Adjunct Instructor,Education,21 - 30 years,Atlanta,GA,16000.0
COO / CFO,Medical Device Research,11 - 20 years,Atlanta,GA,268000.0
Senior Category Development Manager,CPG,11 - 20 years,Atlanta,GA,130000.0
Wealth Strategist,Finance,2 - 4 years,St. Louis,MO,75000.0
AR Billing Lead,Title Insurance,2 - 4 years,Houston,TX,39500.0
Underwriter,Insurance,11 - 20 years,Boston,MA,140000.0
Clinical psychologist,Mental Health,2 - 4 years,Pittsburgh,PA,135000.0
Project Engineer,Manufacturing,2 - 4 years,Dallas,TX,71000.0
Project leader,Consulting,8 - 10 years,Philadelphia,PA,195000.0
Project leader,Consulting,8 - 10 years,Philadelphia,PA,195000.0
Associate Director of Marketing,Book publishing,11 - 20 years,Boston,MA,73000.0
Senior Project Engineer,Energy,1 year or less,Houston,TX,105000.0
Principal Financial Analyst,Defense,11 - 20 years,Dallas,TX,95000.0
Editorial Director,Digital Media,11 - 20 years,Denver,CO,110000.0
Designer,Newspapers,11 - 20 years,Austin,TX,42300.0
Practitioner,Healthcare,11 - 20 years,New York,NY,100000.0
Associate Professor,Higher Education,8 - 10 years,Boston,MA,165000.0
Payroll Manager,Real Estate,8 - 10 years,New York,NY,90800.0
Physician Assistant,Healthcare,2 - 4 years,Minneapolis,MN,107000.0
Principal solution engineer,Technology,11 - 20 years,New York,NY,300000.0
Assistant Project Manager,Engineering,5 - 7 years,New York,NY,106000.0
Operations Manager,Fashion and apparel,5 - 7 years,Los Angeles,CA,90000.0
Operations Manager,Fashion and apparel,5 - 7 years,Los Angeles,CA,90000.0
Senior Manager,Automotive,21 - 30 years,Atlanta,GA,144000.0
"Corporate manager, customer experience",Senior Housing,5 - 7 years,Boston,MA,80000.0
Art Director,Marketing,21 - 30 years,Houston,TX,55000.0
Director,Asset Management,11 - 20 years,San Francisco,CA,200000.0
Program Coordinator,International Development Nonprofit,1 year or less,Washington,DC,47500.0
Housing Policy Analyst,State Government,2 - 4 years,Atlanta,GA,51500.0
Addictions Counselor,Social Work,2 - 4 years,Washington,DC,60000.0
Finance Director,Nonprofit,11 - 20 years,Houston,TX,110000.0
Senior Director,Advertising,11 - 20 years,Seattle,WA,171800.0
Sales Development Rep,Technology,5 - 7 years,Houston,TX,55000.0
Project Manager,Engineering,11 - 20 years,Boston,MA,100450.0
Social Media Specialist,Media,8 - 10 years,New York,NY,62000.0
Teacher,Education,2 - 4 years,New York,NY,72000.0
UX/UI Designer,Finance,2 - 4 years,Boston,MA,96500.0
Editor,Journalism,2 - 4 years,New York,NY,63000.0
Program Director,City Government,11 - 20 years,New York,NY,73000.0
Product Sales Specialist,Technology,5 - 7 years,Washington,DC,230000.0
Product Sales Specialist,Technology,5 - 7 years,Washington,DC,230000.0
Product Sales Specialist,Technology,5 - 7 years,Washington,DC,230000.0
Principal Software Engineer,Internet,11 - 20 years,New York,NY,192500.0
Project Manager,Communications,5 - 7 years,Seattle,WA,90000.0
Farm Manager,Nonprofit,11 - 20 years,Denver,CO,40250.0
Associate Media Director,Advertising,11 - 20 years,New York,NY,110000.0
Practice Manager,Healthcare,11 - 20 years,Chicago,IL,105000.0
Senior Paralegal,Legal,11 - 20 years,Boston,MA,100000.0
All-Source Intelligence Analyst,Defense & Intelligence,8 - 10 years,Washington,DC,115000.0
Assistant General Counsel,Legal,21 - 30 years,Atlanta,GA,267500.0
Product Manager,Tech,2 - 4 years,Boston,MA,95000.0
Senior Product Manager,Technology,5 - 7 years,New York,NY,240000.0
Liability Claims Professional,Insurance,5 - 7 years,Pittsburgh,PA,64500.0
Associate Attorney,Legal,2 - 4 years,Portland,OR,85000.0
Hydraulic engineer,Civil Engineering,5 - 7 years,Boston,MA,65000.0
Product Manager,Software,11 - 20 years,Atlanta,GA,109650.0
Project Manager,Information Technology,21 - 30 years,St. Louis,MO,108000.0
Sourcing Manager,Textiles,11 - 20 years,Chicago,IL,85200.0
Sourcing Manager,Textiles,11 - 20 years,Chicago,IL,85200.0
Volunteer Manager,Non-Profit Volunteer Management,2 - 4 years,Boston,MA,55000.0
Benefits analyst,Human Resources,5 - 7 years,Los Angeles,CA,72800.0
Graphic Designer,hr consultant,11 - 20 years,New York,NY,85000.0
Senior Vice President,Fashion,11 - 20 years,New York,NY,468000.0
Director of External Affairs,Fundraising,2 - 4 years,Washington,DC,70000.0
Software Engineer,Software,2 - 4 years,Pittsburgh,PA,75000.0
Senior Analyst,Retail,5 - 7 years,Austin,TX,92000.0
Security Analyst,Information Security,1 year or less,San Francisco,CA,90000.0
Sales Manager,Transportation,11 - 20 years,San Diego,CA,140000.0
Marketing Specialist,Architecture & Design,8 - 10 years,Houston,TX,69000.0
Manager,Tennis Club,1 year or less,Boston,MA,33280.0
Mortgage Operations,Banking,8 - 10 years,Portland,ME,45000.0
User Experience Manager,Tech,11 - 20 years,Austin,TX,150000.0
Social Worker,Education,11 - 20 years,Chicago,IL,46000.0
Registered Nurse,Healthcare,21 - 30 years,Portland,OR,104000.0
Quantitative Trading Strategies Analyst,Finance,1 year or less,New York,NY,150000.0
IT Services Manager,Fintech,21 - 30 years,San Francisco,CA,152440.0
Financial Analyst,Financial Services,2 - 4 years,Boston,MA,70000.0
Account Supervisor,Advertising,5 - 7 years,New York,NY,90000.0
Senior Director,Non profit child welfare,11 - 20 years,Seattle,WA,78000.0
RF Engineer,Telecom,5 - 7 years,Phoenix,AZ,83000.0
Associate Consultant,Management Consulting,2 - 4 years,New York,NY,85000.0
Professional Services Consultant,Education consulting,8 - 10 years,Pittsburgh,PA,75000.0
Registered Nurse,Medical,21 - 30 years,Portland,OR,112000.0
Associate Director of Sales,Internet,8 - 10 years,San Diego,CA,140000.0
web manager,Online Publishing,5 - 7 years,Chicago,IL,45000.0
Senior Product Manager,Tech,8 - 10 years,San Francisco,CA,160000.0
Senior Coordinator,Nonprofit,2 - 4 years,Washington,DC,55000.0
Senior Director,Healthcare,21 - 30 years,Denver,CO,185000.0
Assistant Buyer,Retail,1 year or less,New York,NY,57000.0
Product Manager,Healthcare Technology,2 - 4 years,San Francisco,CA,140000.0
Associate Attorney,Legal,5 - 7 years,Houston,TX,175000.0
Manager,Finance,8 - 10 years,Portland,OR,73500.0
Science Teacher,Education,2 - 4 years,Boston,MA,73000.0
General Manager,Hospitality,5 - 7 years,Baltimore,MD,83000.0
Tax Manager,Manufacturing,11 - 20 years,Minneapolis,MN,112000.0
Materials Engineer,Manufacturing,5 - 7 years,San Diego,CA,95000.0
Manager,Healthcare,11 - 20 years,Seattle,WA,110000.0
Consultant,Sales,11 - 20 years,Dallas,TX,90000.0
Associate,Law,8 - 10 years,New York,NY,350000.0
Sales Manager,Fashion,1 year or less,Seattle,WA,50000.0
Software Engineer,Technology,8 - 10 years,Boston,MA,200000.0
Recruiting Manager,Technology,5 - 7 years,San Francisco,CA,145000.0
CEO,Pet Services,11 - 20 years,New York,NY,185000.0
Director,Fashion,8 - 10 years,New York,NY,150000.0
Creative Project Manager,Finance,2 - 4 years,Houston,TX,60000.0
Software Engineer,Tech,2 - 4 years,Seattle,WA,90000.0
Assistant Engineer,Civil Engineering,2 - 4 years,San Francisco,CA,90000.0
Development Manager,Education Non-profit,5 - 7 years,New York,NY,64000.0
Product Marketing Manager,Technology,5 - 7 years,Chicago,IL,105000.0
Instructional Designer,Higher Education,5 - 7 years,Denver,CO,72000.0
Marketing Manager,Technology,2 - 4 years,San Francisco,CA,105000.0
Senior Account Executive,Public Relations,11 - 20 years,Portland,OR,61000.0
Director of Federal Relations,Government Relations,8 - 10 years,Washington,DC,91000.0
Quality Director,Insurance,11 - 20 years,Atlanta,GA,131500.0
EVP,Furniture,11 - 20 years,Los Angeles,CA,125000.0
Senior Product Manager,Health tech,11 - 20 years,San Francisco,CA,150000.0
Director,Nonprofit,11 - 20 years,St. Louis,MO,72000.0
Consulting Analyst,Consulting,1 year or less,Washington,DC,77500.0
Meeting and Event Planner,Healthcare,5 - 7 years,Washington,DC,92000.0
VP,Finance,8 - 10 years,New York,NY,200000.0
Senior Marketing and Communications Manager,Marketing,11 - 20 years,Phoenix,AZ,90000.0
VP R&D,Healthcare Software,11 - 20 years,San Francisco,CA,230000.0
PA,Medical,2 - 4 years,New York,NY,130000.0
Consultant,Management Consulting,2 - 4 years,Washington,DC,116000.0
Finance Manager,Health,21 - 30 years,Minneapolis,MN,150000.0
Client Relations Manager,Environmental Testing,8 - 10 years,Denver,CO,66300.0
Front Office Manager,Hospitality,2 - 4 years,Minneapolis,MN,60000.0
Front Office Manager,Hospitality,2 - 4 years,Minneapolis,MN,60000.0
Project Engineer,Engineering,2 - 4 years,Atlanta,GA,75000.0
Senior Consultant,Tech,2 - 4 years,Austin,TX,82000.0
Channel Manager,Tech,2 - 4 years,Boston,MA,70000.0
Account Associate,Public Relations,2 - 4 years,Denver,CO,50000.0
Director of People Operations,Tech,8 - 10 years,Boston,MA,130000.0
Trauma Program Manager,Healthcare,11 - 20 years,New York,NY,125000.0
Senior Project Manager,Advertising,11 - 20 years,New York,NY,110000.0
Recruiting Assistant,Legal,1 year or less,Chicago,IL,43000.0
Manager - Account Management,Technology,5 - 7 years,San Francisco,CA,125000.0
Manager - Account Management,Technology,5 - 7 years,San Francisco,CA,125000.0
Controller,Finance,31 - 40 years,New York,NY,85000.0
Applications Engineering Manager,Oil & Gas,8 - 10 years,Houston,TX,102000.0
Marketing Manager,Real Estate,8 - 10 years,San Francisco,CA,81600.0
Associate Brand Manager,Marketing,2 - 4 years,New York,NY,110000.0
Project manager/ senior designer,Architecture/ interiors,8 - 10 years,New York,NY,100000.0
Technical Compliance / Privacy Manager,Ecommerce,11 - 20 years,San Francisco,CA,165000.0
Finance Manager,Law,21 - 30 years,Washington,DC,175000.0
Marketing Manager,Medical Device Manufacturing,8 - 10 years,Chicago,IL,87000.0
Dentist,Healthcare,8 - 10 years,San Diego,CA,146000.0
Senior Editor,Media/Journalism,8 - 10 years,New York,NY,85000.0
Chief of Staff to the COO,Education,11 - 20 years,New York,NY,137500.0
Associate Product Manager,Tech,5 - 7 years,Boston,MA,95000.0
Creative Director,Tech,11 - 20 years,New York,NY,220000.0
Algorithm and Machine learning engineer,Ad Tech,5 - 7 years,New York,NY,130000.0
IT Manager,IT,5 - 7 years,Seattle,WA,86300.0
Graphic Designer,Specialty Retailer,11 - 20 years,Phoenix,AZ,57000.0
Graphic Designer,Specialty Retailer,11 - 20 years,Phoenix,AZ,57000.0
Software Engineer,Veterinary,21 - 30 years,Portland,ME,150000.0
Regional Sales Executive,Software,11 - 20 years,San Francisco,CA,110000.0
"Regional Trade Compliance Manager, N.A",Aerospace,11 - 20 years,Los Angeles,CA,120000.0
Customer Service Agent,Aviation,11 - 20 years,Atlanta,GA,65000.0
Recruiter,Recruiting,11 - 20 years,Houston,TX,270000.0
junior analyst,Finance,2 - 4 years,New York,NY,250000.0
Talent Agent,Entertainment,11 - 20 years,Los Angeles,CA,200000.0
Data Analyst,Education,5 - 7 years,New York,NY,67000.0
Outpatient Therapist,Social Services,5 - 7 years,Boston,MA,57000.0
Senior Account Supervisor,Public Relations,11 - 20 years,New York,NY,90000.0
General Manager,Hotel,2 - 4 years,Seattle,WA,45000.0
Web Producer,Journalism,8 - 10 years,Boston,MA,58000.0
Teacher,Education,11 - 20 years,Washington,DC,116000.0
speech pathologist,Education,11 - 20 years,Philadelphia,PA,79000.0
Manager,Consulting,8 - 10 years,Boston,MA,190000.0
Senior Director of Statistical Genetics,Government Contractor,21 - 30 years,Atlanta,GA,220000.0
"Associate Director, Editorial Content",Higher Education,5 - 7 years,Atlanta,GA,55000.0
"Director, Client Services",Fintech,11 - 20 years,New York,NY,165000.0
Director of IT,Entertainment,31 - 40 years,Pittsburgh,PA,122500.0
Senior Software Engineer,Tech,21 - 30 years,New York,NY,150000.0
Recruiting Coordinator,E-commerce SaaS,5 - 7 years,New York,NY,50000.0
Business Systems Supervisor,Healthcare,5 - 7 years,Austin,TX,93000.0
Senior Counsel,Legal,8 - 10 years,Denver,CO,189000.0
Senior System Engineer,Computer Software,21 - 30 years,Baltimore,MD,180000.0
"VP, Technical Operations",Biotech,21 - 30 years,San Francisco,CA,250000.0
Director of Program Management,Tech,8 - 10 years,New York,NY,195000.0
foundations relations manager,Nonprofit,21 - 30 years,San Francisco,CA,99000.0
Researcher,Research / Consulting,11 - 20 years,Washington,DC,105000.0
Senior Product Manager,Tech startups,5 - 7 years,Boston,MA,160000.0
Adjunct professor,Education,31 - 40 years,Los Angeles,CA,80000.0
Engineering Director,Consumer Products,21 - 30 years,Baltimore,MD,158000.0
Engineer,Software,21 - 30 years,Austin,TX,120000.0
Planner/Urban designer,Urban planner,8 - 10 years,Philadelphia,PA,83000.0
Instructional Designer,Banking,8 - 10 years,Minneapolis,MN,74400.0
Lead Product Manager,Software,5 - 7 years,New York,NY,127500.0
Supervising Producer,Broadcast Journalism,8 - 10 years,New York,NY,170000.0
Mechanical Engineer,Self-Driving,5 - 7 years,San Francisco,CA,206000.0
Account Manager,Advertising,5 - 7 years,Chicago,IL,66000.0
Senior accounting manager,Fintech,8 - 10 years,Washington,DC,105000.0
Audit group manager,Internal auditor,11 - 20 years,Pittsburgh,PA,100000.0
Department Chair / Teacher,Education,11 - 20 years,San Francisco,CA,83500.0
Chief Data Scientist,Private Equity,11 - 20 years,Pittsburgh,PA,255000.0
Software Engineer,Software,5 - 7 years,San Francisco,CA,165500.0
Reporter,Journalism,1 year or less,San Francisco,CA,60000.0
Events Director,Nonprofit,31 - 40 years,New York,NY,83000.0
Business Continuity Manager,Emergency management,11 - 20 years,Boston,MA,140000.0
Research Assistant,Political Polling,1 year or less,Washington,DC,40000.0
HR Manager,Non-Profit Mgmt,11 - 20 years,New York,NY,97000.0
Asset Manager,Real Estate,11 - 20 years,Los Angeles,CA,205000.0
High school math teacher,Education,11 - 20 years,San Diego,CA,92000.0
Transportation Planner,Urban Planning,5 - 7 years,Washington,DC,72000.0
Project Manager,tech professional services,5 - 7 years,Los Angeles,CA,75000.0
Senior Business Analyst,Technolo,5 - 7 years,Los Angeles,CA,134000.0
Operations Manager,Insurance,11 - 20 years,San Francisco,CA,130000.0
Editor,Science writing/editing at a nonprofit,5 - 7 years,Philadelphia,PA,62400.0
environmental education outreach coordinator,Environment,1 year or less,Baltimore,MD,37000.0
Mid-Level Associate,Legal,2 - 4 years,Pittsburgh,PA,200000.0
Senior User Experience Designer,Design Consultancy,11 - 20 years,New York,NY,120000.0
Assistant to Director & Press Officer,Fine Arts/Museums,5 - 7 years,New York,NY,51450.0
Associate,Legal,1 year or less,New York,NY,80000.0
Director of Development,Nonprofit,11 - 20 years,New York,NY,150000.0
Production Manager,Furniture,11 - 20 years,New York,NY,85000.0
"Senior Associate, Talent Acquisition",Nonprofit,5 - 7 years,Washington,DC,71000.0
Librarian,Higher Education,5 - 7 years,Chicago,IL,65000.0
Project Associate for online courses,Higher Education,8 - 10 years,Austin,TX,47000.0
General Counsel,Philanthropy,11 - 20 years,New York,NY,261000.0
Human Resources Manager,Human Resources,11 - 20 years,Atlanta,GA,95000.0
Senior Mechanical Engineer,Product Design Consulting,8 - 10 years,Chicago,IL,110000.0
Portfolio Manager,Property Management,1 year or less,Dallas,TX,40000.0
Program Coordinator,Higher Education Administration,2 - 4 years,Dallas,TX,54000.0
Manager. Reporting and Analytics,Healthcare,11 - 20 years,Dallas,TX,105000.0
Ecommerce Product Manager,Ecommerce,8 - 10 years,Chicago,IL,72500.0
Photo Editor,Ecommerce,2 - 4 years,Phoenix,AZ,29000.0
Program Administrator,Higher Education,5 - 7 years,Boston,MA,51100.0
IT Director,Higher Education,31 - 40 years,Boston,MA,100000.0
Reporting Administrator,Banking,2 - 4 years,Chicago,IL,39000.0
Senior Manager,Accounting,8 - 10 years,New York,NY,150000.0
Paid Social Coordinator,Digital Marketing,2 - 4 years,Chicago,IL,50000.0
Business Intelligence Analyst,Manufacturing,2 - 4 years,Austin,TX,77000.0
Senior Mechanical Engineer,Oil and Gas,11 - 20 years,Austin,TX,77000.0
Principal Software Engineer,Electrical Manufacturing,21 - 30 years,Atlanta,GA,135000.0
Information Security & Compliance Manager,Information Security (Cybersecurity),8 - 10 years,Seattle,WA,160000.0
Registered Nurse,Medical,11 - 20 years,Chicago,IL,50000.0
Internal Communications Coordinator,Marketing,5 - 7 years,Chicago,IL,66950.0
Senior Director,Nonprofit,8 - 10 years,San Francisco,CA,110000.0
Medical Writer,Pharmaceutical,8 - 10 years,Philadelphia,PA,83000.0
Senior creative editor,Entertainment,11 - 20 years,Los Angeles,CA,120000.0
criminal defense attorney,Law,2 - 4 years,San Francisco,CA,110000.0
Senior Manager,Accounting,11 - 20 years,New York,NY,150000.0
"Senior Manager, Programs",Non-profit/international organization,5 - 7 years,New York,NY,103000.0
Software Engineer,Technology,2 - 4 years,Chicago,IL,81400.0
Safety Manager,Construction,11 - 20 years,Minneapolis,MN,89000.0
Senior Quality Systems Specialist,Ad Tech,8 - 10 years,New York,NY,105000.0
Staff Accountant,Financial Services,2 - 4 years,New York,NY,80000.0
Senior Quality Systems Specialist,Ad Tech,8 - 10 years,New York,NY,105000.0
Program Analyst,Nonprofit,5 - 7 years,Washington,DC,71000.0
Director of Marketing,Manufacturing,11 - 20 years,Chicago,IL,135000.0
Editor,Performing arts/classical music,2 - 4 years,New York,NY,49500.0
Director of Operations,Nonprofit / Issue Advocacy,8 - 10 years,Washington,DC,75000.0
director of threat intelligence,Cyber Security,11 - 20 years,Boston,MA,330000.0
Marketing Director,Technology,11 - 20 years,San Francisco,CA,150000.0
Senior Regional Specialist,Media,5 - 7 years,Denver,CO,53000.0
Help Desk Support Specialist,Steel,5 - 7 years,Chicago,IL,65000.0
Director of Digital Marketing Strategy,Nonprofit,11 - 20 years,Boston,MA,123000.0
Senior Consultant,Government consulting,8 - 10 years,Washington,DC,110000.0
Director of Development,Nonprofit,11 - 20 years,New York,NY,155000.0
Payroll Manager,Legal Industry,31 - 40 years,San Francisco,CA,158000.0
Digital Director,Nonprofit,2 - 4 years,Washington,DC,60000.0
Knowledge Management Analyst,Legal,5 - 7 years,Portland,OR,58000.0
Legal practice assistant,Legal,5 - 7 years,Portland,OR,48000.0
Analyst,International organization,2 - 4 years,Washington,DC,91000.0
St Director Strategy,Software,21 - 30 years,San Diego,CA,155000.0
Educational Counselor,Education Non-profit,2 - 4 years,Chicago,IL,41000.0
Training Specialist,Government,11 - 20 years,Washington,DC,112000.0
Managing Director,Finance,11 - 20 years,New York,NY,225000.0
Investment Analyst,Asset Management,1 year or less,New York,NY,80000.0
Consultant,International Development,8 - 10 years,Washington,DC,52500.0
General Manager,Retail,2 - 4 years,Portland,ME,81500.0
Manager,Accounting and Finance,5 - 7 years,Los Angeles,CA,140000.0
Digital Marketing Manager,Marketing,11 - 20 years,Phoenix,AZ,85000.0
President,Engineering/Commercial buildng design,31 - 40 years,Portland,OR,300000.0
Chief dietitian,Healthcare,41 years or more,New York,NY,71000.0
Supervisor,Contact Center,21 - 30 years,Atlanta,GA,61000.0
Freight Broker,Logistics,5 - 7 years,Minneapolis,MN,85000.0
Director,Biotech / Pharma,5 - 7 years,New York,NY,230000.0
Program Analyst,"Government, International Affairs",11 - 20 years,Washington,DC,112393.0
Coordinator,Arts Administration,1 year or less,New York,NY,43000.0
Financial Analyst,Finance,5 - 7 years,Los Angeles,CA,75000.0
Finance Manager,Nonprofit,2 - 4 years,New York,NY,80000.0
Associate Manager,Libraries,21 - 30 years,New York,NY,58000.0
Executive Director,Arts & Culture,5 - 7 years,Seattle,WA,31000.0
HR Generalist,Fintech,8 - 10 years,Atlanta,GA,65000.0
Sales Executive,Pharmaceutical,1 year or less,Dallas,TX,120000.0
Senior Vice President,Marketing,11 - 20 years,Los Angeles,CA,130000.0
Assistant Professor of Game Design,Academia,8 - 10 years,New York,NY,81855.0
Curatorial Fellow,Arts and Culture,2 - 4 years,New York,NY,40000.0
Communications Director,Museums/Cultural Institutions,5 - 7 years,New York,NY,65000.0
Director,Academia,11 - 20 years,Boston,MA,73500.0
Online Business Manager/Virtual Assistant,Marketing and Consulting,11 - 20 years,Pittsburgh,PA,65000.0
Delivery Route Supervisor,"Dairy, Beverages, Transportation",11 - 20 years,Pittsburgh,PA,75000.0
Consultant,Government consulting,5 - 7 years,Washington,DC,65000.0
Editor,Journalism,21 - 30 years,Washington,DC,130000.0
Business finance analyst,Aerospace,8 - 10 years,Los Angeles,CA,120000.0
Software Engineer,Tech,2 - 4 years,New York,NY,110000.0
National Business Development Manager,Building materials,5 - 7 years,Chicago,IL,89809.0
National Business Development Manager,Building materials,5 - 7 years,Chicago,IL,89809.0
"VP, Media",Retail,21 - 30 years,New York,NY,300000.0
Lead Engineer,Tech,5 - 7 years,New York,NY,130000.0
Operations Manager,Higher Education,8 - 10 years,Minneapolis,MN,79000.0
Account Manager,Public Relations,8 - 10 years,Philadelphia,PA,65000.0
Director,Software,21 - 30 years,Austin,TX,170000.0
Director of IT,Software,21 - 30 years,Austin,TX,170000.0
"Associate Director, College Research Administration",Higher Education,11 - 20 years,Boston,MA,76500.0
research staff,Academia,5 - 7 years,Pittsburgh,PA,38000.0
"Director, management consulting",Consulting,8 - 10 years,Denver,CO,200000.0
"In-house counsel, litigation",Legal,5 - 7 years,Chicago,IL,155000.0
Senior Scientist,Biotech,2 - 4 years,San Francisco,CA,145000.0
Designer,Advertising,5 - 7 years,Atlanta,GA,55000.0
Company Manager,Theater,5 - 7 years,New York,NY,37000.0
Software Engineering Manager,Software,8 - 10 years,Seattle,WA,400000.0
Program Management Support Specialist,Government Contractor,11 - 20 years,Washington,DC,94800.0
Professor,Academia,21 - 30 years,New York,NY,120000.0
Content Development Coordinator,Publishing,2 - 4 years,Chicago,IL,38000.0
Clinical Research Coordinator,Clinical Research,11 - 20 years,Seattle,WA,84000.0
Software Engineer,Software,5 - 7 years,Seattle,WA,220000.0
SVP Production,Entertainment,31 - 40 years,New York,NY,400000.0
Retail sales,independent retail store,11 - 20 years,Denver,CO,18000.0
Director of HR,SaaS,31 - 40 years,Austin,TX,123323.0
Senior Accountant,Real Estate,8 - 10 years,Los Angeles,CA,95000.0
Associate Editor,Media,2 - 4 years,New York,NY,58000.0
Public Programs Assistant,Art museum,5 - 7 years,Philadelphia,PA,31000.0
Advisor,Government,8 - 10 years,San Francisco,CA,100000.0
Project Manager,Insurance,2 - 4 years,Minneapolis,MN,76500.0
Full Time Faculty,Education,11 - 20 years,San Francisco,CA,95000.0
Manager,Technology Consulting,5 - 7 years,Boston,MA,187000.0
Production Assistant,Graphics & printing,5 - 7 years,Minneapolis,MN,36400.0
Program Officer,Philanthropy,8 - 10 years,Philadelphia,PA,95000.0
Director,Education,11 - 20 years,Washington,DC,123999.0
Medical content and science writer,Pharmaceutical Consulting Agency,5 - 7 years,Los Angeles,CA,69000.0
Sales Operations Manager,E-commerce technology,11 - 20 years,Seattle,WA,72100.0
Marine Engineer,Defense Contracting,8 - 10 years,Philadelphia,PA,88000.0
Senior Research Analyst,Public Policy Research,5 - 7 years,San Francisco,CA,75000.0
Consultant,Management Consulting,8 - 10 years,Boston,MA,230000.0
Growth Marketing Associate,Tech,2 - 4 years,San Francisco,CA,90000.0
Administrative Assistant,Accounting,5 - 7 years,San Diego,CA,42000.0
Associate Director,Nonprofit,11 - 20 years,Chicago,IL,86000.0
Credit Analyst,Banking,2 - 4 years,Chicago,IL,66000.0
Software Engineer,Tech,5 - 7 years,Boston,MA,150000.0
Senior Consultant,Software,11 - 20 years,Philadelphia,PA,90000.0
Server,Service,2 - 4 years,Austin,TX,62000.0
Senior Analyst,Aviation,2 - 4 years,Chicago,IL,82000.0
Researcher,Nonprofit,11 - 20 years,New York,NY,92000.0
Senior Managing Consultant,Business Consulting,5 - 7 years,New York,NY,210000.0
Help Desk Manager,Educational IT,11 - 20 years,Boston,MA,64000.0
Senior Program Coordinator,Biotechnology,2 - 4 years,Los Angeles,CA,55000.0
Financial Analyst,Government,5 - 7 years,Washington,DC,120000.0
Marketing Manager,Health & Wellbeing,5 - 7 years,Minneapolis,MN,60000.0
Consultant,Finance,2 - 4 years,Boston,MA,77500.0
Senior Analyst,Retail,8 - 10 years,Chicago,IL,92455.0
Senior Software Engineer,IT,21 - 30 years,Seattle,WA,165000.0
Project Manager,Marketing Technology,5 - 7 years,Los Angeles,CA,108000.0
Compliance Manager,Financial Services,11 - 20 years,Atlanta,GA,42000.0
Front-End Programmer,Higher Ed,11 - 20 years,Los Angeles,CA,77000.0
Executive Director,Nonprofit,2 - 4 years,Boston,MA,61800.0
Editor,Publishing,8 - 10 years,Austin,TX,44000.0
Visual Designer,Technology,2 - 4 years,New York,NY,70000.0
Project Engineer,Oil and Gas,8 - 10 years,Houston,TX,185000.0
UX Writer,Tech,8 - 10 years,San Francisco,CA,135000.0
Associate Producer/Associate PM,Advertising/Marketing,1 year or less,New York,NY,63000.0
Information Security,State agency,21 - 30 years,Atlanta,GA,116000.0
VP Marketing & Enrollment,Higher Education,11 - 20 years,Seattle,WA,160000.0
VP Marketing & Enrollment,Higher Education,11 - 20 years,Seattle,WA,210000.0
Director of Disability Services,Education,8 - 10 years,St. Louis,MO,53500.0
Senior Analyst,Financial Services,8 - 10 years,Boston,MA,77000.0
Health Coach,Health and Wellness,8 - 10 years,Chicago,IL,37500.0
organizer,advocacy,2 - 4 years,New York,NY,60000.0
"Nurse, Bsn",Medicine,5 - 7 years,New York,NY,78000.0
President,Education,11 - 20 years,Houston,TX,125000.0
Director,Tech,11 - 20 years,Washington,DC,160000.0
Risk and insurance manager,Manufacturing,21 - 30 years,Denver,CO,143000.0
Senior Systems Analyst,IT,11 - 20 years,Portland,OR,95153.0
group vice president,Professional Services,11 - 20 years,Washington,DC,450000.0
Category Manager,Retail,5 - 7 years,Dallas,TX,50000.0
Accounting Coordinator,Accounting,11 - 20 years,Seattle,WA,60000.0
Accounting Coordinator,Accounting,11 - 20 years,Seattle,WA,60000.0
Accounting Coordinator,Accounting,11 - 20 years,Seattle,WA,60000.0
Director,Art,8 - 10 years,New York,NY,130000.0
Psychologist,Education,2 - 4 years,New York,NY,95000.0
Associate Publishing Manager,Publishing,5 - 7 years,New York,NY,58500.0
Senior Analyst,Federal Government,8 - 10 years,Dallas,TX,94000.0
PMP Consultant,Management Consulting,8 - 10 years,Austin,TX,165000.0
Senior partner success manager,Marketing,2 - 4 years,San Francisco,CA,100000.0
Research Specialist,Consulting,8 - 10 years,Boston,MA,118000.0
Senior Program Manager,Tech (Social),5 - 7 years,San Francisco,CA,180000.0
Genetic counselor,Healthcare,2 - 4 years,New York,NY,82000.0
HRBP,Healthcare,2 - 4 years,Pittsburgh,PA,108500.0
Senior Analyst,Finance,2 - 4 years,Chicago,IL,80000.0
Manager,Market Research,5 - 7 years,Los Angeles,CA,90000.0
Transportation Planner,Consulting,2 - 4 years,Chicago,IL,72000.0
Catalog Manager,Tech,11 - 20 years,Portland,OR,77500.0
Community Manager,Property Management,2 - 4 years,Denver,CO,60000.0
Business Data Analyst,Financial Services,21 - 30 years,San Francisco,CA,230000.0
Analyst,Finance,2 - 4 years,New York,NY,80000.0
Human Resources,Human Resources,11 - 20 years,Minneapolis,MN,64500.0
Clinical Case Manager,Social Work,5 - 7 years,Washington,DC,53000.0
Senior Quality Engineer,Enterprise cloud software,8 - 10 years,San Francisco,CA,125000.0
Controller,Healthcare,8 - 10 years,St. Louis,MO,105000.0
Administrator,Accounting/Consulting,5 - 7 years,Denver,CO,47000.0
User Experience Director,Internet,11 - 20 years,Austin,TX,180000.0
Data Program Manager,Nonprofit,2 - 4 years,San Francisco,CA,72000.0
Founder,Tech,8 - 10 years,Chicago,IL,50000.0
Development/Fundraising Coordinator,Nonprofit,5 - 7 years,St. Louis,MO,48000.0
Development/Fundraising Coordinator,Nonprofit,5 - 7 years,St. Louis,MO,48000.0
Risk Analytics Manager,Finance,8 - 10 years,New York,NY,117000.0
Clinical Development Manager,Pharmaceutical,2 - 4 years,Los Angeles,CA,141000.0
AVP,Banking,8 - 10 years,New York,NY,115000.0
Marketing Associate/Analyst,Consumer Goods,1 year or less,Chicago,IL,49000.0
Compliance Analyst,Broker dealer in investment,2 - 4 years,New York,NY,70000.0
Senior Product Manager,Technology,11 - 20 years,San Francisco,CA,186300.0
Scientist,Biotechnology,1 year or less,San Diego,CA,103000.0
Senior Software Engineer,Software,8 - 10 years,San Francisco,CA,300000.0
People & Operations Specialist,Computer Software,1 year or less,Atlanta,GA,60000.0
marketing asset manager,Entertainment,5 - 7 years,Los Angeles,CA,65000.0
IT Manager,IT,8 - 10 years,Dallas,TX,61000.0
Software Engineer,Marketing Tech,8 - 10 years,Chicago,IL,94000.0
Communications Associate,Nonprofit,2 - 4 years,New York,NY,36000.0
Senior Software Engineer,Aerospace,11 - 20 years,Houston,TX,118000.0
Business technology lead,Technology,8 - 10 years,New York,NY,130000.0
Business technology lead,Technology,8 - 10 years,New York,NY,130000.0
Office Admin,Insurance,2 - 4 years,Baltimore,MD,42000.0
Physical Therapist,Federal Government,21 - 30 years,Atlanta,GA,91522.0
Relationship Manager,Banking,5 - 7 years,Washington,DC,220000.0
Logistics Manager,Recycling,5 - 7 years,San Diego,CA,55000.0
Logistics Manager,Recycling,5 - 7 years,San Diego,CA,55000.0
Logistics Manager,Recycling,5 - 7 years,San Diego,CA,55000.0
Customs Broker,Logistics,2 - 4 years,Chicago,IL,42800.0
Software Engineer,Technology,8 - 10 years,New York,NY,145000.0
Senior Data scientist,Marketing,1 year or less,New York,NY,85000.0
Assistant Professor,Education,11 - 20 years,Philadelphia,PA,74000.0
Senior Instructional Designer,Training,8 - 10 years,Philadelphia,PA,75000.0
Data Analyst,Government Contracting,5 - 7 years,Baltimore,MD,92000.0
Financial Advisor,Financial Services,11 - 20 years,San Francisco,CA,90000.0
Chief Medical Officer,Biotech,21 - 30 years,San Francisco,CA,360000.0
Marketing Manager,Software as a service,8 - 10 years,Philadelphia,PA,65000.0
Editor,Film & Branded Content,2 - 4 years,Washington,DC,44000.0
Data Analyst,Publishing,2 - 4 years,New York,NY,110000.0
Director,Hospitality,11 - 20 years,Los Angeles,CA,185000.0
Manager,Consulting,8 - 10 years,Boston,MA,138000.0
S. Application Engineer,Tech,11 - 20 years,Seattle,WA,140500.0
Equipment Control Coordinator,Transportation,11 - 20 years,Chicago,IL,58000.0
Postdoc,Academia,5 - 7 years,Boston,MA,53000.0
Software Engineer,Healthcare,5 - 7 years,Pittsburgh,PA,80000.0
UX/UI Designer,Broadcasting,2 - 4 years,New York,NY,80000.0
Software Engineer,Fintech,5 - 7 years,New York,NY,145000.0
Assistant Editor,print media,8 - 10 years,New York,NY,40000.0
Director (science outreach and education)),Higher Education (science),11 - 20 years,New York,NY,120000.0
Instructional Design Manager,Healthcare,11 - 20 years,Chicago,IL,115000.0
Compliance Consultant,Investment Banking,2 - 4 years,St. Louis,MO,74000.0
Associate Attorney,Law,2 - 4 years,St. Louis,MO,120000.0
Senior Software Engineer,Biotech,5 - 7 years,San Francisco,CA,210000.0
Senior Software Engineer,Biotech,5 - 7 years,San Francisco,CA,210000.0
Graduate Teaching Assistant and Doctoral Student,Public Health,8 - 10 years,Washington,DC,32000.0
Software Engineer Manager,Technology,5 - 7 years,Philadelphia,PA,130000.0
Visiting Lecturer and Program Director,Higher Education,21 - 30 years,Philadelphia,PA,69000.0
Senior Vice President,Finance,11 - 20 years,Chicago,IL,280000.0
Associate Creative Director,Fintech,8 - 10 years,San Francisco,CA,162500.0
Postdoctoral Fellow,Science,8 - 10 years,Washington,DC,53000.0
Policy Associate,Nonprofit,2 - 4 years,Washington,DC,43000.0
VP Product Management,Financial Services,11 - 20 years,Chicago,IL,170000.0
Treasury Analyst,Mining,5 - 7 years,Minneapolis,MN,72000.0
Program Coordinator,Nonprofit,1 year or less,Washington,DC,38000.0
Scrum Master,Financial Technology,11 - 20 years,Seattle,WA,130000.0
"Senior Manager, Product Management",Ecommerce,21 - 30 years,Seattle,WA,380000.0
Director of Events,Event Planning,11 - 20 years,New York,NY,100000.0
Project Manager,science support,21 - 30 years,Denver,CO,80000.0
Content Strategist,Marketing,5 - 7 years,Los Angeles,CA,60000.0
Board Certified Behavior Analyst,Behavioral Therapy (Psychology),11 - 20 years,Chicago,IL,72300.0
Supervisor,Food,1 year or less,New York,NY,40000.0
Donor Relations,Higher Education,2 - 4 years,Philadelphia,PA,48000.0
VP,Software,11 - 20 years,Austin,TX,200000.0
Proposal Manager,AEC,8 - 10 years,San Diego,CA,97850.0
Senior Designer,Advertising,5 - 7 years,Los Angeles,CA,75000.0
Senior Marketing Manager,Technology,11 - 20 years,Washington,DC,120000.0
HR Coordinator,Travel,5 - 7 years,Philadelphia,PA,49200.0
Infrastructure Engineer,Financial Services,5 - 7 years,New York,NY,110000.0
Executive Editor,Book publishing,11 - 20 years,New York,NY,124000.0
Crew chief,Aviation,11 - 20 years,Philadelphia,PA,150000.0
Senior Technical Writer,Cyber Security,21 - 30 years,Chicago,IL,109000.0
Assistant Director of Annual Giving,"Nonprofit, independent school",5 - 7 years,Philadelphia,PA,55000.0
Senior Accountant,Media,2 - 4 years,New York,NY,75000.0
Data Analyst,Government,11 - 20 years,Denver,CO,87500.0
Account Manager,Automotive,11 - 20 years,Atlanta,GA,63000.0
Analyst,Energy,2 - 4 years,Houston,TX,97000.0
Director of Development,Real Estate,21 - 30 years,New York,NY,180000.0
Freelance strategist,Branding/communications,11 - 20 years,New York,NY,130000.0
Underwriting Team Mgr,Insurance,21 - 30 years,Los Angeles,CA,92000.0
Adjunct professor,Education(university),21 - 30 years,San Francisco,CA,35000.0
Risk and insurance manager,Manufacturing,21 - 30 years,Denver,CO,144000.0
Application Support Engineer,IT,11 - 20 years,New York,NY,139000.0
Sales Manager,Publishing,5 - 7 years,New York,NY,65000.0
Report analyst,Retail,2 - 4 years,New York,NY,34000.0
Staff Accountant,Public Accounting,1 year or less,Portland,OR,56000.0
Chapter Coordinator,Environmental non-profit,5 - 7 years,Washington,DC,52000.0
Senior sales operations analyst,Tech,2 - 4 years,New York,NY,85000.0
Software Engineer,Media,5 - 7 years,New York,NY,125000.0
Senior Social Media Specialist,Marketing,5 - 7 years,Houston,TX,73800.0
Inside Sales and Customer Service,Solar,2 - 4 years,Boston,MA,30000.0
Marketing Coordinator,Marketing,2 - 4 years,San Francisco,CA,57000.0
Account Manager,Advertising,2 - 4 years,Austin,TX,43363.0
Business Intelligence Manager,Retail,5 - 7 years,San Francisco,CA,143000.0
Vice President,Public Relations,11 - 20 years,Minneapolis,MN,120000.0
Assistant Manager,Nonprofit (International Diplomacy),2 - 4 years,San Francisco,CA,46500.0
Proposal Specialist,Finance,11 - 20 years,Pittsburgh,PA,54000.0
Grants Manager,nonprofit environment,8 - 10 years,San Francisco,CA,83000.0
VP Sales,Health Insurance,11 - 20 years,Chicago,IL,275000.0
Software Engineer,Aerospace,8 - 10 years,Phoenix,AZ,101000.0
Senior Manager of Digital Marketing,Consulting/Tech,8 - 10 years,Washington,DC,85000.0
Senior Software Engineer,Wholesale,41 years or more,Portland,OR,117000.0
Mechanical Design Engineer,Aerospace,5 - 7 years,Seattle,WA,83000.0
Bioinformatics Analyst,Biotech,8 - 10 years,Portland,OR,130000.0
Business Analyst,Automotive Parts,1 year or less,Minneapolis,MN,60000.0
Research Associate,Bio assay development,8 - 10 years,Washington,DC,70000.0
Performance Analyst,Asset Management,5 - 7 years,Phoenix,AZ,65000.0
Marketing Director,Commerical Real Estate,5 - 7 years,Chicago,IL,70000.0
Digital Marketing Coordinator,Marketing,2 - 4 years,Boston,MA,44000.0
Marketing Manager,Ecommerce,11 - 20 years,New York,NY,72000.0
Marketing Manager,Ecommerce,11 - 20 years,New York,NY,72000.0
Marketing Manager,EdTech,5 - 7 years,Pittsburgh,PA,53500.0
Marketing Director,Nonprofit,21 - 30 years,Washington,DC,100000.0
Marketing & Development Associate,Nonprofit,5 - 7 years,Pittsburgh,PA,47730.0
Communications Manager,Construction,5 - 7 years,Atlanta,GA,82000.0
Brand Strategist,Marketing,5 - 7 years,Pittsburgh,PA,46000.0
Constituent Services Representative,Government-United States House of Representatives,2 - 4 years,Pittsburgh,PA,42000.0
Marketing & Communications Manager,Telecommunications,5 - 7 years,Denver,CO,95000.0
Office Manager,Electrical,2 - 4 years,Minneapolis,MN,41200.0
Project Director,Association,11 - 20 years,Washington,DC,96000.0
HR Assistant,Transportation,2 - 4 years,Atlanta,GA,37500.0
Marketing Manager,Government,5 - 7 years,Pittsburgh,PA,57000.0
Senior Marketing Coordinator,Digital Marketing,2 - 4 years,Chicago,IL,65000.0
Program Manager,Government Contracting,11 - 20 years,Denver,CO,120000.0
Support Specialist,Transportation Security,11 - 20 years,Austin,TX,44000.0
Sales Analyst,Fashion,5 - 7 years,Portland,OR,65000.0
Social media director,Publishing,11 - 20 years,New York,NY,90000.0
Associate Principal,Education,11 - 20 years,Austin,TX,82000.0
Office Manager,Steel,8 - 10 years,Denver,CO,50000.0
Account Director,Marketing,5 - 7 years,San Diego,CA,66000.0
Office Manager,Real Estate,8 - 10 years,Denver,CO,49000.0
Public Information Analyst / Information Management Specialist,Government (a regional Metropolitan Planning Organization),11 - 20 years,San Francisco,CA,103500.0
Bench jeweler,Jewelry,2 - 4 years,Seattle,WA,38000.0
Sanctions Technology Management Offixer,Compliance,5 - 7 years,New York,NY,85000.0
Senior Content Strategist,Financial Technology,11 - 20 years,San Francisco,CA,140000.0
Administrative Assistant,Insurance,5 - 7 years,Chicago,IL,35000.0
Project Manager,Construction,5 - 7 years,Washington,DC,83500.0
Digital Producer,Journalism,1 year or less,Washington,DC,65000.0
Analyst,Finance,1 year or less,Boston,MA,125000.0
Web Editor/Digital Marketing,Law,2 - 4 years,Chicago,IL,53000.0
Security Analyst,Information Security,2 - 4 years,San Francisco,CA,110000.0
Project Manager,Packaging,8 - 10 years,New York,NY,65000.0
User Experience,Government,11 - 20 years,Baltimore,MD,103000.0
Product Marketing Manager,Software,8 - 10 years,Minneapolis,MN,118000.0
Marketing ops consultant,Technology,8 - 10 years,Atlanta,GA,84000.0
Project Manager,Tech,11 - 20 years,Portland,OR,110000.0
Information Systems Analyst,Healthcare,5 - 7 years,Portland,OR,50000.0
Cloud Engineer,Software,1 year or less,Portland,OR,80000.0
Financial crimes consultant,Banking,8 - 10 years,Portland,OR,57600.0
Graduate Student,Biological Research,8 - 10 years,Portland,OR,31500.0
Data Analyst,Advertising,2 - 4 years,Portland,OR,73000.0
Reception,Pet care,5 - 7 years,Seattle,WA,30000.0
Reception,Pet care,5 - 7 years,Seattle,WA,30000.0
Pizza Maker,Hospitality,5 - 7 years,Portland,OR,37000.0
Demand Planning Specialist,Athletic Shoes and Apparel,5 - 7 years,Portland,OR,80000.0
Archival researcher,Entertainment,21 - 30 years,Los Angeles,CA,150000.0
Financial planner,Financial Planning,5 - 7 years,Chicago,IL,80000.0
"Associate Director, Development",Nonprofit,8 - 10 years,San Francisco,CA,85000.0
Marketing Manager,Equity Research,2 - 4 years,Baltimore,MD,100000.0
Content Manager,Advertising,31 - 40 years,New York,NY,105000.0
Data Analyst,Tech,2 - 4 years,San Francisco,CA,103500.0
Benefits Social Worker,Social Work,8 - 10 years,Boston,MA,66000.0
Sales Manager,Luxury retail,11 - 20 years,Portland,OR,37000.0
Senior Analyst Analytics,Technology,2 - 4 years,Boston,MA,87000.0
Senior Manager,Finance,11 - 20 years,Washington,DC,173000.0
Staffer,Environmental non-profit,2 - 4 years,Baltimore,MD,43000.0
Staffer,Environmental non-profit,2 - 4 years,Baltimore,MD,43000.0
Senior Content Writer,Marketing,8 - 10 years,Seattle,WA,97500.0
Research Engineer,Energy,11 - 20 years,Houston,TX,250000.0
PFE,IT,11 - 20 years,Baltimore,MD,130000.0
Director Customer Support,Manufacturing,21 - 30 years,Los Angeles,CA,85000.0
Senior Technical Architect,Technology,11 - 20 years,Houston,TX,100000.0
Talent Acquisition Partner,Technology,5 - 7 years,Atlanta,GA,88000.0
Senior Director of Sales Operations,Healthcare Technology,11 - 20 years,Boston,MA,125000.0
Senior Digital Marketing Analyst,Ecommerce,11 - 20 years,Minneapolis,MN,110000.0
Senior Product Designer,Software Consulting,8 - 10 years,San Francisco,CA,134000.0
