city,state,metro,bedrooms,date,zhvi
Atlanta,GA,"Atlanta-Sandy Springs-Alpharetta, GA",1,2020-01-31,220836.53491105433
Atlanta,GA,"Atlanta-Sandy Springs-Alpharetta, GA",1,2020-02-29,222671.56623413673
Atlanta,GA,"Atlanta-Sandy Springs-Alpharetta, GA",1,2020-03-31,224112.856995301
Atlanta,GA,"Atlanta-Sandy Springs-Alpharetta, GA",1,2020-04-30,224219.51816958992
Atlanta,GA,"Atlanta-Sandy Springs-Alpharetta, GA",1,2020-05-31,223701.88158865375
Atlanta,GA,"Atlanta-Sandy Springs-Alpharetta, GA",1,2020-06-30,222778.3701684021
Atlanta,GA,"Atlanta-Sandy Springs-Alpharetta, GA",1,2020-07-31,222218.11434852172
Atlanta,GA,"Atlanta-Sandy Springs-Alpharetta, GA",1,2020-08-31,222070.47005798368
Atlanta,GA,"Atlanta-Sandy Springs-Alpharetta, GA",1,2020-09-30,222655.71354260575
Atlanta,GA,"Atlanta-Sandy Springs-Alpharetta, GA",1,2020-10-31,223454.26286303977
Atlanta,GA,"Atlanta-Sandy Springs-Alpharetta, GA",1,2020-11-30,224736.2545094945
Atlanta,GA,"Atlanta-Sandy Springs-Alpharetta, GA",1,2020-12-31,226016.45536894663
Atlanta,GA,"Atlanta-Sandy Springs-Alpharetta, GA",1,2021-01-31,227078.09843831367
Atlanta,GA,"Atlanta-Sandy Springs-Alpharetta, GA",1,2021-02-28,228636.61280669871
Atlanta,GA,"Atlanta-Sandy Springs-Alpharetta, GA",1,2021-03-31,230794.93609524236
Atlanta,GA,"Atlanta-Sandy Springs-Alpharetta, GA",1,2021-04-30,233143.57949567304
Atlanta,GA,"Atlanta-Sandy Springs-Alpharetta, GA",1,2021-05-31,234739.30102016308
Atlanta,GA,"Atlanta-Sandy Springs-Alpharetta, GA",1,2021-06-30,235905.3389749568
Atlanta,GA,"Atlanta-Sandy Springs-Alpharetta, GA",1,2021-07-31,237111.8757919345
Atlanta,GA,"Atlanta-Sandy Springs-Alpharetta, GA",1,2021-08-31,238444.36968738463
Atlanta,GA,"Atlanta-Sandy Springs-Alpharetta, GA",1,2021-09-30,239760.6351797261
Atlanta,GA,"Atlanta-Sandy Springs-Alpharetta, GA",1,2021-10-31,241288.33645298204
Atlanta,GA,"Atlanta-Sandy Springs-Alpharetta, GA",1,2021-11-30,242847.51456457085
Atlanta,GA,"Atlanta-Sandy Springs-Alpharetta, GA",1,2021-12-31,244824.6126937268
Atlanta,GA,"Atlanta-Sandy Springs-Alpharetta, GA",1,2022-01-31,247447.6739055283
Atlanta,GA,"Atlanta-Sandy Springs-Alpharetta, GA",1,2022-02-28,250286.93594041513
Atlanta,GA,"Atlanta-Sandy Springs-Alpharetta, GA",1,2022-03-31,252723.23449496352
Atlanta,GA,"Atlanta-Sandy Springs-Alpharetta, GA",1,2022-04-30,255278.5816158813
Atlanta,GA,"Atlanta-Sandy Springs-Alpharetta, GA",1,2022-05-31,257735.11901116764
Atlanta,GA,"Atlanta-Sandy Springs-Alpharetta, GA",1,2022-06-30,260459.88321375303
Atlanta,GA,"Atlanta-Sandy Springs-Alpharetta, GA",1,2022-07-31,262477.89284378797
Atlanta,GA,"Atlanta-Sandy Springs-Alpharetta, GA",1,2022-08-31,263566.4627744179
Atlanta,GA,"Atlanta-Sandy Springs-Alpharetta, GA",1,2022-09-30,264575.9831769312
Atlanta,GA,"Atlanta-Sandy Springs-Alpharetta, GA",1,2022-10-31,265628.93882100756
Atlanta,GA,"Atlanta-Sandy Springs-Alpharetta, GA",1,2022-11-30,267370.0450511099
Atlanta,GA,"Atlanta-Sandy Springs-Alpharetta, GA",1,2022-12-31,268701.02316326747
Atlanta,GA,"Atlanta-Sandy Springs-Alpharetta, GA",1,2023-01-31,269533.1770645368
Atlanta,GA,"Atlanta-Sandy Springs-Alpharetta, GA",1,2023-02-28,269775.00378036796
Atlanta,GA,"Atlanta-Sandy Springs-Alpharetta, GA",1,2023-03-31,269903.16707020655
Atlanta,GA,"Atlanta-Sandy Springs-Alpharetta, GA",1,2023-04-30,269932.1712559708
Atlanta,GA,"Atlanta-Sandy Springs-Alpharetta, GA",1,2023-05-31,270293.8520911706
Atlanta,GA,"Atlanta-Sandy Springs-Alpharetta, GA",1,2023-06-30,270590.67778828094
Atlanta,GA,"Atlanta-Sandy Springs-Alpharetta, GA",1,2023-07-31,271221.58666696865
Atlanta,GA,"Atlanta-Sandy Springs-Alpharetta, GA",1,2023-08-31,272698.4790014516
Atlanta,GA,"Atlanta-Sandy Springs-Alpharetta, GA",1,2023-09-30,274413.8678137201
Atlanta,GA,"Atlanta-Sandy Springs-Alpharetta, GA",1,2023-10-31,275528.8130263023
Atlanta,GA,"Atlanta-Sandy Springs-Alpharetta, GA",1,2023-11-30,275639.12746643304
Atlanta,GA,"Atlanta-Sandy Springs-Alpharetta, GA",1,2023-12-31,274697.2069602035
Atlanta,GA,"Atlanta-Sandy Springs-Alpharetta, GA",1,2024-01-31,274059.2452597692
Atlanta,GA,"Atlanta-Sandy Springs-Alpharetta, GA",1,2024-02-29,273243.9963515872
Atlanta,GA,"Atlanta-Sandy Springs-Alpharetta, GA",1,2024-03-31,273323.94501216116
Atlanta,GA,"Atlanta-Sandy Springs-Alpharetta, GA",1,2024-04-30,273417.5936371446
Atlanta,GA,"Atlanta-Sandy Springs-Alpharetta, GA",1,2024-05-31,273355.2999543064
Atlanta,GA,"Atlanta-Sandy Springs-Alpharetta, GA",1,2024-06-30,272311.2388262102
Atlanta,GA,"Atlanta-Sandy Springs-Alpharetta, GA",1,2024-07-31,270742.0420789162
Atlanta,GA,"Atlanta-Sandy Springs-Alpharetta, GA",1,2024-08-31,269405.9232828361
Atlanta,GA,"Atlanta-Sandy Springs-Alpharetta, GA",1,2024-09-30,268159.2174723817
Atlanta,GA,"Atlanta-Sandy Springs-Alpharetta, GA",1,2024-10-31,266632.60358437913
Atlanta,GA,"Atlanta-Sandy Springs-Alpharetta, GA",1,2024-11-30,264575.6129289011
Atlanta,GA,"Atlanta-Sandy Springs-Alpharetta, GA",1,2024-12-31,262935.76898124575
Atlanta,GA,"Atlanta-Sandy Springs-Alpharetta, GA",1,2025-01-31,261523.1936686124
Atlanta,GA,"Atlanta-Sandy Springs-Alpharetta, GA",1,2025-02-28,260304.76133454088
Atlanta,GA,"Atlanta-Sandy Springs-Alpharetta, GA",1,2025-03-31,258804.73801886523
Atlanta,GA,"Atlanta-Sandy Springs-Alpharetta, GA",1,2025-04-30,257627.91513346275
Atlanta,GA,"Atlanta-Sandy Springs-Alpharetta, GA",1,2025-05-31,256473.9535899849
Atlanta,GA,"Atlanta-Sandy Springs-Alpharetta, GA",1,2025-06-30,255173.7633276359
Atlanta,GA,"Atlanta-Sandy Springs-Alpharetta, GA",1,2025-07-31,253337.9199926526
Atlanta,GA,"Atlanta-Sandy Springs-Alpharetta, GA",1,2025-08-31,251484.87778493887
Atlanta,GA,"Atlanta-Sandy Springs-Alpharetta, GA",1,2025-09-30,249946.5616438293
Atlanta,GA,"Atlanta-Sandy Springs-Alpharetta, GA",1,2025-10-31,248707.63673655223
Atlanta,GA,"Atlanta-Sandy Springs-Alpharetta, GA",1,2025-11-30,247572.2171983678
Atlanta,GA,"Atlanta-Sandy Springs-Alpharetta, GA",1,2025-12-31,246547.3744699929
Atlanta,GA,"Atlanta-Sandy Springs-Alpharetta, GA",1,2026-01-31,245765.7192076637
Atlanta,GA,"Atlanta-Sandy Springs-Alpharetta, GA",1,2026-02-28,244992.20982800843
Atlanta,GA,"Atlanta-Sandy Springs-Alpharetta, GA",1,2026-03-31,244051.30476534623
Atlanta,GA,"Atlanta-Sandy Springs-Alpharetta, GA",1,2026-04-30,242746.35457439875
Atlanta,GA,"Atlanta-Sandy Springs-Alpharetta, GA",1,2026-05-31,241618.4739402336
Atlanta,GA,"Atlanta-Sandy Springs-Alpharetta, GA",1,2026-06-30,240756.42113690803
Atlanta,GA,"Atlanta-Sandy Springs-Alpharetta, GA",2,2020-01-31,283490.6129030443
Atlanta,GA,"Atlanta-Sandy Springs-Alpharetta, GA",2,2020-02-29,285197.6897854707
Atlanta,GA,"Atlanta-Sandy Springs-Alpharetta, GA",2,2020-03-31,287038.09977012005
Atlanta,GA,"Atlanta-Sandy Springs-Alpharetta, GA",2,2020-04-30,287685.4377573112
Atlanta,GA,"Atlanta-Sandy Springs-Alpharetta, GA",2,2020-05-31,287334.2381110726
Atlanta,GA,"Atlanta-Sandy Springs-Alpharetta, GA",2,2020-06-30,286304.0216356062
Atlanta,GA,"Atlanta-Sandy Springs-Alpharetta, GA",2,2020-07-31,285562.2180388999
Atlanta,GA,"Atlanta-Sandy Springs-Alpharetta, GA",2,2020-08-31,286059.5254970536
Atlanta,GA,"Atlanta-Sandy Springs-Alpharetta, GA",2,2020-09-30,288015.0214301622
Atlanta,GA,"Atlanta-Sandy Springs-Alpharetta, GA",2,2020-10-31,290626.5618950191
Atlanta,GA,"Atlanta-Sandy Springs-Alpharetta, GA",2,2020-11-30,293578.4450453963
Atlanta,GA,"Atlanta-Sandy Springs-Alpharetta, GA",2,2020-12-31,295957.8408251088
Atlanta,GA,"Atlanta-Sandy Springs-Alpharetta, GA",2,2021-01-31,298546.9428947218
Atlanta,GA,"Atlanta-Sandy Springs-Alpharetta, GA",2,2021-02-28,301135.0976584824
Atlanta,GA,"Atlanta-Sandy Springs-Alpharetta, GA",2,2021-03-31,304497.6120811652
Atlanta,GA,"Atlanta-Sandy Springs-Alpharetta, GA",2,2021-04-30,307245.5112191862
Atlanta,GA,"Atlanta-Sandy Springs-Alpharetta, GA",2,2021-05-31,309920.4516192089
Atlanta,GA,"Atlanta-Sandy Springs-Alpharetta, GA",2,2021-06-30,312353.734843839
Atlanta,GA,"Atlanta-Sandy Springs-Alpharetta, GA",2,2021-07-31,315120.37137065985
Atlanta,GA,"Atlanta-Sandy Springs-Alpharetta, GA",2,2021-08-31,318058.49994437926
Atlanta,GA,"Atlanta-Sandy Springs-Alpharetta, GA",2,2021-09-30,320670.3810505182
Atlanta,GA,"Atlanta-Sandy Springs-Alpharetta, GA",2,2021-10-31,323250.9789180286
Atlanta,GA,"Atlanta-Sandy Springs-Alpharetta, GA",2,2021-11-30,325634.0690056956
Atlanta,GA,"Atlanta-Sandy Springs-Alpharetta, GA",2,2021-12-31,328324.3203777975
Atlanta,GA,"Atlanta-Sandy Springs-Alpharetta, GA",2,2022-01-31,331979.9936945239
Atlanta,GA,"Atlanta-Sandy Springs-Alpharetta, GA",2,2022-02-28,336258.8891164322
Atlanta,GA,"Atlanta-Sandy Springs-Alpharetta, GA",2,2022-03-31,340890.95583615097
Atlanta,GA,"Atlanta-Sandy Springs-Alpharetta, GA",2,2022-04-30,345029.2533044925
Atlanta,GA,"Atlanta-Sandy Springs-Alpharetta, GA",2,2022-05-31,349319.63483694755
Atlanta,GA,"Atlanta-Sandy Springs-Alpharetta, GA",2,2022-06-30,353297.93017485243
Atlanta,GA,"Atlanta-Sandy Springs-Alpharetta, GA",2,2022-07-31,355595.8851200177
Atlanta,GA,"Atlanta-Sandy Springs-Alpharetta, GA",2,2022-08-31,355380.0751647575
Atlanta,GA,"Atlanta-Sandy Springs-Alpharetta, GA",2,2022-09-30,353524.4840622802
Atlanta,GA,"Atlanta-Sandy Springs-Alpharetta, GA",2,2022-10-31,352228.44946196856
Atlanta,GA,"Atlanta-Sandy Springs-Alpharetta, GA",2,2022-11-30,351479.3251360717
Atlanta,GA,"Atlanta-Sandy Springs-Alpharetta, GA",2,2022-12-31,350852.48182724
Atlanta,GA,"Atlanta-Sandy Springs-Alpharetta, GA",2,2023-01-31,349971.71806450264
Atlanta,GA,"Atlanta-Sandy Springs-Alpharetta, GA",2,2023-02-28,348930.73185255245
Atlanta,GA,"Atlanta-Sandy Springs-Alpharetta, GA",2,2023-03-31,348417.623810928
Atlanta,GA,"Atlanta-Sandy Springs-Alpharetta, GA",2,2023-04-30,348349.7272587086
Atlanta,GA,"Atlanta-Sandy Springs-Alpharetta, GA",2,2023-05-31,348920.6577510929
Atlanta,GA,"Atlanta-Sandy Springs-Alpharetta, GA",2,2023-06-30,349567.1826087122
Atlanta,GA,"Atlanta-Sandy Springs-Alpharetta, GA",2,2023-07-31,350276.18220398546
Atlanta,GA,"Atlanta-Sandy Springs-Alpharetta, GA",2,2023-08-31,351681.9959816717
Atlanta,GA,"Atlanta-Sandy Springs-Alpharetta, GA",2,2023-09-30,353381.5906199625
Atlanta,GA,"Atlanta-Sandy Springs-Alpharetta, GA",2,2023-10-31,354771.1567624875
Atlanta,GA,"Atlanta-Sandy Springs-Alpharetta, GA",2,2023-11-30,355620.4571424183
Atlanta,GA,"Atlanta-Sandy Springs-Alpharetta, GA",2,2023-12-31,355458.4114336064
Atlanta,GA,"Atlanta-Sandy Springs-Alpharetta, GA",2,2024-01-31,355484.57193472516
Atlanta,GA,"Atlanta-Sandy Springs-Alpharetta, GA",2,2024-02-29,355344.62891979417
Atlanta,GA,"Atlanta-Sandy Springs-Alpharetta, GA",2,2024-03-31,356123.1900363282
Atlanta,GA,"Atlanta-Sandy Springs-Alpharetta, GA",2,2024-04-30,356879.7320111597
Atlanta,GA,"Atlanta-Sandy Springs-Alpharetta, GA",2,2024-05-31,357112.3249834189
Atlanta,GA,"Atlanta-Sandy Springs-Alpharetta, GA",2,2024-06-30,356233.64821412886
Atlanta,GA,"Atlanta-Sandy Springs-Alpharetta, GA",2,2024-07-31,354753.51841307216
Atlanta,GA,"Atlanta-Sandy Springs-Alpharetta, GA",2,2024-08-31,353324.4825250295
Atlanta,GA,"Atlanta-Sandy Springs-Alpharetta, GA",2,2024-09-30,351859.0672996354
Atlanta,GA,"Atlanta-Sandy Springs-Alpharetta, GA",2,2024-10-31,350229.9897248953
Atlanta,GA,"Atlanta-Sandy Springs-Alpharetta, GA",2,2024-11-30,348357.1725086128
Atlanta,GA,"Atlanta-Sandy Springs-Alpharetta, GA",2,2024-12-31,346847.20605311496
Atlanta,GA,"Atlanta-Sandy Springs-Alpharetta, GA",2,2025-01-31,345560.21088823123
Atlanta,GA,"Atlanta-Sandy Springs-Alpharetta, GA",2,2025-02-28,344643.4177368838
Atlanta,GA,"Atlanta-Sandy Springs-Alpharetta, GA",2,2025-03-31,343495.6140911604
Atlanta,GA,"Atlanta-Sandy Springs-Alpharetta, GA",2,2025-04-30,342316.13066106895
Atlanta,GA,"Atlanta-Sandy Springs-Alpharetta, GA",2,2025-05-31,340583.0990977066
Atlanta,GA,"Atlanta-Sandy Springs-Alpharetta, GA",2,2025-06-30,338578.1270971675
Atlanta,GA,"Atlanta-Sandy Springs-Alpharetta, GA",2,2025-07-31,336150.8359351237
Atlanta,GA,"Atlanta-Sandy Springs-Alpharetta, GA",2,2025-08-31,333966.69955240417
Atlanta,GA,"Atlanta-Sandy Springs-Alpharetta, GA",2,2025-09-30,332435.5611663155
Atlanta,GA,"Atlanta-Sandy Springs-Alpharetta, GA",2,2025-10-31,331506.8358537438
Atlanta,GA,"Atlanta-Sandy Springs-Alpharetta, GA",2,2025-11-30,331051.25964645797
Atlanta,GA,"Atlanta-Sandy Springs-Alpharetta, GA",2,2025-12-31,330649.0014396731
Atlanta,GA,"Atlanta-Sandy Springs-Alpharetta, GA",2,2026-01-31,330275.0822495867
Atlanta,GA,"Atlanta-Sandy Springs-Alpharetta, GA",2,2026-02-28,329888.5138680413
Atlanta,GA,"Atlanta-Sandy Springs-Alpharetta, GA",2,2026-03-31,329369.01706275437
Atlanta,GA,"Atlanta-Sandy Springs-Alpharetta, GA",2,2026-04-30,328542.9696266997
Atlanta,GA,"Atlanta-Sandy Springs-Alpharetta, GA",2,2026-05-31,327493.82499596797
Atlanta,GA,"Atlanta-Sandy Springs-Alpharetta, GA",2,2026-06-30,326526.31802335894
Atlanta,GA,"Atlanta-Sandy Springs-Alpharetta, GA",3,2020-01-31,297132.960269535
Atlanta,GA,"Atlanta-Sandy Springs-Alpharetta, GA",3,2020-02-29,300026.599125746
Atlanta,GA,"Atlanta-Sandy Springs-Alpharetta, GA",3,2020-03-31,302954.95489679964
Atlanta,GA,"Atlanta-Sandy Springs-Alpharetta, GA",3,2020-04-30,304849.0881058014
Atlanta,GA,"Atlanta-Sandy Springs-Alpharetta, GA",3,2020-05-31,305154.3650315372
Atlanta,GA,"Atlanta-Sandy Springs-Alpharetta, GA",3,2020-06-30,304108.9711008964
Atlanta,GA,"Atlanta-Sandy Springs-Alpharetta, GA",3,2020-07-31,303477.43363071326
Atlanta,GA,"Atlanta-Sandy Springs-Alpharetta, GA",3,2020-08-31,304601.94696813304
Atlanta,GA,"Atlanta-Sandy Springs-Alpharetta, GA",3,2020-09-30,307959.9118479562
Atlanta,GA,"Atlanta-Sandy Springs-Alpharetta, GA",3,2020-10-31,312123.672999226
Atlanta,GA,"Atlanta-Sandy Springs-Alpharetta, GA",3,2020-11-30,316988.33945750166
Atlanta,GA,"Atlanta-Sandy Springs-Alpharetta, GA",3,2020-12-31,321843.6810625636
Atlanta,GA,"Atlanta-Sandy Springs-Alpharetta, GA",3,2021-01-31,327597.2671678811
Atlanta,GA,"Atlanta-Sandy Springs-Alpharetta, GA",3,2021-02-28,334052.4832691452
Atlanta,GA,"Atlanta-Sandy Springs-Alpharetta, GA",3,2021-03-31,341022.5771885165
Atlanta,GA,"Atlanta-Sandy Springs-Alpharetta, GA",3,2021-04-30,347028.11699651345
Atlanta,GA,"Atlanta-Sandy Springs-Alpharetta, GA",3,2021-05-31,352388.5999540142
Atlanta,GA,"Atlanta-Sandy Springs-Alpharetta, GA",3,2021-06-30,357113.0639375642
Atlanta,GA,"Atlanta-Sandy Springs-Alpharetta, GA",3,2021-07-31,360710.4120446974
Atlanta,GA,"Atlanta-Sandy Springs-Alpharetta, GA",3,2021-08-31,362931.46363664215
Atlanta,GA,"Atlanta-Sandy Springs-Alpharetta, GA",3,2021-09-30,364515.12634805235
Atlanta,GA,"Atlanta-Sandy Springs-Alpharetta, GA",3,2021-10-31,366792.4489080921
Atlanta,GA,"Atlanta-Sandy Springs-Alpharetta, GA",3,2021-11-30,369862.3865345938
Atlanta,GA,"Atlanta-Sandy Springs-Alpharetta, GA",3,2021-12-31,373283.8106110633
Atlanta,GA,"Atlanta-Sandy Springs-Alpharetta, GA",3,2022-01-31,379403.10458949424
Atlanta,GA,"Atlanta-Sandy Springs-Alpharetta, GA",3,2022-02-28,387852.1634248329
Atlanta,GA,"Atlanta-Sandy Springs-Alpharetta, GA",3,2022-03-31,397306.1388586841
Atlanta,GA,"Atlanta-Sandy Springs-Alpharetta, GA",3,2022-04-30,405167.56872550567
Atlanta,GA,"Atlanta-Sandy Springs-Alpharetta, GA",3,2022-05-31,411085.3464191239
Atlanta,GA,"Atlanta-Sandy Springs-Alpharetta, GA",3,2022-06-30,415847.1666294134
Atlanta,GA,"Atlanta-Sandy Springs-Alpharetta, GA",3,2022-07-31,417534.4673998342
Atlanta,GA,"Atlanta-Sandy Springs-Alpharetta, GA",3,2022-08-31,416407.4743416144
Atlanta,GA,"Atlanta-Sandy Springs-Alpharetta, GA",3,2022-09-30,412842.3796178678
Atlanta,GA,"Atlanta-Sandy Springs-Alpharetta, GA",3,2022-10-31,409880.89281922067
Atlanta,GA,"Atlanta-Sandy Springs-Alpharetta, GA",3,2022-11-30,407326.62667439407
Atlanta,GA,"Atlanta-Sandy Springs-Alpharetta, GA",3,2022-12-31,405291.4030970132
Atlanta,GA,"Atlanta-Sandy Springs-Alpharetta, GA",3,2023-01-31,403902.048681691
Atlanta,GA,"Atlanta-Sandy Springs-Alpharetta, GA",3,2023-02-28,403263.20453788136
Atlanta,GA,"Atlanta-Sandy Springs-Alpharetta, GA",3,2023-03-31,403525.2024636087
Atlanta,GA,"Atlanta-Sandy Springs-Alpharetta, GA",3,2023-04-30,403793.5147781756
Atlanta,GA,"Atlanta-Sandy Springs-Alpharetta, GA",3,2023-05-31,403975.3416762661
Atlanta,GA,"Atlanta-Sandy Springs-Alpharetta, GA",3,2023-06-30,403926.0682261645
Atlanta,GA,"Atlanta-Sandy Springs-Alpharetta, GA",3,2023-07-31,403742.7532486559
Atlanta,GA,"Atlanta-Sandy Springs-Alpharetta, GA",3,2023-08-31,404070.234083618
Atlanta,GA,"Atlanta-Sandy Springs-Alpharetta, GA",3,2023-09-30,404826.0217979313
Atlanta,GA,"Atlanta-Sandy Springs-Alpharetta, GA",3,2023-10-31,405837.36815622565
Atlanta,GA,"Atlanta-Sandy Springs-Alpharetta, GA",3,2023-11-30,406951.0238320776
Atlanta,GA,"Atlanta-Sandy Springs-Alpharetta, GA",3,2023-12-31,407724.7478116211
Atlanta,GA,"Atlanta-Sandy Springs-Alpharetta, GA",3,2024-01-31,408686.66646867665
Atlanta,GA,"Atlanta-Sandy Springs-Alpharetta, GA",3,2024-02-29,409787.01847475534
Atlanta,GA,"Atlanta-Sandy Springs-Alpharetta, GA",3,2024-03-31,411788.300720954
Atlanta,GA,"Atlanta-Sandy Springs-Alpharetta, GA",3,2024-04-30,413535.5420673106
Atlanta,GA,"Atlanta-Sandy Springs-Alpharetta, GA",3,2024-05-31,413946.6378259667
Atlanta,GA,"Atlanta-Sandy Springs-Alpharetta, GA",3,2024-06-30,412555.8573079842
Atlanta,GA,"Atlanta-Sandy Springs-Alpharetta, GA",3,2024-07-31,410521.81288160227
Atlanta,GA,"Atlanta-Sandy Springs-Alpharetta, GA",3,2024-08-31,408861.9748947612
Atlanta,GA,"Atlanta-Sandy Springs-Alpharetta, GA",3,2024-09-30,407552.0800894047
Atlanta,GA,"Atlanta-Sandy Springs-Alpharetta, GA",3,2024-10-31,405959.0143488117
Atlanta,GA,"Atlanta-Sandy Springs-Alpharetta, GA",3,2024-11-30,404365.5270622817
Atlanta,GA,"Atlanta-Sandy Springs-Alpharetta, GA",3,2024-12-31,402942.07074820664
Atlanta,GA,"Atlanta-Sandy Springs-Alpharetta, GA",3,2025-01-31,402120.4653351139
Atlanta,GA,"Atlanta-Sandy Springs-Alpharetta, GA",3,2025-02-28,401536.7348630319
Atlanta,GA,"Atlanta-Sandy Springs-Alpharetta, GA",3,2025-03-31,400500.548483155
Atlanta,GA,"Atlanta-Sandy Springs-Alpharetta, GA",3,2025-04-30,398764.1171036342
Atlanta,GA,"Atlanta-Sandy Springs-Alpharetta, GA",3,2025-05-31,396102.60623326385
Atlanta,GA,"Atlanta-Sandy Springs-Alpharetta, GA",3,2025-06-30,393245.3463408722
Atlanta,GA,"Atlanta-Sandy Springs-Alpharetta, GA",3,2025-07-31,390433.3095500117
Atlanta,GA,"Atlanta-Sandy Springs-Alpharetta, GA",3,2025-08-31,388255.54258002626
Atlanta,GA,"Atlanta-Sandy Springs-Alpharetta, GA",3,2025-09-30,386964.0951560714
Atlanta,GA,"Atlanta-Sandy Springs-Alpharetta, GA",3,2025-10-31,385957.5281291704
Atlanta,GA,"Atlanta-Sandy Springs-Alpharetta, GA",3,2025-11-30,385427.9380571908
Atlanta,GA,"Atlanta-Sandy Springs-Alpharetta, GA",3,2025-12-31,384848.9455369685
Atlanta,GA,"Atlanta-Sandy Springs-Alpharetta, GA",3,2026-01-31,384734.36445239506
Atlanta,GA,"Atlanta-Sandy Springs-Alpharetta, GA",3,2026-02-28,384764.85366837325
Atlanta,GA,"Atlanta-Sandy Springs-Alpharetta, GA",3,2026-03-31,384598.5992235172
Atlanta,GA,"Atlanta-Sandy Springs-Alpharetta, GA",3,2026-04-30,384078.7402092737
Atlanta,GA,"Atlanta-Sandy Springs-Alpharetta, GA",3,2026-05-31,383214.1841692625
Atlanta,GA,"Atlanta-Sandy Springs-Alpharetta, GA",3,2026-06-30,382383.4392734783
Atlanta,GA,"Atlanta-Sandy Springs-Alpharetta, GA",4,2020-01-31,447075.0824128208
Atlanta,GA,"Atlanta-Sandy Springs-Alpharetta, GA",4,2020-02-29,449229.41458274034
Atlanta,GA,"Atlanta-Sandy Springs-Alpharetta, GA",4,2020-03-31,451873.0169413239
Atlanta,GA,"Atlanta-Sandy Springs-Alpharetta, GA",4,2020-04-30,453949.5154019547
Atlanta,GA,"Atlanta-Sandy Springs-Alpharetta, GA",4,2020-05-31,454423.05733534944
Atlanta,GA,"Atlanta-Sandy Springs-Alpharetta, GA",4,2020-06-30,453537.5039558052
Atlanta,GA,"Atlanta-Sandy Springs-Alpharetta, GA",4,2020-07-31,453421.4034372296
Atlanta,GA,"Atlanta-Sandy Springs-Alpharetta, GA",4,2020-08-31,455367.1730132139
Atlanta,GA,"Atlanta-Sandy Springs-Alpharetta, GA",4,2020-09-30,459774.9241566469
Atlanta,GA,"Atlanta-Sandy Springs-Alpharetta, GA",4,2020-10-31,465327.05194351455
Atlanta,GA,"Atlanta-Sandy Springs-Alpharetta, GA",4,2020-11-30,471521.21170207113
Atlanta,GA,"Atlanta-Sandy Springs-Alpharetta, GA",4,2020-12-31,477004.22468784096
Atlanta,GA,"Atlanta-Sandy Springs-Alpharetta, GA",4,2021-01-31,483279.702679317
Atlanta,GA,"Atlanta-Sandy Springs-Alpharetta, GA",4,2021-02-28,490116.65220779646
Atlanta,GA,"Atlanta-Sandy Springs-Alpharetta, GA",4,2021-03-31,498119.0468233326
Atlanta,GA,"Atlanta-Sandy Springs-Alpharetta, GA",4,2021-04-30,505236.424547236
Atlanta,GA,"Atlanta-Sandy Springs-Alpharetta, GA",4,2021-05-31,512322.2496103598
Atlanta,GA,"Atlanta-Sandy Springs-Alpharetta, GA",4,2021-06-30,518855.89820969576
Atlanta,GA,"Atlanta-Sandy Springs-Alpharetta, GA",4,2021-07-31,524246.20026188256
Atlanta,GA,"Atlanta-Sandy Springs-Alpharetta, GA",4,2021-08-31,528066.7414245722
Atlanta,GA,"Atlanta-Sandy Springs-Alpharetta, GA",4,2021-09-30,530963.6009003371
Atlanta,GA,"Atlanta-Sandy Springs-Alpharetta, GA",4,2021-10-31,534706.9532770513
Atlanta,GA,"Atlanta-Sandy Springs-Alpharetta, GA",4,2021-11-30,539254.0516988197
Atlanta,GA,"Atlanta-Sandy Springs-Alpharetta, GA",4,2021-12-31,544450.2944099992
Atlanta,GA,"Atlanta-Sandy Springs-Alpharetta, GA",4,2022-01-31,552057.2073944329
Atlanta,GA,"Atlanta-Sandy Springs-Alpharetta, GA",4,2022-02-28,561714.4031742732
Atlanta,GA,"Atlanta-Sandy Springs-Alpharetta, GA",4,2022-03-31,573074.985210423
Atlanta,GA,"Atlanta-Sandy Springs-Alpharetta, GA",4,2022-04-30,583697.3195743064
Atlanta,GA,"Atlanta-Sandy Springs-Alpharetta, GA",4,2022-05-31,593054.4238801693
Atlanta,GA,"Atlanta-Sandy Springs-Alpharetta, GA",4,2022-06-30,600698.6545870146
Atlanta,GA,"Atlanta-Sandy Springs-Alpharetta, GA",4,2022-07-31,604008.1998020387
Atlanta,GA,"Atlanta-Sandy Springs-Alpharetta, GA",4,2022-08-31,603023.2159114482
Atlanta,GA,"Atlanta-Sandy Springs-Alpharetta, GA",4,2022-09-30,598148.3115339945
Atlanta,GA,"Atlanta-Sandy Springs-Alpharetta, GA",4,2022-10-31,594202.4666094254
Atlanta,GA,"Atlanta-Sandy Springs-Alpharetta, GA",4,2022-11-30,590900.5754508354
Atlanta,GA,"Atlanta-Sandy Springs-Alpharetta, GA",4,2022-12-31,588482.7774592312
Atlanta,GA,"Atlanta-Sandy Springs-Alpharetta, GA",4,2023-01-31,586105.4396518385
Atlanta,GA,"Atlanta-Sandy Springs-Alpharetta, GA",4,2023-02-28,585102.7243124982
Atlanta,GA,"Atlanta-Sandy Springs-Alpharetta, GA",4,2023-03-31,585775.5526571833
Atlanta,GA,"Atlanta-Sandy Springs-Alpharetta, GA",4,2023-04-30,587423.1538606733
Atlanta,GA,"Atlanta-Sandy Springs-Alpharetta, GA",4,2023-05-31,589191.3952302817
Atlanta,GA,"Atlanta-Sandy Springs-Alpharetta, GA",4,2023-06-30,590928.4839268659
Atlanta,GA,"Atlanta-Sandy Springs-Alpharetta, GA",4,2023-07-31,592771.1921961004
Atlanta,GA,"Atlanta-Sandy Springs-Alpharetta, GA",4,2023-08-31,595008.8579628445
Atlanta,GA,"Atlanta-Sandy Springs-Alpharetta, GA",4,2023-09-30,597698.1045748865
Atlanta,GA,"Atlanta-Sandy Springs-Alpharetta, GA",4,2023-10-31,600264.2658519476
Atlanta,GA,"Atlanta-Sandy Springs-Alpharetta, GA",4,2023-11-30,602651.0451290134
Atlanta,GA,"Atlanta-Sandy Springs-Alpharetta, GA",4,2023-12-31,604122.6169247691
Atlanta,GA,"Atlanta-Sandy Springs-Alpharetta, GA",4,2024-01-31,605093.4755143694
Atlanta,GA,"Atlanta-Sandy Springs-Alpharetta, GA",4,2024-02-29,606417.9158668219
Atlanta,GA,"Atlanta-Sandy Springs-Alpharetta, GA",4,2024-03-31,609469.0321801727
Atlanta,GA,"Atlanta-Sandy Springs-Alpharetta, GA",4,2024-04-30,613216.6256427584
Atlanta,GA,"Atlanta-Sandy Springs-Alpharetta, GA",4,2024-05-31,615489.5700662582
Atlanta,GA,"Atlanta-Sandy Springs-Alpharetta, GA",4,2024-06-30,615362.627446415
Atlanta,GA,"Atlanta-Sandy Springs-Alpharetta, GA",4,2024-07-31,614133.6072885208
Atlanta,GA,"Atlanta-Sandy Springs-Alpharetta, GA",4,2024-08-31,613256.3615853408
Atlanta,GA,"Atlanta-Sandy Springs-Alpharetta, GA",4,2024-09-30,612929.5474363139
Atlanta,GA,"Atlanta-Sandy Springs-Alpharetta, GA",4,2024-10-31,612626.3521182436
Atlanta,GA,"Atlanta-Sandy Springs-Alpharetta, GA",4,2024-11-30,612297.1554797672
Atlanta,GA,"Atlanta-Sandy Springs-Alpharetta, GA",4,2024-12-31,611871.5124119587
Atlanta,GA,"Atlanta-Sandy Springs-Alpharetta, GA",4,2025-01-31,611555.9312425274
Atlanta,GA,"Atlanta-Sandy Springs-Alpharetta, GA",4,2025-02-28,611411.6234948946
Atlanta,GA,"Atlanta-Sandy Springs-Alpharetta, GA",4,2025-03-31,610814.9747134814
Atlanta,GA,"Atlanta-Sandy Springs-Alpharetta, GA",4,2025-04-30,609947.0270933005
Atlanta,GA,"Atlanta-Sandy Springs-Alpharetta, GA",4,2025-05-31,608129.3300824099
Atlanta,GA,"Atlanta-Sandy Springs-Alpharetta, GA",4,2025-06-30,606050.8778033016
Atlanta,GA,"Atlanta-Sandy Springs-Alpharetta, GA",4,2025-07-31,603956.884228889
Atlanta,GA,"Atlanta-Sandy Springs-Alpharetta, GA",4,2025-08-31,602660.2722023953
Atlanta,GA,"Atlanta-Sandy Springs-Alpharetta, GA",4,2025-09-30,602627.8587762698
Atlanta,GA,"Atlanta-Sandy Springs-Alpharetta, GA",4,2025-10-31,603006.4724698107
Atlanta,GA,"Atlanta-Sandy Springs-Alpharetta, GA",4,2025-11-30,603547.547795067
Atlanta,GA,"Atlanta-Sandy Springs-Alpharetta, GA",4,2025-12-31,603699.62585072
Atlanta,GA,"Atlanta-Sandy Springs-Alpharetta, GA",4,2026-01-31,603843.3547853472
Atlanta,GA,"Atlanta-Sandy Springs-Alpharetta, GA",4,2026-02-28,604044.8291149616
Atlanta,GA,"Atlanta-Sandy Springs-Alpharetta, GA",4,2026-03-31,604178.9662267095
Atlanta,GA,"Atlanta-Sandy Springs-Alpharetta, GA",4,2026-04-30,604328.8253221054
Atlanta,GA,"Atlanta-Sandy Springs-Alpharetta, GA",4,2026-05-31,604433.7341739876
Atlanta,GA,"Atlanta-Sandy Springs-Alpharetta, GA",4,2026-06-30,604748.3792479803
Atlanta,GA,"Atlanta-Sandy Springs-Alpharetta, GA",5,2020-01-31,758942.6410076749
Atlanta,GA,"Atlanta-Sandy Springs-Alpharetta, GA",5,2020-02-29,763248.0469089713
Atlanta,GA,"Atlanta-Sandy Springs-Alpharetta, GA",5,2020-03-31,769426.349749832
Atlanta,GA,"Atlanta-Sandy Springs-Alpharetta, GA",5,2020-04-30,773957.3179580803
Atlanta,GA,"Atlanta-Sandy Springs-Alpharetta, GA",5,2020-05-31,775511.8698925319
Atlanta,GA,"Atlanta-Sandy Springs-Alpharetta, GA",5,2020-06-30,773451.6247577464
Atlanta,GA,"Atlanta-Sandy Springs-Alpharetta, GA",5,2020-07-31,772829.6764493621
Atlanta,GA,"Atlanta-Sandy Springs-Alpharetta, GA",5,2020-08-31,775592.9189605583
Atlanta,GA,"Atlanta-Sandy Springs-Alpharetta, GA",5,2020-09-30,783187.268056162
Atlanta,GA,"Atlanta-Sandy Springs-Alpharetta, GA",5,2020-10-31,793043.4356872156
Atlanta,GA,"Atlanta-Sandy Springs-Alpharetta, GA",5,2020-11-30,803668.7475369214
Atlanta,GA,"Atlanta-Sandy Springs-Alpharetta, GA",5,2020-12-31,813335.6523390369
Atlanta,GA,"Atlanta-Sandy Springs-Alpharetta, GA",5,2021-01-31,824273.7840538704
Atlanta,GA,"Atlanta-Sandy Springs-Alpharetta, GA",5,2021-02-28,836102.4437195602
Atlanta,GA,"Atlanta-Sandy Springs-Alpharetta, GA",5,2021-03-31,848658.0188622983
Atlanta,GA,"Atlanta-Sandy Springs-Alpharetta, GA",5,2021-04-30,860209.1117287263
Atlanta,GA,"Atlanta-Sandy Springs-Alpharetta, GA",5,2021-05-31,872367.2349274972
Atlanta,GA,"Atlanta-Sandy Springs-Alpharetta, GA",5,2021-06-30,884826.0681890453
Atlanta,GA,"Atlanta-Sandy Springs-Alpharetta, GA",5,2021-07-31,894016.6475520135
Atlanta,GA,"Atlanta-Sandy Springs-Alpharetta, GA",5,2021-08-31,900101.1545134718
Atlanta,GA,"Atlanta-Sandy Springs-Alpharetta, GA",5,2021-09-30,903999.6118526292
Atlanta,GA,"Atlanta-Sandy Springs-Alpharetta, GA",5,2021-10-31,909261.6729472866
Atlanta,GA,"Atlanta-Sandy Springs-Alpharetta, GA",5,2021-11-30,915955.069678322
Atlanta,GA,"Atlanta-Sandy Springs-Alpharetta, GA",5,2021-12-31,924258.976916329
Atlanta,GA,"Atlanta-Sandy Springs-Alpharetta, GA",5,2022-01-31,937075.0758728392
Atlanta,GA,"Atlanta-Sandy Springs-Alpharetta, GA",5,2022-02-28,953413.741574102
Atlanta,GA,"Atlanta-Sandy Springs-Alpharetta, GA",5,2022-03-31,973429.4082144516
Atlanta,GA,"Atlanta-Sandy Springs-Alpharetta, GA",5,2022-04-30,992595.0624928186
Atlanta,GA,"Atlanta-Sandy Springs-Alpharetta, GA",5,2022-05-31,1009843.3693035652
Atlanta,GA,"Atlanta-Sandy Springs-Alpharetta, GA",5,2022-06-30,1023990.2111996232
Atlanta,GA,"Atlanta-Sandy Springs-Alpharetta, GA",5,2022-07-31,1030903.3652745192
Atlanta,GA,"Atlanta-Sandy Springs-Alpharetta, GA",5,2022-08-31,1030304.45527951
Atlanta,GA,"Atlanta-Sandy Springs-Alpharetta, GA",5,2022-09-30,1022018.80007852
Atlanta,GA,"Atlanta-Sandy Springs-Alpharetta, GA",5,2022-10-31,1014951.3219431002
Atlanta,GA,"Atlanta-Sandy Springs-Alpharetta, GA",5,2022-11-30,1010173.0130194192
Atlanta,GA,"Atlanta-Sandy Springs-Alpharetta, GA",5,2022-12-31,1008118.6553017256
Atlanta,GA,"Atlanta-Sandy Springs-Alpharetta, GA",5,2023-01-31,1005457.6984552084
Atlanta,GA,"Atlanta-Sandy Springs-Alpharetta, GA",5,2023-02-28,1004374.1229388072
Atlanta,GA,"Atlanta-Sandy Springs-Alpharetta, GA",5,2023-03-31,1006279.4426213448
Atlanta,GA,"Atlanta-Sandy Springs-Alpharetta, GA",5,2023-04-30,1011958.5644299712
Atlanta,GA,"Atlanta-Sandy Springs-Alpharetta, GA",5,2023-05-31,1018329.7655683002
Atlanta,GA,"Atlanta-Sandy Springs-Alpharetta, GA",5,2023-06-30,1024911.6194007254
Atlanta,GA,"Atlanta-Sandy Springs-Alpharetta, GA",5,2023-07-31,1031310.7466123858
Atlanta,GA,"Atlanta-Sandy Springs-Alpharetta, GA",5,2023-08-31,1037032.9958114752
Atlanta,GA,"Atlanta-Sandy Springs-Alpharetta, GA",5,2023-09-30,1043197.0121354868
Atlanta,GA,"Atlanta-Sandy Springs-Alpharetta, GA",5,2023-10-31,1048556.3709818268
Atlanta,GA,"Atlanta-Sandy Springs-Alpharetta, GA",5,2023-11-30,1053357.200166385
Atlanta,GA,"Atlanta-Sandy Springs-Alpharetta, GA",5,2023-12-31,1055341.6086576495
Atlanta,GA,"Atlanta-Sandy Springs-Alpharetta, GA",5,2024-01-31,1055919.9750647875
Atlanta,GA,"Atlanta-Sandy Springs-Alpharetta, GA",5,2024-02-29,1057888.7227231236
Atlanta,GA,"Atlanta-Sandy Springs-Alpharetta, GA",5,2024-03-31,1064335.5170899916
Atlanta,GA,"Atlanta-Sandy Springs-Alpharetta, GA",5,2024-04-30,1073922.8106892349
Atlanta,GA,"Atlanta-Sandy Springs-Alpharetta, GA",5,2024-05-31,1080912.1952542793
Atlanta,GA,"Atlanta-Sandy Springs-Alpharetta, GA",5,2024-06-30,1081890.0387073848
Atlanta,GA,"Atlanta-Sandy Springs-Alpharetta, GA",5,2024-07-31,1079407.271489967
Atlanta,GA,"Atlanta-Sandy Springs-Alpharetta, GA",5,2024-08-31,1077514.0899823336
Atlanta,GA,"Atlanta-Sandy Springs-Alpharetta, GA",5,2024-09-30,1077248.7659830395
Atlanta,GA,"Atlanta-Sandy Springs-Alpharetta, GA",5,2024-10-31,1077931.0578404793
Atlanta,GA,"Atlanta-Sandy Springs-Alpharetta, GA",5,2024-11-30,1078709.8762917155
Atlanta,GA,"Atlanta-Sandy Springs-Alpharetta, GA",5,2024-12-31,1080056.9249144802
Atlanta,GA,"Atlanta-Sandy Springs-Alpharetta, GA",5,2025-01-31,1081720.2289025057
Atlanta,GA,"Atlanta-Sandy Springs-Alpharetta, GA",5,2025-02-28,1083956.4504980212
Atlanta,GA,"Atlanta-Sandy Springs-Alpharetta, GA",5,2025-03-31,1085983.7139916131
Atlanta,GA,"Atlanta-Sandy Springs-Alpharetta, GA",5,2025-04-30,1087482.5476622367
Atlanta,GA,"Atlanta-Sandy Springs-Alpharetta, GA",5,2025-05-31,1087238.3818852336
Atlanta,GA,"Atlanta-Sandy Springs-Alpharetta, GA",5,2025-06-30,1085352.1289285766
Atlanta,GA,"Atlanta-Sandy Springs-Alpharetta, GA",5,2025-07-31,1082749.13291256
Atlanta,GA,"Atlanta-Sandy Springs-Alpharetta, GA",5,2025-08-31,1081246.594034715
Atlanta,GA,"Atlanta-Sandy Springs-Alpharetta, GA",5,2025-09-30,1082772.3520609755
Atlanta,GA,"Atlanta-Sandy Springs-Alpharetta, GA",5,2025-10-31,1086297.2873999246
Atlanta,GA,"Atlanta-Sandy Springs-Alpharetta, GA",5,2025-11-30,1091126.9010547835
Atlanta,GA,"Atlanta-Sandy Springs-Alpharetta, GA",5,2025-12-31,1095367.1947224613
Atlanta,GA,"Atlanta-Sandy Springs-Alpharetta, GA",5,2026-01-31,1099397.274032047
Atlanta,GA,"Atlanta-Sandy Springs-Alpharetta, GA",5,2026-02-28,1102439.7631522515
Atlanta,GA,"Atlanta-Sandy Springs-Alpharetta, GA",5,2026-03-31,1104758.8019374728
Atlanta,GA,"Atlanta-Sandy Springs-Alpharetta, GA",5,2026-04-30,1106059.805251699
Atlanta,GA,"Atlanta-Sandy Springs-Alpharetta, GA",5,2026-05-31,1107229.2846460857
Atlanta,GA,"Atlanta-Sandy Springs-Alpharetta, GA",5,2026-06-30,1109639.1325301782
Austin,TX,"Austin-Round Rock-Georgetown, TX",1,2020-01-31,288011.895392923
Austin,TX,"Austin-Round Rock-Georgetown, TX",1,2020-02-29,290806.68303357036
Austin,TX,"Austin-Round Rock-Georgetown, TX",1,2020-03-31,293556.2647634666
Austin,TX,"Austin-Round Rock-Georgetown, TX",1,2020-04-30,295482.0888272785
Austin,TX,"Austin-Round Rock-Georgetown, TX",1,2020-05-31,296295.09898322116
Austin,TX,"Austin-Round Rock-Georgetown, TX",1,2020-06-30,296264.1588669315
Austin,TX,"Austin-Round Rock-Georgetown, TX",1,2020-07-31,295963.51609056426
Austin,TX,"Austin-Round Rock-Georgetown, TX",1,2020-08-31,296246.78419063595
Austin,TX,"Austin-Round Rock-Georgetown, TX",1,2020-09-30,297480.7605943315
Austin,TX,"Austin-Round Rock-Georgetown, TX",1,2020-10-31,299558.9763313845
Austin,TX,"Austin-Round Rock-Georgetown, TX",1,2020-11-30,302350.3922137592
Austin,TX,"Austin-Round Rock-Georgetown, TX",1,2020-12-31,305528.18301527813
Austin,TX,"Austin-Round Rock-Georgetown, TX",1,2021-01-31,308775.03358108574
Austin,TX,"Austin-Round Rock-Georgetown, TX",1,2021-02-28,312206.7953292926
Austin,TX,"Austin-Round Rock-Georgetown, TX",1,2021-03-31,317196.91133798286
Austin,TX,"Austin-Round Rock-Georgetown, TX",1,2021-04-30,324042.0993338891
Austin,TX,"Austin-Round Rock-Georgetown, TX",1,2021-05-31,333009.0453836971
Austin,TX,"Austin-Round Rock-Georgetown, TX",1,2021-06-30,342051.1470404323
Austin,TX,"Austin-Round Rock-Georgetown, TX",1,2021-07-31,349796.6888225304
Austin,TX,"Austin-Round Rock-Georgetown, TX",1,2021-08-31,354915.2459431561
Austin,TX,"Austin-Round Rock-Georgetown, TX",1,2021-09-30,358133.6325479015
Austin,TX,"Austin-Round Rock-Georgetown, TX",1,2021-10-31,361316.92811603606
Austin,TX,"Austin-Round Rock-Georgetown, TX",1,2021-11-30,365840.7949509416
Austin,TX,"Austin-Round Rock-Georgetown, TX",1,2021-12-31,371330.321218672
Austin,TX,"Austin-Round Rock-Georgetown, TX",1,2022-01-31,378872.7968409427
Austin,TX,"Austin-Round Rock-Georgetown, TX",1,2022-02-28,387898.2163238996
Austin,TX,"Austin-Round Rock-Georgetown, TX",1,2022-03-31,398968.00891763606
Austin,TX,"Austin-Round Rock-Georgetown, TX",1,2022-04-30,409314.1529633117
Austin,TX,"Austin-Round Rock-Georgetown, TX",1,2022-05-31,418609.1843941752
Austin,TX,"Austin-Round Rock-Georgetown, TX",1,2022-06-30,425276.368306372
Austin,TX,"Austin-Round Rock-Georgetown, TX",1,2022-07-31,427342.8987357514
Austin,TX,"Austin-Round Rock-Georgetown, TX",1,2022-08-31,423825.2890588122
Austin,TX,"Austin-Round Rock-Georgetown, TX",1,2022-09-30,417278.35643683263
Austin,TX,"Austin-Round Rock-Georgetown, TX",1,2022-10-31,411413.296724581
Austin,TX,"Austin-Round Rock-Georgetown, TX",1,2022-11-30,406726.9583206519
Austin,TX,"Austin-Round Rock-Georgetown, TX",1,2022-12-31,401687.91582632344
Austin,TX,"Austin-Round Rock-Georgetown, TX",1,2023-01-31,395988.233504309
Austin,TX,"Austin-Round Rock-Georgetown, TX",1,2023-02-28,389688.0380190378
Austin,TX,"Austin-Round Rock-Georgetown, TX",1,2023-03-31,384259.5753596861
Austin,TX,"Austin-Round Rock-Georgetown, TX",1,2023-04-30,379638.3176022799
Austin,TX,"Austin-Round Rock-Georgetown, TX",1,2023-05-31,377161.921158873
Austin,TX,"Austin-Round Rock-Georgetown, TX",1,2023-06-30,374988.7302593051
Austin,TX,"Austin-Round Rock-Georgetown, TX",1,2023-07-31,372688.75945021975
Austin,TX,"Austin-Round Rock-Georgetown, TX",1,2023-08-31,370359.4623553686
Austin,TX,"Austin-Round Rock-Georgetown, TX",1,2023-09-30,368223.2035338038
Austin,TX,"Austin-Round Rock-Georgetown, TX",1,2023-10-31,365317.5867390072
Austin,TX,"Austin-Round Rock-Georgetown, TX",1,2023-11-30,361727.5862581692
Austin,TX,"Austin-Round Rock-Georgetown, TX",1,2023-12-31,357857.7037903596
Austin,TX,"Austin-Round Rock-Georgetown, TX",1,2024-01-31,354965.8121897874
Austin,TX,"Austin-Round Rock-Georgetown, TX",1,2024-02-29,352424.00075920176
Austin,TX,"Austin-Round Rock-Georgetown, TX",1,2024-03-31,350078.9543861027
Austin,TX,"Austin-Round Rock-Georgetown, TX",1,2024-04-30,347560.9344245451
Austin,TX,"Austin-Round Rock-Georgetown, TX",1,2024-05-31,344175.8144064958
Austin,TX,"Austin-Round Rock-Georgetown, TX",1,2024-06-30,340276.2752057845
Austin,TX,"Austin-Round Rock-Georgetown, TX",1,2024-07-31,336897.7690362695
Austin,TX,"Austin-Round Rock-Georgetown, TX",1,2024-08-31,334565.77965596394
Austin,TX,"Austin-Round Rock-Georgetown, TX",1,2024-09-30,333244.8989999185
Austin,TX,"Austin-Round Rock-Georgetown, TX",1,2024-10-31,331636.90610832954
Austin,TX,"Austin-Round Rock-Georgetown, TX",1,2024-11-30,329088.57616905327
Austin,TX,"Austin-Round Rock-Georgetown, TX",1,2024-12-31,326222.2781625595
Austin,TX,"Austin-Round Rock-Georgetown, TX",1,2025-01-31,323231.4217718287
Austin,TX,"Austin-Round Rock-Georgetown, TX",1,2025-02-28,321482.22329134686
Austin,TX,"Austin-Round Rock-Georgetown, TX",1,2025-03-31,319619.76273089024
Austin,TX,"Austin-Round Rock-Georgetown, TX",1,2025-04-30,318347.6431837381
Austin,TX,"Austin-Round Rock-Georgetown, TX",1,2025-05-31,316303.9859808592
Austin,TX,"Austin-Round Rock-Georgetown, TX",1,2025-06-30,313796.39800735976
Austin,TX,"Austin-Round Rock-Georgetown, TX",1,2025-07-31,311216.89208604064
Austin,TX,"Austin-Round Rock-Georgetown, TX",1,2025-08-31,309718.79266630317
Austin,TX,"Austin-Round Rock-Georgetown, TX",1,2025-09-30,309628.05894833454
Austin,TX,"Austin-Round Rock-Georgetown, TX",1,2025-10-31,310024.8234271053
Austin,TX,"Austin-Round Rock-Georgetown, TX",1,2025-11-30,309911.78091642435
Austin,TX,"Austin-Round Rock-Georgetown, TX",1,2025-12-31,309048.0397794552
Austin,TX,"Austin-Round Rock-Georgetown, TX",1,2026-01-31,307956.9990313062
Austin,TX,"Austin-Round Rock-Georgetown, TX",1,2026-02-28,306464.12868527975
Austin,TX,"Austin-Round Rock-Georgetown, TX",1,2026-03-31,304265.56029705354
Austin,TX,"Austin-Round Rock-Georgetown, TX",1,2026-04-30,300694.2305742208
Austin,TX,"Austin-Round Rock-Georgetown, TX",1,2026-05-31,297057.6092594023
Austin,TX,"Austin-Round Rock-Georgetown, TX",1,2026-06-30,294127.4981871955
Austin,TX,"Austin-Round Rock-Georgetown, TX",2,2020-01-31,360405.3943514283
Austin,TX,"Austin-Round Rock-Georgetown, TX",2,2020-02-29,364254.0150760191
Austin,TX,"Austin-Round Rock-Georgetown, TX",2,2020-03-31,368184.592227608
Austin,TX,"Austin-Round Rock-Georgetown, TX",2,2020-04-30,371188.5306571964
Austin,TX,"Austin-Round Rock-Georgetown, TX",2,2020-05-31,372601.0276685969
Austin,TX,"Austin-Round Rock-Georgetown, TX",2,2020-06-30,372906.2249166034
Austin,TX,"Austin-Round Rock-Georgetown, TX",2,2020-07-31,373356.72938925313
Austin,TX,"Austin-Round Rock-Georgetown, TX",2,2020-08-31,375182.585403292
Austin,TX,"Austin-Round Rock-Georgetown, TX",2,2020-09-30,378929.3304708794
Austin,TX,"Austin-Round Rock-Georgetown, TX",2,2020-10-31,383700.41899884865
Austin,TX,"Austin-Round Rock-Georgetown, TX",2,2020-11-30,389388.0609694572
Austin,TX,"Austin-Round Rock-Georgetown, TX",2,2020-12-31,395215.4137764336
Austin,TX,"Austin-Round Rock-Georgetown, TX",2,2021-01-31,401338.95337900496
Austin,TX,"Austin-Round Rock-Georgetown, TX",2,2021-02-28,408387.18057917786
Austin,TX,"Austin-Round Rock-Georgetown, TX",2,2021-03-31,418384.5547372874
Austin,TX,"Austin-Round Rock-Georgetown, TX",2,2021-04-30,431956.6897907904
Austin,TX,"Austin-Round Rock-Georgetown, TX",2,2021-05-31,449043.2619435164
Austin,TX,"Austin-Round Rock-Georgetown, TX",2,2021-06-30,465651.95414050063
Austin,TX,"Austin-Round Rock-Georgetown, TX",2,2021-07-31,479083.6453866477
Austin,TX,"Austin-Round Rock-Georgetown, TX",2,2021-08-31,486936.11560391536
Austin,TX,"Austin-Round Rock-Georgetown, TX",2,2021-09-30,491330.6160641035
Austin,TX,"Austin-Round Rock-Georgetown, TX",2,2021-10-31,494904.8195965917
Austin,TX,"Austin-Round Rock-Georgetown, TX",2,2021-11-30,499798.3853279623
Austin,TX,"Austin-Round Rock-Georgetown, TX",2,2021-12-31,505829.37580488453
Austin,TX,"Austin-Round Rock-Georgetown, TX",2,2022-01-31,514215.7100042069
Austin,TX,"Austin-Round Rock-Georgetown, TX",2,2022-02-28,524278.2728057489
Austin,TX,"Austin-Round Rock-Georgetown, TX",2,2022-03-31,537496.4621670475
Austin,TX,"Austin-Round Rock-Georgetown, TX",2,2022-04-30,550966.930571984
Austin,TX,"Austin-Round Rock-Georgetown, TX",2,2022-05-31,563645.2456421134
Austin,TX,"Austin-Round Rock-Georgetown, TX",2,2022-06-30,571728.5878157766
Austin,TX,"Austin-Round Rock-Georgetown, TX",2,2022-07-31,572150.3247907121
Austin,TX,"Austin-Round Rock-Georgetown, TX",2,2022-08-31,564626.9911752982
Austin,TX,"Austin-Round Rock-Georgetown, TX",2,2022-09-30,552853.1234723186
Austin,TX,"Austin-Round Rock-Georgetown, TX",2,2022-10-31,542512.8228675631
Austin,TX,"Austin-Round Rock-Georgetown, TX",2,2022-11-30,534845.8113836375
Austin,TX,"Austin-Round Rock-Georgetown, TX",2,2022-12-31,528397.5843326802
Austin,TX,"Austin-Round Rock-Georgetown, TX",2,2023-01-31,520721.40609901166
Austin,TX,"Austin-Round Rock-Georgetown, TX",2,2023-02-28,512293.5729272614
Austin,TX,"Austin-Round Rock-Georgetown, TX",2,2023-03-31,504505.96953134594
Austin,TX,"Austin-Round Rock-Georgetown, TX",2,2023-04-30,499663.1033295745
Austin,TX,"Austin-Round Rock-Georgetown, TX",2,2023-05-31,497324.2682729776
Austin,TX,"Austin-Round Rock-Georgetown, TX",2,2023-06-30,495993.6797913465
Austin,TX,"Austin-Round Rock-Georgetown, TX",2,2023-07-31,494117.34279030975
Austin,TX,"Austin-Round Rock-Georgetown, TX",2,2023-08-31,492106.989405948
Austin,TX,"Austin-Round Rock-Georgetown, TX",2,2023-09-30,489605.4767152522
Austin,TX,"Austin-Round Rock-Georgetown, TX",2,2023-10-31,485726.64707207866
Austin,TX,"Austin-Round Rock-Georgetown, TX",2,2023-11-30,480851.5481086008
Austin,TX,"Austin-Round Rock-Georgetown, TX",2,2023-12-31,475927.32959444216
Austin,TX,"Austin-Round Rock-Georgetown, TX",2,2024-01-31,472645.40474186325
Austin,TX,"Austin-Round Rock-Georgetown, TX",2,2024-02-29,470422.9505424779
Austin,TX,"Austin-Round Rock-Georgetown, TX",2,2024-03-31,469050.2302839479
Austin,TX,"Austin-Round Rock-Georgetown, TX",2,2024-04-30,467329.19890809245
Austin,TX,"Austin-Round Rock-Georgetown, TX",2,2024-05-31,464560.8910406259
Austin,TX,"Austin-Round Rock-Georgetown, TX",2,2024-06-30,460608.16812454275
Austin,TX,"Austin-Round Rock-Georgetown, TX",2,2024-07-31,457134.4037296174
Austin,TX,"Austin-Round Rock-Georgetown, TX",2,2024-08-31,454416.5498559513
Austin,TX,"Austin-Round Rock-Georgetown, TX",2,2024-09-30,452994.7824090505
Austin,TX,"Austin-Round Rock-Georgetown, TX",2,2024-10-31,451128.6806946385
Austin,TX,"Austin-Round Rock-Georgetown, TX",2,2024-11-30,448351.9005003711
Austin,TX,"Austin-Round Rock-Georgetown, TX",2,2024-12-31,444880.80255231046
Austin,TX,"Austin-Round Rock-Georgetown, TX",2,2025-01-31,441607.63666413986
Austin,TX,"Austin-Round Rock-Georgetown, TX",2,2025-02-28,439553.7781794418
Austin,TX,"Austin-Round Rock-Georgetown, TX",2,2025-03-31,437379.50039356574
Austin,TX,"Austin-Round Rock-Georgetown, TX",2,2025-04-30,435209.31046126736
Austin,TX,"Austin-Round Rock-Georgetown, TX",2,2025-05-31,432190.9786358218
Austin,TX,"Austin-Round Rock-Georgetown, TX",2,2025-06-30,428587.95809505
Austin,TX,"Austin-Round Rock-Georgetown, TX",2,2025-07-31,424939.18754574703
Austin,TX,"Austin-Round Rock-Georgetown, TX",2,2025-08-31,422297.28243590816
Austin,TX,"Austin-Round Rock-Georgetown, TX",2,2025-09-30,420916.78338388616
Austin,TX,"Austin-Round Rock-Georgetown, TX",2,2025-10-31,420354.28693766746
Austin,TX,"Austin-Round Rock-Georgetown, TX",2,2025-11-30,419465.62928892224
Austin,TX,"Austin-Round Rock-Georgetown, TX",2,2025-12-31,418082.6345197831
Austin,TX,"Austin-Round Rock-Georgetown, TX",2,2026-01-31,416632.5824566674
Austin,TX,"Austin-Round Rock-Georgetown, TX",2,2026-02-28,415086.3441074213
Austin,TX,"Austin-Round Rock-Georgetown, TX",2,2026-03-31,412983.0492109026
Austin,TX,"Austin-Round Rock-Georgetown, TX",2,2026-04-30,409443.22073330334
Austin,TX,"Austin-Round Rock-Georgetown, TX",2,2026-05-31,405706.5779167253
Austin,TX,"Austin-Round Rock-Georgetown, TX",2,2026-06-30,402880.94944528985
Austin,TX,"Austin-Round Rock-Georgetown, TX",3,2020-01-31,374368.1703227709
Austin,TX,"Austin-Round Rock-Georgetown, TX",3,2020-02-29,378117.7706702389
Austin,TX,"Austin-Round Rock-Georgetown, TX",3,2020-03-31,382048.2792219932
Austin,TX,"Austin-Round Rock-Georgetown, TX",3,2020-04-30,385454.2797122607
Austin,TX,"Austin-Round Rock-Georgetown, TX",3,2020-05-31,387468.55399569706
Austin,TX,"Austin-Round Rock-Georgetown, TX",3,2020-06-30,388566.4302893998
Austin,TX,"Austin-Round Rock-Georgetown, TX",3,2020-07-31,390158.3568727184
Austin,TX,"Austin-Round Rock-Georgetown, TX",3,2020-08-31,393694.6346605664
Austin,TX,"Austin-Round Rock-Georgetown, TX",3,2020-09-30,399677.8271337363
Austin,TX,"Austin-Round Rock-Georgetown, TX",3,2020-10-31,406954.47974641295
Austin,TX,"Austin-Round Rock-Georgetown, TX",3,2020-11-30,415372.2618481398
Austin,TX,"Austin-Round Rock-Georgetown, TX",3,2020-12-31,423948.6454723656
Austin,TX,"Austin-Round Rock-Georgetown, TX",3,2021-01-31,433127.7723905171
Austin,TX,"Austin-Round Rock-Georgetown, TX",3,2021-02-28,444155.6282780813
Austin,TX,"Austin-Round Rock-Georgetown, TX",3,2021-03-31,459633.80073425366
Austin,TX,"Austin-Round Rock-Georgetown, TX",3,2021-05-31,506438.0496833863
Austin,TX,"Austin-Round Rock-Georgetown, TX",3,2021-06-30,530158.6687919298
Austin,TX,"Austin-Round Rock-Georgetown, TX",3,2021-07-31,546792.1082728276
Austin,TX,"Austin-Round Rock-Georgetown, TX",3,2021-08-31,554879.4724411386
Austin,TX,"Austin-Round Rock-Georgetown, TX",3,2021-09-30,557121.6077958453
Austin,TX,"Austin-Round Rock-Georgetown, TX",3,2021-10-31,558188.7095477632
Austin,TX,"Austin-Round Rock-Georgetown, TX",3,2021-11-30,560806.2083478702
Austin,TX,"Austin-Round Rock-Georgetown, TX",3,2021-12-31,566142.8156117537
Austin,TX,"Austin-Round Rock-Georgetown, TX",3,2022-01-31,575903.5654438628
Austin,TX,"Austin-Round Rock-Georgetown, TX",3,2022-02-28,588658.227188074
Austin,TX,"Austin-Round Rock-Georgetown, TX",3,2022-03-31,605125.1994778599
Austin,TX,"Austin-Round Rock-Georgetown, TX",3,2022-04-30,621456.2847673121
Austin,TX,"Austin-Round Rock-Georgetown, TX",3,2022-05-31,635839.5926629283
Austin,TX,"Austin-Round Rock-Georgetown, TX",3,2022-06-30,644251.1452255588
Austin,TX,"Austin-Round Rock-Georgetown, TX",3,2022-07-31,643048.8711638899
Austin,TX,"Austin-Round Rock-Georgetown, TX",3,2022-08-31,633319.7965382665
Austin,TX,"Austin-Round Rock-Georgetown, TX",3,2022-09-30,618434.3006053505
Austin,TX,"Austin-Round Rock-Georgetown, TX",3,2022-10-31,605089.6364419138
Austin,TX,"Austin-Round Rock-Georgetown, TX",3,2022-11-30,594142.2936517396
Austin,TX,"Austin-Round Rock-Georgetown, TX",3,2022-12-31,585150.5366524534
Austin,TX,"Austin-Round Rock-Georgetown, TX",3,2023-01-31,575851.7363035154
Austin,TX,"Austin-Round Rock-Georgetown, TX",3,2023-02-28,567374.1520258049
Austin,TX,"Austin-Round Rock-Georgetown, TX",3,2023-03-31,559982.1761620914
Austin,TX,"Austin-Round Rock-Georgetown, TX",3,2023-04-30,555144.3195543773
Austin,TX,"Austin-Round Rock-Georgetown, TX",3,2023-05-31,552390.0808904859
Austin,TX,"Austin-Round Rock-Georgetown, TX",3,2023-06-30,551160.2483201261
Austin,TX,"Austin-Round Rock-Georgetown, TX",3,2023-07-31,550269.0769501094
Austin,TX,"Austin-Round Rock-Georgetown, TX",3,2023-08-31,549448.4950303315
Austin,TX,"Austin-Round Rock-Georgetown, TX",3,2023-09-30,547922.4674731832
Austin,TX,"Austin-Round Rock-Georgetown, TX",3,2023-10-31,545087.7818452944
Austin,TX,"Austin-Round Rock-Georgetown, TX",3,2023-11-30,541474.9097844698
Austin,TX,"Austin-Round Rock-Georgetown, TX",3,2023-12-31,537811.0410668398
Austin,TX,"Austin-Round Rock-Georgetown, TX",3,2024-01-31,535291.7596261654
Austin,TX,"Austin-Round Rock-Georgetown, TX",3,2024-02-29,533305.6093702158
Austin,TX,"Austin-Round Rock-Georgetown, TX",3,2024-03-31,532607.6652728905
Austin,TX,"Austin-Round Rock-Georgetown, TX",3,2024-04-30,532210.4108083899
Austin,TX,"Austin-Round Rock-Georgetown, TX",3,2024-05-31,531359.9850854088
Austin,TX,"Austin-Round Rock-Georgetown, TX",3,2024-06-30,528972.8727243386
Austin,TX,"Austin-Round Rock-Georgetown, TX",3,2024-07-31,526424.1996390204
Austin,TX,"Austin-Round Rock-Georgetown, TX",3,2024-08-31,524079.9774831044
Austin,TX,"Austin-Round Rock-Georgetown, TX",3,2024-09-30,522981.3261898344
Austin,TX,"Austin-Round Rock-Georgetown, TX",3,2024-10-31,521778.19283687585
Austin,TX,"Austin-Round Rock-Georgetown, TX",3,2024-11-30,520105.95769389585
Austin,TX,"Austin-Round Rock-Georgetown, TX",3,2024-12-31,517391.6084691224
Austin,TX,"Austin-Round Rock-Georgetown, TX",3,2025-01-31,513791.3333240322
Austin,TX,"Austin-Round Rock-Georgetown, TX",3,2025-02-28,510056.0113294783
Austin,TX,"Austin-Round Rock-Georgetown, TX",3,2025-03-31,505804.3819142853
Austin,TX,"Austin-Round Rock-Georgetown, TX",3,2025-04-30,501560.77352579014
Austin,TX,"Austin-Round Rock-Georgetown, TX",3,2025-05-31,496920.7012988769
Austin,TX,"Austin-Round Rock-Georgetown, TX",3,2025-06-30,492195.6841917045
Austin,TX,"Austin-Round Rock-Georgetown, TX",3,2025-07-31,488012.2145904978
Austin,TX,"Austin-Round Rock-Georgetown, TX",3,2025-08-31,485272.1840154578
Austin,TX,"Austin-Round Rock-Georgetown, TX",3,2025-09-30,483740.5616636391
Austin,TX,"Austin-Round Rock-Georgetown, TX",3,2025-10-31,482759.2742611196
Austin,TX,"Austin-Round Rock-Georgetown, TX",3,2025-11-30,481405.9313872174
Austin,TX,"Austin-Round Rock-Georgetown, TX",3,2025-12-31,479728.53856395994
Austin,TX,"Austin-Round Rock-Georgetown, TX",3,2026-01-31,477558.72397653694
Austin,TX,"Austin-Round Rock-Georgetown, TX",3,2026-02-28,475093.75327554526
Austin,TX,"Austin-Round Rock-Georgetown, TX",3,2026-03-31,472355.645760423
Austin,TX,"Austin-Round Rock-Georgetown, TX",3,2026-04-30,469340.87896365166
Austin,TX,"Austin-Round Rock-Georgetown, TX",3,2026-05-31,466535.206249524
Austin,TX,"Austin-Round Rock-Georgetown, TX",3,2026-06-30,464278.3739362801
Austin,TX,"Austin-Round Rock-Georgetown, TX",4,2020-01-31,482637.9482610028
Austin,TX,"Austin-Round Rock-Georgetown, TX",4,2020-02-29,487295.703870978
Austin,TX,"Austin-Round Rock-Georgetown, TX",4,2020-03-31,492161.6845435023
Austin,TX,"Austin-Round Rock-Georgetown, TX",4,2020-04-30,496441.5414213597
Austin,TX,"Austin-Round Rock-Georgetown, TX",4,2020-05-31,499089.0987214272
Austin,TX,"Austin-Round Rock-Georgetown, TX",4,2020-06-30,500477.4649092273
Austin,TX,"Austin-Round Rock-Georgetown, TX",4,2020-07-31,502378.60718940647
Austin,TX,"Austin-Round Rock-Georgetown, TX",4,2020-08-31,506841.7719891877
Austin,TX,"Austin-Round Rock-Georgetown, TX",4,2020-09-30,514494.7547998899
Austin,TX,"Austin-Round Rock-Georgetown, TX",4,2020-10-31,523890.9675510304
Austin,TX,"Austin-Round Rock-Georgetown, TX",4,2020-11-30,534991.070679166
Austin,TX,"Austin-Round Rock-Georgetown, TX",4,2020-12-31,546772.1898141467
Austin,TX,"Austin-Round Rock-Georgetown, TX",4,2021-01-31,559632.3659359274
Austin,TX,"Austin-Round Rock-Georgetown, TX",4,2021-02-28,575241.9812186082
Austin,TX,"Austin-Round Rock-Georgetown, TX",4,2021-03-31,597003.2232566988
Austin,TX,"Austin-Round Rock-Georgetown, TX",4,2021-06-30,701640.1469401526
Austin,TX,"Austin-Round Rock-Georgetown, TX",4,2021-07-31,727241.441422794
Austin,TX,"Austin-Round Rock-Georgetown, TX",4,2021-08-31,739765.4053853016
Austin,TX,"Austin-Round Rock-Georgetown, TX",4,2021-09-30,742981.000219959
Austin,TX,"Austin-Round Rock-Georgetown, TX",4,2021-10-31,744309.9353971797
Austin,TX,"Austin-Round Rock-Georgetown, TX",4,2021-11-30,748192.9983076352
Austin,TX,"Austin-Round Rock-Georgetown, TX",4,2021-12-31,756464.7633057487
Austin,TX,"Austin-Round Rock-Georgetown, TX",4,2022-01-31,770848.7693798629
Austin,TX,"Austin-Round Rock-Georgetown, TX",4,2022-02-28,789498.2357169553
Austin,TX,"Austin-Round Rock-Georgetown, TX",4,2022-03-31,813716.9627439395
Austin,TX,"Austin-Round Rock-Georgetown, TX",4,2022-04-30,838479.3820311856
Austin,TX,"Austin-Round Rock-Georgetown, TX",4,2022-05-31,859541.4588115442
Austin,TX,"Austin-Round Rock-Georgetown, TX",4,2022-06-30,870916.8469596562
Austin,TX,"Austin-Round Rock-Georgetown, TX",4,2022-07-31,867430.9042983265
Austin,TX,"Austin-Round Rock-Georgetown, TX",4,2022-08-31,852373.732445232
Austin,TX,"Austin-Round Rock-Georgetown, TX",4,2022-09-30,829784.8852863634
Austin,TX,"Austin-Round Rock-Georgetown, TX",4,2022-10-31,810314.5215996657
Austin,TX,"Austin-Round Rock-Georgetown, TX",4,2022-11-30,795044.8248604002
Austin,TX,"Austin-Round Rock-Georgetown, TX",4,2022-12-31,783462.5150665166
Austin,TX,"Austin-Round Rock-Georgetown, TX",4,2023-01-31,772290.1740778941
Austin,TX,"Austin-Round Rock-Georgetown, TX",4,2023-02-28,762592.8657042222
Austin,TX,"Austin-Round Rock-Georgetown, TX",4,2023-03-31,754349.8345996035
Austin,TX,"Austin-Round Rock-Georgetown, TX",4,2023-04-30,748769.5934837941
Austin,TX,"Austin-Round Rock-Georgetown, TX",4,2023-05-31,745736.8249017805
Austin,TX,"Austin-Round Rock-Georgetown, TX",4,2023-06-30,745148.9460145024
Austin,TX,"Austin-Round Rock-Georgetown, TX",4,2023-07-31,745105.8688235693
Austin,TX,"Austin-Round Rock-Georgetown, TX",4,2023-08-31,745113.545970796
Austin,TX,"Austin-Round Rock-Georgetown, TX",4,2023-09-30,744113.6981454594
Austin,TX,"Austin-Round Rock-Georgetown, TX",4,2023-10-31,740224.002988521
Austin,TX,"Austin-Round Rock-Georgetown, TX",4,2023-11-30,734973.0060301243
Austin,TX,"Austin-Round Rock-Georgetown, TX",4,2023-12-31,729683.0870123807
Austin,TX,"Austin-Round Rock-Georgetown, TX",4,2024-01-31,726746.5257437248
Austin,TX,"Austin-Round Rock-Georgetown, TX",4,2024-02-29,724830.2149035237
Austin,TX,"Austin-Round Rock-Georgetown, TX",4,2024-03-31,725032.2839723756
Austin,TX,"Austin-Round Rock-Georgetown, TX",4,2024-04-30,726881.6206776681
Austin,TX,"Austin-Round Rock-Georgetown, TX",4,2024-05-31,728179.8987002134
Austin,TX,"Austin-Round Rock-Georgetown, TX",4,2024-06-30,727126.408622664
Austin,TX,"Austin-Round Rock-Georgetown, TX",4,2024-07-31,724703.9757638959
Austin,TX,"Austin-Round Rock-Georgetown, TX",4,2024-08-31,722062.9274374141
Austin,TX,"Austin-Round Rock-Georgetown, TX",4,2024-09-30,720853.5392416782
Austin,TX,"Austin-Round Rock-Georgetown, TX",4,2024-10-31,720272.4391631813
Austin,TX,"Austin-Round Rock-Georgetown, TX",4,2024-11-30,719377.7861811543
Austin,TX,"Austin-Round Rock-Georgetown, TX",4,2024-12-31,717098.2461420037
Austin,TX,"Austin-Round Rock-Georgetown, TX",4,2025-01-31,712984.2684159554
Austin,TX,"Austin-Round Rock-Georgetown, TX",4,2025-02-28,708700.2064110091
Austin,TX,"Austin-Round Rock-Georgetown, TX",4,2025-03-31,704099.9577145117
Austin,TX,"Austin-Round Rock-Georgetown, TX",4,2025-04-30,700013.9568425104
Austin,TX,"Austin-Round Rock-Georgetown, TX",4,2025-05-31,695207.6117069629
Austin,TX,"Austin-Round Rock-Georgetown, TX",4,2025-06-30,689660.9379945094
Austin,TX,"Austin-Round Rock-Georgetown, TX",4,2025-07-31,684708.4760210196
Austin,TX,"Austin-Round Rock-Georgetown, TX",4,2025-08-31,682008.7590441626
Austin,TX,"Austin-Round Rock-Georgetown, TX",4,2025-09-30,681511.2104130025
Austin,TX,"Austin-Round Rock-Georgetown, TX",4,2025-10-31,682234.2618490633
Austin,TX,"Austin-Round Rock-Georgetown, TX",4,2025-11-30,682384.0274184244
Austin,TX,"Austin-Round Rock-Georgetown, TX",4,2025-12-31,682007.3758498047
Austin,TX,"Austin-Round Rock-Georgetown, TX",4,2026-01-31,680068.4107475091
Austin,TX,"Austin-Round Rock-Georgetown, TX",4,2026-02-28,677698.2846964436
Austin,TX,"Austin-Round Rock-Georgetown, TX",4,2026-03-31,674657.0988137437
Austin,TX,"Austin-Round Rock-Georgetown, TX",4,2026-04-30,671604.7490347452
Austin,TX,"Austin-Round Rock-Georgetown, TX",4,2026-05-31,669040.3222637324
Austin,TX,"Austin-Round Rock-Georgetown, TX",4,2026-06-30,667544.4950572898
Austin,TX,"Austin-Round Rock-Georgetown, TX",5,2020-01-31,707937.7797637911
Austin,TX,"Austin-Round Rock-Georgetown, TX",5,2020-02-29,714784.3155484576
Austin,TX,"Austin-Round Rock-Georgetown, TX",5,2020-03-31,721969.9703382651
Austin,TX,"Austin-Round Rock-Georgetown, TX",5,2020-04-30,728158.6519659617
Austin,TX,"Austin-Round Rock-Georgetown, TX",5,2020-05-31,731982.3875980658
Austin,TX,"Austin-Round Rock-Georgetown, TX",5,2020-06-30,733694.3270159174
Austin,TX,"Austin-Round Rock-Georgetown, TX",5,2020-07-31,736106.0469304752
Austin,TX,"Austin-Round Rock-Georgetown, TX",5,2020-08-31,742324.4286638927
Austin,TX,"Austin-Round Rock-Georgetown, TX",5,2020-09-30,753695.260186084
Austin,TX,"Austin-Round Rock-Georgetown, TX",5,2020-10-31,768336.5688389227
Austin,TX,"Austin-Round Rock-Georgetown, TX",5,2020-11-30,785993.6085616456
Austin,TX,"Austin-Round Rock-Georgetown, TX",5,2020-12-31,805130.1099963421
Austin,TX,"Austin-Round Rock-Georgetown, TX",5,2021-01-31,825730.5020119594
Austin,TX,"Austin-Round Rock-Georgetown, TX",5,2021-02-28,849488.7391851313
Austin,TX,"Austin-Round Rock-Georgetown, TX",5,2021-03-31,881067.4176962009
Austin,TX,"Austin-Round Rock-Georgetown, TX",5,2021-06-30,1041832.7165383968
Austin,TX,"Austin-Round Rock-Georgetown, TX",5,2021-07-31,1084224.5871596762
Austin,TX,"Austin-Round Rock-Georgetown, TX",5,2021-08-31,1106200.0654039015
Austin,TX,"Austin-Round Rock-Georgetown, TX",5,2021-09-30,1113395.8434307026
Austin,TX,"Austin-Round Rock-Georgetown, TX",5,2021-10-31,1118398.9936602311
Austin,TX,"Austin-Round Rock-Georgetown, TX",5,2021-11-30,1127647.00974828
Austin,TX,"Austin-Round Rock-Georgetown, TX",5,2021-12-31,1142873.2081908516
Austin,TX,"Austin-Round Rock-Georgetown, TX",5,2022-01-31,1166641.3853890446
Austin,TX,"Austin-Round Rock-Georgetown, TX",5,2022-02-28,1196595.734772227
Austin,TX,"Austin-Round Rock-Georgetown, TX",5,2022-03-31,1236042.715410319
Austin,TX,"Austin-Round Rock-Georgetown, TX",5,2022-04-30,1276680.4254595323
Austin,TX,"Austin-Round Rock-Georgetown, TX",5,2022-05-31,1311192.1715932554
Austin,TX,"Austin-Round Rock-Georgetown, TX",5,2022-06-30,1329458.5991075535
Austin,TX,"Austin-Round Rock-Georgetown, TX",5,2022-07-31,1324465.195703482
Austin,TX,"Austin-Round Rock-Georgetown, TX",5,2022-08-31,1301602.4808724306
Austin,TX,"Austin-Round Rock-Georgetown, TX",5,2022-09-30,1266201.2549264112
Austin,TX,"Austin-Round Rock-Georgetown, TX",5,2022-10-31,1235048.8691938918
Austin,TX,"Austin-Round Rock-Georgetown, TX",5,2022-11-30,1211352.1263428263
Austin,TX,"Austin-Round Rock-Georgetown, TX",5,2022-12-31,1194964.3718957717
Austin,TX,"Austin-Round Rock-Georgetown, TX",5,2023-01-31,1183483.598325584
Austin,TX,"Austin-Round Rock-Georgetown, TX",5,2023-02-28,1172544.6193785267
Austin,TX,"Austin-Round Rock-Georgetown, TX",5,2023-03-31,1162086.907541579
Austin,TX,"Austin-Round Rock-Georgetown, TX",5,2023-04-30,1151505.1561939118
Austin,TX,"Austin-Round Rock-Georgetown, TX",5,2023-05-31,1145690.9663866826
Austin,TX,"Austin-Round Rock-Georgetown, TX",5,2023-06-30,1145767.967362521
Austin,TX,"Austin-Round Rock-Georgetown, TX",5,2023-07-31,1146776.3102971185
Austin,TX,"Austin-Round Rock-Georgetown, TX",5,2023-08-31,1147981.0250677096
Austin,TX,"Austin-Round Rock-Georgetown, TX",5,2023-09-30,1147023.7600300864
Austin,TX,"Austin-Round Rock-Georgetown, TX",5,2023-10-31,1139339.7042673074
Austin,TX,"Austin-Round Rock-Georgetown, TX",5,2023-11-30,1128817.7005662343
Austin,TX,"Austin-Round Rock-Georgetown, TX",5,2023-12-31,1117914.4624107515
Austin,TX,"Austin-Round Rock-Georgetown, TX",5,2024-01-31,1112178.294260157
Austin,TX,"Austin-Round Rock-Georgetown, TX",5,2024-02-29,1108967.3122175073
Austin,TX,"Austin-Round Rock-Georgetown, TX",5,2024-03-31,1110315.6807484082
Austin,TX,"Austin-Round Rock-Georgetown, TX",5,2024-04-30,1116166.9517960153
Austin,TX,"Austin-Round Rock-Georgetown, TX",5,2024-05-31,1121163.1331278926
Austin,TX,"Austin-Round Rock-Georgetown, TX",5,2024-06-30,1121050.9413410816
Austin,TX,"Austin-Round Rock-Georgetown, TX",5,2024-07-31,1117146.964746454
Austin,TX,"Austin-Round Rock-Georgetown, TX",5,2024-08-31,1112942.0903170172
Austin,TX,"Austin-Round Rock-Georgetown, TX",5,2024-09-30,1111137.2766686
Austin,TX,"Austin-Round Rock-Georgetown, TX",5,2024-10-31,1110880.116011508
Austin,TX,"Austin-Round Rock-Georgetown, TX",5,2024-11-30,1108893.4088140691
Austin,TX,"Austin-Round Rock-Georgetown, TX",5,2024-12-31,1104870.5009103725
Austin,TX,"Austin-Round Rock-Georgetown, TX",5,2025-01-31,1097796.858203632
Austin,TX,"Austin-Round Rock-Georgetown, TX",5,2025-02-28,1091538.9341519128
Austin,TX,"Austin-Round Rock-Georgetown, TX",5,2025-03-31,1086377.4720333514
Austin,TX,"Austin-Round Rock-Georgetown, TX",5,2025-04-30,1084317.2605147264
Austin,TX,"Austin-Round Rock-Georgetown, TX",5,2025-05-31,1081846.6078663776
Austin,TX,"Austin-Round Rock-Georgetown, TX",5,2025-06-30,1076952.48463065
Austin,TX,"Austin-Round Rock-Georgetown, TX",5,2025-07-31,1071002.8884750274
Austin,TX,"Austin-Round Rock-Georgetown, TX",5,2025-08-31,1067294.1092011554
Austin,TX,"Austin-Round Rock-Georgetown, TX",5,2025-09-30,1066720.9002817867
Austin,TX,"Austin-Round Rock-Georgetown, TX",5,2025-10-31,1067922.966489569
Austin,TX,"Austin-Round Rock-Georgetown, TX",5,2025-11-30,1068467.191241932
Austin,TX,"Austin-Round Rock-Georgetown, TX",5,2025-12-31,1068165.821079342
Austin,TX,"Austin-Round Rock-Georgetown, TX",5,2026-01-31,1065821.261744166
Austin,TX,"Austin-Round Rock-Georgetown, TX",5,2026-02-28,1063416.239651776
Austin,TX,"Austin-Round Rock-Georgetown, TX",5,2026-03-31,1060441.7903729728
Austin,TX,"Austin-Round Rock-Georgetown, TX",5,2026-04-30,1056928.2715135056
Austin,TX,"Austin-Round Rock-Georgetown, TX",5,2026-05-31,1054311.7238336655
Austin,TX,"Austin-Round Rock-Georgetown, TX",5,2026-06-30,1054181.01362141
Boston,MA,"Boston-Cambridge-Newton, MA-NH",1,2020-01-31,588589.9006918726
Boston,MA,"Boston-Cambridge-Newton, MA-NH",1,2020-02-29,591536.1053444049
Boston,MA,"Boston-Cambridge-Newton, MA-NH",1,2020-03-31,594704.2990172624
Boston,MA,"Boston-Cambridge-Newton, MA-NH",1,2020-04-30,595419.2024958392
Boston,MA,"Boston-Cambridge-Newton, MA-NH",1,2020-05-31,595858.1462608465
Boston,MA,"Boston-Cambridge-Newton, MA-NH",1,2020-06-30,595648.0483072634
Boston,MA,"Boston-Cambridge-Newton, MA-NH",1,2020-07-31,595023.8220146251
Boston,MA,"Boston-Cambridge-Newton, MA-NH",1,2020-08-31,593589.7614212997
Boston,MA,"Boston-Cambridge-Newton, MA-NH",1,2020-09-30,593287.7943346241
Boston,MA,"Boston-Cambridge-Newton, MA-NH",1,2020-10-31,593344.5840693674
Boston,MA,"Boston-Cambridge-Newton, MA-NH",1,2020-11-30,594277.128781676
Boston,MA,"Boston-Cambridge-Newton, MA-NH",1,2020-12-31,595395.8385299766
Boston,MA,"Boston-Cambridge-Newton, MA-NH",1,2021-01-31,595345.3126031427
Boston,MA,"Boston-Cambridge-Newton, MA-NH",1,2021-02-28,594479.3281181004
Boston,MA,"Boston-Cambridge-Newton, MA-NH",1,2021-03-31,592594.0683033908
Boston,MA,"Boston-Cambridge-Newton, MA-NH",1,2021-04-30,591227.8239804765
Boston,MA,"Boston-Cambridge-Newton, MA-NH",1,2021-05-31,590254.4773869183
Boston,MA,"Boston-Cambridge-Newton, MA-NH",1,2021-06-30,590313.0582724148
Boston,MA,"Boston-Cambridge-Newton, MA-NH",1,2021-07-31,592430.7845465019
Boston,MA,"Boston-Cambridge-Newton, MA-NH",1,2021-08-31,596054.9010883252
Boston,MA,"Boston-Cambridge-Newton, MA-NH",1,2021-09-30,598934.4452962767
Boston,MA,"Boston-Cambridge-Newton, MA-NH",1,2021-10-31,600980.3210961932
Boston,MA,"Boston-Cambridge-Newton, MA-NH",1,2021-11-30,603362.543204547
Boston,MA,"Boston-Cambridge-Newton, MA-NH",1,2021-12-31,606493.9994539156
Boston,MA,"Boston-Cambridge-Newton, MA-NH",1,2022-01-31,608729.2945503597
Boston,MA,"Boston-Cambridge-Newton, MA-NH",1,2022-02-28,610710.1555856369
Boston,MA,"Boston-Cambridge-Newton, MA-NH",1,2022-03-31,613235.528186778
Boston,MA,"Boston-Cambridge-Newton, MA-NH",1,2022-04-30,616392.2448875682
Boston,MA,"Boston-Cambridge-Newton, MA-NH",1,2022-05-31,618877.2447974784
Boston,MA,"Boston-Cambridge-Newton, MA-NH",1,2022-06-30,620073.0129870874
Boston,MA,"Boston-Cambridge-Newton, MA-NH",1,2022-07-31,619092.4143997204
Boston,MA,"Boston-Cambridge-Newton, MA-NH",1,2022-08-31,615815.5312889531
Boston,MA,"Boston-Cambridge-Newton, MA-NH",1,2022-09-30,610811.6020221739
Boston,MA,"Boston-Cambridge-Newton, MA-NH",1,2022-10-31,606849.7248997431
Boston,MA,"Boston-Cambridge-Newton, MA-NH",1,2022-11-30,604748.7864767263
Boston,MA,"Boston-Cambridge-Newton, MA-NH",1,2022-12-31,604108.399441003
Boston,MA,"Boston-Cambridge-Newton, MA-NH",1,2023-01-31,603649.6153776781
Boston,MA,"Boston-Cambridge-Newton, MA-NH",1,2023-02-28,602075.2572356055
Boston,MA,"Boston-Cambridge-Newton, MA-NH",1,2023-03-31,600299.8976825797
Boston,MA,"Boston-Cambridge-Newton, MA-NH",1,2023-04-30,599605.9927671504
Boston,MA,"Boston-Cambridge-Newton, MA-NH",1,2023-05-31,600731.7769903013
Boston,MA,"Boston-Cambridge-Newton, MA-NH",1,2023-06-30,602954.7661380924
Boston,MA,"Boston-Cambridge-Newton, MA-NH",1,2023-07-31,605107.3911666955
Boston,MA,"Boston-Cambridge-Newton, MA-NH",1,2023-08-31,606878.6953467048
Boston,MA,"Boston-Cambridge-Newton, MA-NH",1,2023-09-30,607789.5634495869
Boston,MA,"Boston-Cambridge-Newton, MA-NH",1,2023-10-31,607589.0268129834
Boston,MA,"Boston-Cambridge-Newton, MA-NH",1,2023-11-30,606555.6330553428
Boston,MA,"Boston-Cambridge-Newton, MA-NH",1,2023-12-31,605378.2540593054
Boston,MA,"Boston-Cambridge-Newton, MA-NH",1,2024-01-31,605476.7385054526
Boston,MA,"Boston-Cambridge-Newton, MA-NH",1,2024-02-29,606916.8166143069
Boston,MA,"Boston-Cambridge-Newton, MA-NH",1,2024-03-31,610968.0388568881
Boston,MA,"Boston-Cambridge-Newton, MA-NH",1,2024-04-30,615243.3275683692
Boston,MA,"Boston-Cambridge-Newton, MA-NH",1,2024-05-31,618506.8518806411
Boston,MA,"Boston-Cambridge-Newton, MA-NH",1,2024-06-30,619170.3722198609
Boston,MA,"Boston-Cambridge-Newton, MA-NH",1,2024-07-31,619723.9804387577
Boston,MA,"Boston-Cambridge-Newton, MA-NH",1,2024-08-31,620690.8025672853
Boston,MA,"Boston-Cambridge-Newton, MA-NH",1,2024-09-30,622640.9815766913
Boston,MA,"Boston-Cambridge-Newton, MA-NH",1,2024-10-31,623399.4705182336
Boston,MA,"Boston-Cambridge-Newton, MA-NH",1,2024-11-30,623759.9825990434
Boston,MA,"Boston-Cambridge-Newton, MA-NH",1,2024-12-31,624410.9098531308
Boston,MA,"Boston-Cambridge-Newton, MA-NH",1,2025-01-31,625373.6638567314
Boston,MA,"Boston-Cambridge-Newton, MA-NH",1,2025-02-28,626924.2359346622
Boston,MA,"Boston-Cambridge-Newton, MA-NH",1,2025-03-31,626899.1309565981
Boston,MA,"Boston-Cambridge-Newton, MA-NH",1,2025-04-30,626761.2085099759
Boston,MA,"Boston-Cambridge-Newton, MA-NH",1,2025-05-31,624615.5375803524
Boston,MA,"Boston-Cambridge-Newton, MA-NH",1,2025-06-30,621913.4288681948
Boston,MA,"Boston-Cambridge-Newton, MA-NH",1,2025-07-31,618342.7861259198
Boston,MA,"Boston-Cambridge-Newton, MA-NH",1,2025-08-31,616013.5839443138
Boston,MA,"Boston-Cambridge-Newton, MA-NH",1,2025-09-30,615532.0502196415
Boston,MA,"Boston-Cambridge-Newton, MA-NH",1,2025-10-31,617554.0103219027
Boston,MA,"Boston-Cambridge-Newton, MA-NH",1,2025-11-30,619848.4510449924
Boston,MA,"Boston-Cambridge-Newton, MA-NH",1,2025-12-31,621943.3342700118
Boston,MA,"Boston-Cambridge-Newton, MA-NH",1,2026-01-31,623316.9597983113
Boston,MA,"Boston-Cambridge-Newton, MA-NH",1,2026-02-28,624916.4786133877
Boston,MA,"Boston-Cambridge-Newton, MA-NH",1,2026-03-31,626307.4260932313
Boston,MA,"Boston-Cambridge-Newton, MA-NH",1,2026-04-30,625580.2522239741
Boston,MA,"Boston-Cambridge-Newton, MA-NH",1,2026-05-31,623904.343294235
Boston,MA,"Boston-Cambridge-Newton, MA-NH",1,2026-06-30,622166.8720316846
Boston,MA,"Boston-Cambridge-Newton, MA-NH",2,2020-01-31,686204.0602428786
Boston,MA,"Boston-Cambridge-Newton, MA-NH",2,2020-02-29,688999.0643606329
Boston,MA,"Boston-Cambridge-Newton, MA-NH",2,2020-03-31,692418.1851243452
Boston,MA,"Boston-Cambridge-Newton, MA-NH",2,2020-04-30,693783.2213250435
Boston,MA,"Boston-Cambridge-Newton, MA-NH",2,2020-05-31,695164.021475599
Boston,MA,"Boston-Cambridge-Newton, MA-NH",2,2020-06-30,695905.3673432647
Boston,MA,"Boston-Cambridge-Newton, MA-NH",2,2020-07-31,696391.3984144357
Boston,MA,"Boston-Cambridge-Newton, MA-NH",2,2020-08-31,696567.0930578685
Boston,MA,"Boston-Cambridge-Newton, MA-NH",2,2020-09-30,698435.9003613367
Boston,MA,"Boston-Cambridge-Newton, MA-NH",2,2020-10-31,701109.9230851302
Boston,MA,"Boston-Cambridge-Newton, MA-NH",2,2020-11-30,704650.420533751
Boston,MA,"Boston-Cambridge-Newton, MA-NH",2,2020-12-31,707666.3158950849
Boston,MA,"Boston-Cambridge-Newton, MA-NH",2,2021-01-31,709610.0909540853
Boston,MA,"Boston-Cambridge-Newton, MA-NH",2,2021-02-28,711734.0178350792
Boston,MA,"Boston-Cambridge-Newton, MA-NH",2,2021-03-31,713426.7980343392
Boston,MA,"Boston-Cambridge-Newton, MA-NH",2,2021-04-30,715418.5755806338
Boston,MA,"Boston-Cambridge-Newton, MA-NH",2,2021-05-31,717439.7102926527
Boston,MA,"Boston-Cambridge-Newton, MA-NH",2,2021-06-30,719838.1021327547
Boston,MA,"Boston-Cambridge-Newton, MA-NH",2,2021-07-31,724604.8749519251
Boston,MA,"Boston-Cambridge-Newton, MA-NH",2,2021-08-31,731101.1573980087
Boston,MA,"Boston-Cambridge-Newton, MA-NH",2,2021-09-30,737931.0457455082
Boston,MA,"Boston-Cambridge-Newton, MA-NH",2,2021-10-31,743843.4420593571
Boston,MA,"Boston-Cambridge-Newton, MA-NH",2,2021-11-30,748643.9403756723
Boston,MA,"Boston-Cambridge-Newton, MA-NH",2,2021-12-31,752861.7997055039
Boston,MA,"Boston-Cambridge-Newton, MA-NH",2,2022-01-31,754281.5040567828
Boston,MA,"Boston-Cambridge-Newton, MA-NH",2,2022-02-28,755189.3586859728
Boston,MA,"Boston-Cambridge-Newton, MA-NH",2,2022-03-31,757103.0889404548
Boston,MA,"Boston-Cambridge-Newton, MA-NH",2,2022-04-30,761222.3020233405
Boston,MA,"Boston-Cambridge-Newton, MA-NH",2,2022-05-31,765724.0508716569
Boston,MA,"Boston-Cambridge-Newton, MA-NH",2,2022-06-30,769088.2682541022
Boston,MA,"Boston-Cambridge-Newton, MA-NH",2,2022-07-31,768618.3844210332
Boston,MA,"Boston-Cambridge-Newton, MA-NH",2,2022-08-31,763675.910485281
Boston,MA,"Boston-Cambridge-Newton, MA-NH",2,2022-09-30,755136.5549134668
Boston,MA,"Boston-Cambridge-Newton, MA-NH",2,2022-10-31,748058.0625119391
Boston,MA,"Boston-Cambridge-Newton, MA-NH",2,2022-11-30,743843.0098872213
Boston,MA,"Boston-Cambridge-Newton, MA-NH",2,2022-12-31,741950.4215011467
Boston,MA,"Boston-Cambridge-Newton, MA-NH",2,2023-01-31,739914.999524889
Boston,MA,"Boston-Cambridge-Newton, MA-NH",2,2023-02-28,737313.0148930252
Boston,MA,"Boston-Cambridge-Newton, MA-NH",2,2023-03-31,735695.2799649788
Boston,MA,"Boston-Cambridge-Newton, MA-NH",2,2023-04-30,736883.4109130226
Boston,MA,"Boston-Cambridge-Newton, MA-NH",2,2023-05-31,740072.6481197128
Boston,MA,"Boston-Cambridge-Newton, MA-NH",2,2023-06-30,743808.538176725
Boston,MA,"Boston-Cambridge-Newton, MA-NH",2,2023-07-31,746852.6610715935
Boston,MA,"Boston-Cambridge-Newton, MA-NH",2,2023-08-31,749227.7177621536
Boston,MA,"Boston-Cambridge-Newton, MA-NH",2,2023-09-30,750512.5706894306
Boston,MA,"Boston-Cambridge-Newton, MA-NH",2,2023-10-31,750374.5890075107
Boston,MA,"Boston-Cambridge-Newton, MA-NH",2,2023-11-30,749028.4142887279
Boston,MA,"Boston-Cambridge-Newton, MA-NH",2,2023-12-31,747369.0700008394
Boston,MA,"Boston-Cambridge-Newton, MA-NH",2,2024-01-31,747711.514762667
Boston,MA,"Boston-Cambridge-Newton, MA-NH",2,2024-02-29,750289.7315255391
Boston,MA,"Boston-Cambridge-Newton, MA-NH",2,2024-03-31,756469.7650849993
Boston,MA,"Boston-Cambridge-Newton, MA-NH",2,2024-04-30,762876.6553049624
Boston,MA,"Boston-Cambridge-Newton, MA-NH",2,2024-05-31,767487.335931467
Boston,MA,"Boston-Cambridge-Newton, MA-NH",2,2024-06-30,768559.2046134365
Boston,MA,"Boston-Cambridge-Newton, MA-NH",2,2024-07-31,768756.0893700767
Boston,MA,"Boston-Cambridge-Newton, MA-NH",2,2024-08-31,769454.6351573452
Boston,MA,"Boston-Cambridge-Newton, MA-NH",2,2024-09-30,770951.6643286244
Boston,MA,"Boston-Cambridge-Newton, MA-NH",2,2024-10-31,771462.1595511046
Boston,MA,"Boston-Cambridge-Newton, MA-NH",2,2024-11-30,771554.5827095119
Boston,MA,"Boston-Cambridge-Newton, MA-NH",2,2024-12-31,772230.3300035723
Boston,MA,"Boston-Cambridge-Newton, MA-NH",2,2025-01-31,774070.6343404684
Boston,MA,"Boston-Cambridge-Newton, MA-NH",2,2025-02-28,777200.7224647602
Boston,MA,"Boston-Cambridge-Newton, MA-NH",2,2025-03-31,779104.1983491331
Boston,MA,"Boston-Cambridge-Newton, MA-NH",2,2025-04-30,780054.9371280093
Boston,MA,"Boston-Cambridge-Newton, MA-NH",2,2025-05-31,778280.532617476
Boston,MA,"Boston-Cambridge-Newton, MA-NH",2,2025-06-30,775473.1092506369
Boston,MA,"Boston-Cambridge-Newton, MA-NH",2,2025-07-31,771709.1196411377
Boston,MA,"Boston-Cambridge-Newton, MA-NH",2,2025-08-31,768986.2144542891
Boston,MA,"Boston-Cambridge-Newton, MA-NH",2,2025-09-30,768337.7334364941
Boston,MA,"Boston-Cambridge-Newton, MA-NH",2,2025-10-31,770265.8264697907
Boston,MA,"Boston-Cambridge-Newton, MA-NH",2,2025-11-30,773035.8697844829
Boston,MA,"Boston-Cambridge-Newton, MA-NH",2,2025-12-31,775373.9614761894
Boston,MA,"Boston-Cambridge-Newton, MA-NH",2,2026-01-31,777457.8827013766
Boston,MA,"Boston-Cambridge-Newton, MA-NH",2,2026-02-28,779700.7479925603
Boston,MA,"Boston-Cambridge-Newton, MA-NH",2,2026-03-31,782085.7848639303
Boston,MA,"Boston-Cambridge-Newton, MA-NH",2,2026-04-30,781788.3701430397
Boston,MA,"Boston-Cambridge-Newton, MA-NH",2,2026-05-31,779993.7964386387
Boston,MA,"Boston-Cambridge-Newton, MA-NH",2,2026-06-30,777333.8284749007
Boston,MA,"Boston-Cambridge-Newton, MA-NH",3,2020-01-31,656637.8758832123
Boston,MA,"Boston-Cambridge-Newton, MA-NH",3,2020-02-29,658932.9951490859
Boston,MA,"Boston-Cambridge-Newton, MA-NH",3,2020-03-31,662012.0399028636
Boston,MA,"Boston-Cambridge-Newton, MA-NH",3,2020-04-30,664076.6895135053
Boston,MA,"Boston-Cambridge-Newton, MA-NH",3,2020-05-31,666774.422803352
Boston,MA,"Boston-Cambridge-Newton, MA-NH",3,2020-06-30,668684.8822865356
Boston,MA,"Boston-Cambridge-Newton, MA-NH",3,2020-07-31,671049.8070931341
Boston,MA,"Boston-Cambridge-Newton, MA-NH",3,2020-08-31,674234.7945191743
Boston,MA,"Boston-Cambridge-Newton, MA-NH",3,2020-09-30,680114.0047627164
Boston,MA,"Boston-Cambridge-Newton, MA-NH",3,2020-10-31,687878.754102198
Boston,MA,"Boston-Cambridge-Newton, MA-NH",3,2020-11-30,696657.269927946
Boston,MA,"Boston-Cambridge-Newton, MA-NH",3,2020-12-31,704648.7434780841
Boston,MA,"Boston-Cambridge-Newton, MA-NH",3,2021-01-31,710831.963920425
Boston,MA,"Boston-Cambridge-Newton, MA-NH",3,2021-02-28,716869.2724969393
Boston,MA,"Boston-Cambridge-Newton, MA-NH",3,2021-03-31,723031.7880945693
Boston,MA,"Boston-Cambridge-Newton, MA-NH",3,2021-04-30,729701.4569522593
Boston,MA,"Boston-Cambridge-Newton, MA-NH",3,2021-05-31,735961.0285781902
Boston,MA,"Boston-Cambridge-Newton, MA-NH",3,2021-06-30,741074.0256033204
Boston,MA,"Boston-Cambridge-Newton, MA-NH",3,2021-07-31,745453.6659450695
Boston,MA,"Boston-Cambridge-Newton, MA-NH",3,2021-08-31,748264.1709189805
Boston,MA,"Boston-Cambridge-Newton, MA-NH",3,2021-09-30,749857.2898965246
Boston,MA,"Boston-Cambridge-Newton, MA-NH",3,2021-10-31,751152.6705242991
Boston,MA,"Boston-Cambridge-Newton, MA-NH",3,2021-11-30,752237.8519536179
Boston,MA,"Boston-Cambridge-Newton, MA-NH",3,2021-12-31,753969.9777232135
Boston,MA,"Boston-Cambridge-Newton, MA-NH",3,2022-01-31,756992.7620842719
Boston,MA,"Boston-Cambridge-Newton, MA-NH",3,2022-02-28,763422.9018698727
Boston,MA,"Boston-Cambridge-Newton, MA-NH",3,2022-03-31,773202.207114635
Boston,MA,"Boston-Cambridge-Newton, MA-NH",3,2022-04-30,783459.8661466254
Boston,MA,"Boston-Cambridge-Newton, MA-NH",3,2022-05-31,792489.4531280737
Boston,MA,"Boston-Cambridge-Newton, MA-NH",3,2022-06-30,798286.1049941798
Boston,MA,"Boston-Cambridge-Newton, MA-NH",3,2022-07-31,798289.0524534067
Boston,MA,"Boston-Cambridge-Newton, MA-NH",3,2022-08-31,791846.6012646748
Boston,MA,"Boston-Cambridge-Newton, MA-NH",3,2022-09-30,780948.3442094
Boston,MA,"Boston-Cambridge-Newton, MA-NH",3,2022-10-31,771842.3247376593
Boston,MA,"Boston-Cambridge-Newton, MA-NH",3,2022-11-30,765767.2849730141
Boston,MA,"Boston-Cambridge-Newton, MA-NH",3,2022-12-31,762634.086241909
Boston,MA,"Boston-Cambridge-Newton, MA-NH",3,2023-01-31,759036.9537814759
Boston,MA,"Boston-Cambridge-Newton, MA-NH",3,2023-02-28,755629.3024025353
Boston,MA,"Boston-Cambridge-Newton, MA-NH",3,2023-03-31,754375.3710250226
Boston,MA,"Boston-Cambridge-Newton, MA-NH",3,2023-04-30,757662.0190775254
Boston,MA,"Boston-Cambridge-Newton, MA-NH",3,2023-05-31,763638.9785061524
Boston,MA,"Boston-Cambridge-Newton, MA-NH",3,2023-06-30,769599.6332522887
Boston,MA,"Boston-Cambridge-Newton, MA-NH",3,2023-07-31,774536.9842922942
Boston,MA,"Boston-Cambridge-Newton, MA-NH",3,2023-08-31,778845.0978074833
Boston,MA,"Boston-Cambridge-Newton, MA-NH",3,2023-09-30,781716.0866168501
Boston,MA,"Boston-Cambridge-Newton, MA-NH",3,2023-10-31,783187.1695267305
Boston,MA,"Boston-Cambridge-Newton, MA-NH",3,2023-11-30,783591.691849121
Boston,MA,"Boston-Cambridge-Newton, MA-NH",3,2023-12-31,784468.3234027718
Boston,MA,"Boston-Cambridge-Newton, MA-NH",3,2024-01-31,786797.2751861778
Boston,MA,"Boston-Cambridge-Newton, MA-NH",3,2024-02-29,791151.8279293819
Boston,MA,"Boston-Cambridge-Newton, MA-NH",3,2024-03-31,798786.3381866928
Boston,MA,"Boston-Cambridge-Newton, MA-NH",3,2024-04-30,806886.497577277
Boston,MA,"Boston-Cambridge-Newton, MA-NH",3,2024-05-31,813200.1553025041
Boston,MA,"Boston-Cambridge-Newton, MA-NH",3,2024-06-30,815308.2393019869
Boston,MA,"Boston-Cambridge-Newton, MA-NH",3,2024-07-31,816320.1539147476
Boston,MA,"Boston-Cambridge-Newton, MA-NH",3,2024-08-31,817467.6788889384
Boston,MA,"Boston-Cambridge-Newton, MA-NH",3,2024-09-30,819550.941235026
Boston,MA,"Boston-Cambridge-Newton, MA-NH",3,2024-10-31,820721.3094097847
Boston,MA,"Boston-Cambridge-Newton, MA-NH",3,2024-11-30,821654.416388108
Boston,MA,"Boston-Cambridge-Newton, MA-NH",3,2024-12-31,823345.6691294111
Boston,MA,"Boston-Cambridge-Newton, MA-NH",3,2025-01-31,825887.557731261
Boston,MA,"Boston-Cambridge-Newton, MA-NH",3,2025-02-28,829166.1735892786
Boston,MA,"Boston-Cambridge-Newton, MA-NH",3,2025-03-31,831222.4776191353
Boston,MA,"Boston-Cambridge-Newton, MA-NH",3,2025-04-30,832282.215747503
Boston,MA,"Boston-Cambridge-Newton, MA-NH",3,2025-05-31,830471.4816033989
Boston,MA,"Boston-Cambridge-Newton, MA-NH",3,2025-06-30,827756.3636921057
Boston,MA,"Boston-Cambridge-Newton, MA-NH",3,2025-07-31,824615.1685286025
Boston,MA,"Boston-Cambridge-Newton, MA-NH",3,2025-08-31,822874.5677613495
Boston,MA,"Boston-Cambridge-Newton, MA-NH",3,2025-09-30,823193.9312141059
Boston,MA,"Boston-Cambridge-Newton, MA-NH",3,2025-10-31,825457.554093998
Boston,MA,"Boston-Cambridge-Newton, MA-NH",3,2025-11-30,828885.3479715339
Boston,MA,"Boston-Cambridge-Newton, MA-NH",3,2025-12-31,831723.7259793746
Boston,MA,"Boston-Cambridge-Newton, MA-NH",3,2026-01-31,834599.8730109665
Boston,MA,"Boston-Cambridge-Newton, MA-NH",3,2026-02-28,836521.3968395608
Boston,MA,"Boston-Cambridge-Newton, MA-NH",3,2026-03-31,838121.9917143872
Boston,MA,"Boston-Cambridge-Newton, MA-NH",3,2026-04-30,837012.2986407928
Boston,MA,"Boston-Cambridge-Newton, MA-NH",3,2026-05-31,834957.4434568711
Boston,MA,"Boston-Cambridge-Newton, MA-NH",3,2026-06-30,831949.5798103296
Boston,MA,"Boston-Cambridge-Newton, MA-NH",4,2020-01-31,741399.5978818425
Boston,MA,"Boston-Cambridge-Newton, MA-NH",4,2020-02-29,743235.9213255293
Boston,MA,"Boston-Cambridge-Newton, MA-NH",4,2020-03-31,746695.7801900003
Boston,MA,"Boston-Cambridge-Newton, MA-NH",4,2020-04-30,750279.9706359686
Boston,MA,"Boston-Cambridge-Newton, MA-NH",4,2020-05-31,754573.734711632
Boston,MA,"Boston-Cambridge-Newton, MA-NH",4,2020-06-30,757462.0504337433
Boston,MA,"Boston-Cambridge-Newton, MA-NH",4,2020-07-31,760618.2242490767
Boston,MA,"Boston-Cambridge-Newton, MA-NH",4,2020-08-31,764441.0149349928
Boston,MA,"Boston-Cambridge-Newton, MA-NH",4,2020-09-30,771453.4153753561
Boston,MA,"Boston-Cambridge-Newton, MA-NH",4,2020-10-31,781064.5644499104
Boston,MA,"Boston-Cambridge-Newton, MA-NH",4,2020-11-30,792260.9787407186
Boston,MA,"Boston-Cambridge-Newton, MA-NH",4,2020-12-31,802832.8287248925
Boston,MA,"Boston-Cambridge-Newton, MA-NH",4,2021-01-31,811546.3754579821
Boston,MA,"Boston-Cambridge-Newton, MA-NH",4,2021-02-28,820123.8150048234
Boston,MA,"Boston-Cambridge-Newton, MA-NH",4,2021-03-31,828632.4741028966
Boston,MA,"Boston-Cambridge-Newton, MA-NH",4,2021-04-30,837150.6554012793
Boston,MA,"Boston-Cambridge-Newton, MA-NH",4,2021-05-31,845088.5638638431
Boston,MA,"Boston-Cambridge-Newton, MA-NH",4,2021-06-30,851533.4134052926
Boston,MA,"Boston-Cambridge-Newton, MA-NH",4,2021-07-31,857347.0878984681
Boston,MA,"Boston-Cambridge-Newton, MA-NH",4,2021-08-31,861122.1578916706
Boston,MA,"Boston-Cambridge-Newton, MA-NH",4,2021-09-30,863812.422605948
Boston,MA,"Boston-Cambridge-Newton, MA-NH",4,2021-10-31,866099.206973283
Boston,MA,"Boston-Cambridge-Newton, MA-NH",4,2021-11-30,867976.7000071905
Boston,MA,"Boston-Cambridge-Newton, MA-NH",4,2021-12-31,870543.8170638122
Boston,MA,"Boston-Cambridge-Newton, MA-NH",4,2022-01-31,875118.5349344715
Boston,MA,"Boston-Cambridge-Newton, MA-NH",4,2022-02-28,884186.8014068129
Boston,MA,"Boston-Cambridge-Newton, MA-NH",4,2022-03-31,897321.7958510598
Boston,MA,"Boston-Cambridge-Newton, MA-NH",4,2022-04-30,910818.9438836128
Boston,MA,"Boston-Cambridge-Newton, MA-NH",4,2022-05-31,922958.6383253862
Boston,MA,"Boston-Cambridge-Newton, MA-NH",4,2022-06-30,931102.9318008212
Boston,MA,"Boston-Cambridge-Newton, MA-NH",4,2022-07-31,931423.6063739564
Boston,MA,"Boston-Cambridge-Newton, MA-NH",4,2022-08-31,923039.582215096
Boston,MA,"Boston-Cambridge-Newton, MA-NH",4,2022-09-30,908695.7100834148
Boston,MA,"Boston-Cambridge-Newton, MA-NH",4,2022-10-31,896973.6802097731
Boston,MA,"Boston-Cambridge-Newton, MA-NH",4,2022-11-30,888972.1093209902
Boston,MA,"Boston-Cambridge-Newton, MA-NH",4,2022-12-31,884518.7376254717
Boston,MA,"Boston-Cambridge-Newton, MA-NH",4,2023-01-31,879108.1326572774
Boston,MA,"Boston-Cambridge-Newton, MA-NH",4,2023-02-28,874440.1179316727
Boston,MA,"Boston-Cambridge-Newton, MA-NH",4,2023-03-31,872923.9676684035
Boston,MA,"Boston-Cambridge-Newton, MA-NH",4,2023-04-30,876916.2492823227
Boston,MA,"Boston-Cambridge-Newton, MA-NH",4,2023-05-31,883126.9954021411
Boston,MA,"Boston-Cambridge-Newton, MA-NH",4,2023-06-30,888321.9476693947
Boston,MA,"Boston-Cambridge-Newton, MA-NH",4,2023-07-31,891909.5480540987
Boston,MA,"Boston-Cambridge-Newton, MA-NH",4,2023-08-31,894867.7404876337
Boston,MA,"Boston-Cambridge-Newton, MA-NH",4,2023-09-30,896173.4960203172
Boston,MA,"Boston-Cambridge-Newton, MA-NH",4,2023-10-31,895918.5613606084
Boston,MA,"Boston-Cambridge-Newton, MA-NH",4,2023-11-30,895114.2441510418
Boston,MA,"Boston-Cambridge-Newton, MA-NH",4,2023-12-31,895538.7726410939
Boston,MA,"Boston-Cambridge-Newton, MA-NH",4,2024-01-31,898482.8411282598
Boston,MA,"Boston-Cambridge-Newton, MA-NH",4,2024-02-29,903934.0816907396
Boston,MA,"Boston-Cambridge-Newton, MA-NH",4,2024-03-31,913762.9366673152
Boston,MA,"Boston-Cambridge-Newton, MA-NH",4,2024-04-30,924471.3800834254
Boston,MA,"Boston-Cambridge-Newton, MA-NH",4,2024-05-31,932963.9669911696
Boston,MA,"Boston-Cambridge-Newton, MA-NH",4,2024-06-30,935685.6527585008
Boston,MA,"Boston-Cambridge-Newton, MA-NH",4,2024-07-31,936220.4997142536
Boston,MA,"Boston-Cambridge-Newton, MA-NH",4,2024-08-31,936775.1404953832
Boston,MA,"Boston-Cambridge-Newton, MA-NH",4,2024-09-30,938860.1419903962
Boston,MA,"Boston-Cambridge-Newton, MA-NH",4,2024-10-31,940113.58477548
Boston,MA,"Boston-Cambridge-Newton, MA-NH",4,2024-11-30,941545.212943439
Boston,MA,"Boston-Cambridge-Newton, MA-NH",4,2024-12-31,943860.5873518676
Boston,MA,"Boston-Cambridge-Newton, MA-NH",4,2025-01-31,947618.4610121947
Boston,MA,"Boston-Cambridge-Newton, MA-NH",4,2025-02-28,951768.978118618
Boston,MA,"Boston-Cambridge-Newton, MA-NH",4,2025-03-31,954382.4989946758
Boston,MA,"Boston-Cambridge-Newton, MA-NH",4,2025-04-30,955941.663651246
Boston,MA,"Boston-Cambridge-Newton, MA-NH",4,2025-05-31,954670.9996837336
Boston,MA,"Boston-Cambridge-Newton, MA-NH",4,2025-06-30,952868.4278068134
Boston,MA,"Boston-Cambridge-Newton, MA-NH",4,2025-07-31,950178.7993013022
Boston,MA,"Boston-Cambridge-Newton, MA-NH",4,2025-08-31,948459.786772458
Boston,MA,"Boston-Cambridge-Newton, MA-NH",4,2025-09-30,948868.9594420908
Boston,MA,"Boston-Cambridge-Newton, MA-NH",4,2025-10-31,951151.2708390844
Boston,MA,"Boston-Cambridge-Newton, MA-NH",4,2025-11-30,955373.1314081344
Boston,MA,"Boston-Cambridge-Newton, MA-NH",4,2025-12-31,958747.4616164597
Boston,MA,"Boston-Cambridge-Newton, MA-NH",4,2026-01-31,963461.9095314596
Boston,MA,"Boston-Cambridge-Newton, MA-NH",4,2026-02-28,967014.351330442
Boston,MA,"Boston-Cambridge-Newton, MA-NH",4,2026-03-31,970193.3701768084
Boston,MA,"Boston-Cambridge-Newton, MA-NH",4,2026-04-30,969476.5524771208
Boston,MA,"Boston-Cambridge-Newton, MA-NH",4,2026-05-31,967009.5451358948
Boston,MA,"Boston-Cambridge-Newton, MA-NH",4,2026-06-30,963173.888066008
Boston,MA,"Boston-Cambridge-Newton, MA-NH",5,2020-01-31,841612.1193497465
Boston,MA,"Boston-Cambridge-Newton, MA-NH",5,2020-02-29,842331.8006229555
Boston,MA,"Boston-Cambridge-Newton, MA-NH",5,2020-03-31,845418.7258674236
Boston,MA,"Boston-Cambridge-Newton, MA-NH",5,2020-04-30,850736.0136562026
Boston,MA,"Boston-Cambridge-Newton, MA-NH",5,2020-05-31,856456.1650816575
Boston,MA,"Boston-Cambridge-Newton, MA-NH",5,2020-06-30,859755.189696344
Boston,MA,"Boston-Cambridge-Newton, MA-NH",5,2020-07-31,862571.0625171101
Boston,MA,"Boston-Cambridge-Newton, MA-NH",5,2020-08-31,865711.1261206428
Boston,MA,"Boston-Cambridge-Newton, MA-NH",5,2020-09-30,873039.1987562287
Boston,MA,"Boston-Cambridge-Newton, MA-NH",5,2020-10-31,883823.1627358729
Boston,MA,"Boston-Cambridge-Newton, MA-NH",5,2020-11-30,896803.6238151211
Boston,MA,"Boston-Cambridge-Newton, MA-NH",5,2020-12-31,909022.7874352372
Boston,MA,"Boston-Cambridge-Newton, MA-NH",5,2021-01-31,919404.368613638
Boston,MA,"Boston-Cambridge-Newton, MA-NH",5,2021-02-28,929743.68360809
Boston,MA,"Boston-Cambridge-Newton, MA-NH",5,2021-03-31,939414.496356722
Boston,MA,"Boston-Cambridge-Newton, MA-NH",5,2021-04-30,948040.3195130096
Boston,MA,"Boston-Cambridge-Newton, MA-NH",5,2021-05-31,955970.9907434164
Boston,MA,"Boston-Cambridge-Newton, MA-NH",5,2021-06-30,962734.577558442
Boston,MA,"Boston-Cambridge-Newton, MA-NH",5,2021-07-31,970836.842719999
Boston,MA,"Boston-Cambridge-Newton, MA-NH",5,2021-08-31,978197.6028373156
Boston,MA,"Boston-Cambridge-Newton, MA-NH",5,2021-09-30,985316.5765134008
Boston,MA,"Boston-Cambridge-Newton, MA-NH",5,2021-10-31,991548.803926214
Boston,MA,"Boston-Cambridge-Newton, MA-NH",5,2021-11-30,996356.5818437564
Boston,MA,"Boston-Cambridge-Newton, MA-NH",5,2021-12-31,1001552.1493427114
Boston,MA,"Boston-Cambridge-Newton, MA-NH",5,2022-01-31,1007924.8514007028
Boston,MA,"Boston-Cambridge-Newton, MA-NH",5,2022-02-28,1018270.0729771304
Boston,MA,"Boston-Cambridge-Newton, MA-NH",5,2022-03-31,1032367.6604981772
Boston,MA,"Boston-Cambridge-Newton, MA-NH",5,2022-04-30,1047243.7745190688
Boston,MA,"Boston-Cambridge-Newton, MA-NH",5,2022-05-31,1061595.717062913
Boston,MA,"Boston-Cambridge-Newton, MA-NH",5,2022-06-30,1071836.6427293962
Boston,MA,"Boston-Cambridge-Newton, MA-NH",5,2022-07-31,1072525.1392607244
Boston,MA,"Boston-Cambridge-Newton, MA-NH",5,2022-08-31,1062669.8545374728
Boston,MA,"Boston-Cambridge-Newton, MA-NH",5,2022-09-30,1045370.7223844568
Boston,MA,"Boston-Cambridge-Newton, MA-NH",5,2022-10-31,1031390.3189848546
Boston,MA,"Boston-Cambridge-Newton, MA-NH",5,2022-11-30,1021018.8954730412
Boston,MA,"Boston-Cambridge-Newton, MA-NH",5,2022-12-31,1014473.9902638444
Boston,MA,"Boston-Cambridge-Newton, MA-NH",5,2023-01-31,1006474.6848245396
Boston,MA,"Boston-Cambridge-Newton, MA-NH",5,2023-02-28,999951.986414392
Boston,MA,"Boston-Cambridge-Newton, MA-NH",5,2023-03-31,998460.0495222014
Boston,MA,"Boston-Cambridge-Newton, MA-NH",5,2023-04-30,1004185.0987288132
Boston,MA,"Boston-Cambridge-Newton, MA-NH",5,2023-05-31,1012178.605551354
Boston,MA,"Boston-Cambridge-Newton, MA-NH",5,2023-06-30,1017336.6678352272
Boston,MA,"Boston-Cambridge-Newton, MA-NH",5,2023-07-31,1018630.7965740112
Boston,MA,"Boston-Cambridge-Newton, MA-NH",5,2023-08-31,1018015.16195095
Boston,MA,"Boston-Cambridge-Newton, MA-NH",5,2023-09-30,1014121.6756204958
Boston,MA,"Boston-Cambridge-Newton, MA-NH",5,2023-10-31,1008058.3990759752
Boston,MA,"Boston-Cambridge-Newton, MA-NH",5,2023-11-30,1002903.5530434544
Boston,MA,"Boston-Cambridge-Newton, MA-NH",5,2023-12-31,1001578.6016437084
Boston,MA,"Boston-Cambridge-Newton, MA-NH",5,2024-01-31,1006070.3245752724
Boston,MA,"Boston-Cambridge-Newton, MA-NH",5,2024-02-29,1013710.5295109316
Boston,MA,"Boston-Cambridge-Newton, MA-NH",5,2024-03-31,1026538.5234050072
Boston,MA,"Boston-Cambridge-Newton, MA-NH",5,2024-04-30,1040752.9578491732
Boston,MA,"Boston-Cambridge-Newton, MA-NH",5,2024-05-31,1052391.2451593846
Boston,MA,"Boston-Cambridge-Newton, MA-NH",5,2024-06-30,1057154.2927564494
Boston,MA,"Boston-Cambridge-Newton, MA-NH",5,2024-07-31,1058709.3082952404
Boston,MA,"Boston-Cambridge-Newton, MA-NH",5,2024-08-31,1060182.26953665
Boston,MA,"Boston-Cambridge-Newton, MA-NH",5,2024-09-30,1063630.0834751204
Boston,MA,"Boston-Cambridge-Newton, MA-NH",5,2024-10-31,1065760.2535916353
Boston,MA,"Boston-Cambridge-Newton, MA-NH",5,2024-11-30,1068492.9376921991
Boston,MA,"Boston-Cambridge-Newton, MA-NH",5,2024-12-31,1071979.90410725
Boston,MA,"Boston-Cambridge-Newton, MA-NH",5,2025-01-31,1077538.578762615
Boston,MA,"Boston-Cambridge-Newton, MA-NH",5,2025-02-28,1082415.9065581243
Boston,MA,"Boston-Cambridge-Newton, MA-NH",5,2025-03-31,1084991.682078029
Boston,MA,"Boston-Cambridge-Newton, MA-NH",5,2025-04-30,1086740.6722619052
Boston,MA,"Boston-Cambridge-Newton, MA-NH",5,2025-05-31,1087271.9175268412
Boston,MA,"Boston-Cambridge-Newton, MA-NH",5,2025-06-30,1089636.553189405
Boston,MA,"Boston-Cambridge-Newton, MA-NH",5,2025-07-31,1090655.2039702395
Boston,MA,"Boston-Cambridge-Newton, MA-NH",5,2025-08-31,1091841.9579074315
Boston,MA,"Boston-Cambridge-Newton, MA-NH",5,2025-09-30,1093747.335748203
Boston,MA,"Boston-Cambridge-Newton, MA-NH",5,2025-10-31,1097129.2089011895
Boston,MA,"Boston-Cambridge-Newton, MA-NH",5,2025-11-30,1102900.7661001403
Boston,MA,"Boston-Cambridge-Newton, MA-NH",5,2025-12-31,1108012.7906246902
Boston,MA,"Boston-Cambridge-Newton, MA-NH",5,2026-01-31,1117629.7712099145
Boston,MA,"Boston-Cambridge-Newton, MA-NH",5,2026-02-28,1127913.8372944423
Boston,MA,"Boston-Cambridge-Newton, MA-NH",5,2026-03-31,1138369.2905689124
Boston,MA,"Boston-Cambridge-Newton, MA-NH",5,2026-04-30,1140746.45448438
Boston,MA,"Boston-Cambridge-Newton, MA-NH",5,2026-05-31,1137276.0471175956
Boston,MA,"Boston-Cambridge-Newton, MA-NH",5,2026-06-30,1131111.3126569528
Chicago,IL,"Chicago-Naperville-Elgin, IL-IN-WI",1,2020-01-31,211128.9157595778
Chicago,IL,"Chicago-Naperville-Elgin, IL-IN-WI",1,2020-02-29,211942.72627540535
Chicago,IL,"Chicago-Naperville-Elgin, IL-IN-WI",1,2020-03-31,212646.14476396787
Chicago,IL,"Chicago-Naperville-Elgin, IL-IN-WI",1,2020-04-30,212845.492174103
Chicago,IL,"Chicago-Naperville-Elgin, IL-IN-WI",1,2020-05-31,212499.94071860815
Chicago,IL,"Chicago-Naperville-Elgin, IL-IN-WI",1,2020-06-30,211869.74006374736
Chicago,IL,"Chicago-Naperville-Elgin, IL-IN-WI",1,2020-07-31,211283.688779698
Chicago,IL,"Chicago-Naperville-Elgin, IL-IN-WI",1,2020-08-31,211354.3775672561
Chicago,IL,"Chicago-Naperville-Elgin, IL-IN-WI",1,2020-09-30,211959.72591608608
Chicago,IL,"Chicago-Naperville-Elgin, IL-IN-WI",1,2020-10-31,212680.11890052745
Chicago,IL,"Chicago-Naperville-Elgin, IL-IN-WI",1,2020-11-30,213417.29942476528
Chicago,IL,"Chicago-Naperville-Elgin, IL-IN-WI",1,2020-12-31,214097.19696917885
Chicago,IL,"Chicago-Naperville-Elgin, IL-IN-WI",1,2021-01-31,214840.8926256584
Chicago,IL,"Chicago-Naperville-Elgin, IL-IN-WI",1,2021-02-28,215468.68301169795
Chicago,IL,"Chicago-Naperville-Elgin, IL-IN-WI",1,2021-03-31,216148.004113214
Chicago,IL,"Chicago-Naperville-Elgin, IL-IN-WI",1,2021-04-30,216663.35086167496
Chicago,IL,"Chicago-Naperville-Elgin, IL-IN-WI",1,2021-05-31,216806.61932373236
Chicago,IL,"Chicago-Naperville-Elgin, IL-IN-WI",1,2021-06-30,216820.1138472747
Chicago,IL,"Chicago-Naperville-Elgin, IL-IN-WI",1,2021-07-31,217295.50644695817
Chicago,IL,"Chicago-Naperville-Elgin, IL-IN-WI",1,2021-08-31,217751.92049949724
Chicago,IL,"Chicago-Naperville-Elgin, IL-IN-WI",1,2021-09-30,217590.9303488448
Chicago,IL,"Chicago-Naperville-Elgin, IL-IN-WI",1,2021-10-31,217252.12065018935
Chicago,IL,"Chicago-Naperville-Elgin, IL-IN-WI",1,2021-11-30,217286.4176340904
Chicago,IL,"Chicago-Naperville-Elgin, IL-IN-WI",1,2021-12-31,218195.08987594824
Chicago,IL,"Chicago-Naperville-Elgin, IL-IN-WI",1,2022-01-31,219091.10621690293
Chicago,IL,"Chicago-Naperville-Elgin, IL-IN-WI",1,2022-02-28,220608.82154480903
Chicago,IL,"Chicago-Naperville-Elgin, IL-IN-WI",1,2022-03-31,222523.74269253912
Chicago,IL,"Chicago-Naperville-Elgin, IL-IN-WI",1,2022-04-30,224896.0891636222
Chicago,IL,"Chicago-Naperville-Elgin, IL-IN-WI",1,2022-05-31,225708.42785936547
Chicago,IL,"Chicago-Naperville-Elgin, IL-IN-WI",1,2022-06-30,225628.6200697976
Chicago,IL,"Chicago-Naperville-Elgin, IL-IN-WI",1,2022-07-31,224543.60868670043
Chicago,IL,"Chicago-Naperville-Elgin, IL-IN-WI",1,2022-08-31,223719.43028609347
Chicago,IL,"Chicago-Naperville-Elgin, IL-IN-WI",1,2022-09-30,222984.90032175847
Chicago,IL,"Chicago-Naperville-Elgin, IL-IN-WI",1,2022-10-31,222534.4948033973
Chicago,IL,"Chicago-Naperville-Elgin, IL-IN-WI",1,2022-11-30,222733.45593474913
Chicago,IL,"Chicago-Naperville-Elgin, IL-IN-WI",1,2022-12-31,222966.5161524868
Chicago,IL,"Chicago-Naperville-Elgin, IL-IN-WI",1,2023-01-31,223028.95306993005
Chicago,IL,"Chicago-Naperville-Elgin, IL-IN-WI",1,2023-02-28,222878.46357880105
Chicago,IL,"Chicago-Naperville-Elgin, IL-IN-WI",1,2023-03-31,223257.40948353743
Chicago,IL,"Chicago-Naperville-Elgin, IL-IN-WI",1,2023-04-30,224515.78001068308
Chicago,IL,"Chicago-Naperville-Elgin, IL-IN-WI",1,2023-05-31,226428.12050841027
Chicago,IL,"Chicago-Naperville-Elgin, IL-IN-WI",1,2023-06-30,228427.41117320457
Chicago,IL,"Chicago-Naperville-Elgin, IL-IN-WI",1,2023-07-31,230228.06961663804
Chicago,IL,"Chicago-Naperville-Elgin, IL-IN-WI",1,2023-08-31,232089.1879968623
Chicago,IL,"Chicago-Naperville-Elgin, IL-IN-WI",1,2023-09-30,233912.39663160723
Chicago,IL,"Chicago-Naperville-Elgin, IL-IN-WI",1,2023-10-31,235255.51977841623
Chicago,IL,"Chicago-Naperville-Elgin, IL-IN-WI",1,2023-11-30,236131.34186228356
Chicago,IL,"Chicago-Naperville-Elgin, IL-IN-WI",1,2023-12-31,235878.69202529627
Chicago,IL,"Chicago-Naperville-Elgin, IL-IN-WI",1,2024-01-31,235747.35342852437
Chicago,IL,"Chicago-Naperville-Elgin, IL-IN-WI",1,2024-02-29,235691.29785667593
Chicago,IL,"Chicago-Naperville-Elgin, IL-IN-WI",1,2024-03-31,236670.77611312017
Chicago,IL,"Chicago-Naperville-Elgin, IL-IN-WI",1,2024-04-30,237798.34336240884
Chicago,IL,"Chicago-Naperville-Elgin, IL-IN-WI",1,2024-05-31,238956.05973539504
Chicago,IL,"Chicago-Naperville-Elgin, IL-IN-WI",1,2024-06-30,239692.03883353295
Chicago,IL,"Chicago-Naperville-Elgin, IL-IN-WI",1,2024-07-31,240327.90995818435
Chicago,IL,"Chicago-Naperville-Elgin, IL-IN-WI",1,2024-08-31,240826.6379297848
Chicago,IL,"Chicago-Naperville-Elgin, IL-IN-WI",1,2024-09-30,241490.6043880044
Chicago,IL,"Chicago-Naperville-Elgin, IL-IN-WI",1,2024-10-31,242140.2530078923
Chicago,IL,"Chicago-Naperville-Elgin, IL-IN-WI",1,2024-11-30,242992.7210063166
Chicago,IL,"Chicago-Naperville-Elgin, IL-IN-WI",1,2024-12-31,243927.09100854784
Chicago,IL,"Chicago-Naperville-Elgin, IL-IN-WI",1,2025-01-31,244827.06330338144
Chicago,IL,"Chicago-Naperville-Elgin, IL-IN-WI",1,2025-02-28,245396.56558961785
Chicago,IL,"Chicago-Naperville-Elgin, IL-IN-WI",1,2025-03-31,245491.99623165108
Chicago,IL,"Chicago-Naperville-Elgin, IL-IN-WI",1,2025-04-30,245715.65416685343
Chicago,IL,"Chicago-Naperville-Elgin, IL-IN-WI",1,2025-05-31,246071.12561977268
Chicago,IL,"Chicago-Naperville-Elgin, IL-IN-WI",1,2025-06-30,246695.24460186437
Chicago,IL,"Chicago-Naperville-Elgin, IL-IN-WI",1,2025-07-31,247188.58740565096
Chicago,IL,"Chicago-Naperville-Elgin, IL-IN-WI",1,2025-08-31,247919.1116538277
Chicago,IL,"Chicago-Naperville-Elgin, IL-IN-WI",1,2025-09-30,249008.97984532855
Chicago,IL,"Chicago-Naperville-Elgin, IL-IN-WI",1,2025-10-31,251304.13050002835
Chicago,IL,"Chicago-Naperville-Elgin, IL-IN-WI",1,2025-11-30,253949.50495224
Chicago,IL,"Chicago-Naperville-Elgin, IL-IN-WI",1,2025-12-31,256754.69010511175
Chicago,IL,"Chicago-Naperville-Elgin, IL-IN-WI",1,2026-01-31,259113.8514319573
Chicago,IL,"Chicago-Naperville-Elgin, IL-IN-WI",1,2026-02-28,261187.08711621308
Chicago,IL,"Chicago-Naperville-Elgin, IL-IN-WI",1,2026-03-31,262685.61140675045
Chicago,IL,"Chicago-Naperville-Elgin, IL-IN-WI",1,2026-04-30,263668.75772342295
Chicago,IL,"Chicago-Naperville-Elgin, IL-IN-WI",1,2026-05-31,264765.2392663339
Chicago,IL,"Chicago-Naperville-Elgin, IL-IN-WI",1,2026-06-30,266355.9489640169
Chicago,IL,"Chicago-Naperville-Elgin, IL-IN-WI",2,2020-01-31,242576.31710789143
Chicago,IL,"Chicago-Naperville-Elgin, IL-IN-WI",2,2020-02-29,245551.78771664028
Chicago,IL,"Chicago-Naperville-Elgin, IL-IN-WI",2,2020-03-31,248656.66792780525
Chicago,IL,"Chicago-Naperville-Elgin, IL-IN-WI",2,2020-04-30,249743.56781768045
Chicago,IL,"Chicago-Naperville-Elgin, IL-IN-WI",2,2020-05-31,249650.86217687957
Chicago,IL,"Chicago-Naperville-Elgin, IL-IN-WI",2,2020-06-30,248573.74460801517
Chicago,IL,"Chicago-Naperville-Elgin, IL-IN-WI",2,2020-07-31,247360.48652220136
Chicago,IL,"Chicago-Naperville-Elgin, IL-IN-WI",2,2020-08-31,246981.94237577927
Chicago,IL,"Chicago-Naperville-Elgin, IL-IN-WI",2,2020-09-30,248101.80199200413
Chicago,IL,"Chicago-Naperville-Elgin, IL-IN-WI",2,2020-10-31,250170.72188406927
Chicago,IL,"Chicago-Naperville-Elgin, IL-IN-WI",2,2020-11-30,252928.645687776
Chicago,IL,"Chicago-Naperville-Elgin, IL-IN-WI",2,2020-12-31,255545.8390738469
Chicago,IL,"Chicago-Naperville-Elgin, IL-IN-WI",2,2021-01-31,258253.79532615823
Chicago,IL,"Chicago-Naperville-Elgin, IL-IN-WI",2,2021-02-28,261449.57054946176
Chicago,IL,"Chicago-Naperville-Elgin, IL-IN-WI",2,2021-03-31,264913.28338734165
Chicago,IL,"Chicago-Naperville-Elgin, IL-IN-WI",2,2021-04-30,267886.72689569485
Chicago,IL,"Chicago-Naperville-Elgin, IL-IN-WI",2,2021-05-31,269698.3310149485
Chicago,IL,"Chicago-Naperville-Elgin, IL-IN-WI",2,2021-06-30,270915.94481014844
Chicago,IL,"Chicago-Naperville-Elgin, IL-IN-WI",2,2021-07-31,272089.22825800907
Chicago,IL,"Chicago-Naperville-Elgin, IL-IN-WI",2,2021-08-31,272879.9567754888
Chicago,IL,"Chicago-Naperville-Elgin, IL-IN-WI",2,2021-09-30,272743.2589917269
Chicago,IL,"Chicago-Naperville-Elgin, IL-IN-WI",2,2021-10-31,272337.646659367
Chicago,IL,"Chicago-Naperville-Elgin, IL-IN-WI",2,2021-11-30,272111.60472908354
Chicago,IL,"Chicago-Naperville-Elgin, IL-IN-WI",2,2021-12-31,272845.874127198
Chicago,IL,"Chicago-Naperville-Elgin, IL-IN-WI",2,2022-01-31,273859.71799591876
Chicago,IL,"Chicago-Naperville-Elgin, IL-IN-WI",2,2022-02-28,275992.102336053
Chicago,IL,"Chicago-Naperville-Elgin, IL-IN-WI",2,2022-03-31,278970.61367857776
Chicago,IL,"Chicago-Naperville-Elgin, IL-IN-WI",2,2022-04-30,282558.2718093119
Chicago,IL,"Chicago-Naperville-Elgin, IL-IN-WI",2,2022-05-31,284403.11503186444
Chicago,IL,"Chicago-Naperville-Elgin, IL-IN-WI",2,2022-06-30,285052.9545598925
Chicago,IL,"Chicago-Naperville-Elgin, IL-IN-WI",2,2022-07-31,284019.69840941083
Chicago,IL,"Chicago-Naperville-Elgin, IL-IN-WI",2,2022-08-31,282406.8778251568
Chicago,IL,"Chicago-Naperville-Elgin, IL-IN-WI",2,2022-09-30,280101.1145559955
Chicago,IL,"Chicago-Naperville-Elgin, IL-IN-WI",2,2022-10-31,278378.44612199726
Chicago,IL,"Chicago-Naperville-Elgin, IL-IN-WI",2,2022-11-30,277777.5044535867
Chicago,IL,"Chicago-Naperville-Elgin, IL-IN-WI",2,2022-12-31,277801.70745726157
Chicago,IL,"Chicago-Naperville-Elgin, IL-IN-WI",2,2023-01-31,277394.72519051045
Chicago,IL,"Chicago-Naperville-Elgin, IL-IN-WI",2,2023-02-28,277342.24493895384
Chicago,IL,"Chicago-Naperville-Elgin, IL-IN-WI",2,2023-03-31,278265.2871639487
Chicago,IL,"Chicago-Naperville-Elgin, IL-IN-WI",2,2023-04-30,280591.2175402302
Chicago,IL,"Chicago-Naperville-Elgin, IL-IN-WI",2,2023-05-31,283137.1022989171
Chicago,IL,"Chicago-Naperville-Elgin, IL-IN-WI",2,2023-06-30,285536.0973451415
Chicago,IL,"Chicago-Naperville-Elgin, IL-IN-WI",2,2023-07-31,287836.4389840158
Chicago,IL,"Chicago-Naperville-Elgin, IL-IN-WI",2,2023-08-31,290422.0177921342
Chicago,IL,"Chicago-Naperville-Elgin, IL-IN-WI",2,2023-09-30,292723.0130093724
Chicago,IL,"Chicago-Naperville-Elgin, IL-IN-WI",2,2023-10-31,294374.46151372016
Chicago,IL,"Chicago-Naperville-Elgin, IL-IN-WI",2,2023-11-30,295355.5245439342
Chicago,IL,"Chicago-Naperville-Elgin, IL-IN-WI",2,2023-12-31,295426.5005876427
Chicago,IL,"Chicago-Naperville-Elgin, IL-IN-WI",2,2024-01-31,295437.0016009783
Chicago,IL,"Chicago-Naperville-Elgin, IL-IN-WI",2,2024-02-29,296019.026916219
Chicago,IL,"Chicago-Naperville-Elgin, IL-IN-WI",2,2024-03-31,298118.1844229722
Chicago,IL,"Chicago-Naperville-Elgin, IL-IN-WI",2,2024-04-30,300721.1083420613
Chicago,IL,"Chicago-Naperville-Elgin, IL-IN-WI",2,2024-05-31,302659.89498068736
Chicago,IL,"Chicago-Naperville-Elgin, IL-IN-WI",2,2024-06-30,303704.4377854
Chicago,IL,"Chicago-Naperville-Elgin, IL-IN-WI",2,2024-07-31,304461.03429833526
Chicago,IL,"Chicago-Naperville-Elgin, IL-IN-WI",2,2024-08-31,305361.6315726359
Chicago,IL,"Chicago-Naperville-Elgin, IL-IN-WI",2,2024-09-30,306342.19353202643
Chicago,IL,"Chicago-Naperville-Elgin, IL-IN-WI",2,2024-10-31,307184.42310575646
Chicago,IL,"Chicago-Naperville-Elgin, IL-IN-WI",2,2024-11-30,308204.1688619859
Chicago,IL,"Chicago-Naperville-Elgin, IL-IN-WI",2,2024-12-31,309391.6304705325
Chicago,IL,"Chicago-Naperville-Elgin, IL-IN-WI",2,2025-01-31,310661.6397464199
Chicago,IL,"Chicago-Naperville-Elgin, IL-IN-WI",2,2025-02-28,312080.30660990666
Chicago,IL,"Chicago-Naperville-Elgin, IL-IN-WI",2,2025-03-31,313063.06810078217
Chicago,IL,"Chicago-Naperville-Elgin, IL-IN-WI",2,2025-04-30,314050.18265869794
Chicago,IL,"Chicago-Naperville-Elgin, IL-IN-WI",2,2025-05-31,314601.51527458226
Chicago,IL,"Chicago-Naperville-Elgin, IL-IN-WI",2,2025-06-30,315127.18801081256
Chicago,IL,"Chicago-Naperville-Elgin, IL-IN-WI",2,2025-07-31,315992.50794738805
Chicago,IL,"Chicago-Naperville-Elgin, IL-IN-WI",2,2025-08-31,317157.4054804879
Chicago,IL,"Chicago-Naperville-Elgin, IL-IN-WI",2,2025-09-30,318747.1037647508
Chicago,IL,"Chicago-Naperville-Elgin, IL-IN-WI",2,2025-10-31,320846.34472810687
Chicago,IL,"Chicago-Naperville-Elgin, IL-IN-WI",2,2025-11-30,323053.9697298465
Chicago,IL,"Chicago-Naperville-Elgin, IL-IN-WI",2,2025-12-31,325450.47619106463
Chicago,IL,"Chicago-Naperville-Elgin, IL-IN-WI",2,2026-01-31,327331.94148896163
Chicago,IL,"Chicago-Naperville-Elgin, IL-IN-WI",2,2026-02-28,329443.9695467285
Chicago,IL,"Chicago-Naperville-Elgin, IL-IN-WI",2,2026-03-31,331475.29734098347
Chicago,IL,"Chicago-Naperville-Elgin, IL-IN-WI",2,2026-04-30,333328.11439014
Chicago,IL,"Chicago-Naperville-Elgin, IL-IN-WI",2,2026-05-31,335021.869421659
Chicago,IL,"Chicago-Naperville-Elgin, IL-IN-WI",2,2026-06-30,337023.8191985627
Chicago,IL,"Chicago-Naperville-Elgin, IL-IN-WI",3,2020-01-31,257181.63054807097
Chicago,IL,"Chicago-Naperville-Elgin, IL-IN-WI",3,2020-02-29,259951.5509778743
Chicago,IL,"Chicago-Naperville-Elgin, IL-IN-WI",3,2020-03-31,263192.5159278316
Chicago,IL,"Chicago-Naperville-Elgin, IL-IN-WI",3,2020-04-30,264858.2590846897
Chicago,IL,"Chicago-Naperville-Elgin, IL-IN-WI",3,2020-05-31,265263.3570890089
Chicago,IL,"Chicago-Naperville-Elgin, IL-IN-WI",3,2020-06-30,264441.720403379
Chicago,IL,"Chicago-Naperville-Elgin, IL-IN-WI",3,2020-07-31,263405.069479264
Chicago,IL,"Chicago-Naperville-Elgin, IL-IN-WI",3,2020-08-31,263235.8245738248
Chicago,IL,"Chicago-Naperville-Elgin, IL-IN-WI",3,2020-09-30,264868.99626082974
Chicago,IL,"Chicago-Naperville-Elgin, IL-IN-WI",3,2020-10-31,267963.5018780154
Chicago,IL,"Chicago-Naperville-Elgin, IL-IN-WI",3,2020-11-30,272092.3143917831
Chicago,IL,"Chicago-Naperville-Elgin, IL-IN-WI",3,2020-12-31,276180.80425777816
Chicago,IL,"Chicago-Naperville-Elgin, IL-IN-WI",3,2021-01-31,280349.31752917223
Chicago,IL,"Chicago-Naperville-Elgin, IL-IN-WI",3,2021-02-28,285045.9186902291
Chicago,IL,"Chicago-Naperville-Elgin, IL-IN-WI",3,2021-03-31,290132.0220751821
Chicago,IL,"Chicago-Naperville-Elgin, IL-IN-WI",3,2021-04-30,294729.85751008656
Chicago,IL,"Chicago-Naperville-Elgin, IL-IN-WI",3,2021-05-31,298113.6021467996
Chicago,IL,"Chicago-Naperville-Elgin, IL-IN-WI",3,2021-06-30,300557.5808186352
Chicago,IL,"Chicago-Naperville-Elgin, IL-IN-WI",3,2021-07-31,302077.09862612985
Chicago,IL,"Chicago-Naperville-Elgin, IL-IN-WI",3,2021-08-31,302275.93716300157
Chicago,IL,"Chicago-Naperville-Elgin, IL-IN-WI",3,2021-09-30,301022.5482093327
Chicago,IL,"Chicago-Naperville-Elgin, IL-IN-WI",3,2021-10-31,299592.5485078382
Chicago,IL,"Chicago-Naperville-Elgin, IL-IN-WI",3,2021-11-30,298826.2682349915
Chicago,IL,"Chicago-Naperville-Elgin, IL-IN-WI",3,2021-12-31,299366.815517059
Chicago,IL,"Chicago-Naperville-Elgin, IL-IN-WI",3,2022-01-31,301494.6639380112
Chicago,IL,"Chicago-Naperville-Elgin, IL-IN-WI",3,2022-02-28,305619.8093805799
Chicago,IL,"Chicago-Naperville-Elgin, IL-IN-WI",3,2022-03-31,311158.71626361535
Chicago,IL,"Chicago-Naperville-Elgin, IL-IN-WI",3,2022-04-30,316277.96024367557
Chicago,IL,"Chicago-Naperville-Elgin, IL-IN-WI",3,2022-05-31,318930.78207804967
Chicago,IL,"Chicago-Naperville-Elgin, IL-IN-WI",3,2022-06-30,319778.5107731421
Chicago,IL,"Chicago-Naperville-Elgin, IL-IN-WI",3,2022-07-31,318492.55455714936
Chicago,IL,"Chicago-Naperville-Elgin, IL-IN-WI",3,2022-08-31,316117.5011776653
Chicago,IL,"Chicago-Naperville-Elgin, IL-IN-WI",3,2022-09-30,312488.24448416237
Chicago,IL,"Chicago-Naperville-Elgin, IL-IN-WI",3,2022-10-31,309574.7370901739
Chicago,IL,"Chicago-Naperville-Elgin, IL-IN-WI",3,2022-11-30,307887.6567774993
Chicago,IL,"Chicago-Naperville-Elgin, IL-IN-WI",3,2022-12-31,307184.5546067079
Chicago,IL,"Chicago-Naperville-Elgin, IL-IN-WI",3,2023-01-31,306108.3394410521
Chicago,IL,"Chicago-Naperville-Elgin, IL-IN-WI",3,2023-02-28,305876.0120591474
Chicago,IL,"Chicago-Naperville-Elgin, IL-IN-WI",3,2023-03-31,306490.67594719905
Chicago,IL,"Chicago-Naperville-Elgin, IL-IN-WI",3,2023-04-30,308471.46581733203
Chicago,IL,"Chicago-Naperville-Elgin, IL-IN-WI",3,2023-05-31,310141.43591075897
Chicago,IL,"Chicago-Naperville-Elgin, IL-IN-WI",3,2023-06-30,311907.1355081494
Chicago,IL,"Chicago-Naperville-Elgin, IL-IN-WI",3,2023-07-31,313840.6755474841
Chicago,IL,"Chicago-Naperville-Elgin, IL-IN-WI",3,2023-08-31,316041.6318196967
Chicago,IL,"Chicago-Naperville-Elgin, IL-IN-WI",3,2023-09-30,317622.13865097455
Chicago,IL,"Chicago-Naperville-Elgin, IL-IN-WI",3,2023-10-31,318502.34549656976
Chicago,IL,"Chicago-Naperville-Elgin, IL-IN-WI",3,2023-11-30,318851.0162822866
Chicago,IL,"Chicago-Naperville-Elgin, IL-IN-WI",3,2023-12-31,318930.55222456437
Chicago,IL,"Chicago-Naperville-Elgin, IL-IN-WI",3,2024-01-31,319135.85301894246
Chicago,IL,"Chicago-Naperville-Elgin, IL-IN-WI",3,2024-02-29,320425.6348541695
Chicago,IL,"Chicago-Naperville-Elgin, IL-IN-WI",3,2024-03-31,323172.49002302723
Chicago,IL,"Chicago-Naperville-Elgin, IL-IN-WI",3,2024-04-30,326609.21320785425
Chicago,IL,"Chicago-Naperville-Elgin, IL-IN-WI",3,2024-05-31,329054.76126191654
Chicago,IL,"Chicago-Naperville-Elgin, IL-IN-WI",3,2024-06-30,330475.2169027739
Chicago,IL,"Chicago-Naperville-Elgin, IL-IN-WI",3,2024-07-31,331332.6975964957
Chicago,IL,"Chicago-Naperville-Elgin, IL-IN-WI",3,2024-08-31,332259.70007865905
Chicago,IL,"Chicago-Naperville-Elgin, IL-IN-WI",3,2024-09-30,333178.2809069592
Chicago,IL,"Chicago-Naperville-Elgin, IL-IN-WI",3,2024-10-31,333760.6282724028
Chicago,IL,"Chicago-Naperville-Elgin, IL-IN-WI",3,2024-11-30,334620.38354230893
Chicago,IL,"Chicago-Naperville-Elgin, IL-IN-WI",3,2024-12-31,335648.96494019957
Chicago,IL,"Chicago-Naperville-Elgin, IL-IN-WI",3,2025-01-31,336806.57384623965
Chicago,IL,"Chicago-Naperville-Elgin, IL-IN-WI",3,2025-02-28,337978.8367072589
Chicago,IL,"Chicago-Naperville-Elgin, IL-IN-WI",3,2025-03-31,338750.4256131141
Chicago,IL,"Chicago-Naperville-Elgin, IL-IN-WI",3,2025-04-30,339705.2346465318
Chicago,IL,"Chicago-Naperville-Elgin, IL-IN-WI",3,2025-05-31,340357.36550225964
Chicago,IL,"Chicago-Naperville-Elgin, IL-IN-WI",3,2025-06-30,340824.8090886306
Chicago,IL,"Chicago-Naperville-Elgin, IL-IN-WI",3,2025-07-31,341829.77476926334
Chicago,IL,"Chicago-Naperville-Elgin, IL-IN-WI",3,2025-08-31,342851.8808568447
Chicago,IL,"Chicago-Naperville-Elgin, IL-IN-WI",3,2025-09-30,344260.02739858645
Chicago,IL,"Chicago-Naperville-Elgin, IL-IN-WI",3,2025-10-31,345459.71465660055
Chicago,IL,"Chicago-Naperville-Elgin, IL-IN-WI",3,2025-11-30,346903.14458376
Chicago,IL,"Chicago-Naperville-Elgin, IL-IN-WI",3,2025-12-31,348752.01180043415
Chicago,IL,"Chicago-Naperville-Elgin, IL-IN-WI",3,2026-01-31,350444.1447702849
Chicago,IL,"Chicago-Naperville-Elgin, IL-IN-WI",3,2026-02-28,352386.41801275127
Chicago,IL,"Chicago-Naperville-Elgin, IL-IN-WI",3,2026-03-31,354058.6359139141
Chicago,IL,"Chicago-Naperville-Elgin, IL-IN-WI",3,2026-04-30,355543.0804334331
Chicago,IL,"Chicago-Naperville-Elgin, IL-IN-WI",3,2026-05-31,356798.0130470274
Chicago,IL,"Chicago-Naperville-Elgin, IL-IN-WI",3,2026-06-30,358712.0906451516
Chicago,IL,"Chicago-Naperville-Elgin, IL-IN-WI",4,2020-01-31,326836.833568533
Chicago,IL,"Chicago-Naperville-Elgin, IL-IN-WI",4,2020-02-29,329067.50165131397
Chicago,IL,"Chicago-Naperville-Elgin, IL-IN-WI",4,2020-03-31,332126.39138672146
Chicago,IL,"Chicago-Naperville-Elgin, IL-IN-WI",4,2020-04-30,334706.9792539531
Chicago,IL,"Chicago-Naperville-Elgin, IL-IN-WI",4,2020-05-31,335577.95485061995
Chicago,IL,"Chicago-Naperville-Elgin, IL-IN-WI",4,2020-06-30,334794.6408170462
Chicago,IL,"Chicago-Naperville-Elgin, IL-IN-WI",4,2020-07-31,333842.35400334676
Chicago,IL,"Chicago-Naperville-Elgin, IL-IN-WI",4,2020-08-31,333975.11910394934
Chicago,IL,"Chicago-Naperville-Elgin, IL-IN-WI",4,2020-09-30,336196.1924040606
Chicago,IL,"Chicago-Naperville-Elgin, IL-IN-WI",4,2020-10-31,340421.68808264186
Chicago,IL,"Chicago-Naperville-Elgin, IL-IN-WI",4,2020-11-30,345983.7482175225
Chicago,IL,"Chicago-Naperville-Elgin, IL-IN-WI",4,2020-12-31,351786.9646207913
Chicago,IL,"Chicago-Naperville-Elgin, IL-IN-WI",4,2021-01-31,357281.03698102507
Chicago,IL,"Chicago-Naperville-Elgin, IL-IN-WI",4,2021-02-28,363030.4284773611
Chicago,IL,"Chicago-Naperville-Elgin, IL-IN-WI",4,2021-03-31,368848.21487284754
Chicago,IL,"Chicago-Naperville-Elgin, IL-IN-WI",4,2021-04-30,373979.90680711746
Chicago,IL,"Chicago-Naperville-Elgin, IL-IN-WI",4,2021-05-31,377762.6162321858
Chicago,IL,"Chicago-Naperville-Elgin, IL-IN-WI",4,2021-06-30,380171.3673570875
Chicago,IL,"Chicago-Naperville-Elgin, IL-IN-WI",4,2021-07-31,381308.3123129026
Chicago,IL,"Chicago-Naperville-Elgin, IL-IN-WI",4,2021-08-31,381038.3840283143
Chicago,IL,"Chicago-Naperville-Elgin, IL-IN-WI",4,2021-09-30,379523.0831964079
Chicago,IL,"Chicago-Naperville-Elgin, IL-IN-WI",4,2021-10-31,378229.3849110712
Chicago,IL,"Chicago-Naperville-Elgin, IL-IN-WI",4,2021-11-30,377834.44220257207
Chicago,IL,"Chicago-Naperville-Elgin, IL-IN-WI",4,2021-12-31,378828.9768241839
Chicago,IL,"Chicago-Naperville-Elgin, IL-IN-WI",4,2022-01-31,381918.45926747686
Chicago,IL,"Chicago-Naperville-Elgin, IL-IN-WI",4,2022-02-28,387290.41830130905
Chicago,IL,"Chicago-Naperville-Elgin, IL-IN-WI",4,2022-03-31,394529.3231320752
Chicago,IL,"Chicago-Naperville-Elgin, IL-IN-WI",4,2022-04-30,401030.0935165635
Chicago,IL,"Chicago-Naperville-Elgin, IL-IN-WI",4,2022-05-31,404537.44421029073
Chicago,IL,"Chicago-Naperville-Elgin, IL-IN-WI",4,2022-06-30,405930.51777707966
Chicago,IL,"Chicago-Naperville-Elgin, IL-IN-WI",4,2022-07-31,404556.752800604
Chicago,IL,"Chicago-Naperville-Elgin, IL-IN-WI",4,2022-08-31,401596.70253820653
Chicago,IL,"Chicago-Naperville-Elgin, IL-IN-WI",4,2022-09-30,396891.3512378034
Chicago,IL,"Chicago-Naperville-Elgin, IL-IN-WI",4,2022-10-31,393249.8753271709
Chicago,IL,"Chicago-Naperville-Elgin, IL-IN-WI",4,2022-11-30,391144.7859666819
Chicago,IL,"Chicago-Naperville-Elgin, IL-IN-WI",4,2022-12-31,389917.71890906215
Chicago,IL,"Chicago-Naperville-Elgin, IL-IN-WI",4,2023-01-31,388353.0250858052
Chicago,IL,"Chicago-Naperville-Elgin, IL-IN-WI",4,2023-02-28,388080.54844741774
Chicago,IL,"Chicago-Naperville-Elgin, IL-IN-WI",4,2023-03-31,388694.98182359175
Chicago,IL,"Chicago-Naperville-Elgin, IL-IN-WI",4,2023-04-30,390339.6228107481
Chicago,IL,"Chicago-Naperville-Elgin, IL-IN-WI",4,2023-05-31,391094.3011446914
Chicago,IL,"Chicago-Naperville-Elgin, IL-IN-WI",4,2023-06-30,392223.1654234023
Chicago,IL,"Chicago-Naperville-Elgin, IL-IN-WI",4,2023-07-31,393791.827737106
Chicago,IL,"Chicago-Naperville-Elgin, IL-IN-WI",4,2023-08-31,395601.2040538108
Chicago,IL,"Chicago-Naperville-Elgin, IL-IN-WI",4,2023-09-30,396596.6164593501
Chicago,IL,"Chicago-Naperville-Elgin, IL-IN-WI",4,2023-10-31,396914.6139482227
Chicago,IL,"Chicago-Naperville-Elgin, IL-IN-WI",4,2023-11-30,396934.2645282674
Chicago,IL,"Chicago-Naperville-Elgin, IL-IN-WI",4,2023-12-31,397015.741926892
Chicago,IL,"Chicago-Naperville-Elgin, IL-IN-WI",4,2024-01-31,397500.0015880942
Chicago,IL,"Chicago-Naperville-Elgin, IL-IN-WI",4,2024-02-29,399343.82054522255
Chicago,IL,"Chicago-Naperville-Elgin, IL-IN-WI",4,2024-03-31,402602.2045821255
Chicago,IL,"Chicago-Naperville-Elgin, IL-IN-WI",4,2024-04-30,406357.4960184319
Chicago,IL,"Chicago-Naperville-Elgin, IL-IN-WI",4,2024-05-31,408959.5495370621
Chicago,IL,"Chicago-Naperville-Elgin, IL-IN-WI",4,2024-06-30,410386.61110767093
Chicago,IL,"Chicago-Naperville-Elgin, IL-IN-WI",4,2024-07-31,411259.9416209487
Chicago,IL,"Chicago-Naperville-Elgin, IL-IN-WI",4,2024-08-31,412253.42658579134
Chicago,IL,"Chicago-Naperville-Elgin, IL-IN-WI",4,2024-09-30,413429.2609059836
Chicago,IL,"Chicago-Naperville-Elgin, IL-IN-WI",4,2024-10-31,414317.0822173173
Chicago,IL,"Chicago-Naperville-Elgin, IL-IN-WI",4,2024-11-30,415965.308803594
Chicago,IL,"Chicago-Naperville-Elgin, IL-IN-WI",4,2024-12-31,417752.4316888152
Chicago,IL,"Chicago-Naperville-Elgin, IL-IN-WI",4,2025-01-31,419672.6799663248
Chicago,IL,"Chicago-Naperville-Elgin, IL-IN-WI",4,2025-02-28,421311.9463293983
Chicago,IL,"Chicago-Naperville-Elgin, IL-IN-WI",4,2025-03-31,422496.39525286993
Chicago,IL,"Chicago-Naperville-Elgin, IL-IN-WI",4,2025-04-30,423848.16593173536
Chicago,IL,"Chicago-Naperville-Elgin, IL-IN-WI",4,2025-05-31,424693.9261995047
Chicago,IL,"Chicago-Naperville-Elgin, IL-IN-WI",4,2025-06-30,425290.7981598308
Chicago,IL,"Chicago-Naperville-Elgin, IL-IN-WI",4,2025-07-31,426422.03317335545
Chicago,IL,"Chicago-Naperville-Elgin, IL-IN-WI",4,2025-08-31,427684.7070885615
Chicago,IL,"Chicago-Naperville-Elgin, IL-IN-WI",4,2025-09-30,429498.4625409675
Chicago,IL,"Chicago-Naperville-Elgin, IL-IN-WI",4,2025-10-31,431228.2714242651
Chicago,IL,"Chicago-Naperville-Elgin, IL-IN-WI",4,2025-11-30,433242.4586201157
Chicago,IL,"Chicago-Naperville-Elgin, IL-IN-WI",4,2025-12-31,435813.2846014433
Chicago,IL,"Chicago-Naperville-Elgin, IL-IN-WI",4,2026-01-31,438250.75367261126
Chicago,IL,"Chicago-Naperville-Elgin, IL-IN-WI",4,2026-02-28,440825.9882159007
Chicago,IL,"Chicago-Naperville-Elgin, IL-IN-WI",4,2026-03-31,443014.0397044931
Chicago,IL,"Chicago-Naperville-Elgin, IL-IN-WI",4,2026-04-30,444893.1697121686
Chicago,IL,"Chicago-Naperville-Elgin, IL-IN-WI",4,2026-05-31,446447.14366531745
Chicago,IL,"Chicago-Naperville-Elgin, IL-IN-WI",4,2026-06-30,448862.8769852544
Chicago,IL,"Chicago-Naperville-Elgin, IL-IN-WI",5,2020-01-31,368738.78281230497
Chicago,IL,"Chicago-Naperville-Elgin, IL-IN-WI",5,2020-02-29,370335.42461665854
Chicago,IL,"Chicago-Naperville-Elgin, IL-IN-WI",5,2020-03-31,372893.3465048314
Chicago,IL,"Chicago-Naperville-Elgin, IL-IN-WI",5,2020-04-30,376220.7394174761
Chicago,IL,"Chicago-Naperville-Elgin, IL-IN-WI",5,2020-05-31,377460.6207248958
Chicago,IL,"Chicago-Naperville-Elgin, IL-IN-WI",5,2020-06-30,376780.0638761938
Chicago,IL,"Chicago-Naperville-Elgin, IL-IN-WI",5,2020-07-31,375825.8240593557
Chicago,IL,"Chicago-Naperville-Elgin, IL-IN-WI",5,2020-08-31,375821.60532425233
Chicago,IL,"Chicago-Naperville-Elgin, IL-IN-WI",5,2020-09-30,377976.04532902705
Chicago,IL,"Chicago-Naperville-Elgin, IL-IN-WI",5,2020-10-31,382372.93064446904
Chicago,IL,"Chicago-Naperville-Elgin, IL-IN-WI",5,2020-11-30,388341.5788100173
Chicago,IL,"Chicago-Naperville-Elgin, IL-IN-WI",5,2020-12-31,394755.3026748108
Chicago,IL,"Chicago-Naperville-Elgin, IL-IN-WI",5,2021-01-31,400907.585383727
Chicago,IL,"Chicago-Naperville-Elgin, IL-IN-WI",5,2021-02-28,407459.043212471
Chicago,IL,"Chicago-Naperville-Elgin, IL-IN-WI",5,2021-03-31,413883.85252686805
Chicago,IL,"Chicago-Naperville-Elgin, IL-IN-WI",5,2021-04-30,419234.5638420312
Chicago,IL,"Chicago-Naperville-Elgin, IL-IN-WI",5,2021-05-31,423007.41940699535
Chicago,IL,"Chicago-Naperville-Elgin, IL-IN-WI",5,2021-06-30,425050.4916013074
Chicago,IL,"Chicago-Naperville-Elgin, IL-IN-WI",5,2021-07-31,425911.6476792002
Chicago,IL,"Chicago-Naperville-Elgin, IL-IN-WI",5,2021-08-31,425605.49031592737
Chicago,IL,"Chicago-Naperville-Elgin, IL-IN-WI",5,2021-09-30,424470.148812775
Chicago,IL,"Chicago-Naperville-Elgin, IL-IN-WI",5,2021-10-31,423541.6432451208
Chicago,IL,"Chicago-Naperville-Elgin, IL-IN-WI",5,2021-11-30,423580.08783064334
Chicago,IL,"Chicago-Naperville-Elgin, IL-IN-WI",5,2021-12-31,425048.2650616788
Chicago,IL,"Chicago-Naperville-Elgin, IL-IN-WI",5,2022-01-31,429112.8340812485
Chicago,IL,"Chicago-Naperville-Elgin, IL-IN-WI",5,2022-02-28,435577.2471993261
Chicago,IL,"Chicago-Naperville-Elgin, IL-IN-WI",5,2022-03-31,443941.4604383055
Chicago,IL,"Chicago-Naperville-Elgin, IL-IN-WI",5,2022-04-30,451311.42362465407
Chicago,IL,"Chicago-Naperville-Elgin, IL-IN-WI",5,2022-05-31,455175.6861430166
Chicago,IL,"Chicago-Naperville-Elgin, IL-IN-WI",5,2022-06-30,456846.82929680863
Chicago,IL,"Chicago-Naperville-Elgin, IL-IN-WI",5,2022-07-31,455394.9553746646
Chicago,IL,"Chicago-Naperville-Elgin, IL-IN-WI",5,2022-08-31,451989.35561554413
Chicago,IL,"Chicago-Naperville-Elgin, IL-IN-WI",5,2022-09-30,446321.1353076223
Chicago,IL,"Chicago-Naperville-Elgin, IL-IN-WI",5,2022-10-31,441892.28476529213
Chicago,IL,"Chicago-Naperville-Elgin, IL-IN-WI",5,2022-11-30,439195.2933254279
Chicago,IL,"Chicago-Naperville-Elgin, IL-IN-WI",5,2022-12-31,437551.5017459966
Chicago,IL,"Chicago-Naperville-Elgin, IL-IN-WI",5,2023-01-31,435948.90492323297
Chicago,IL,"Chicago-Naperville-Elgin, IL-IN-WI",5,2023-02-28,436036.146200879
Chicago,IL,"Chicago-Naperville-Elgin, IL-IN-WI",5,2023-03-31,437063.3954430078
Chicago,IL,"Chicago-Naperville-Elgin, IL-IN-WI",5,2023-04-30,438575.06465436536
Chicago,IL,"Chicago-Naperville-Elgin, IL-IN-WI",5,2023-05-31,438886.9677145754
Chicago,IL,"Chicago-Naperville-Elgin, IL-IN-WI",5,2023-06-30,439214.0095577372
Chicago,IL,"Chicago-Naperville-Elgin, IL-IN-WI",5,2023-07-31,439859.6843552138
Chicago,IL,"Chicago-Naperville-Elgin, IL-IN-WI",5,2023-08-31,440741.9182832665
Chicago,IL,"Chicago-Naperville-Elgin, IL-IN-WI",5,2023-09-30,441412.88804181735
Chicago,IL,"Chicago-Naperville-Elgin, IL-IN-WI",5,2023-10-31,441702.7438988781
Chicago,IL,"Chicago-Naperville-Elgin, IL-IN-WI",5,2023-11-30,442160.6976444083
Chicago,IL,"Chicago-Naperville-Elgin, IL-IN-WI",5,2023-12-31,442840.3945780389
Chicago,IL,"Chicago-Naperville-Elgin, IL-IN-WI",5,2024-01-31,444604.79787279567
Chicago,IL,"Chicago-Naperville-Elgin, IL-IN-WI",5,2024-02-29,447746.16896046745
Chicago,IL,"Chicago-Naperville-Elgin, IL-IN-WI",5,2024-03-31,452064.66870204057
Chicago,IL,"Chicago-Naperville-Elgin, IL-IN-WI",5,2024-04-30,456446.8395233531
Chicago,IL,"Chicago-Naperville-Elgin, IL-IN-WI",5,2024-05-31,459340.27860706224
Chicago,IL,"Chicago-Naperville-Elgin, IL-IN-WI",5,2024-06-30,461272.3140362403
Chicago,IL,"Chicago-Naperville-Elgin, IL-IN-WI",5,2024-07-31,462678.9473131674
Chicago,IL,"Chicago-Naperville-Elgin, IL-IN-WI",5,2024-08-31,464499.61610239727
Chicago,IL,"Chicago-Naperville-Elgin, IL-IN-WI",5,2024-09-30,466575.9128192045
Chicago,IL,"Chicago-Naperville-Elgin, IL-IN-WI",5,2024-10-31,468076.28333124105
Chicago,IL,"Chicago-Naperville-Elgin, IL-IN-WI",5,2024-11-30,470227.0943592453
Chicago,IL,"Chicago-Naperville-Elgin, IL-IN-WI",5,2024-12-31,472004.3635356295
Chicago,IL,"Chicago-Naperville-Elgin, IL-IN-WI",5,2025-01-31,474221.32359884406
Chicago,IL,"Chicago-Naperville-Elgin, IL-IN-WI",5,2025-02-28,476141.34301734815
Chicago,IL,"Chicago-Naperville-Elgin, IL-IN-WI",5,2025-03-31,477927.3201799891
Chicago,IL,"Chicago-Naperville-Elgin, IL-IN-WI",5,2025-04-30,479631.9723790586
Chicago,IL,"Chicago-Naperville-Elgin, IL-IN-WI",5,2025-05-31,480824.50900967856
Chicago,IL,"Chicago-Naperville-Elgin, IL-IN-WI",5,2025-06-30,481724.8372643977
Chicago,IL,"Chicago-Naperville-Elgin, IL-IN-WI",5,2025-07-31,482808.1085301339
Chicago,IL,"Chicago-Naperville-Elgin, IL-IN-WI",5,2025-08-31,483900.0685101286
Chicago,IL,"Chicago-Naperville-Elgin, IL-IN-WI",5,2025-09-30,485467.5320490912
Chicago,IL,"Chicago-Naperville-Elgin, IL-IN-WI",5,2025-10-31,487133.2179795876
Chicago,IL,"Chicago-Naperville-Elgin, IL-IN-WI",5,2025-11-30,488907.6688999723
Chicago,IL,"Chicago-Naperville-Elgin, IL-IN-WI",5,2025-12-31,491399.1785922064
Chicago,IL,"Chicago-Naperville-Elgin, IL-IN-WI",5,2026-01-31,493964.59440843336
Chicago,IL,"Chicago-Naperville-Elgin, IL-IN-WI",5,2026-02-28,496991.4499350362
Chicago,IL,"Chicago-Naperville-Elgin, IL-IN-WI",5,2026-03-31,499546.6160305557
Chicago,IL,"Chicago-Naperville-Elgin, IL-IN-WI",5,2026-04-30,501449.4617123883
Chicago,IL,"Chicago-Naperville-Elgin, IL-IN-WI",5,2026-05-31,502892.8837787628
Chicago,IL,"Chicago-Naperville-Elgin, IL-IN-WI",5,2026-06-30,505124.8792069317
Cleveland,OH,"Cleveland-Elyria, OH",1,2020-01-31,80714.68585717685
Cleveland,OH,"Cleveland-Elyria, OH",1,2020-02-29,81760.9893902498
Cleveland,OH,"Cleveland-Elyria, OH",1,2020-03-31,82571.78512752835
Cleveland,OH,"Cleveland-Elyria, OH",1,2020-04-30,82360.14302099067
Cleveland,OH,"Cleveland-Elyria, OH",1,2020-05-31,81941.81072945734
Cleveland,OH,"Cleveland-Elyria, OH",1,2020-06-30,81603.89573489793
Cleveland,OH,"Cleveland-Elyria, OH",1,2020-07-31,81749.06607108237
Cleveland,OH,"Cleveland-Elyria, OH",1,2020-08-31,82574.78072497537
Cleveland,OH,"Cleveland-Elyria, OH",1,2020-09-30,83913.07862247471
Cleveland,OH,"Cleveland-Elyria, OH",1,2020-10-31,85508.47607347868
Cleveland,OH,"Cleveland-Elyria, OH",1,2020-11-30,87298.30705997536
Cleveland,OH,"Cleveland-Elyria, OH",1,2020-12-31,88885.0443808624
Cleveland,OH,"Cleveland-Elyria, OH",1,2021-01-31,89977.2610189758
Cleveland,OH,"Cleveland-Elyria, OH",1,2021-02-28,90950.37174948708
Cleveland,OH,"Cleveland-Elyria, OH",1,2021-03-31,92081.36328201862
Cleveland,OH,"Cleveland-Elyria, OH",1,2021-04-30,93326.3147649066
Cleveland,OH,"Cleveland-Elyria, OH",1,2021-05-31,94196.8496160946
Cleveland,OH,"Cleveland-Elyria, OH",1,2021-06-30,94977.49391134188
Cleveland,OH,"Cleveland-Elyria, OH",1,2021-07-31,95320.69467507055
Cleveland,OH,"Cleveland-Elyria, OH",1,2021-08-31,95582.70748762848
Cleveland,OH,"Cleveland-Elyria, OH",1,2021-09-30,95395.49176040573
Cleveland,OH,"Cleveland-Elyria, OH",1,2021-10-31,95611.7296389658
Cleveland,OH,"Cleveland-Elyria, OH",1,2021-11-30,95730.03064990784
Cleveland,OH,"Cleveland-Elyria, OH",1,2021-12-31,96047.02679533084
Cleveland,OH,"Cleveland-Elyria, OH",1,2022-01-31,96385.52062997258
Cleveland,OH,"Cleveland-Elyria, OH",1,2022-02-28,97288.87097741716
Cleveland,OH,"Cleveland-Elyria, OH",1,2022-03-31,98361.65887654346
Cleveland,OH,"Cleveland-Elyria, OH",1,2022-04-30,99553.2945869433
Cleveland,OH,"Cleveland-Elyria, OH",1,2022-05-31,100381.10047966738
Cleveland,OH,"Cleveland-Elyria, OH",1,2022-06-30,101229.64799574956
Cleveland,OH,"Cleveland-Elyria, OH",1,2022-07-31,101732.47661283588
Cleveland,OH,"Cleveland-Elyria, OH",1,2022-08-31,101878.43878219526
Cleveland,OH,"Cleveland-Elyria, OH",1,2022-09-30,101585.01133533596
Cleveland,OH,"Cleveland-Elyria, OH",1,2022-10-31,101387.53562362642
Cleveland,OH,"Cleveland-Elyria, OH",1,2022-11-30,101473.33680899892
Cleveland,OH,"Cleveland-Elyria, OH",1,2022-12-31,101941.73593407351
Cleveland,OH,"Cleveland-Elyria, OH",1,2023-01-31,101847.12834940152
Cleveland,OH,"Cleveland-Elyria, OH",1,2023-02-28,101898.48490179294
Cleveland,OH,"Cleveland-Elyria, OH",1,2023-03-31,102188.1695637387
Cleveland,OH,"Cleveland-Elyria, OH",1,2023-04-30,103312.79378974046
Cleveland,OH,"Cleveland-Elyria, OH",1,2023-05-31,104439.27165994931
Cleveland,OH,"Cleveland-Elyria, OH",1,2023-06-30,105123.57860793034
Cleveland,OH,"Cleveland-Elyria, OH",1,2023-07-31,105627.8197146433
Cleveland,OH,"Cleveland-Elyria, OH",1,2023-08-31,106419.91261592836
Cleveland,OH,"Cleveland-Elyria, OH",1,2023-09-30,107344.44525377377
Cleveland,OH,"Cleveland-Elyria, OH",1,2023-10-31,108399.12953656953
Cleveland,OH,"Cleveland-Elyria, OH",1,2023-11-30,109243.41418258652
Cleveland,OH,"Cleveland-Elyria, OH",1,2023-12-31,110012.9618450554
Cleveland,OH,"Cleveland-Elyria, OH",1,2024-01-31,110323.29306637585
Cleveland,OH,"Cleveland-Elyria, OH",1,2024-02-29,110480.96652606007
Cleveland,OH,"Cleveland-Elyria, OH",1,2024-03-31,110564.27658568585
Cleveland,OH,"Cleveland-Elyria, OH",1,2024-04-30,110891.98456162124
Cleveland,OH,"Cleveland-Elyria, OH",1,2024-05-31,111241.1801180424
Cleveland,OH,"Cleveland-Elyria, OH",1,2024-06-30,111554.52636246548
Cleveland,OH,"Cleveland-Elyria, OH",1,2024-07-31,111652.1697271593
Cleveland,OH,"Cleveland-Elyria, OH",1,2024-08-31,111428.77509517314
Cleveland,OH,"Cleveland-Elyria, OH",1,2024-09-30,110984.17153148454
Cleveland,OH,"Cleveland-Elyria, OH",1,2024-10-31,110771.27659993886
Cleveland,OH,"Cleveland-Elyria, OH",1,2024-11-30,110869.90826186445
Cleveland,OH,"Cleveland-Elyria, OH",1,2024-12-31,111162.81080663847
Cleveland,OH,"Cleveland-Elyria, OH",1,2025-01-31,111204.69332299192
Cleveland,OH,"Cleveland-Elyria, OH",1,2025-02-28,111133.17581151346
Cleveland,OH,"Cleveland-Elyria, OH",1,2025-03-31,111176.55881698211
Cleveland,OH,"Cleveland-Elyria, OH",1,2025-04-30,111213.66369425964
Cleveland,OH,"Cleveland-Elyria, OH",1,2025-05-31,111298.76020836383
Cleveland,OH,"Cleveland-Elyria, OH",1,2025-06-30,111392.60930199412
Cleveland,OH,"Cleveland-Elyria, OH",1,2025-07-31,111437.931988225
Cleveland,OH,"Cleveland-Elyria, OH",1,2025-08-31,111189.682408488
Cleveland,OH,"Cleveland-Elyria, OH",1,2025-09-30,110777.76267470307
Cleveland,OH,"Cleveland-Elyria, OH",1,2025-10-31,110429.66645184412
Cleveland,OH,"Cleveland-Elyria, OH",1,2025-11-30,110140.68278797343
Cleveland,OH,"Cleveland-Elyria, OH",1,2025-12-31,109719.0981091366
Cleveland,OH,"Cleveland-Elyria, OH",1,2026-01-31,109290.53726849824
Cleveland,OH,"Cleveland-Elyria, OH",1,2026-02-28,108917.70135524673
Cleveland,OH,"Cleveland-Elyria, OH",1,2026-03-31,108562.0369424027
Cleveland,OH,"Cleveland-Elyria, OH",1,2026-04-30,108257.08275577128
Cleveland,OH,"Cleveland-Elyria, OH",1,2026-05-31,108154.5942594024
Cleveland,OH,"Cleveland-Elyria, OH",1,2026-06-30,108579.7353922071
Cleveland,OH,"Cleveland-Elyria, OH",2,2020-01-31,69396.8058064961
Cleveland,OH,"Cleveland-Elyria, OH",2,2020-02-29,70503.48967102016
Cleveland,OH,"Cleveland-Elyria, OH",2,2020-03-31,71495.98908208602
Cleveland,OH,"Cleveland-Elyria, OH",2,2020-04-30,71812.24044954592
Cleveland,OH,"Cleveland-Elyria, OH",2,2020-05-31,71605.13237250759
Cleveland,OH,"Cleveland-Elyria, OH",2,2020-06-30,71179.37907848337
Cleveland,OH,"Cleveland-Elyria, OH",2,2020-07-31,71101.67632724017
Cleveland,OH,"Cleveland-Elyria, OH",2,2020-08-31,71897.88815251231
Cleveland,OH,"Cleveland-Elyria, OH",2,2020-09-30,73627.75912031345
Cleveland,OH,"Cleveland-Elyria, OH",2,2020-10-31,75780.03858646241
Cleveland,OH,"Cleveland-Elyria, OH",2,2020-11-30,78204.9775901913
Cleveland,OH,"Cleveland-Elyria, OH",2,2020-12-31,80470.61782758334
Cleveland,OH,"Cleveland-Elyria, OH",2,2021-01-31,82363.25724053488
Cleveland,OH,"Cleveland-Elyria, OH",2,2021-02-28,84138.51061859021
Cleveland,OH,"Cleveland-Elyria, OH",2,2021-03-31,86022.36593724349
Cleveland,OH,"Cleveland-Elyria, OH",2,2021-04-30,87797.34285965057
Cleveland,OH,"Cleveland-Elyria, OH",2,2021-05-31,89293.56362873327
Cleveland,OH,"Cleveland-Elyria, OH",2,2021-06-30,90581.37128717754
Cleveland,OH,"Cleveland-Elyria, OH",2,2021-07-31,91474.58987376244
Cleveland,OH,"Cleveland-Elyria, OH",2,2021-08-31,91670.9214147937
Cleveland,OH,"Cleveland-Elyria, OH",2,2021-09-30,91217.0772715236
Cleveland,OH,"Cleveland-Elyria, OH",2,2021-10-31,90942.93245380712
Cleveland,OH,"Cleveland-Elyria, OH",2,2021-11-30,91080.63903699354
Cleveland,OH,"Cleveland-Elyria, OH",2,2021-12-31,91485.3164443274
Cleveland,OH,"Cleveland-Elyria, OH",2,2022-01-31,92437.14537394256
Cleveland,OH,"Cleveland-Elyria, OH",2,2022-02-28,93865.97329675705
Cleveland,OH,"Cleveland-Elyria, OH",2,2022-03-31,95641.07537774574
Cleveland,OH,"Cleveland-Elyria, OH",2,2022-04-30,97184.86324587582
Cleveland,OH,"Cleveland-Elyria, OH",2,2022-05-31,98361.45343844852
Cleveland,OH,"Cleveland-Elyria, OH",2,2022-06-30,99475.58015990775
Cleveland,OH,"Cleveland-Elyria, OH",2,2022-07-31,100239.14076550955
Cleveland,OH,"Cleveland-Elyria, OH",2,2022-08-31,100372.02942388384
Cleveland,OH,"Cleveland-Elyria, OH",2,2022-09-30,99963.04826594796
Cleveland,OH,"Cleveland-Elyria, OH",2,2022-10-31,99761.99626277112
Cleveland,OH,"Cleveland-Elyria, OH",2,2022-11-30,99973.38632896624
Cleveland,OH,"Cleveland-Elyria, OH",2,2022-12-31,100050.36941151365
Cleveland,OH,"Cleveland-Elyria, OH",2,2023-01-31,99620.48443359951
Cleveland,OH,"Cleveland-Elyria, OH",2,2023-02-28,99392.0801717585
Cleveland,OH,"Cleveland-Elyria, OH",2,2023-03-31,99471.7595055634
Cleveland,OH,"Cleveland-Elyria, OH",2,2023-04-30,100014.5448178065
Cleveland,OH,"Cleveland-Elyria, OH",2,2023-05-31,100524.4204813642
Cleveland,OH,"Cleveland-Elyria, OH",2,2023-06-30,101074.16572505132
Cleveland,OH,"Cleveland-Elyria, OH",2,2023-07-31,101757.93840151676
Cleveland,OH,"Cleveland-Elyria, OH",2,2023-08-31,102506.50816316526
Cleveland,OH,"Cleveland-Elyria, OH",2,2023-09-30,103324.12457609618
Cleveland,OH,"Cleveland-Elyria, OH",2,2023-10-31,104191.05037657962
Cleveland,OH,"Cleveland-Elyria, OH",2,2023-11-30,105033.2092938188
Cleveland,OH,"Cleveland-Elyria, OH",2,2023-12-31,105922.71251589654
Cleveland,OH,"Cleveland-Elyria, OH",2,2024-01-31,106646.04597363187
Cleveland,OH,"Cleveland-Elyria, OH",2,2024-02-29,107612.2571040531
Cleveland,OH,"Cleveland-Elyria, OH",2,2024-03-31,108774.89416022698
Cleveland,OH,"Cleveland-Elyria, OH",2,2024-04-30,110291.56541082612
Cleveland,OH,"Cleveland-Elyria, OH",2,2024-05-31,111579.57154940018
Cleveland,OH,"Cleveland-Elyria, OH",2,2024-06-30,112722.99227103312
Cleveland,OH,"Cleveland-Elyria, OH",2,2024-07-31,113237.51685781773
Cleveland,OH,"Cleveland-Elyria, OH",2,2024-08-31,113549.23655327113
Cleveland,OH,"Cleveland-Elyria, OH",2,2024-09-30,113511.32093388731
Cleveland,OH,"Cleveland-Elyria, OH",2,2024-10-31,113542.7290972228
Cleveland,OH,"Cleveland-Elyria, OH",2,2024-11-30,113678.2232068293
Cleveland,OH,"Cleveland-Elyria, OH",2,2024-12-31,114106.14161239342
Cleveland,OH,"Cleveland-Elyria, OH",2,2025-01-31,114400.53880196804
Cleveland,OH,"Cleveland-Elyria, OH",2,2025-02-28,114632.4279339536
Cleveland,OH,"Cleveland-Elyria, OH",2,2025-03-31,114860.66681239066
Cleveland,OH,"Cleveland-Elyria, OH",2,2025-04-30,115014.51218151407
Cleveland,OH,"Cleveland-Elyria, OH",2,2025-05-31,115099.25376928272
Cleveland,OH,"Cleveland-Elyria, OH",2,2025-06-30,115047.901310596
Cleveland,OH,"Cleveland-Elyria, OH",2,2025-07-31,115164.66148026696
Cleveland,OH,"Cleveland-Elyria, OH",2,2025-08-31,115072.69921017862
Cleveland,OH,"Cleveland-Elyria, OH",2,2025-09-30,115015.03307344957
Cleveland,OH,"Cleveland-Elyria, OH",2,2025-10-31,114967.14057462418
Cleveland,OH,"Cleveland-Elyria, OH",2,2025-11-30,115138.2645817969
Cleveland,OH,"Cleveland-Elyria, OH",2,2025-12-31,115452.0604950121
Cleveland,OH,"Cleveland-Elyria, OH",2,2026-01-31,115800.7754079107
Cleveland,OH,"Cleveland-Elyria, OH",2,2026-02-28,116210.91502883629
Cleveland,OH,"Cleveland-Elyria, OH",2,2026-03-31,116355.71871389874
Cleveland,OH,"Cleveland-Elyria, OH",2,2026-04-30,116185.3237244395
Cleveland,OH,"Cleveland-Elyria, OH",2,2026-05-31,115857.9137345241
Cleveland,OH,"Cleveland-Elyria, OH",2,2026-06-30,115716.05871776905
Cleveland,OH,"Cleveland-Elyria, OH",3,2020-01-31,80902.03019250139
Cleveland,OH,"Cleveland-Elyria, OH",3,2020-02-29,81896.88162592163
Cleveland,OH,"Cleveland-Elyria, OH",3,2020-03-31,82859.22904459697
Cleveland,OH,"Cleveland-Elyria, OH",3,2020-04-30,83515.18757093743
Cleveland,OH,"Cleveland-Elyria, OH",3,2020-05-31,83505.96474169334
Cleveland,OH,"Cleveland-Elyria, OH",3,2020-06-30,83042.9666636049
Cleveland,OH,"Cleveland-Elyria, OH",3,2020-07-31,82991.11561591364
Cleveland,OH,"Cleveland-Elyria, OH",3,2020-08-31,83963.00555686864
Cleveland,OH,"Cleveland-Elyria, OH",3,2020-09-30,86119.71224884213
Cleveland,OH,"Cleveland-Elyria, OH",3,2020-10-31,88755.57755210693
Cleveland,OH,"Cleveland-Elyria, OH",3,2020-11-30,91670.091850526
Cleveland,OH,"Cleveland-Elyria, OH",3,2020-12-31,94347.25368253712
Cleveland,OH,"Cleveland-Elyria, OH",3,2021-01-31,96768.01540564402
Cleveland,OH,"Cleveland-Elyria, OH",3,2021-02-28,99170.95091502792
Cleveland,OH,"Cleveland-Elyria, OH",3,2021-03-31,101734.38274008152
Cleveland,OH,"Cleveland-Elyria, OH",3,2021-04-30,103922.67216478352
Cleveland,OH,"Cleveland-Elyria, OH",3,2021-05-31,105615.92643656344
Cleveland,OH,"Cleveland-Elyria, OH",3,2021-06-30,106809.5916222479
Cleveland,OH,"Cleveland-Elyria, OH",3,2021-07-31,107368.67863701242
Cleveland,OH,"Cleveland-Elyria, OH",3,2021-08-31,106927.4664627491
Cleveland,OH,"Cleveland-Elyria, OH",3,2021-09-30,105884.85545823816
Cleveland,OH,"Cleveland-Elyria, OH",3,2021-10-31,105189.5908875565
Cleveland,OH,"Cleveland-Elyria, OH",3,2021-11-30,105130.44591080204
Cleveland,OH,"Cleveland-Elyria, OH",3,2021-12-31,105375.38756833406
Cleveland,OH,"Cleveland-Elyria, OH",3,2022-01-31,106649.5531183842
Cleveland,OH,"Cleveland-Elyria, OH",3,2022-02-28,108683.28344479024
Cleveland,OH,"Cleveland-Elyria, OH",3,2022-03-31,111272.0939152675
Cleveland,OH,"Cleveland-Elyria, OH",3,2022-04-30,113149.28394021884
Cleveland,OH,"Cleveland-Elyria, OH",3,2022-05-31,114410.15506782311
Cleveland,OH,"Cleveland-Elyria, OH",3,2022-06-30,115376.56764750212
Cleveland,OH,"Cleveland-Elyria, OH",3,2022-07-31,115884.16578910784
Cleveland,OH,"Cleveland-Elyria, OH",3,2022-08-31,115605.15969736969
Cleveland,OH,"Cleveland-Elyria, OH",3,2022-09-30,114763.52730552678
Cleveland,OH,"Cleveland-Elyria, OH",3,2022-10-31,114123.9893420482
Cleveland,OH,"Cleveland-Elyria, OH",3,2022-11-30,113935.43925211825
Cleveland,OH,"Cleveland-Elyria, OH",3,2022-12-31,113587.51545911426
Cleveland,OH,"Cleveland-Elyria, OH",3,2023-01-31,112736.55225095963
Cleveland,OH,"Cleveland-Elyria, OH",3,2023-02-28,112197.38796210365
Cleveland,OH,"Cleveland-Elyria, OH",3,2023-03-31,111981.95727081876
Cleveland,OH,"Cleveland-Elyria, OH",3,2023-04-30,112333.78812280433
Cleveland,OH,"Cleveland-Elyria, OH",3,2023-05-31,112472.56879785868
Cleveland,OH,"Cleveland-Elyria, OH",3,2023-06-30,112576.45318914196
Cleveland,OH,"Cleveland-Elyria, OH",3,2023-07-31,112909.97292810066
Cleveland,OH,"Cleveland-Elyria, OH",3,2023-08-31,113523.69336773708
Cleveland,OH,"Cleveland-Elyria, OH",3,2023-09-30,114293.07142679545
Cleveland,OH,"Cleveland-Elyria, OH",3,2023-10-31,114971.4556877066
Cleveland,OH,"Cleveland-Elyria, OH",3,2023-11-30,115455.6732676042
Cleveland,OH,"Cleveland-Elyria, OH",3,2023-12-31,116194.44369845145
Cleveland,OH,"Cleveland-Elyria, OH",3,2024-01-31,117106.62849498568
Cleveland,OH,"Cleveland-Elyria, OH",3,2024-02-29,118443.25508106552
Cleveland,OH,"Cleveland-Elyria, OH",3,2024-03-31,119877.23238291004
Cleveland,OH,"Cleveland-Elyria, OH",3,2024-04-30,121545.05719111048
Cleveland,OH,"Cleveland-Elyria, OH",3,2024-05-31,123037.22083983492
Cleveland,OH,"Cleveland-Elyria, OH",3,2024-06-30,124360.6752754134
Cleveland,OH,"Cleveland-Elyria, OH",3,2024-07-31,124917.49578085176
Cleveland,OH,"Cleveland-Elyria, OH",3,2024-08-31,125261.01886160074
Cleveland,OH,"Cleveland-Elyria, OH",3,2024-09-30,125266.23694761592
Cleveland,OH,"Cleveland-Elyria, OH",3,2024-10-31,125354.77087876068
Cleveland,OH,"Cleveland-Elyria, OH",3,2024-11-30,125531.67211340216
Cleveland,OH,"Cleveland-Elyria, OH",3,2024-12-31,126119.8459220077
Cleveland,OH,"Cleveland-Elyria, OH",3,2025-01-31,126854.2410834951
Cleveland,OH,"Cleveland-Elyria, OH",3,2025-02-28,127423.8469435156
Cleveland,OH,"Cleveland-Elyria, OH",3,2025-03-31,127729.46868678356
Cleveland,OH,"Cleveland-Elyria, OH",3,2025-04-30,127594.9989643317
Cleveland,OH,"Cleveland-Elyria, OH",3,2025-05-31,127329.20650243654
Cleveland,OH,"Cleveland-Elyria, OH",3,2025-06-30,126909.17526565195
Cleveland,OH,"Cleveland-Elyria, OH",3,2025-07-31,126744.05018654792
Cleveland,OH,"Cleveland-Elyria, OH",3,2025-08-31,126446.88600069746
Cleveland,OH,"Cleveland-Elyria, OH",3,2025-09-30,126409.31470394622
Cleveland,OH,"Cleveland-Elyria, OH",3,2025-10-31,126526.15733292316
Cleveland,OH,"Cleveland-Elyria, OH",3,2025-11-30,127167.97937353225
Cleveland,OH,"Cleveland-Elyria, OH",3,2025-12-31,128022.26756532172
Cleveland,OH,"Cleveland-Elyria, OH",3,2026-01-31,128848.45242549464
Cleveland,OH,"Cleveland-Elyria, OH",3,2026-02-28,129436.0756862545
Cleveland,OH,"Cleveland-Elyria, OH",3,2026-03-31,129543.58607147662
Cleveland,OH,"Cleveland-Elyria, OH",3,2026-04-30,129188.08511032532
Cleveland,OH,"Cleveland-Elyria, OH",3,2026-05-31,128602.7580332174
Cleveland,OH,"Cleveland-Elyria, OH",3,2026-06-30,128167.34757211634
Cleveland,OH,"Cleveland-Elyria, OH",4,2020-01-31,85200.24801279871
Cleveland,OH,"Cleveland-Elyria, OH",4,2020-02-29,85935.17087007053
Cleveland,OH,"Cleveland-Elyria, OH",4,2020-03-31,86699.36964398564
Cleveland,OH,"Cleveland-Elyria, OH",4,2020-04-30,87313.88931213967
Cleveland,OH,"Cleveland-Elyria, OH",4,2020-05-31,87366.65538832993
Cleveland,OH,"Cleveland-Elyria, OH",4,2020-06-30,86671.93330297006
Cleveland,OH,"Cleveland-Elyria, OH",4,2020-07-31,86409.64917168922
Cleveland,OH,"Cleveland-Elyria, OH",4,2020-08-31,87353.32104683416
Cleveland,OH,"Cleveland-Elyria, OH",4,2020-09-30,89810.2602324107
Cleveland,OH,"Cleveland-Elyria, OH",4,2020-10-31,92937.42640030298
Cleveland,OH,"Cleveland-Elyria, OH",4,2020-11-30,96321.74721774147
Cleveland,OH,"Cleveland-Elyria, OH",4,2020-12-31,99415.50845184462
Cleveland,OH,"Cleveland-Elyria, OH",4,2021-01-31,102202.75484032456
Cleveland,OH,"Cleveland-Elyria, OH",4,2021-02-28,104902.96983390643
Cleveland,OH,"Cleveland-Elyria, OH",4,2021-03-31,107751.68543332512
Cleveland,OH,"Cleveland-Elyria, OH",4,2021-04-30,110216.08087103332
Cleveland,OH,"Cleveland-Elyria, OH",4,2021-05-31,112081.94117913226
Cleveland,OH,"Cleveland-Elyria, OH",4,2021-06-30,113371.63234205412
Cleveland,OH,"Cleveland-Elyria, OH",4,2021-07-31,113869.81652293682
Cleveland,OH,"Cleveland-Elyria, OH",4,2021-08-31,113582.32063532602
Cleveland,OH,"Cleveland-Elyria, OH",4,2021-09-30,112630.22190165454
Cleveland,OH,"Cleveland-Elyria, OH",4,2021-10-31,112138.87912604328
Cleveland,OH,"Cleveland-Elyria, OH",4,2021-11-30,111993.04321026498
Cleveland,OH,"Cleveland-Elyria, OH",4,2021-12-31,112134.47636211618
Cleveland,OH,"Cleveland-Elyria, OH",4,2022-01-31,113177.73866684709
Cleveland,OH,"Cleveland-Elyria, OH",4,2022-02-28,114968.25611565654
Cleveland,OH,"Cleveland-Elyria, OH",4,2022-03-31,117223.45363087243
Cleveland,OH,"Cleveland-Elyria, OH",4,2022-04-30,118663.99968189016
Cleveland,OH,"Cleveland-Elyria, OH",4,2022-05-31,119590.23777933582
Cleveland,OH,"Cleveland-Elyria, OH",4,2022-06-30,120409.65240462222
Cleveland,OH,"Cleveland-Elyria, OH",4,2022-07-31,120699.77216502756
Cleveland,OH,"Cleveland-Elyria, OH",4,2022-08-31,119967.84936092272
Cleveland,OH,"Cleveland-Elyria, OH",4,2022-09-30,118365.52829861255
Cleveland,OH,"Cleveland-Elyria, OH",4,2022-10-31,117141.1764812438
Cleveland,OH,"Cleveland-Elyria, OH",4,2022-11-30,116571.408750879
Cleveland,OH,"Cleveland-Elyria, OH",4,2022-12-31,115914.84363536233
Cleveland,OH,"Cleveland-Elyria, OH",4,2023-01-31,114415.10929344576
Cleveland,OH,"Cleveland-Elyria, OH",4,2023-02-28,113083.9528372812
Cleveland,OH,"Cleveland-Elyria, OH",4,2023-03-31,112049.51796912948
Cleveland,OH,"Cleveland-Elyria, OH",4,2023-04-30,111839.18715225428
Cleveland,OH,"Cleveland-Elyria, OH",4,2023-05-31,111523.20085232198
Cleveland,OH,"Cleveland-Elyria, OH",4,2023-06-30,111132.84800559533
Cleveland,OH,"Cleveland-Elyria, OH",4,2023-07-31,111159.65690934996
Cleveland,OH,"Cleveland-Elyria, OH",4,2023-08-31,111659.353434635
Cleveland,OH,"Cleveland-Elyria, OH",4,2023-09-30,112671.2364582142
Cleveland,OH,"Cleveland-Elyria, OH",4,2023-10-31,113506.2860298839
Cleveland,OH,"Cleveland-Elyria, OH",4,2023-11-30,114167.74793403786
Cleveland,OH,"Cleveland-Elyria, OH",4,2023-12-31,114900.2469400401
Cleveland,OH,"Cleveland-Elyria, OH",4,2024-01-31,115945.1677390233
Cleveland,OH,"Cleveland-Elyria, OH",4,2024-02-29,117292.3201442437
Cleveland,OH,"Cleveland-Elyria, OH",4,2024-03-31,118718.8314449208
Cleveland,OH,"Cleveland-Elyria, OH",4,2024-04-30,120302.42225257012
Cleveland,OH,"Cleveland-Elyria, OH",4,2024-05-31,121944.85118123604
Cleveland,OH,"Cleveland-Elyria, OH",4,2024-06-30,123661.09954360878
Cleveland,OH,"Cleveland-Elyria, OH",4,2024-07-31,124887.66379614624
Cleveland,OH,"Cleveland-Elyria, OH",4,2024-08-31,125889.6001005188
Cleveland,OH,"Cleveland-Elyria, OH",4,2024-09-30,126302.87314982976
Cleveland,OH,"Cleveland-Elyria, OH",4,2024-10-31,126382.94066065538
Cleveland,OH,"Cleveland-Elyria, OH",4,2024-11-30,126245.3420961323
Cleveland,OH,"Cleveland-Elyria, OH",4,2024-12-31,126659.72844636762
Cleveland,OH,"Cleveland-Elyria, OH",4,2025-01-31,127458.90848050524
Cleveland,OH,"Cleveland-Elyria, OH",4,2025-02-28,128220.85206504504
Cleveland,OH,"Cleveland-Elyria, OH",4,2025-03-31,128765.0931389579
Cleveland,OH,"Cleveland-Elyria, OH",4,2025-04-30,128613.4460138699
Cleveland,OH,"Cleveland-Elyria, OH",4,2025-05-31,128026.49877743697
Cleveland,OH,"Cleveland-Elyria, OH",4,2025-06-30,127031.29037187043
Cleveland,OH,"Cleveland-Elyria, OH",4,2025-07-31,126062.19242440206
Cleveland,OH,"Cleveland-Elyria, OH",4,2025-08-31,124781.14935292285
Cleveland,OH,"Cleveland-Elyria, OH",4,2025-09-30,123131.706067617
Cleveland,OH,"Cleveland-Elyria, OH",4,2025-10-31,120960.66950151871
Cleveland,OH,"Cleveland-Elyria, OH",4,2025-11-30,119109.49681110698
Cleveland,OH,"Cleveland-Elyria, OH",4,2025-12-31,117779.28519657344
Cleveland,OH,"Cleveland-Elyria, OH",4,2026-01-31,117298.20389059534
Cleveland,OH,"Cleveland-Elyria, OH",4,2026-02-28,117148.7744251478
Cleveland,OH,"Cleveland-Elyria, OH",4,2026-03-31,116920.11828755222
Cleveland,OH,"Cleveland-Elyria, OH",4,2026-04-30,116609.99716576522
Cleveland,OH,"Cleveland-Elyria, OH",4,2026-05-31,116397.99724573224
Cleveland,OH,"Cleveland-Elyria, OH",4,2026-06-30,116576.24486454444
Cleveland,OH,"Cleveland-Elyria, OH",5,2020-01-31,84129.62534016419
Cleveland,OH,"Cleveland-Elyria, OH",5,2020-02-29,84680.23926209223
Cleveland,OH,"Cleveland-Elyria, OH",5,2020-03-31,85165.07695447373
Cleveland,OH,"Cleveland-Elyria, OH",5,2020-04-30,85452.68686953704
Cleveland,OH,"Cleveland-Elyria, OH",5,2020-05-31,85174.80318951247
Cleveland,OH,"Cleveland-Elyria, OH",5,2020-06-30,84105.25771754963
Cleveland,OH,"Cleveland-Elyria, OH",5,2020-07-31,83529.15552019519
Cleveland,OH,"Cleveland-Elyria, OH",5,2020-08-31,84260.22826497491
Cleveland,OH,"Cleveland-Elyria, OH",5,2020-09-30,86538.19922867588
Cleveland,OH,"Cleveland-Elyria, OH",5,2020-10-31,89658.57870668825
Cleveland,OH,"Cleveland-Elyria, OH",5,2020-11-30,93102.4295044677
Cleveland,OH,"Cleveland-Elyria, OH",5,2020-12-31,96313.11635249962
Cleveland,OH,"Cleveland-Elyria, OH",5,2021-01-31,99141.07217875063
Cleveland,OH,"Cleveland-Elyria, OH",5,2021-02-28,101795.57661216069
Cleveland,OH,"Cleveland-Elyria, OH",5,2021-03-31,104517.13529468836
Cleveland,OH,"Cleveland-Elyria, OH",5,2021-04-30,107007.5772649248
Cleveland,OH,"Cleveland-Elyria, OH",5,2021-05-31,109108.0951559738
Cleveland,OH,"Cleveland-Elyria, OH",5,2021-06-30,110864.459765059
Cleveland,OH,"Cleveland-Elyria, OH",5,2021-07-31,111808.39981339184
Cleveland,OH,"Cleveland-Elyria, OH",5,2021-08-31,112160.53504887092
Cleveland,OH,"Cleveland-Elyria, OH",5,2021-09-30,111809.06378212218
Cleveland,OH,"Cleveland-Elyria, OH",5,2021-10-31,111858.6762393204
Cleveland,OH,"Cleveland-Elyria, OH",5,2021-11-30,111922.23494212408
Cleveland,OH,"Cleveland-Elyria, OH",5,2021-12-31,112135.68435399588
Cleveland,OH,"Cleveland-Elyria, OH",5,2022-01-31,112980.2147138443
Cleveland,OH,"Cleveland-Elyria, OH",5,2022-02-28,114361.59722226235
Cleveland,OH,"Cleveland-Elyria, OH",5,2022-03-31,116027.42637692044
Cleveland,OH,"Cleveland-Elyria, OH",5,2022-04-30,117097.47621241772
Cleveland,OH,"Cleveland-Elyria, OH",5,2022-05-31,117912.33729898652
Cleveland,OH,"Cleveland-Elyria, OH",5,2022-06-30,118920.45493100984
Cleveland,OH,"Cleveland-Elyria, OH",5,2022-07-31,119183.15350229708
Cleveland,OH,"Cleveland-Elyria, OH",5,2022-08-31,118357.06740316718
Cleveland,OH,"Cleveland-Elyria, OH",5,2022-09-30,116404.9689986598
Cleveland,OH,"Cleveland-Elyria, OH",5,2022-10-31,115014.81605846046
Cleveland,OH,"Cleveland-Elyria, OH",5,2022-11-30,114232.60670557164
Cleveland,OH,"Cleveland-Elyria, OH",5,2022-12-31,113467.05049874088
Cleveland,OH,"Cleveland-Elyria, OH",5,2023-01-31,111646.37086842892
Cleveland,OH,"Cleveland-Elyria, OH",5,2023-02-28,109955.28714826563
Cleveland,OH,"Cleveland-Elyria, OH",5,2023-03-31,108623.21272477898
Cleveland,OH,"Cleveland-Elyria, OH",5,2023-04-30,108474.08683664232
Cleveland,OH,"Cleveland-Elyria, OH",5,2023-05-31,108252.95529100084
Cleveland,OH,"Cleveland-Elyria, OH",5,2023-06-30,107688.76943474203
Cleveland,OH,"Cleveland-Elyria, OH",5,2023-07-31,107403.12681348973
Cleveland,OH,"Cleveland-Elyria, OH",5,2023-08-31,107748.43114591404
Cleveland,OH,"Cleveland-Elyria, OH",5,2023-09-30,108912.61501606558
Cleveland,OH,"Cleveland-Elyria, OH",5,2023-10-31,109890.33137504256
Cleveland,OH,"Cleveland-Elyria, OH",5,2023-11-30,110782.80504555088
Cleveland,OH,"Cleveland-Elyria, OH",5,2023-12-31,111669.74755994028
Cleveland,OH,"Cleveland-Elyria, OH",5,2024-01-31,113044.65258496851
Cleveland,OH,"Cleveland-Elyria, OH",5,2024-02-29,114619.36724053648
Cleveland,OH,"Cleveland-Elyria, OH",5,2024-03-31,116147.67904379392
Cleveland,OH,"Cleveland-Elyria, OH",5,2024-04-30,117736.40674561883
Cleveland,OH,"Cleveland-Elyria, OH",5,2024-05-31,119476.58807811954
Cleveland,OH,"Cleveland-Elyria, OH",5,2024-06-30,121624.25211969286
Cleveland,OH,"Cleveland-Elyria, OH",5,2024-07-31,123589.18536111468
Cleveland,OH,"Cleveland-Elyria, OH",5,2024-08-31,125497.5407934416
Cleveland,OH,"Cleveland-Elyria, OH",5,2024-09-30,126618.24104348784
Cleveland,OH,"Cleveland-Elyria, OH",5,2024-10-31,127000.2669248565
Cleveland,OH,"Cleveland-Elyria, OH",5,2024-11-30,126662.41415975132
Cleveland,OH,"Cleveland-Elyria, OH",5,2024-12-31,126888.47862640428
Cleveland,OH,"Cleveland-Elyria, OH",5,2025-01-31,127599.81157976882
Cleveland,OH,"Cleveland-Elyria, OH",5,2025-02-28,128527.90485349006
Cleveland,OH,"Cleveland-Elyria, OH",5,2025-03-31,129491.29339875608
Cleveland,OH,"Cleveland-Elyria, OH",5,2025-04-30,129896.06125847153
Cleveland,OH,"Cleveland-Elyria, OH",5,2025-05-31,129873.19687109016
Cleveland,OH,"Cleveland-Elyria, OH",5,2025-06-30,129096.3665291776
Cleveland,OH,"Cleveland-Elyria, OH",5,2025-07-31,128090.35860971607
Cleveland,OH,"Cleveland-Elyria, OH",5,2025-08-31,126605.72281452356
Cleveland,OH,"Cleveland-Elyria, OH",5,2025-09-30,124430.0610928504
Cleveland,OH,"Cleveland-Elyria, OH",5,2025-10-31,121158.31604601342
Cleveland,OH,"Cleveland-Elyria, OH",5,2025-11-30,117981.1118054365
Cleveland,OH,"Cleveland-Elyria, OH",5,2025-12-31,115471.76274169527
Cleveland,OH,"Cleveland-Elyria, OH",5,2026-01-31,114630.89752634564
Cleveland,OH,"Cleveland-Elyria, OH",5,2026-02-28,114548.01775384908
Cleveland,OH,"Cleveland-Elyria, OH",5,2026-03-31,114783.02721365752
Cleveland,OH,"Cleveland-Elyria, OH",5,2026-04-30,115092.48486647522
Cleveland,OH,"Cleveland-Elyria, OH",5,2026-05-31,115711.00523009089
Cleveland,OH,"Cleveland-Elyria, OH",5,2026-06-30,116830.96632266518
Denver,CO,"Denver-Aurora-Lakewood, CO",1,2020-01-31,279694.04501926975
Denver,CO,"Denver-Aurora-Lakewood, CO",1,2020-02-29,282354.4419470823
Denver,CO,"Denver-Aurora-Lakewood, CO",1,2020-03-31,286064.3644995795
Denver,CO,"Denver-Aurora-Lakewood, CO",1,2020-04-30,289018.0559587022
Denver,CO,"Denver-Aurora-Lakewood, CO",1,2020-05-31,290082.141298262
Denver,CO,"Denver-Aurora-Lakewood, CO",1,2020-06-30,288751.74910366227
Denver,CO,"Denver-Aurora-Lakewood, CO",1,2020-07-31,286483.82696121925
Denver,CO,"Denver-Aurora-Lakewood, CO",1,2020-08-31,284873.684372626
Denver,CO,"Denver-Aurora-Lakewood, CO",1,2020-09-30,284556.8267104433
Denver,CO,"Denver-Aurora-Lakewood, CO",1,2020-10-31,285066.5382486092
Denver,CO,"Denver-Aurora-Lakewood, CO",1,2020-11-30,286086.5638148218
Denver,CO,"Denver-Aurora-Lakewood, CO",1,2020-12-31,287381.27013516705
Denver,CO,"Denver-Aurora-Lakewood, CO",1,2021-01-31,288420.5125164196
Denver,CO,"Denver-Aurora-Lakewood, CO",1,2021-02-28,289480.97738533904
Denver,CO,"Denver-Aurora-Lakewood, CO",1,2021-03-31,291381.0541670429
Denver,CO,"Denver-Aurora-Lakewood, CO",1,2021-04-30,294319.47821160126
Denver,CO,"Denver-Aurora-Lakewood, CO",1,2021-05-31,297963.3309955914
Denver,CO,"Denver-Aurora-Lakewood, CO",1,2021-06-30,302017.9938167773
Denver,CO,"Denver-Aurora-Lakewood, CO",1,2021-07-31,305916.0889937373
Denver,CO,"Denver-Aurora-Lakewood, CO",1,2021-08-31,309005.5130176716
Denver,CO,"Denver-Aurora-Lakewood, CO",1,2021-09-30,311001.58967651514
Denver,CO,"Denver-Aurora-Lakewood, CO",1,2021-10-31,312637.48895901366
Denver,CO,"Denver-Aurora-Lakewood, CO",1,2021-11-30,314583.3886221387
Denver,CO,"Denver-Aurora-Lakewood, CO",1,2021-12-31,316888.0000682853
Denver,CO,"Denver-Aurora-Lakewood, CO",1,2022-01-31,319839.55011631286
Denver,CO,"Denver-Aurora-Lakewood, CO",1,2022-02-28,323456.2613542124
Denver,CO,"Denver-Aurora-Lakewood, CO",1,2022-03-31,328111.4527299146
Denver,CO,"Denver-Aurora-Lakewood, CO",1,2022-04-30,333195.328722387
Denver,CO,"Denver-Aurora-Lakewood, CO",1,2022-05-31,337979.435868679
Denver,CO,"Denver-Aurora-Lakewood, CO",1,2022-06-30,341655.65779989463
Denver,CO,"Denver-Aurora-Lakewood, CO",1,2022-07-31,343325.1292879931
Denver,CO,"Denver-Aurora-Lakewood, CO",1,2022-08-31,343133.3314892457
Denver,CO,"Denver-Aurora-Lakewood, CO",1,2022-09-30,341577.7370250073
Denver,CO,"Denver-Aurora-Lakewood, CO",1,2022-10-31,339941.0699331495
Denver,CO,"Denver-Aurora-Lakewood, CO",1,2022-11-30,338829.44972839457
Denver,CO,"Denver-Aurora-Lakewood, CO",1,2022-12-31,337705.70534847915
Denver,CO,"Denver-Aurora-Lakewood, CO",1,2023-01-31,336612.71938039525
Denver,CO,"Denver-Aurora-Lakewood, CO",1,2023-02-28,335168.7357419327
Denver,CO,"Denver-Aurora-Lakewood, CO",1,2023-03-31,333878.49781925784
Denver,CO,"Denver-Aurora-Lakewood, CO",1,2023-04-30,332682.561417306
Denver,CO,"Denver-Aurora-Lakewood, CO",1,2023-05-31,332055.95830879686
Denver,CO,"Denver-Aurora-Lakewood, CO",1,2023-06-30,332001.3184184055
Denver,CO,"Denver-Aurora-Lakewood, CO",1,2023-07-31,332373.4827991783
Denver,CO,"Denver-Aurora-Lakewood, CO",1,2023-08-31,332870.8939912813
Denver,CO,"Denver-Aurora-Lakewood, CO",1,2023-09-30,333235.11488138954
Denver,CO,"Denver-Aurora-Lakewood, CO",1,2023-10-31,333172.40446858207
Denver,CO,"Denver-Aurora-Lakewood, CO",1,2023-11-30,333119.43055702216
Denver,CO,"Denver-Aurora-Lakewood, CO",1,2023-12-31,332284.4195065181
Denver,CO,"Denver-Aurora-Lakewood, CO",1,2024-01-31,331856.8570321749
Denver,CO,"Denver-Aurora-Lakewood, CO",1,2024-02-29,331179.7808050337
Denver,CO,"Denver-Aurora-Lakewood, CO",1,2024-03-31,330678.9912631617
Denver,CO,"Denver-Aurora-Lakewood, CO",1,2024-04-30,329747.51972749166
Denver,CO,"Denver-Aurora-Lakewood, CO",1,2024-05-31,328139.9477958084
Denver,CO,"Denver-Aurora-Lakewood, CO",1,2024-06-30,326165.2744245772
Denver,CO,"Denver-Aurora-Lakewood, CO",1,2024-07-31,324469.40468988515
Denver,CO,"Denver-Aurora-Lakewood, CO",1,2024-08-31,323260.299869576
Denver,CO,"Denver-Aurora-Lakewood, CO",1,2024-09-30,322379.53654363984
Denver,CO,"Denver-Aurora-Lakewood, CO",1,2024-10-31,321186.15644101414
Denver,CO,"Denver-Aurora-Lakewood, CO",1,2024-11-30,320011.54023816105
Denver,CO,"Denver-Aurora-Lakewood, CO",1,2024-12-31,319242.02941190946
Denver,CO,"Denver-Aurora-Lakewood, CO",1,2025-01-31,318288.5583090155
Denver,CO,"Denver-Aurora-Lakewood, CO",1,2025-02-28,316807.25773864327
Denver,CO,"Denver-Aurora-Lakewood, CO",1,2025-03-31,314296.10645655164
Denver,CO,"Denver-Aurora-Lakewood, CO",1,2025-04-30,311886.3086332185
Denver,CO,"Denver-Aurora-Lakewood, CO",1,2025-05-31,309457.08252735547
Denver,CO,"Denver-Aurora-Lakewood, CO",1,2025-06-30,307262.07872123993
Denver,CO,"Denver-Aurora-Lakewood, CO",1,2025-07-31,304781.11815544235
Denver,CO,"Denver-Aurora-Lakewood, CO",1,2025-08-31,302948.4885255789
Denver,CO,"Denver-Aurora-Lakewood, CO",1,2025-09-30,302099.7664700746
Denver,CO,"Denver-Aurora-Lakewood, CO",1,2025-10-31,302184.180937746
Denver,CO,"Denver-Aurora-Lakewood, CO",1,2025-11-30,302449.32718078466
Denver,CO,"Denver-Aurora-Lakewood, CO",1,2025-12-31,302314.76967449934
Denver,CO,"Denver-Aurora-Lakewood, CO",1,2026-01-31,301466.916473507
Denver,CO,"Denver-Aurora-Lakewood, CO",1,2026-02-28,299788.4652930167
Denver,CO,"Denver-Aurora-Lakewood, CO",1,2026-03-31,297069.55441894475
Denver,CO,"Denver-Aurora-Lakewood, CO",1,2026-04-30,293902.0456796049
Denver,CO,"Denver-Aurora-Lakewood, CO",1,2026-05-31,291254.34723957913
Denver,CO,"Denver-Aurora-Lakewood, CO",1,2026-06-30,289770.58454578934
Denver,CO,"Denver-Aurora-Lakewood, CO",2,2020-01-31,387006.1309052948
Denver,CO,"Denver-Aurora-Lakewood, CO",2,2020-02-29,391366.56210794504
Denver,CO,"Denver-Aurora-Lakewood, CO",2,2020-03-31,397182.88779962086
Denver,CO,"Denver-Aurora-Lakewood, CO",2,2020-04-30,402224.1228093519
Denver,CO,"Denver-Aurora-Lakewood, CO",2,2020-05-31,404354.3374157621
Denver,CO,"Denver-Aurora-Lakewood, CO",2,2020-06-30,403213.2149675575
Denver,CO,"Denver-Aurora-Lakewood, CO",2,2020-07-31,400750.6588339946
Denver,CO,"Denver-Aurora-Lakewood, CO",2,2020-08-31,399415.09530993906
Denver,CO,"Denver-Aurora-Lakewood, CO",2,2020-09-30,400999.3941451488
Denver,CO,"Denver-Aurora-Lakewood, CO",2,2020-10-31,404227.7016798151
Denver,CO,"Denver-Aurora-Lakewood, CO",2,2020-11-30,408266.41564932297
Denver,CO,"Denver-Aurora-Lakewood, CO",2,2020-12-31,412034.01072294073
Denver,CO,"Denver-Aurora-Lakewood, CO",2,2021-01-31,415079.63234810246
Denver,CO,"Denver-Aurora-Lakewood, CO",2,2021-02-28,418939.38638716727
Denver,CO,"Denver-Aurora-Lakewood, CO",2,2021-03-31,424378.8600275749
Denver,CO,"Denver-Aurora-Lakewood, CO",2,2021-04-30,431489.025327351
Denver,CO,"Denver-Aurora-Lakewood, CO",2,2021-05-31,439146.0416677877
Denver,CO,"Denver-Aurora-Lakewood, CO",2,2021-06-30,446703.948942737
Denver,CO,"Denver-Aurora-Lakewood, CO",2,2021-07-31,452861.4061689747
Denver,CO,"Denver-Aurora-Lakewood, CO",2,2021-08-31,456627.5087312474
Denver,CO,"Denver-Aurora-Lakewood, CO",2,2021-09-30,458137.0690798212
Denver,CO,"Denver-Aurora-Lakewood, CO",2,2021-10-31,459611.6177047936
Denver,CO,"Denver-Aurora-Lakewood, CO",2,2021-11-30,462048.7055579372
Denver,CO,"Denver-Aurora-Lakewood, CO",2,2021-12-31,465725.24233920145
Denver,CO,"Denver-Aurora-Lakewood, CO",2,2022-01-31,471255.58592703537
Denver,CO,"Denver-Aurora-Lakewood, CO",2,2022-02-28,479194.2665481785
Denver,CO,"Denver-Aurora-Lakewood, CO",2,2022-03-31,489407.0653145449
Denver,CO,"Denver-Aurora-Lakewood, CO",2,2022-04-30,499651.2172101523
Denver,CO,"Denver-Aurora-Lakewood, CO",2,2022-05-31,508610.3957560107
Denver,CO,"Denver-Aurora-Lakewood, CO",2,2022-06-30,514036.6670804781
Denver,CO,"Denver-Aurora-Lakewood, CO",2,2022-07-31,514658.5988280627
Denver,CO,"Denver-Aurora-Lakewood, CO",2,2022-08-31,510735.3426096813
Denver,CO,"Denver-Aurora-Lakewood, CO",2,2022-09-30,504946.4002051689
Denver,CO,"Denver-Aurora-Lakewood, CO",2,2022-10-31,500436.4897202447
Denver,CO,"Denver-Aurora-Lakewood, CO",2,2022-11-30,497508.9723789321
Denver,CO,"Denver-Aurora-Lakewood, CO",2,2022-12-31,494985.02904513775
Denver,CO,"Denver-Aurora-Lakewood, CO",2,2023-01-31,492083.1321909808
Denver,CO,"Denver-Aurora-Lakewood, CO",2,2023-02-28,489043.3325252935
Denver,CO,"Denver-Aurora-Lakewood, CO",2,2023-03-31,486845.821632887
Denver,CO,"Denver-Aurora-Lakewood, CO",2,2023-04-30,485728.2294546371
Denver,CO,"Denver-Aurora-Lakewood, CO",2,2023-05-31,485793.5422380604
Denver,CO,"Denver-Aurora-Lakewood, CO",2,2023-06-30,486779.1461644059
Denver,CO,"Denver-Aurora-Lakewood, CO",2,2023-07-31,488159.1280877163
Denver,CO,"Denver-Aurora-Lakewood, CO",2,2023-08-31,489563.5365755665
Denver,CO,"Denver-Aurora-Lakewood, CO",2,2023-09-30,490372.0939020444
Denver,CO,"Denver-Aurora-Lakewood, CO",2,2023-10-31,490855.8396895225
Denver,CO,"Denver-Aurora-Lakewood, CO",2,2023-11-30,490924.721283678
Denver,CO,"Denver-Aurora-Lakewood, CO",2,2023-12-31,490241.27107596054
Denver,CO,"Denver-Aurora-Lakewood, CO",2,2024-01-31,489264.2213081083
Denver,CO,"Denver-Aurora-Lakewood, CO",2,2024-02-29,488360.3869271724
Denver,CO,"Denver-Aurora-Lakewood, CO",2,2024-03-31,488058.8086367063
Denver,CO,"Denver-Aurora-Lakewood, CO",2,2024-04-30,487763.8446253256
Denver,CO,"Denver-Aurora-Lakewood, CO",2,2024-05-31,486670.1015254192
Denver,CO,"Denver-Aurora-Lakewood, CO",2,2024-06-30,484843.68387815706
Denver,CO,"Denver-Aurora-Lakewood, CO",2,2024-07-31,483141.7016023356
Denver,CO,"Denver-Aurora-Lakewood, CO",2,2024-08-31,481952.351459634
Denver,CO,"Denver-Aurora-Lakewood, CO",2,2024-09-30,481293.4631004447
Denver,CO,"Denver-Aurora-Lakewood, CO",2,2024-10-31,480549.0087401121
Denver,CO,"Denver-Aurora-Lakewood, CO",2,2024-11-30,480278.801362406
Denver,CO,"Denver-Aurora-Lakewood, CO",2,2024-12-31,480481.5836265303
Denver,CO,"Denver-Aurora-Lakewood, CO",2,2025-01-31,480183.67049685685
Denver,CO,"Denver-Aurora-Lakewood, CO",2,2025-02-28,478432.4998314837
Denver,CO,"Denver-Aurora-Lakewood, CO",2,2025-03-31,474737.4227177765
Denver,CO,"Denver-Aurora-Lakewood, CO",2,2025-04-30,470557.4260396466
Denver,CO,"Denver-Aurora-Lakewood, CO",2,2025-05-31,466082.3866915636
Denver,CO,"Denver-Aurora-Lakewood, CO",2,2025-06-30,462115.768125949
Denver,CO,"Denver-Aurora-Lakewood, CO",2,2025-07-31,458581.5543684815
Denver,CO,"Denver-Aurora-Lakewood, CO",2,2025-08-31,456319.27696730365
Denver,CO,"Denver-Aurora-Lakewood, CO",2,2025-09-30,455351.2660255153
Denver,CO,"Denver-Aurora-Lakewood, CO",2,2025-10-31,455542.0517305673
Denver,CO,"Denver-Aurora-Lakewood, CO",2,2025-11-30,456096.789083896
Denver,CO,"Denver-Aurora-Lakewood, CO",2,2025-12-31,456543.1804128254
Denver,CO,"Denver-Aurora-Lakewood, CO",2,2026-01-31,456060.63473962946
Denver,CO,"Denver-Aurora-Lakewood, CO",2,2026-02-28,454282.8182711729
Denver,CO,"Denver-Aurora-Lakewood, CO",2,2026-03-31,451073.2005001163
Denver,CO,"Denver-Aurora-Lakewood, CO",2,2026-04-30,447157.8879941736
Denver,CO,"Denver-Aurora-Lakewood, CO",2,2026-05-31,443828.4289887909
Denver,CO,"Denver-Aurora-Lakewood, CO",2,2026-06-30,442187.34077847033
Denver,CO,"Denver-Aurora-Lakewood, CO",3,2020-01-31,475463.34430578817
Denver,CO,"Denver-Aurora-Lakewood, CO",3,2020-02-29,478915.77904170984
Denver,CO,"Denver-Aurora-Lakewood, CO",3,2020-03-31,483619.078559591
Denver,CO,"Denver-Aurora-Lakewood, CO",3,2020-04-30,488398.46323577664
Denver,CO,"Denver-Aurora-Lakewood, CO",3,2020-05-31,490467.28520473925
Denver,CO,"Denver-Aurora-Lakewood, CO",3,2020-06-30,490000.1211606833
Denver,CO,"Denver-Aurora-Lakewood, CO",3,2020-07-31,488893.2291110214
Denver,CO,"Denver-Aurora-Lakewood, CO",3,2020-08-31,490001.2934229369
Denver,CO,"Denver-Aurora-Lakewood, CO",3,2020-09-30,494351.3301895641
Denver,CO,"Denver-Aurora-Lakewood, CO",3,2020-10-31,500393.7852013588
Denver,CO,"Denver-Aurora-Lakewood, CO",3,2020-11-30,506936.63344284537
Denver,CO,"Denver-Aurora-Lakewood, CO",3,2020-12-31,512594.6631686881
Denver,CO,"Denver-Aurora-Lakewood, CO",3,2021-01-31,517333.0059957628
Denver,CO,"Denver-Aurora-Lakewood, CO",3,2021-02-28,523436.03604620864
Denver,CO,"Denver-Aurora-Lakewood, CO",3,2021-03-31,532163.6837970882
Denver,CO,"Denver-Aurora-Lakewood, CO",3,2021-04-30,543259.0324654955
Denver,CO,"Denver-Aurora-Lakewood, CO",3,2021-05-31,554997.9562629991
Denver,CO,"Denver-Aurora-Lakewood, CO",3,2021-06-30,565576.0978491287
Denver,CO,"Denver-Aurora-Lakewood, CO",3,2021-07-31,572936.745845867
Denver,CO,"Denver-Aurora-Lakewood, CO",3,2021-08-31,576273.9597715451
Denver,CO,"Denver-Aurora-Lakewood, CO",3,2021-09-30,576837.9791089412
Denver,CO,"Denver-Aurora-Lakewood, CO",3,2021-10-31,577830.2985880476
Denver,CO,"Denver-Aurora-Lakewood, CO",3,2021-11-30,580707.6525517782
Denver,CO,"Denver-Aurora-Lakewood, CO",3,2021-12-31,585389.0588543942
Denver,CO,"Denver-Aurora-Lakewood, CO",3,2022-01-31,593235.4701088263
Denver,CO,"Denver-Aurora-Lakewood, CO",3,2022-02-28,605036.9106626473
Denver,CO,"Denver-Aurora-Lakewood, CO",3,2022-03-31,620225.7664519578
Denver,CO,"Denver-Aurora-Lakewood, CO",3,2022-04-30,635257.9618910757
Denver,CO,"Denver-Aurora-Lakewood, CO",3,2022-05-31,647227.5849389174
Denver,CO,"Denver-Aurora-Lakewood, CO",3,2022-06-30,653813.0453593653
Denver,CO,"Denver-Aurora-Lakewood, CO",3,2022-07-31,653459.8507143332
Denver,CO,"Denver-Aurora-Lakewood, CO",3,2022-08-31,647144.8176635593
Denver,CO,"Denver-Aurora-Lakewood, CO",3,2022-09-30,638274.8676348566
Denver,CO,"Denver-Aurora-Lakewood, CO",3,2022-10-31,631291.3150218771
Denver,CO,"Denver-Aurora-Lakewood, CO",3,2022-11-30,626747.1460667184
Denver,CO,"Denver-Aurora-Lakewood, CO",3,2022-12-31,623377.7605126516
Denver,CO,"Denver-Aurora-Lakewood, CO",3,2023-01-31,619673.8634219315
Denver,CO,"Denver-Aurora-Lakewood, CO",3,2023-02-28,616248.843656577
Denver,CO,"Denver-Aurora-Lakewood, CO",3,2023-03-31,613758.9088088683
Denver,CO,"Denver-Aurora-Lakewood, CO",3,2023-04-30,612876.726776191
Denver,CO,"Denver-Aurora-Lakewood, CO",3,2023-05-31,613393.3786809845
Denver,CO,"Denver-Aurora-Lakewood, CO",3,2023-06-30,615078.7383469931
Denver,CO,"Denver-Aurora-Lakewood, CO",3,2023-07-31,617020.0050541131
Denver,CO,"Denver-Aurora-Lakewood, CO",3,2023-08-31,618805.1428557229
Denver,CO,"Denver-Aurora-Lakewood, CO",3,2023-09-30,620234.446855544
Denver,CO,"Denver-Aurora-Lakewood, CO",3,2023-10-31,621538.6906170412
Denver,CO,"Denver-Aurora-Lakewood, CO",3,2023-11-30,622079.6668531316
Denver,CO,"Denver-Aurora-Lakewood, CO",3,2023-12-31,621433.5335069519
Denver,CO,"Denver-Aurora-Lakewood, CO",3,2024-01-31,619935.211950475
Denver,CO,"Denver-Aurora-Lakewood, CO",3,2024-02-29,618792.4257406649
Denver,CO,"Denver-Aurora-Lakewood, CO",3,2024-03-31,618983.938093068
Denver,CO,"Denver-Aurora-Lakewood, CO",3,2024-04-30,619903.0120390346
Denver,CO,"Denver-Aurora-Lakewood, CO",3,2024-05-31,620254.8924258031
Denver,CO,"Denver-Aurora-Lakewood, CO",3,2024-06-30,619019.9671684637
Denver,CO,"Denver-Aurora-Lakewood, CO",3,2024-07-31,617418.2347478401
Denver,CO,"Denver-Aurora-Lakewood, CO",3,2024-08-31,616123.620052671
Denver,CO,"Denver-Aurora-Lakewood, CO",3,2024-09-30,615672.3735751318
Denver,CO,"Denver-Aurora-Lakewood, CO",3,2024-10-31,615261.2348008532
Denver,CO,"Denver-Aurora-Lakewood, CO",3,2024-11-30,615408.6892351873
Denver,CO,"Denver-Aurora-Lakewood, CO",3,2024-12-31,616166.2081582518
Denver,CO,"Denver-Aurora-Lakewood, CO",3,2025-01-31,616250.6478417764
Denver,CO,"Denver-Aurora-Lakewood, CO",3,2025-02-28,614446.748844167
Denver,CO,"Denver-Aurora-Lakewood, CO",3,2025-03-31,610096.4492779275
Denver,CO,"Denver-Aurora-Lakewood, CO",3,2025-04-30,604919.20718535
Denver,CO,"Denver-Aurora-Lakewood, CO",3,2025-05-31,599184.0386482029
Denver,CO,"Denver-Aurora-Lakewood, CO",3,2025-06-30,594338.3058489447
Denver,CO,"Denver-Aurora-Lakewood, CO",3,2025-07-31,590598.292569419
Denver,CO,"Denver-Aurora-Lakewood, CO",3,2025-08-31,588854.467007703
Denver,CO,"Denver-Aurora-Lakewood, CO",3,2025-09-30,588671.6723050065
Denver,CO,"Denver-Aurora-Lakewood, CO",3,2025-10-31,589421.2881656913
Denver,CO,"Denver-Aurora-Lakewood, CO",3,2025-11-30,590304.0887943236
Denver,CO,"Denver-Aurora-Lakewood, CO",3,2025-12-31,590877.1831829809
Denver,CO,"Denver-Aurora-Lakewood, CO",3,2026-01-31,590419.1782944098
Denver,CO,"Denver-Aurora-Lakewood, CO",3,2026-02-28,588444.8770290179
Denver,CO,"Denver-Aurora-Lakewood, CO",3,2026-03-31,584879.9898039548
Denver,CO,"Denver-Aurora-Lakewood, CO",3,2026-04-30,580688.8693073756
Denver,CO,"Denver-Aurora-Lakewood, CO",3,2026-05-31,577397.1110570612
Denver,CO,"Denver-Aurora-Lakewood, CO",3,2026-06-30,576211.2264814823
Denver,CO,"Denver-Aurora-Lakewood, CO",4,2020-01-31,596719.8895950601
Denver,CO,"Denver-Aurora-Lakewood, CO",4,2020-02-29,599261.2197263906
Denver,CO,"Denver-Aurora-Lakewood, CO",4,2020-03-31,602646.7508671646
Denver,CO,"Denver-Aurora-Lakewood, CO",4,2020-04-30,606707.2693294663
Denver,CO,"Denver-Aurora-Lakewood, CO",4,2020-05-31,608025.5921407613
Denver,CO,"Denver-Aurora-Lakewood, CO",4,2020-06-30,607694.3455968467
Denver,CO,"Denver-Aurora-Lakewood, CO",4,2020-07-31,607865.7005935189
Denver,CO,"Denver-Aurora-Lakewood, CO",4,2020-08-31,611576.1229101206
Denver,CO,"Denver-Aurora-Lakewood, CO",4,2020-09-30,618764.8318087383
Denver,CO,"Denver-Aurora-Lakewood, CO",4,2020-10-31,627457.7266127866
Denver,CO,"Denver-Aurora-Lakewood, CO",4,2020-11-30,636439.3433745339
Denver,CO,"Denver-Aurora-Lakewood, CO",4,2020-12-31,644052.1930691563
Denver,CO,"Denver-Aurora-Lakewood, CO",4,2021-01-31,650707.3991415354
Denver,CO,"Denver-Aurora-Lakewood, CO",4,2021-02-28,659227.1862357381
Denver,CO,"Denver-Aurora-Lakewood, CO",4,2021-03-31,671410.3351462622
Denver,CO,"Denver-Aurora-Lakewood, CO",4,2021-04-30,686771.6462503859
Denver,CO,"Denver-Aurora-Lakewood, CO",4,2021-05-31,702966.750849405
Denver,CO,"Denver-Aurora-Lakewood, CO",4,2021-06-30,717003.0123809903
Denver,CO,"Denver-Aurora-Lakewood, CO",4,2021-07-31,726441.3449261222
Denver,CO,"Denver-Aurora-Lakewood, CO",4,2021-08-31,730827.576473947
Denver,CO,"Denver-Aurora-Lakewood, CO",4,2021-09-30,732654.9307982753
Denver,CO,"Denver-Aurora-Lakewood, CO",4,2021-10-31,735133.6785856187
Denver,CO,"Denver-Aurora-Lakewood, CO",4,2021-11-30,740142.0072918545
Denver,CO,"Denver-Aurora-Lakewood, CO",4,2021-12-31,747268.6793164979
Denver,CO,"Denver-Aurora-Lakewood, CO",4,2022-01-31,758301.4659386873
Denver,CO,"Denver-Aurora-Lakewood, CO",4,2022-02-28,774204.300424505
Denver,CO,"Denver-Aurora-Lakewood, CO",4,2022-03-31,794537.8614957742
Denver,CO,"Denver-Aurora-Lakewood, CO",4,2022-04-30,815202.7527916284
Denver,CO,"Denver-Aurora-Lakewood, CO",4,2022-05-31,831629.0634823063
Denver,CO,"Denver-Aurora-Lakewood, CO",4,2022-06-30,840118.7894690828
Denver,CO,"Denver-Aurora-Lakewood, CO",4,2022-07-31,838340.4968184466
Denver,CO,"Denver-Aurora-Lakewood, CO",4,2022-08-31,828256.9910506224
Denver,CO,"Denver-Aurora-Lakewood, CO",4,2022-09-30,814871.5193939983
Denver,CO,"Denver-Aurora-Lakewood, CO",4,2022-10-31,804492.9527658205
Denver,CO,"Denver-Aurora-Lakewood, CO",4,2022-11-30,798073.279158759
Denver,CO,"Denver-Aurora-Lakewood, CO",4,2022-12-31,794186.8860921225
Denver,CO,"Denver-Aurora-Lakewood, CO",4,2023-01-31,790222.5999776494
Denver,CO,"Denver-Aurora-Lakewood, CO",4,2023-02-28,786889.4243151172
Denver,CO,"Denver-Aurora-Lakewood, CO",4,2023-03-31,784127.0642965838
Denver,CO,"Denver-Aurora-Lakewood, CO",4,2023-04-30,783963.7698720122
Denver,CO,"Denver-Aurora-Lakewood, CO",4,2023-05-31,785570.5360041764
Denver,CO,"Denver-Aurora-Lakewood, CO",4,2023-06-30,788853.6518870947
Denver,CO,"Denver-Aurora-Lakewood, CO",4,2023-07-31,791718.0246384708
Denver,CO,"Denver-Aurora-Lakewood, CO",4,2023-08-31,793779.4898035681
Denver,CO,"Denver-Aurora-Lakewood, CO",4,2023-09-30,795636.8441576017
Denver,CO,"Denver-Aurora-Lakewood, CO",4,2023-10-31,797419.2190858697
Denver,CO,"Denver-Aurora-Lakewood, CO",4,2023-11-30,798052.1693074284
Denver,CO,"Denver-Aurora-Lakewood, CO",4,2023-12-31,796664.8387469827
Denver,CO,"Denver-Aurora-Lakewood, CO",4,2024-01-31,794342.2349689464
Denver,CO,"Denver-Aurora-Lakewood, CO",4,2024-02-29,793107.0322009595
Denver,CO,"Denver-Aurora-Lakewood, CO",4,2024-03-31,794385.7528961324
Denver,CO,"Denver-Aurora-Lakewood, CO",4,2024-04-30,797010.2550529559
Denver,CO,"Denver-Aurora-Lakewood, CO",4,2024-05-31,799195.6344802525
Denver,CO,"Denver-Aurora-Lakewood, CO",4,2024-06-30,798668.2004136499
Denver,CO,"Denver-Aurora-Lakewood, CO",4,2024-07-31,797045.9387916966
Denver,CO,"Denver-Aurora-Lakewood, CO",4,2024-08-31,795047.5104795607
Denver,CO,"Denver-Aurora-Lakewood, CO",4,2024-09-30,794185.0188849587
Denver,CO,"Denver-Aurora-Lakewood, CO",4,2024-10-31,793564.068862921
Denver,CO,"Denver-Aurora-Lakewood, CO",4,2024-11-30,793896.410019273
Denver,CO,"Denver-Aurora-Lakewood, CO",4,2024-12-31,795139.783049433
Denver,CO,"Denver-Aurora-Lakewood, CO",4,2025-01-31,795787.1449620108
Denver,CO,"Denver-Aurora-Lakewood, CO",4,2025-02-28,794422.4322658139
Denver,CO,"Denver-Aurora-Lakewood, CO",4,2025-03-31,790143.1185708769
Denver,CO,"Denver-Aurora-Lakewood, CO",4,2025-04-30,784532.6777753393
Denver,CO,"Denver-Aurora-Lakewood, CO",4,2025-05-31,777844.961688429
Denver,CO,"Denver-Aurora-Lakewood, CO",4,2025-06-30,771718.7663260908
Denver,CO,"Denver-Aurora-Lakewood, CO",4,2025-07-31,766540.6269717015
Denver,CO,"Denver-Aurora-Lakewood, CO",4,2025-08-31,763579.1176076353
Denver,CO,"Denver-Aurora-Lakewood, CO",4,2025-09-30,762759.5097029215
Denver,CO,"Denver-Aurora-Lakewood, CO",4,2025-10-31,763629.097535842
Denver,CO,"Denver-Aurora-Lakewood, CO",4,2025-11-30,764916.8825305816
Denver,CO,"Denver-Aurora-Lakewood, CO",4,2025-12-31,765820.5499821786
Denver,CO,"Denver-Aurora-Lakewood, CO",4,2026-01-31,765547.7543951175
Denver,CO,"Denver-Aurora-Lakewood, CO",4,2026-02-28,763939.1851478782
Denver,CO,"Denver-Aurora-Lakewood, CO",4,2026-03-31,760752.6181069193
Denver,CO,"Denver-Aurora-Lakewood, CO",4,2026-04-30,757115.8254004674
Denver,CO,"Denver-Aurora-Lakewood, CO",4,2026-05-31,754533.5225533945
Denver,CO,"Denver-Aurora-Lakewood, CO",4,2026-06-30,754682.353238842
Denver,CO,"Denver-Aurora-Lakewood, CO",5,2020-01-31,785105.380359456
Denver,CO,"Denver-Aurora-Lakewood, CO",5,2020-02-29,787453.03333829
Denver,CO,"Denver-Aurora-Lakewood, CO",5,2020-03-31,789954.8815358464
Denver,CO,"Denver-Aurora-Lakewood, CO",5,2020-04-30,793270.6386613554
Denver,CO,"Denver-Aurora-Lakewood, CO",5,2020-05-31,793201.5669125399
Denver,CO,"Denver-Aurora-Lakewood, CO",5,2020-06-30,792593.7661729205
Denver,CO,"Denver-Aurora-Lakewood, CO",5,2020-07-31,793610.3389540049
Denver,CO,"Denver-Aurora-Lakewood, CO",5,2020-08-31,799842.5366918674
Denver,CO,"Denver-Aurora-Lakewood, CO",5,2020-09-30,809960.5275948619
Denver,CO,"Denver-Aurora-Lakewood, CO",5,2020-10-31,821736.6086835108
Denver,CO,"Denver-Aurora-Lakewood, CO",5,2020-11-30,833747.8137793493
Denver,CO,"Denver-Aurora-Lakewood, CO",5,2020-12-31,844041.0917491056
Denver,CO,"Denver-Aurora-Lakewood, CO",5,2021-01-31,853110.2182060671
Denver,CO,"Denver-Aurora-Lakewood, CO",5,2021-02-28,864571.1261670073
Denver,CO,"Denver-Aurora-Lakewood, CO",5,2021-03-31,879930.7852133755
Denver,CO,"Denver-Aurora-Lakewood, CO",5,2021-04-30,899695.4722504271
Denver,CO,"Denver-Aurora-Lakewood, CO",5,2021-05-31,921014.6650493448
Denver,CO,"Denver-Aurora-Lakewood, CO",5,2021-06-30,940548.818556923
Denver,CO,"Denver-Aurora-Lakewood, CO",5,2021-07-31,953952.0580416108
Denver,CO,"Denver-Aurora-Lakewood, CO",5,2021-08-31,960626.4251258388
Denver,CO,"Denver-Aurora-Lakewood, CO",5,2021-09-30,964594.8725065328
Denver,CO,"Denver-Aurora-Lakewood, CO",5,2021-10-31,969718.3546060872
Denver,CO,"Denver-Aurora-Lakewood, CO",5,2021-11-30,978624.4630848472
Denver,CO,"Denver-Aurora-Lakewood, CO",5,2021-12-31,989969.984087506
Denver,CO,"Denver-Aurora-Lakewood, CO",5,2022-01-31,1006638.340306484
Denver,CO,"Denver-Aurora-Lakewood, CO",5,2022-02-28,1029263.7680603046
Denver,CO,"Denver-Aurora-Lakewood, CO",5,2022-03-31,1058034.0799333735
Denver,CO,"Denver-Aurora-Lakewood, CO",5,2022-04-30,1088126.3946903588
Denver,CO,"Denver-Aurora-Lakewood, CO",5,2022-05-31,1113322.4036355435
Denver,CO,"Denver-Aurora-Lakewood, CO",5,2022-06-30,1127598.690625165
Denver,CO,"Denver-Aurora-Lakewood, CO",5,2022-07-31,1127081.0969893006
Denver,CO,"Denver-Aurora-Lakewood, CO",5,2022-08-31,1114592.330559535
Denver,CO,"Denver-Aurora-Lakewood, CO",5,2022-09-30,1096867.0463465883
Denver,CO,"Denver-Aurora-Lakewood, CO",5,2022-10-31,1082831.980034081
Denver,CO,"Denver-Aurora-Lakewood, CO",5,2022-11-30,1074356.8816812057
Denver,CO,"Denver-Aurora-Lakewood, CO",5,2022-12-31,1070552.487094781
Denver,CO,"Denver-Aurora-Lakewood, CO",5,2023-01-31,1066526.2471369398
Denver,CO,"Denver-Aurora-Lakewood, CO",5,2023-02-28,1063045.7586533565
Denver,CO,"Denver-Aurora-Lakewood, CO",5,2023-03-31,1059241.1393188655
Denver,CO,"Denver-Aurora-Lakewood, CO",5,2023-04-30,1059821.9000457868
Denver,CO,"Denver-Aurora-Lakewood, CO",5,2023-05-31,1063174.3201180932
Denver,CO,"Denver-Aurora-Lakewood, CO",5,2023-06-30,1068680.920272662
Denver,CO,"Denver-Aurora-Lakewood, CO",5,2023-07-31,1072796.6061692222
Denver,CO,"Denver-Aurora-Lakewood, CO",5,2023-08-31,1075248.3192834596
Denver,CO,"Denver-Aurora-Lakewood, CO",5,2023-09-30,1077870.1805874985
Denver,CO,"Denver-Aurora-Lakewood, CO",5,2023-10-31,1080371.227199497
Denver,CO,"Denver-Aurora-Lakewood, CO",5,2023-11-30,1081114.460390399
Denver,CO,"Denver-Aurora-Lakewood, CO",5,2023-12-31,1078541.203997762
Denver,CO,"Denver-Aurora-Lakewood, CO",5,2024-01-31,1074498.115931808
Denver,CO,"Denver-Aurora-Lakewood, CO",5,2024-02-29,1072227.3814589025
Denver,CO,"Denver-Aurora-Lakewood, CO",5,2024-03-31,1074876.3129343612
Denver,CO,"Denver-Aurora-Lakewood, CO",5,2024-04-30,1080179.5816263885
Denver,CO,"Denver-Aurora-Lakewood, CO",5,2024-05-31,1085055.7515968357
Denver,CO,"Denver-Aurora-Lakewood, CO",5,2024-06-30,1085056.6743338853
Denver,CO,"Denver-Aurora-Lakewood, CO",5,2024-07-31,1082906.085033683
Denver,CO,"Denver-Aurora-Lakewood, CO",5,2024-08-31,1079803.8518478156
Denver,CO,"Denver-Aurora-Lakewood, CO",5,2024-09-30,1078298.7106800613
Denver,CO,"Denver-Aurora-Lakewood, CO",5,2024-10-31,1077324.0241947137
Denver,CO,"Denver-Aurora-Lakewood, CO",5,2024-11-30,1077750.980072084
Denver,CO,"Denver-Aurora-Lakewood, CO",5,2024-12-31,1079361.6081408935
Denver,CO,"Denver-Aurora-Lakewood, CO",5,2025-01-31,1080374.0705110629
Denver,CO,"Denver-Aurora-Lakewood, CO",5,2025-02-28,1079325.708836493
Denver,CO,"Denver-Aurora-Lakewood, CO",5,2025-03-31,1075231.9826425768
Denver,CO,"Denver-Aurora-Lakewood, CO",5,2025-04-30,1069780.006494942
Denver,CO,"Denver-Aurora-Lakewood, CO",5,2025-05-31,1062703.7103262506
Denver,CO,"Denver-Aurora-Lakewood, CO",5,2025-06-30,1055350.8731903986
Denver,CO,"Denver-Aurora-Lakewood, CO",5,2025-07-31,1048389.1176363324
Denver,CO,"Denver-Aurora-Lakewood, CO",5,2025-08-31,1043816.207230546
Denver,CO,"Denver-Aurora-Lakewood, CO",5,2025-09-30,1042213.419344487
Denver,CO,"Denver-Aurora-Lakewood, CO",5,2025-10-31,1043530.1901459908
Denver,CO,"Denver-Aurora-Lakewood, CO",5,2025-11-30,1046028.1736033866
Denver,CO,"Denver-Aurora-Lakewood, CO",5,2025-12-31,1048442.2473133244
Denver,CO,"Denver-Aurora-Lakewood, CO",5,2026-01-31,1049464.489159896
Denver,CO,"Denver-Aurora-Lakewood, CO",5,2026-02-28,1049063.256025857
Denver,CO,"Denver-Aurora-Lakewood, CO",5,2026-03-31,1046729.5883041476
Denver,CO,"Denver-Aurora-Lakewood, CO",5,2026-04-30,1043552.8156822046
Denver,CO,"Denver-Aurora-Lakewood, CO",5,2026-05-31,1041467.3434107414
Denver,CO,"Denver-Aurora-Lakewood, CO",5,2026-06-30,1043081.6870555156
Detroit,MI,"Detroit-Warren-Dearborn, MI",1,2020-01-31,103251.44492977648
Detroit,MI,"Detroit-Warren-Dearborn, MI",1,2020-02-29,104009.20414653224
Detroit,MI,"Detroit-Warren-Dearborn, MI",1,2020-03-31,105725.33632388365
Detroit,MI,"Detroit-Warren-Dearborn, MI",1,2020-04-30,107519.78987228766
Detroit,MI,"Detroit-Warren-Dearborn, MI",1,2020-05-31,109632.11684033448
Detroit,MI,"Detroit-Warren-Dearborn, MI",1,2020-06-30,111249.8838380636
Detroit,MI,"Detroit-Warren-Dearborn, MI",1,2020-07-31,112553.9899529497
Detroit,MI,"Detroit-Warren-Dearborn, MI",1,2020-08-31,113252.90435889432
Detroit,MI,"Detroit-Warren-Dearborn, MI",1,2020-09-30,113584.57425683644
Detroit,MI,"Detroit-Warren-Dearborn, MI",1,2020-10-31,114596.1755993543
Detroit,MI,"Detroit-Warren-Dearborn, MI",1,2020-11-30,116306.28709162275
Detroit,MI,"Detroit-Warren-Dearborn, MI",1,2020-12-31,118301.5437327416
Detroit,MI,"Detroit-Warren-Dearborn, MI",1,2021-01-31,120148.9378155797
Detroit,MI,"Detroit-Warren-Dearborn, MI",1,2021-02-28,121818.8681716142
Detroit,MI,"Detroit-Warren-Dearborn, MI",1,2021-03-31,124081.12377917186
Detroit,MI,"Detroit-Warren-Dearborn, MI",1,2021-04-30,126171.39947887168
Detroit,MI,"Detroit-Warren-Dearborn, MI",1,2021-05-31,128233.29125469246
Detroit,MI,"Detroit-Warren-Dearborn, MI",1,2021-06-30,130114.11316732416
Detroit,MI,"Detroit-Warren-Dearborn, MI",1,2021-07-31,132465.28855115638
Detroit,MI,"Detroit-Warren-Dearborn, MI",1,2021-08-31,135610.9286178958
Detroit,MI,"Detroit-Warren-Dearborn, MI",1,2021-09-30,138440.49749351383
Detroit,MI,"Detroit-Warren-Dearborn, MI",1,2021-10-31,140053.988275627
Detroit,MI,"Detroit-Warren-Dearborn, MI",1,2021-11-30,140579.703118375
Detroit,MI,"Detroit-Warren-Dearborn, MI",1,2021-12-31,139584.01243525234
Detroit,MI,"Detroit-Warren-Dearborn, MI",1,2022-01-31,137995.0441932243
Detroit,MI,"Detroit-Warren-Dearborn, MI",1,2022-02-28,136338.0574471406
Detroit,MI,"Detroit-Warren-Dearborn, MI",1,2022-03-31,136453.76582717124
Detroit,MI,"Detroit-Warren-Dearborn, MI",1,2022-04-30,137774.49142965712
Detroit,MI,"Detroit-Warren-Dearborn, MI",1,2022-05-31,139338.4371012325
Detroit,MI,"Detroit-Warren-Dearborn, MI",1,2022-06-30,140469.3749279694
Detroit,MI,"Detroit-Warren-Dearborn, MI",1,2022-07-31,141023.1207224668
Detroit,MI,"Detroit-Warren-Dearborn, MI",1,2022-08-31,140415.10897927283
Detroit,MI,"Detroit-Warren-Dearborn, MI",1,2022-09-30,138805.08786406732
Detroit,MI,"Detroit-Warren-Dearborn, MI",1,2022-10-31,137009.06450556123
Detroit,MI,"Detroit-Warren-Dearborn, MI",1,2022-11-30,136258.86257866482
Detroit,MI,"Detroit-Warren-Dearborn, MI",1,2022-12-31,136052.75264939424
Detroit,MI,"Detroit-Warren-Dearborn, MI",1,2023-01-31,135345.70528063012
Detroit,MI,"Detroit-Warren-Dearborn, MI",1,2023-02-28,134141.45132504564
Detroit,MI,"Detroit-Warren-Dearborn, MI",1,2023-03-31,132778.07653759286
Detroit,MI,"Detroit-Warren-Dearborn, MI",1,2023-04-30,131936.0299195911
Detroit,MI,"Detroit-Warren-Dearborn, MI",1,2023-05-31,130331.60698047507
Detroit,MI,"Detroit-Warren-Dearborn, MI",1,2023-06-30,128967.70753569932
Detroit,MI,"Detroit-Warren-Dearborn, MI",1,2023-07-31,128006.2728130498
Detroit,MI,"Detroit-Warren-Dearborn, MI",1,2023-08-31,128204.27877061904
Detroit,MI,"Detroit-Warren-Dearborn, MI",1,2023-09-30,128721.95199945506
Detroit,MI,"Detroit-Warren-Dearborn, MI",1,2023-10-31,129922.30941731523
Detroit,MI,"Detroit-Warren-Dearborn, MI",1,2023-11-30,131114.51486546255
Detroit,MI,"Detroit-Warren-Dearborn, MI",1,2023-12-31,131254.4856046985
Detroit,MI,"Detroit-Warren-Dearborn, MI",1,2024-01-31,130183.46124254935
Detroit,MI,"Detroit-Warren-Dearborn, MI",1,2024-02-29,128594.29078834972
Detroit,MI,"Detroit-Warren-Dearborn, MI",1,2024-03-31,127484.52700757436
Detroit,MI,"Detroit-Warren-Dearborn, MI",1,2024-04-30,127099.72473653198
Detroit,MI,"Detroit-Warren-Dearborn, MI",1,2024-05-31,126703.7318669192
Detroit,MI,"Detroit-Warren-Dearborn, MI",1,2024-06-30,126379.58421801392
Detroit,MI,"Detroit-Warren-Dearborn, MI",1,2024-07-31,125776.90526234556
Detroit,MI,"Detroit-Warren-Dearborn, MI",1,2024-08-31,124970.6963521887
Detroit,MI,"Detroit-Warren-Dearborn, MI",1,2024-09-30,124095.5584877997
Detroit,MI,"Detroit-Warren-Dearborn, MI",1,2024-10-31,123560.95515143644
Detroit,MI,"Detroit-Warren-Dearborn, MI",1,2024-11-30,123435.61142858832
Detroit,MI,"Detroit-Warren-Dearborn, MI",1,2024-12-31,123447.80173141974
Detroit,MI,"Detroit-Warren-Dearborn, MI",1,2025-01-31,123489.83220555856
Detroit,MI,"Detroit-Warren-Dearborn, MI",1,2025-02-28,123993.94783528287
Detroit,MI,"Detroit-Warren-Dearborn, MI",1,2025-03-31,124577.1258032277
Detroit,MI,"Detroit-Warren-Dearborn, MI",1,2025-04-30,125073.9510931858
Detroit,MI,"Detroit-Warren-Dearborn, MI",1,2025-05-31,125097.3967133838
Detroit,MI,"Detroit-Warren-Dearborn, MI",1,2025-06-30,124946.55762128416
Detroit,MI,"Detroit-Warren-Dearborn, MI",1,2025-07-31,124462.52332086425
Detroit,MI,"Detroit-Warren-Dearborn, MI",1,2025-08-31,123952.15456775128
Detroit,MI,"Detroit-Warren-Dearborn, MI",1,2025-09-30,123098.01236444263
Detroit,MI,"Detroit-Warren-Dearborn, MI",1,2025-10-31,121815.75806320528
Detroit,MI,"Detroit-Warren-Dearborn, MI",1,2025-11-30,120330.77340861726
Detroit,MI,"Detroit-Warren-Dearborn, MI",1,2025-12-31,118731.24454074004
Detroit,MI,"Detroit-Warren-Dearborn, MI",1,2026-01-31,117536.59941166702
Detroit,MI,"Detroit-Warren-Dearborn, MI",1,2026-02-28,116448.07945490871
Detroit,MI,"Detroit-Warren-Dearborn, MI",1,2026-03-31,115462.378297936
Detroit,MI,"Detroit-Warren-Dearborn, MI",1,2026-04-30,114559.20808206398
Detroit,MI,"Detroit-Warren-Dearborn, MI",1,2026-05-31,113906.46288754205
Detroit,MI,"Detroit-Warren-Dearborn, MI",1,2026-06-30,114289.32635772572
Detroit,MI,"Detroit-Warren-Dearborn, MI",2,2020-01-31,40434.397824586136
Detroit,MI,"Detroit-Warren-Dearborn, MI",2,2020-02-29,40583.23552048879
Detroit,MI,"Detroit-Warren-Dearborn, MI",2,2020-03-31,40836.28520797741
Detroit,MI,"Detroit-Warren-Dearborn, MI",2,2020-04-30,41651.49847345967
Detroit,MI,"Detroit-Warren-Dearborn, MI",2,2020-05-31,42345.58072105303
Detroit,MI,"Detroit-Warren-Dearborn, MI",2,2020-06-30,42452.04416478968
Detroit,MI,"Detroit-Warren-Dearborn, MI",2,2020-07-31,42145.576969153415
Detroit,MI,"Detroit-Warren-Dearborn, MI",2,2020-08-31,42055.12719471744
Detroit,MI,"Detroit-Warren-Dearborn, MI",2,2020-09-30,42731.83867183593
Detroit,MI,"Detroit-Warren-Dearborn, MI",2,2020-10-31,44151.86076267466
Detroit,MI,"Detroit-Warren-Dearborn, MI",2,2020-11-30,46034.33215945728
Detroit,MI,"Detroit-Warren-Dearborn, MI",2,2020-12-31,48053.1552350448
Detroit,MI,"Detroit-Warren-Dearborn, MI",2,2021-01-31,49645.395234172094
Detroit,MI,"Detroit-Warren-Dearborn, MI",2,2021-02-28,51259.077138780856
Detroit,MI,"Detroit-Warren-Dearborn, MI",2,2021-03-31,52844.479420902375
Detroit,MI,"Detroit-Warren-Dearborn, MI",2,2021-04-30,54502.05455921782
Detroit,MI,"Detroit-Warren-Dearborn, MI",2,2021-05-31,56090.05560474171
Detroit,MI,"Detroit-Warren-Dearborn, MI",2,2021-06-30,57817.91171236144
Detroit,MI,"Detroit-Warren-Dearborn, MI",2,2021-07-31,59309.17045404375
Detroit,MI,"Detroit-Warren-Dearborn, MI",2,2021-08-31,60715.26436733921
Detroit,MI,"Detroit-Warren-Dearborn, MI",2,2021-09-30,61534.133722579
Detroit,MI,"Detroit-Warren-Dearborn, MI",2,2021-10-31,62126.428782653966
Detroit,MI,"Detroit-Warren-Dearborn, MI",2,2021-11-30,62537.90841555835
Detroit,MI,"Detroit-Warren-Dearborn, MI",2,2021-12-31,63342.7795487342
Detroit,MI,"Detroit-Warren-Dearborn, MI",2,2022-01-31,64414.700433603335
Detroit,MI,"Detroit-Warren-Dearborn, MI",2,2022-02-28,65828.20730966325
Detroit,MI,"Detroit-Warren-Dearborn, MI",2,2022-03-31,67207.58209639307
Detroit,MI,"Detroit-Warren-Dearborn, MI",2,2022-04-30,68442.2539987684
Detroit,MI,"Detroit-Warren-Dearborn, MI",2,2022-05-31,69620.75381801673
Detroit,MI,"Detroit-Warren-Dearborn, MI",2,2022-06-30,70764.02332837271
Detroit,MI,"Detroit-Warren-Dearborn, MI",2,2022-07-31,71435.81942657051
Detroit,MI,"Detroit-Warren-Dearborn, MI",2,2022-08-31,70840.86785365094
Detroit,MI,"Detroit-Warren-Dearborn, MI",2,2022-09-30,69307.25952608894
Detroit,MI,"Detroit-Warren-Dearborn, MI",2,2022-10-31,67934.71703272639
Detroit,MI,"Detroit-Warren-Dearborn, MI",2,2022-11-30,67147.10385942155
Detroit,MI,"Detroit-Warren-Dearborn, MI",2,2022-12-31,66567.4560016165
Detroit,MI,"Detroit-Warren-Dearborn, MI",2,2023-01-31,66070.64887072945
Detroit,MI,"Detroit-Warren-Dearborn, MI",2,2023-02-28,65958.5240020133
Detroit,MI,"Detroit-Warren-Dearborn, MI",2,2023-03-31,66012.33168034402
Detroit,MI,"Detroit-Warren-Dearborn, MI",2,2023-04-30,66129.73399612895
Detroit,MI,"Detroit-Warren-Dearborn, MI",2,2023-05-31,65685.67703243851
Detroit,MI,"Detroit-Warren-Dearborn, MI",2,2023-06-30,65093.69980561753
Detroit,MI,"Detroit-Warren-Dearborn, MI",2,2023-07-31,64639.99522669633
Detroit,MI,"Detroit-Warren-Dearborn, MI",2,2023-08-31,64302.63051964796
Detroit,MI,"Detroit-Warren-Dearborn, MI",2,2023-09-30,64314.6286353447
Detroit,MI,"Detroit-Warren-Dearborn, MI",2,2023-10-31,64380.757382466785
Detroit,MI,"Detroit-Warren-Dearborn, MI",2,2023-11-30,64829.85552197186
Detroit,MI,"Detroit-Warren-Dearborn, MI",2,2023-12-31,64980.78567054891
Detroit,MI,"Detroit-Warren-Dearborn, MI",2,2024-01-31,65184.98703154806
Detroit,MI,"Detroit-Warren-Dearborn, MI",2,2024-02-29,65368.612656236706
Detroit,MI,"Detroit-Warren-Dearborn, MI",2,2024-03-31,66148.8242093956
Detroit,MI,"Detroit-Warren-Dearborn, MI",2,2024-04-30,67074.75512790488
Detroit,MI,"Detroit-Warren-Dearborn, MI",2,2024-05-31,67822.0015829626
Detroit,MI,"Detroit-Warren-Dearborn, MI",2,2024-06-30,68481.29463749383
Detroit,MI,"Detroit-Warren-Dearborn, MI",2,2024-07-31,69006.57650271287
Detroit,MI,"Detroit-Warren-Dearborn, MI",2,2024-08-31,69755.37687693293
Detroit,MI,"Detroit-Warren-Dearborn, MI",2,2024-09-30,69942.0400487294
Detroit,MI,"Detroit-Warren-Dearborn, MI",2,2024-10-31,69728.42072089152
Detroit,MI,"Detroit-Warren-Dearborn, MI",2,2024-11-30,69081.46209633713
Detroit,MI,"Detroit-Warren-Dearborn, MI",2,2024-12-31,68749.09539237861
Detroit,MI,"Detroit-Warren-Dearborn, MI",2,2025-01-31,68426.29744198709
Detroit,MI,"Detroit-Warren-Dearborn, MI",2,2025-02-28,68198.66991864149
Detroit,MI,"Detroit-Warren-Dearborn, MI",2,2025-03-31,67964.0197363665
Detroit,MI,"Detroit-Warren-Dearborn, MI",2,2025-04-30,67896.70838323183
Detroit,MI,"Detroit-Warren-Dearborn, MI",2,2025-05-31,68078.3239710573
Detroit,MI,"Detroit-Warren-Dearborn, MI",2,2025-06-30,68406.14963910548
Detroit,MI,"Detroit-Warren-Dearborn, MI",2,2025-07-31,68855.92630028969
Detroit,MI,"Detroit-Warren-Dearborn, MI",2,2025-08-31,69091.34136778537
Detroit,MI,"Detroit-Warren-Dearborn, MI",2,2025-09-30,69002.64812271898
Detroit,MI,"Detroit-Warren-Dearborn, MI",2,2025-10-31,68473.1364685591
Detroit,MI,"Detroit-Warren-Dearborn, MI",2,2025-11-30,67892.48887893594
Detroit,MI,"Detroit-Warren-Dearborn, MI",2,2025-12-31,67213.84390899728
Detroit,MI,"Detroit-Warren-Dearborn, MI",2,2026-01-31,66607.84078320391
Detroit,MI,"Detroit-Warren-Dearborn, MI",2,2026-02-28,65938.42940956746
Detroit,MI,"Detroit-Warren-Dearborn, MI",2,2026-03-31,65247.96854879564
Detroit,MI,"Detroit-Warren-Dearborn, MI",2,2026-04-30,64624.93396882614
Detroit,MI,"Detroit-Warren-Dearborn, MI",2,2026-05-31,64157.44378384983
Detroit,MI,"Detroit-Warren-Dearborn, MI",2,2026-06-30,64054.812680351584
Detroit,MI,"Detroit-Warren-Dearborn, MI",3,2020-01-31,50647.01560410471
Detroit,MI,"Detroit-Warren-Dearborn, MI",3,2020-02-29,50917.326967574394
Detroit,MI,"Detroit-Warren-Dearborn, MI",3,2020-03-31,51321.52633045983
Detroit,MI,"Detroit-Warren-Dearborn, MI",3,2020-04-30,52324.08258266129
Detroit,MI,"Detroit-Warren-Dearborn, MI",3,2020-05-31,53094.781030639126
Detroit,MI,"Detroit-Warren-Dearborn, MI",3,2020-06-30,53175.60676515237
Detroit,MI,"Detroit-Warren-Dearborn, MI",3,2020-07-31,52847.35798060455
Detroit,MI,"Detroit-Warren-Dearborn, MI",3,2020-08-31,52853.58571621673
Detroit,MI,"Detroit-Warren-Dearborn, MI",3,2020-09-30,53714.388595682336
Detroit,MI,"Detroit-Warren-Dearborn, MI",3,2020-10-31,55427.50044235383
Detroit,MI,"Detroit-Warren-Dearborn, MI",3,2020-11-30,57744.19276347386
Detroit,MI,"Detroit-Warren-Dearborn, MI",3,2020-12-31,60289.877499305694
Detroit,MI,"Detroit-Warren-Dearborn, MI",3,2021-01-31,62586.5877241022
Detroit,MI,"Detroit-Warren-Dearborn, MI",3,2021-02-28,64932.430135976094
Detroit,MI,"Detroit-Warren-Dearborn, MI",3,2021-03-31,67279.78967961001
Detroit,MI,"Detroit-Warren-Dearborn, MI",3,2021-04-30,69374.11047335625
Detroit,MI,"Detroit-Warren-Dearborn, MI",3,2021-05-31,71271.45933217347
Detroit,MI,"Detroit-Warren-Dearborn, MI",3,2021-06-30,73114.16221245365
Detroit,MI,"Detroit-Warren-Dearborn, MI",3,2021-07-31,74549.15655486175
Detroit,MI,"Detroit-Warren-Dearborn, MI",3,2021-08-31,75674.6605353876
Detroit,MI,"Detroit-Warren-Dearborn, MI",3,2021-09-30,76205.26779302943
Detroit,MI,"Detroit-Warren-Dearborn, MI",3,2021-10-31,76558.9823893282
Detroit,MI,"Detroit-Warren-Dearborn, MI",3,2021-11-30,76930.58971808977
Detroit,MI,"Detroit-Warren-Dearborn, MI",3,2021-12-31,77912.72284690413
Detroit,MI,"Detroit-Warren-Dearborn, MI",3,2022-01-31,79810.31723982337
Detroit,MI,"Detroit-Warren-Dearborn, MI",3,2022-02-28,82309.43537760967
Detroit,MI,"Detroit-Warren-Dearborn, MI",3,2022-03-31,84719.75387746876
Detroit,MI,"Detroit-Warren-Dearborn, MI",3,2022-04-30,86439.68647398072
Detroit,MI,"Detroit-Warren-Dearborn, MI",3,2022-05-31,87866.09786799375
Detroit,MI,"Detroit-Warren-Dearborn, MI",3,2022-06-30,89259.53458974823
Detroit,MI,"Detroit-Warren-Dearborn, MI",3,2022-07-31,90041.96375786576
Detroit,MI,"Detroit-Warren-Dearborn, MI",3,2022-08-31,89363.66754080263
Detroit,MI,"Detroit-Warren-Dearborn, MI",3,2022-09-30,87329.38765220497
Detroit,MI,"Detroit-Warren-Dearborn, MI",3,2022-10-31,85449.81870954156
Detroit,MI,"Detroit-Warren-Dearborn, MI",3,2022-11-30,84156.28191088745
Detroit,MI,"Detroit-Warren-Dearborn, MI",3,2022-12-31,83110.38783123241
Detroit,MI,"Detroit-Warren-Dearborn, MI",3,2023-01-31,82145.7902729444
Detroit,MI,"Detroit-Warren-Dearborn, MI",3,2023-02-28,81523.81359365402
Detroit,MI,"Detroit-Warren-Dearborn, MI",3,2023-03-31,81056.613175503
Detroit,MI,"Detroit-Warren-Dearborn, MI",3,2023-04-30,80519.10197516053
Detroit,MI,"Detroit-Warren-Dearborn, MI",3,2023-05-31,79357.07465744944
Detroit,MI,"Detroit-Warren-Dearborn, MI",3,2023-06-30,78069.93819799635
Detroit,MI,"Detroit-Warren-Dearborn, MI",3,2023-07-31,77241.01258563799
Detroit,MI,"Detroit-Warren-Dearborn, MI",3,2023-08-31,76793.69444397767
Detroit,MI,"Detroit-Warren-Dearborn, MI",3,2023-09-30,76868.081225246
Detroit,MI,"Detroit-Warren-Dearborn, MI",3,2023-10-31,76911.43822964311
Detroit,MI,"Detroit-Warren-Dearborn, MI",3,2023-11-30,77094.56966306322
Detroit,MI,"Detroit-Warren-Dearborn, MI",3,2023-12-31,77185.44224390559
Detroit,MI,"Detroit-Warren-Dearborn, MI",3,2024-01-31,77464.93282128376
Detroit,MI,"Detroit-Warren-Dearborn, MI",3,2024-02-29,78058.72768267067
Detroit,MI,"Detroit-Warren-Dearborn, MI",3,2024-03-31,79168.25248060853
Detroit,MI,"Detroit-Warren-Dearborn, MI",3,2024-04-30,80547.2398428697
Detroit,MI,"Detroit-Warren-Dearborn, MI",3,2024-05-31,81687.55840765248
Detroit,MI,"Detroit-Warren-Dearborn, MI",3,2024-06-30,82682.88837377551
Detroit,MI,"Detroit-Warren-Dearborn, MI",3,2024-07-31,83363.52006593482
Detroit,MI,"Detroit-Warren-Dearborn, MI",3,2024-08-31,84341.45009968265
Detroit,MI,"Detroit-Warren-Dearborn, MI",3,2024-09-30,84884.65183504748
Detroit,MI,"Detroit-Warren-Dearborn, MI",3,2024-10-31,84987.02407114905
Detroit,MI,"Detroit-Warren-Dearborn, MI",3,2024-11-30,84465.81687691888
Detroit,MI,"Detroit-Warren-Dearborn, MI",3,2024-12-31,84108.62435042247
Detroit,MI,"Detroit-Warren-Dearborn, MI",3,2025-01-31,83813.75515716407
Detroit,MI,"Detroit-Warren-Dearborn, MI",3,2025-02-28,83708.47252598866
Detroit,MI,"Detroit-Warren-Dearborn, MI",3,2025-03-31,83626.23887111068
Detroit,MI,"Detroit-Warren-Dearborn, MI",3,2025-04-30,83600.50273732764
Detroit,MI,"Detroit-Warren-Dearborn, MI",3,2025-05-31,83761.51748159098
Detroit,MI,"Detroit-Warren-Dearborn, MI",3,2025-06-30,83934.03988630866
Detroit,MI,"Detroit-Warren-Dearborn, MI",3,2025-07-31,84367.338505704
Detroit,MI,"Detroit-Warren-Dearborn, MI",3,2025-08-31,84685.72339182171
Detroit,MI,"Detroit-Warren-Dearborn, MI",3,2025-09-30,84888.57860009745
Detroit,MI,"Detroit-Warren-Dearborn, MI",3,2025-10-31,84606.28920681168
Detroit,MI,"Detroit-Warren-Dearborn, MI",3,2025-11-30,84260.36473794574
Detroit,MI,"Detroit-Warren-Dearborn, MI",3,2025-12-31,83814.357902526
Detroit,MI,"Detroit-Warren-Dearborn, MI",3,2026-01-31,83316.81078376841
Detroit,MI,"Detroit-Warren-Dearborn, MI",3,2026-02-28,82645.64497064422
Detroit,MI,"Detroit-Warren-Dearborn, MI",3,2026-03-31,81804.99657316737
Detroit,MI,"Detroit-Warren-Dearborn, MI",3,2026-04-30,81104.79778108028
Detroit,MI,"Detroit-Warren-Dearborn, MI",3,2026-05-31,80589.15057928216
Detroit,MI,"Detroit-Warren-Dearborn, MI",3,2026-06-30,80441.96663800754
Detroit,MI,"Detroit-Warren-Dearborn, MI",4,2020-01-31,78494.88291357149
Detroit,MI,"Detroit-Warren-Dearborn, MI",4,2020-02-29,79149.42748433871
Detroit,MI,"Detroit-Warren-Dearborn, MI",4,2020-03-31,80096.74033511178
Detroit,MI,"Detroit-Warren-Dearborn, MI",4,2020-04-30,81800.06722817504
Detroit,MI,"Detroit-Warren-Dearborn, MI",4,2020-05-31,83095.9082113537
Detroit,MI,"Detroit-Warren-Dearborn, MI",4,2020-06-30,83344.28925539767
Detroit,MI,"Detroit-Warren-Dearborn, MI",4,2020-07-31,83037.10015056875
Detroit,MI,"Detroit-Warren-Dearborn, MI",4,2020-08-31,83194.47663998815
Detroit,MI,"Detroit-Warren-Dearborn, MI",4,2020-09-30,84435.75434076572
Detroit,MI,"Detroit-Warren-Dearborn, MI",4,2020-10-31,86890.24001635275
Detroit,MI,"Detroit-Warren-Dearborn, MI",4,2020-11-30,90198.03902873176
Detroit,MI,"Detroit-Warren-Dearborn, MI",4,2020-12-31,93701.49390201898
Detroit,MI,"Detroit-Warren-Dearborn, MI",4,2021-01-31,96779.1569203976
Detroit,MI,"Detroit-Warren-Dearborn, MI",4,2021-02-28,99830.11856477322
Detroit,MI,"Detroit-Warren-Dearborn, MI",4,2021-03-31,102891.95574186904
Detroit,MI,"Detroit-Warren-Dearborn, MI",4,2021-04-30,105446.81100706809
Detroit,MI,"Detroit-Warren-Dearborn, MI",4,2021-05-31,107567.42252752256
Detroit,MI,"Detroit-Warren-Dearborn, MI",4,2021-06-30,109443.47813211691
Detroit,MI,"Detroit-Warren-Dearborn, MI",4,2021-07-31,110642.00416743656
Detroit,MI,"Detroit-Warren-Dearborn, MI",4,2021-08-31,111388.46749114376
Detroit,MI,"Detroit-Warren-Dearborn, MI",4,2021-09-30,111460.50242884194
Detroit,MI,"Detroit-Warren-Dearborn, MI",4,2021-10-31,111562.44864038852
Detroit,MI,"Detroit-Warren-Dearborn, MI",4,2021-11-30,111771.6904225193
Detroit,MI,"Detroit-Warren-Dearborn, MI",4,2021-12-31,112808.05833629324
Detroit,MI,"Detroit-Warren-Dearborn, MI",4,2022-01-31,115277.33292361784
Detroit,MI,"Detroit-Warren-Dearborn, MI",4,2022-02-28,118791.3693270742
Detroit,MI,"Detroit-Warren-Dearborn, MI",4,2022-03-31,122334.71154320856
Detroit,MI,"Detroit-Warren-Dearborn, MI",4,2022-04-30,124603.73240850103
Detroit,MI,"Detroit-Warren-Dearborn, MI",4,2022-05-31,126321.65031183348
Detroit,MI,"Detroit-Warren-Dearborn, MI",4,2022-06-30,127901.46088820904
Detroit,MI,"Detroit-Warren-Dearborn, MI",4,2022-07-31,128764.9528547834
Detroit,MI,"Detroit-Warren-Dearborn, MI",4,2022-08-31,127741.12288132282
Detroit,MI,"Detroit-Warren-Dearborn, MI",4,2022-09-30,124737.2678368116
Detroit,MI,"Detroit-Warren-Dearborn, MI",4,2022-10-31,121957.67201129782
Detroit,MI,"Detroit-Warren-Dearborn, MI",4,2022-11-30,119961.69435208484
Detroit,MI,"Detroit-Warren-Dearborn, MI",4,2022-12-31,118528.05667416258
Detroit,MI,"Detroit-Warren-Dearborn, MI",4,2023-01-31,116854.66915031636
Detroit,MI,"Detroit-Warren-Dearborn, MI",4,2023-02-28,115598.07983820158
Detroit,MI,"Detroit-Warren-Dearborn, MI",4,2023-03-31,114399.1185048339
Detroit,MI,"Detroit-Warren-Dearborn, MI",4,2023-04-30,113385.5849098389
Detroit,MI,"Detroit-Warren-Dearborn, MI",4,2023-05-31,111565.22835817766
Detroit,MI,"Detroit-Warren-Dearborn, MI",4,2023-06-30,109592.52669911034
Detroit,MI,"Detroit-Warren-Dearborn, MI",4,2023-07-31,108546.28823627497
Detroit,MI,"Detroit-Warren-Dearborn, MI",4,2023-08-31,108369.51189986894
Detroit,MI,"Detroit-Warren-Dearborn, MI",4,2023-09-30,109243.1241333921
Detroit,MI,"Detroit-Warren-Dearborn, MI",4,2023-10-31,110006.53616992768
Detroit,MI,"Detroit-Warren-Dearborn, MI",4,2023-11-30,110626.29909123636
Detroit,MI,"Detroit-Warren-Dearborn, MI",4,2023-12-31,111010.05910308025
Detroit,MI,"Detroit-Warren-Dearborn, MI",4,2024-01-31,111603.74859847508
Detroit,MI,"Detroit-Warren-Dearborn, MI",4,2024-02-29,112659.75995265512
Detroit,MI,"Detroit-Warren-Dearborn, MI",4,2024-03-31,114017.68285905116
Detroit,MI,"Detroit-Warren-Dearborn, MI",4,2024-04-30,115483.31021769917
Detroit,MI,"Detroit-Warren-Dearborn, MI",4,2024-05-31,116607.6260669385
Detroit,MI,"Detroit-Warren-Dearborn, MI",4,2024-06-30,117927.75008468612
Detroit,MI,"Detroit-Warren-Dearborn, MI",4,2024-07-31,119043.59097445093
Detroit,MI,"Detroit-Warren-Dearborn, MI",4,2024-08-31,120300.5937399182
Detroit,MI,"Detroit-Warren-Dearborn, MI",4,2024-09-30,120811.53680761265
Detroit,MI,"Detroit-Warren-Dearborn, MI",4,2024-10-31,120654.07590280929
Detroit,MI,"Detroit-Warren-Dearborn, MI",4,2024-11-30,120035.59177549496
Detroit,MI,"Detroit-Warren-Dearborn, MI",4,2024-12-31,119675.38750650133
Detroit,MI,"Detroit-Warren-Dearborn, MI",4,2025-01-31,119673.97185385648
Detroit,MI,"Detroit-Warren-Dearborn, MI",4,2025-02-28,119903.19801727837
Detroit,MI,"Detroit-Warren-Dearborn, MI",4,2025-03-31,120162.41240564168
Detroit,MI,"Detroit-Warren-Dearborn, MI",4,2025-04-30,120230.17214647886
Detroit,MI,"Detroit-Warren-Dearborn, MI",4,2025-05-31,120273.19171704918
Detroit,MI,"Detroit-Warren-Dearborn, MI",4,2025-06-30,120138.89186413048
Detroit,MI,"Detroit-Warren-Dearborn, MI",4,2025-07-31,120314.70375592729
Detroit,MI,"Detroit-Warren-Dearborn, MI",4,2025-08-31,120542.36131959474
Detroit,MI,"Detroit-Warren-Dearborn, MI",4,2025-09-30,120743.92545271978
Detroit,MI,"Detroit-Warren-Dearborn, MI",4,2025-10-31,120194.2890479358
Detroit,MI,"Detroit-Warren-Dearborn, MI",4,2025-11-30,119338.82258427038
Detroit,MI,"Detroit-Warren-Dearborn, MI",4,2025-12-31,118214.80020076597
Detroit,MI,"Detroit-Warren-Dearborn, MI",4,2026-01-31,117275.38109427526
Detroit,MI,"Detroit-Warren-Dearborn, MI",4,2026-02-28,116187.84534871735
Detroit,MI,"Detroit-Warren-Dearborn, MI",4,2026-03-31,115116.93753189174
Detroit,MI,"Detroit-Warren-Dearborn, MI",4,2026-04-30,114367.45929089264
Detroit,MI,"Detroit-Warren-Dearborn, MI",4,2026-05-31,114055.56377846967
Detroit,MI,"Detroit-Warren-Dearborn, MI",4,2026-06-30,114209.97225975478
Detroit,MI,"Detroit-Warren-Dearborn, MI",5,2020-01-31,123358.41739779832
Detroit,MI,"Detroit-Warren-Dearborn, MI",5,2020-02-29,124618.4783500883
Detroit,MI,"Detroit-Warren-Dearborn, MI",5,2020-03-31,126609.4057492842
Detroit,MI,"Detroit-Warren-Dearborn, MI",5,2020-04-30,129174.80230839054
Detroit,MI,"Detroit-Warren-Dearborn, MI",5,2020-05-31,131289.36561048005
Detroit,MI,"Detroit-Warren-Dearborn, MI",5,2020-06-30,132060.3557986882
Detroit,MI,"Detroit-Warren-Dearborn, MI",5,2020-07-31,132202.42024828514
Detroit,MI,"Detroit-Warren-Dearborn, MI",5,2020-08-31,132625.51754817457
Detroit,MI,"Detroit-Warren-Dearborn, MI",5,2020-09-30,134184.30207285238
Detroit,MI,"Detroit-Warren-Dearborn, MI",5,2020-10-31,136719.9197958859
Detroit,MI,"Detroit-Warren-Dearborn, MI",5,2020-11-30,140059.29511201565
Detroit,MI,"Detroit-Warren-Dearborn, MI",5,2020-12-31,143249.2885929259
Detroit,MI,"Detroit-Warren-Dearborn, MI",5,2021-01-31,146305.07059019236
Detroit,MI,"Detroit-Warren-Dearborn, MI",5,2021-02-28,149191.9377827386
Detroit,MI,"Detroit-Warren-Dearborn, MI",5,2021-03-31,152261.87325460828
Detroit,MI,"Detroit-Warren-Dearborn, MI",5,2021-04-30,154758.06913577733
Detroit,MI,"Detroit-Warren-Dearborn, MI",5,2021-05-31,157183.5597427317
Detroit,MI,"Detroit-Warren-Dearborn, MI",5,2021-06-30,159296.8721129914
Detroit,MI,"Detroit-Warren-Dearborn, MI",5,2021-07-31,160536.00936133985
Detroit,MI,"Detroit-Warren-Dearborn, MI",5,2021-08-31,160967.7086059889
Detroit,MI,"Detroit-Warren-Dearborn, MI",5,2021-09-30,160595.63569806857
Detroit,MI,"Detroit-Warren-Dearborn, MI",5,2021-10-31,160330.64374673972
Detroit,MI,"Detroit-Warren-Dearborn, MI",5,2021-11-30,160127.61751642576
Detroit,MI,"Detroit-Warren-Dearborn, MI",5,2021-12-31,160954.26541049662
Detroit,MI,"Detroit-Warren-Dearborn, MI",5,2022-01-31,163435.04417442306
Detroit,MI,"Detroit-Warren-Dearborn, MI",5,2022-02-28,167229.9930262715
Detroit,MI,"Detroit-Warren-Dearborn, MI",5,2022-03-31,171102.58944266857
Detroit,MI,"Detroit-Warren-Dearborn, MI",5,2022-04-30,173808.685297892
Detroit,MI,"Detroit-Warren-Dearborn, MI",5,2022-05-31,175819.6536138834
Detroit,MI,"Detroit-Warren-Dearborn, MI",5,2022-06-30,177462.921595178
Detroit,MI,"Detroit-Warren-Dearborn, MI",5,2022-07-31,178061.59439176985
Detroit,MI,"Detroit-Warren-Dearborn, MI",5,2022-08-31,176727.92422803878
Detroit,MI,"Detroit-Warren-Dearborn, MI",5,2022-09-30,173116.59219177565
Detroit,MI,"Detroit-Warren-Dearborn, MI",5,2022-10-31,169770.8246337853
Detroit,MI,"Detroit-Warren-Dearborn, MI",5,2022-11-30,167311.271245279
Detroit,MI,"Detroit-Warren-Dearborn, MI",5,2022-12-31,166043.43541858954
Detroit,MI,"Detroit-Warren-Dearborn, MI",5,2023-01-31,164400.5476557992
Detroit,MI,"Detroit-Warren-Dearborn, MI",5,2023-02-28,163402.3901636949
Detroit,MI,"Detroit-Warren-Dearborn, MI",5,2023-03-31,162384.77344661046
Detroit,MI,"Detroit-Warren-Dearborn, MI",5,2023-04-30,162111.0928162275
Detroit,MI,"Detroit-Warren-Dearborn, MI",5,2023-05-31,160752.01461850197
Detroit,MI,"Detroit-Warren-Dearborn, MI",5,2023-06-30,159135.01152518572
Detroit,MI,"Detroit-Warren-Dearborn, MI",5,2023-07-31,158190.97268147118
Detroit,MI,"Detroit-Warren-Dearborn, MI",5,2023-08-31,158215.01099400313
Detroit,MI,"Detroit-Warren-Dearborn, MI",5,2023-09-30,159438.17929235063
Detroit,MI,"Detroit-Warren-Dearborn, MI",5,2023-10-31,160540.53037310613
Detroit,MI,"Detroit-Warren-Dearborn, MI",5,2023-11-30,161448.62293994197
Detroit,MI,"Detroit-Warren-Dearborn, MI",5,2023-12-31,161937.8320207297
Detroit,MI,"Detroit-Warren-Dearborn, MI",5,2024-01-31,162322.76465196713
Detroit,MI,"Detroit-Warren-Dearborn, MI",5,2024-02-29,163034.48933363208
Detroit,MI,"Detroit-Warren-Dearborn, MI",5,2024-03-31,164025.17467687448
Detroit,MI,"Detroit-Warren-Dearborn, MI",5,2024-04-30,165588.35750720542
Detroit,MI,"Detroit-Warren-Dearborn, MI",5,2024-05-31,167063.75933099186
Detroit,MI,"Detroit-Warren-Dearborn, MI",5,2024-06-30,169069.1185684376
Detroit,MI,"Detroit-Warren-Dearborn, MI",5,2024-07-31,170925.37170850622
Detroit,MI,"Detroit-Warren-Dearborn, MI",5,2024-08-31,172637.58538450568
Detroit,MI,"Detroit-Warren-Dearborn, MI",5,2024-09-30,173154.91836210818
Detroit,MI,"Detroit-Warren-Dearborn, MI",5,2024-10-31,172642.98030418906
Detroit,MI,"Detroit-Warren-Dearborn, MI",5,2024-11-30,171907.09782435803
Detroit,MI,"Detroit-Warren-Dearborn, MI",5,2024-12-31,171555.46114341277
Detroit,MI,"Detroit-Warren-Dearborn, MI",5,2025-01-31,171968.47191388078
Detroit,MI,"Detroit-Warren-Dearborn, MI",5,2025-02-28,172744.4611678743
Detroit,MI,"Detroit-Warren-Dearborn, MI",5,2025-03-31,173816.5252023366
Detroit,MI,"Detroit-Warren-Dearborn, MI",5,2025-04-30,174602.60735841346
Detroit,MI,"Detroit-Warren-Dearborn, MI",5,2025-05-31,175094.3902613256
Detroit,MI,"Detroit-Warren-Dearborn, MI",5,2025-06-30,175073.39568239157
Detroit,MI,"Detroit-Warren-Dearborn, MI",5,2025-07-31,175121.48541633572
Detroit,MI,"Detroit-Warren-Dearborn, MI",5,2025-08-31,175387.68576275723
Detroit,MI,"Detroit-Warren-Dearborn, MI",5,2025-09-30,175706.49261051393
Detroit,MI,"Detroit-Warren-Dearborn, MI",5,2025-10-31,174992.0586000482
Detroit,MI,"Detroit-Warren-Dearborn, MI",5,2025-11-30,173692.6171319018
Detroit,MI,"Detroit-Warren-Dearborn, MI",5,2025-12-31,171990.99582508687
Detroit,MI,"Detroit-Warren-Dearborn, MI",5,2026-01-31,170894.64813513542
Detroit,MI,"Detroit-Warren-Dearborn, MI",5,2026-02-28,169623.419504856
Detroit,MI,"Detroit-Warren-Dearborn, MI",5,2026-03-31,168403.48755781105
Detroit,MI,"Detroit-Warren-Dearborn, MI",5,2026-04-30,167536.29393108716
Detroit,MI,"Detroit-Warren-Dearborn, MI",5,2026-05-31,167204.9100140724
Detroit,MI,"Detroit-Warren-Dearborn, MI",5,2026-06-30,167523.661636104
Houston,TX,"Houston-The Woodlands-Sugar Land, TX",1,2020-01-31,105734.19644639175
Houston,TX,"Houston-The Woodlands-Sugar Land, TX",1,2020-02-29,106295.41795924376
Houston,TX,"Houston-The Woodlands-Sugar Land, TX",1,2020-03-31,106820.93960923389
Houston,TX,"Houston-The Woodlands-Sugar Land, TX",1,2020-04-30,107269.67237967125
Houston,TX,"Houston-The Woodlands-Sugar Land, TX",1,2020-05-31,107386.37350388018
Houston,TX,"Houston-The Woodlands-Sugar Land, TX",1,2020-06-30,107258.49776003188
Houston,TX,"Houston-The Woodlands-Sugar Land, TX",1,2020-07-31,106914.4663010444
Houston,TX,"Houston-The Woodlands-Sugar Land, TX",1,2020-08-31,106886.0551436838
Houston,TX,"Houston-The Woodlands-Sugar Land, TX",1,2020-09-30,107149.62765291426
Houston,TX,"Houston-The Woodlands-Sugar Land, TX",1,2020-10-31,107719.00554663665
Houston,TX,"Houston-The Woodlands-Sugar Land, TX",1,2020-11-30,108543.51363276178
Houston,TX,"Houston-The Woodlands-Sugar Land, TX",1,2020-12-31,109271.82405800186
Houston,TX,"Houston-The Woodlands-Sugar Land, TX",1,2021-01-31,109761.40480239298
Houston,TX,"Houston-The Woodlands-Sugar Land, TX",1,2021-02-28,109987.50426306242
Houston,TX,"Houston-The Woodlands-Sugar Land, TX",1,2021-03-31,110361.15772387914
Houston,TX,"Houston-The Woodlands-Sugar Land, TX",1,2021-04-30,111002.14976991592
Houston,TX,"Houston-The Woodlands-Sugar Land, TX",1,2021-05-31,111963.16391181266
Houston,TX,"Houston-The Woodlands-Sugar Land, TX",1,2021-06-30,113137.11616330023
Houston,TX,"Houston-The Woodlands-Sugar Land, TX",1,2021-07-31,114147.79163176294
Houston,TX,"Houston-The Woodlands-Sugar Land, TX",1,2021-08-31,114768.73208386156
Houston,TX,"Houston-The Woodlands-Sugar Land, TX",1,2021-09-30,115092.98072065158
Houston,TX,"Houston-The Woodlands-Sugar Land, TX",1,2021-10-31,115659.28646519817
Houston,TX,"Houston-The Woodlands-Sugar Land, TX",1,2021-11-30,116455.1012435662
Houston,TX,"Houston-The Woodlands-Sugar Land, TX",1,2021-12-31,117467.18106965072
Houston,TX,"Houston-The Woodlands-Sugar Land, TX",1,2022-01-31,118872.33521387586
Houston,TX,"Houston-The Woodlands-Sugar Land, TX",1,2022-02-28,120270.592765783
Houston,TX,"Houston-The Woodlands-Sugar Land, TX",1,2022-03-31,121873.13556749265
Houston,TX,"Houston-The Woodlands-Sugar Land, TX",1,2022-04-30,123329.49541761688
Houston,TX,"Houston-The Woodlands-Sugar Land, TX",1,2022-05-31,124911.8339899887
Houston,TX,"Houston-The Woodlands-Sugar Land, TX",1,2022-06-30,126485.10943042258
Houston,TX,"Houston-The Woodlands-Sugar Land, TX",1,2022-07-31,127545.36845357006
Houston,TX,"Houston-The Woodlands-Sugar Land, TX",1,2022-08-31,128318.80795033825
Houston,TX,"Houston-The Woodlands-Sugar Land, TX",1,2022-09-30,128779.2106227284
Houston,TX,"Houston-The Woodlands-Sugar Land, TX",1,2022-10-31,129465.95882487176
Houston,TX,"Houston-The Woodlands-Sugar Land, TX",1,2022-11-30,130314.94179444492
Houston,TX,"Houston-The Woodlands-Sugar Land, TX",1,2022-12-31,131047.64011150882
Houston,TX,"Houston-The Woodlands-Sugar Land, TX",1,2023-01-31,131622.6493393993
Houston,TX,"Houston-The Woodlands-Sugar Land, TX",1,2023-02-28,132021.26259129492
Houston,TX,"Houston-The Woodlands-Sugar Land, TX",1,2023-03-31,132313.46439198023
Houston,TX,"Houston-The Woodlands-Sugar Land, TX",1,2023-04-30,132495.0651315034
Houston,TX,"Houston-The Woodlands-Sugar Land, TX",1,2023-05-31,132554.98664612
Houston,TX,"Houston-The Woodlands-Sugar Land, TX",1,2023-06-30,132638.24880932376
Houston,TX,"Houston-The Woodlands-Sugar Land, TX",1,2023-07-31,132779.3387999327
Houston,TX,"Houston-The Woodlands-Sugar Land, TX",1,2023-08-31,133106.08434396118
Houston,TX,"Houston-The Woodlands-Sugar Land, TX",1,2023-09-30,133352.04320260373
Houston,TX,"Houston-The Woodlands-Sugar Land, TX",1,2023-10-31,133345.43608092304
Houston,TX,"Houston-The Woodlands-Sugar Land, TX",1,2023-11-30,133309.08756231377
Houston,TX,"Houston-The Woodlands-Sugar Land, TX",1,2023-12-31,133052.55149333857
Houston,TX,"Houston-The Woodlands-Sugar Land, TX",1,2024-01-31,132972.0066184384
Houston,TX,"Houston-The Woodlands-Sugar Land, TX",1,2024-02-29,132683.47555123
Houston,TX,"Houston-The Woodlands-Sugar Land, TX",1,2024-03-31,132555.9093106948
Houston,TX,"Houston-The Woodlands-Sugar Land, TX",1,2024-04-30,132519.2759441165
Houston,TX,"Houston-The Woodlands-Sugar Land, TX",1,2024-05-31,132313.8047347196
Houston,TX,"Houston-The Woodlands-Sugar Land, TX",1,2024-06-30,131914.30640390542
Houston,TX,"Houston-The Woodlands-Sugar Land, TX",1,2024-07-31,131230.41254166933
Houston,TX,"Houston-The Woodlands-Sugar Land, TX",1,2024-08-31,130489.38386605494
Houston,TX,"Houston-The Woodlands-Sugar Land, TX",1,2024-09-30,129651.95405659878
Houston,TX,"Houston-The Woodlands-Sugar Land, TX",1,2024-10-31,128936.96503115748
Houston,TX,"Houston-The Woodlands-Sugar Land, TX",1,2024-11-30,128355.50702323017
Houston,TX,"Houston-The Woodlands-Sugar Land, TX",1,2024-12-31,127984.34284930635
Houston,TX,"Houston-The Woodlands-Sugar Land, TX",1,2025-01-31,127416.28029741692
Houston,TX,"Houston-The Woodlands-Sugar Land, TX",1,2025-02-28,126703.57586848638
Houston,TX,"Houston-The Woodlands-Sugar Land, TX",1,2025-03-31,125755.99948299344
Houston,TX,"Houston-The Woodlands-Sugar Land, TX",1,2025-04-30,124856.31587257975
Houston,TX,"Houston-The Woodlands-Sugar Land, TX",1,2025-05-31,123849.14439730014
Houston,TX,"Houston-The Woodlands-Sugar Land, TX",1,2025-06-30,122993.2293142019
Houston,TX,"Houston-The Woodlands-Sugar Land, TX",1,2025-07-31,122181.52814971878
Houston,TX,"Houston-The Woodlands-Sugar Land, TX",1,2025-08-31,121562.77767940256
Houston,TX,"Houston-The Woodlands-Sugar Land, TX",1,2025-09-30,120855.76236417716
Houston,TX,"Houston-The Woodlands-Sugar Land, TX",1,2025-10-31,119972.05803775176
Houston,TX,"Houston-The Woodlands-Sugar Land, TX",1,2025-11-30,118962.89207216528
Houston,TX,"Houston-The Woodlands-Sugar Land, TX",1,2025-12-31,117915.36462817717
Houston,TX,"Houston-The Woodlands-Sugar Land, TX",1,2026-01-31,117191.25827946232
Houston,TX,"Houston-The Woodlands-Sugar Land, TX",1,2026-02-28,116554.2053121197
Houston,TX,"Houston-The Woodlands-Sugar Land, TX",1,2026-03-31,115956.18008099007
Houston,TX,"Houston-The Woodlands-Sugar Land, TX",1,2026-04-30,115147.8181181089
Houston,TX,"Houston-The Woodlands-Sugar Land, TX",1,2026-05-31,114402.72142854217
Houston,TX,"Houston-The Woodlands-Sugar Land, TX",1,2026-06-30,113941.69422197615
Houston,TX,"Houston-The Woodlands-Sugar Land, TX",2,2020-01-31,141558.22473713104
Houston,TX,"Houston-The Woodlands-Sugar Land, TX",2,2020-02-29,142304.14290826322
Houston,TX,"Houston-The Woodlands-Sugar Land, TX",2,2020-03-31,143102.04503479632
Houston,TX,"Houston-The Woodlands-Sugar Land, TX",2,2020-04-30,143781.02723028694
Houston,TX,"Houston-The Woodlands-Sugar Land, TX",2,2020-05-31,143964.7355802904
Houston,TX,"Houston-The Woodlands-Sugar Land, TX",2,2020-06-30,143944.81420294128
Houston,TX,"Houston-The Woodlands-Sugar Land, TX",2,2020-07-31,143994.0641304388
Houston,TX,"Houston-The Woodlands-Sugar Land, TX",2,2020-08-31,144654.08242694437
Houston,TX,"Houston-The Woodlands-Sugar Land, TX",2,2020-09-30,145753.22472374258
Houston,TX,"Houston-The Woodlands-Sugar Land, TX",2,2020-10-31,147267.44707046542
Houston,TX,"Houston-The Woodlands-Sugar Land, TX",2,2020-11-30,149049.8020195916
Houston,TX,"Houston-The Woodlands-Sugar Land, TX",2,2020-12-31,150822.39161221177
Houston,TX,"Houston-The Woodlands-Sugar Land, TX",2,2021-01-31,152440.70389197333
Houston,TX,"Houston-The Woodlands-Sugar Land, TX",2,2021-02-28,153977.4580556733
Houston,TX,"Houston-The Woodlands-Sugar Land, TX",2,2021-03-31,155707.34893658935
Houston,TX,"Houston-The Woodlands-Sugar Land, TX",2,2021-04-30,157623.80595844143
Houston,TX,"Houston-The Woodlands-Sugar Land, TX",2,2021-05-31,159761.07805979368
Houston,TX,"Houston-The Woodlands-Sugar Land, TX",2,2021-06-30,161931.26960047567
Houston,TX,"Houston-The Woodlands-Sugar Land, TX",2,2021-07-31,163201.27781648337
Houston,TX,"Houston-The Woodlands-Sugar Land, TX",2,2021-08-31,163352.28577071562
Houston,TX,"Houston-The Woodlands-Sugar Land, TX",2,2021-09-30,162868.84396857614
Houston,TX,"Houston-The Woodlands-Sugar Land, TX",2,2021-10-31,163133.6752963574
Houston,TX,"Houston-The Woodlands-Sugar Land, TX",2,2021-11-30,164235.86795228883
Houston,TX,"Houston-The Woodlands-Sugar Land, TX",2,2021-12-31,165754.9637269842
Houston,TX,"Houston-The Woodlands-Sugar Land, TX",2,2022-01-31,168166.12674194964
Houston,TX,"Houston-The Woodlands-Sugar Land, TX",2,2022-02-28,171107.88252326078
Houston,TX,"Houston-The Woodlands-Sugar Land, TX",2,2022-03-31,174761.46458291516
Houston,TX,"Houston-The Woodlands-Sugar Land, TX",2,2022-04-30,178198.61343900798
Houston,TX,"Houston-The Woodlands-Sugar Land, TX",2,2022-05-31,181387.6332961369
Houston,TX,"Houston-The Woodlands-Sugar Land, TX",2,2022-06-30,184147.37978393203
Houston,TX,"Houston-The Woodlands-Sugar Land, TX",2,2022-07-31,186193.32349885703
Houston,TX,"Houston-The Woodlands-Sugar Land, TX",2,2022-08-31,187408.67380934383
Houston,TX,"Houston-The Woodlands-Sugar Land, TX",2,2022-09-30,188221.6867931128
Houston,TX,"Houston-The Woodlands-Sugar Land, TX",2,2022-10-31,189011.4192029377
Houston,TX,"Houston-The Woodlands-Sugar Land, TX",2,2022-11-30,189998.30631635737
Houston,TX,"Houston-The Woodlands-Sugar Land, TX",2,2022-12-31,190353.6031248949
Houston,TX,"Houston-The Woodlands-Sugar Land, TX",2,2023-01-31,190049.20932770008
Houston,TX,"Houston-The Woodlands-Sugar Land, TX",2,2023-02-28,189456.3609808724
Houston,TX,"Houston-The Woodlands-Sugar Land, TX",2,2023-03-31,189217.53959577985
Houston,TX,"Houston-The Woodlands-Sugar Land, TX",2,2023-04-30,189346.93905270656
Houston,TX,"Houston-The Woodlands-Sugar Land, TX",2,2023-05-31,189730.12203472797
Houston,TX,"Houston-The Woodlands-Sugar Land, TX",2,2023-06-30,190295.95341084665
Houston,TX,"Houston-The Woodlands-Sugar Land, TX",2,2023-07-31,190583.74529969343
Houston,TX,"Houston-The Woodlands-Sugar Land, TX",2,2023-08-31,190825.31898104935
Houston,TX,"Houston-The Woodlands-Sugar Land, TX",2,2023-09-30,190706.72704464456
Houston,TX,"Houston-The Woodlands-Sugar Land, TX",2,2023-10-31,190671.24956778777
Houston,TX,"Houston-The Woodlands-Sugar Land, TX",2,2023-11-30,190634.59710720103
Houston,TX,"Houston-The Woodlands-Sugar Land, TX",2,2023-12-31,190555.197460186
Houston,TX,"Houston-The Woodlands-Sugar Land, TX",2,2024-01-31,190713.26586298185
Houston,TX,"Houston-The Woodlands-Sugar Land, TX",2,2024-02-29,190775.43129998297
Houston,TX,"Houston-The Woodlands-Sugar Land, TX",2,2024-03-31,191227.66078073936
Houston,TX,"Houston-The Woodlands-Sugar Land, TX",2,2024-04-30,191786.9428605477
Houston,TX,"Houston-The Woodlands-Sugar Land, TX",2,2024-05-31,192203.79197128455
Houston,TX,"Houston-The Woodlands-Sugar Land, TX",2,2024-06-30,191995.44436422913
Houston,TX,"Houston-The Woodlands-Sugar Land, TX",2,2024-07-31,191243.68315969963
Houston,TX,"Houston-The Woodlands-Sugar Land, TX",2,2024-08-31,190201.84141821577
Houston,TX,"Houston-The Woodlands-Sugar Land, TX",2,2024-09-30,188985.2026511361
Houston,TX,"Houston-The Woodlands-Sugar Land, TX",2,2024-10-31,187881.7886510528
Houston,TX,"Houston-The Woodlands-Sugar Land, TX",2,2024-11-30,187057.77479301172
Houston,TX,"Houston-The Woodlands-Sugar Land, TX",2,2024-12-31,186766.4182522517
Houston,TX,"Houston-The Woodlands-Sugar Land, TX",2,2025-01-31,186219.63437152756
Houston,TX,"Houston-The Woodlands-Sugar Land, TX",2,2025-02-28,185525.0293730472
Houston,TX,"Houston-The Woodlands-Sugar Land, TX",2,2025-03-31,184310.88560409975
Houston,TX,"Houston-The Woodlands-Sugar Land, TX",2,2025-04-30,182932.07740350385
Houston,TX,"Houston-The Woodlands-Sugar Land, TX",2,2025-05-31,181251.79327294137
Houston,TX,"Houston-The Woodlands-Sugar Land, TX",2,2025-06-30,179551.28297617543
Houston,TX,"Houston-The Woodlands-Sugar Land, TX",2,2025-07-31,178103.8607972456
Houston,TX,"Houston-The Woodlands-Sugar Land, TX",2,2025-08-31,176808.23891778945
Houston,TX,"Houston-The Woodlands-Sugar Land, TX",2,2025-09-30,175554.60519703964
Houston,TX,"Houston-The Woodlands-Sugar Land, TX",2,2025-10-31,174321.63956685792
Houston,TX,"Houston-The Woodlands-Sugar Land, TX",2,2025-11-30,173487.79440148128
Houston,TX,"Houston-The Woodlands-Sugar Land, TX",2,2025-12-31,173040.15803084438
Houston,TX,"Houston-The Woodlands-Sugar Land, TX",2,2026-01-31,172911.85842432204
Houston,TX,"Houston-The Woodlands-Sugar Land, TX",2,2026-02-28,172566.54868201714
Houston,TX,"Houston-The Woodlands-Sugar Land, TX",2,2026-03-31,171992.31279444112
Houston,TX,"Houston-The Woodlands-Sugar Land, TX",2,2026-04-30,171071.22505417562
Houston,TX,"Houston-The Woodlands-Sugar Land, TX",2,2026-05-31,170117.27241867912
Houston,TX,"Houston-The Woodlands-Sugar Land, TX",2,2026-06-30,169401.12681068
Houston,TX,"Houston-The Woodlands-Sugar Land, TX",3,2020-01-31,186554.96793124417
Houston,TX,"Houston-The Woodlands-Sugar Land, TX",3,2020-02-29,187362.71264747623
Houston,TX,"Houston-The Woodlands-Sugar Land, TX",3,2020-03-31,188072.05951447148
Houston,TX,"Houston-The Woodlands-Sugar Land, TX",3,2020-04-30,188575.0059989516
Houston,TX,"Houston-The Woodlands-Sugar Land, TX",3,2020-05-31,188670.9020538928
Houston,TX,"Houston-The Woodlands-Sugar Land, TX",3,2020-06-30,188745.9494519909
Houston,TX,"Houston-The Woodlands-Sugar Land, TX",3,2020-07-31,189155.66020618865
Houston,TX,"Houston-The Woodlands-Sugar Land, TX",3,2020-08-31,190154.7524058796
Houston,TX,"Houston-The Woodlands-Sugar Land, TX",3,2020-09-30,191628.1226825222
Houston,TX,"Houston-The Woodlands-Sugar Land, TX",3,2020-10-31,193502.38761987071
Houston,TX,"Houston-The Woodlands-Sugar Land, TX",3,2020-11-30,195882.9435515479
Houston,TX,"Houston-The Woodlands-Sugar Land, TX",3,2020-12-31,198265.75127663664
Houston,TX,"Houston-The Woodlands-Sugar Land, TX",3,2021-01-31,200713.05796083703
Houston,TX,"Houston-The Woodlands-Sugar Land, TX",3,2021-02-28,203154.55658444125
Houston,TX,"Houston-The Woodlands-Sugar Land, TX",3,2021-03-31,205967.5575871248
Houston,TX,"Houston-The Woodlands-Sugar Land, TX",3,2021-04-30,208936.8974711968
Houston,TX,"Houston-The Woodlands-Sugar Land, TX",3,2021-05-31,212255.58039371253
Houston,TX,"Houston-The Woodlands-Sugar Land, TX",3,2021-06-30,215800.70698696328
Houston,TX,"Houston-The Woodlands-Sugar Land, TX",3,2021-07-31,218554.67435434368
Houston,TX,"Houston-The Woodlands-Sugar Land, TX",3,2021-08-31,220096.495984367
Houston,TX,"Houston-The Woodlands-Sugar Land, TX",3,2021-09-30,220771.57107198815
Houston,TX,"Houston-The Woodlands-Sugar Land, TX",3,2021-10-31,221944.82024351635
Houston,TX,"Houston-The Woodlands-Sugar Land, TX",3,2021-11-30,224051.15952816317
Houston,TX,"Houston-The Woodlands-Sugar Land, TX",3,2021-12-31,226732.65782775087
Houston,TX,"Houston-The Woodlands-Sugar Land, TX",3,2022-01-31,230855.89858629665
Houston,TX,"Houston-The Woodlands-Sugar Land, TX",3,2022-02-28,235870.06207128987
Houston,TX,"Houston-The Woodlands-Sugar Land, TX",3,2022-03-31,241677.18139020327
Houston,TX,"Houston-The Woodlands-Sugar Land, TX",3,2022-04-30,246847.89053598617
Houston,TX,"Houston-The Woodlands-Sugar Land, TX",3,2022-05-31,251277.38826279916
Houston,TX,"Houston-The Woodlands-Sugar Land, TX",3,2022-06-30,254907.55348352785
Houston,TX,"Houston-The Woodlands-Sugar Land, TX",3,2022-07-31,257444.20480767672
Houston,TX,"Houston-The Woodlands-Sugar Land, TX",3,2022-08-31,258778.60741520804
Houston,TX,"Houston-The Woodlands-Sugar Land, TX",3,2022-09-30,259299.61773363384
Houston,TX,"Houston-The Woodlands-Sugar Land, TX",3,2022-10-31,259558.88966191432
Houston,TX,"Houston-The Woodlands-Sugar Land, TX",3,2022-11-30,259720.44242747396
Houston,TX,"Houston-The Woodlands-Sugar Land, TX",3,2022-12-31,259212.60602643513
Houston,TX,"Houston-The Woodlands-Sugar Land, TX",3,2023-01-31,257958.3875346422
Houston,TX,"Houston-The Woodlands-Sugar Land, TX",3,2023-02-28,256560.9751225677
Houston,TX,"Houston-The Woodlands-Sugar Land, TX",3,2023-03-31,255632.78707510768
Houston,TX,"Houston-The Woodlands-Sugar Land, TX",3,2023-04-30,255398.415877966
Houston,TX,"Houston-The Woodlands-Sugar Land, TX",3,2023-05-31,255765.23545324593
Houston,TX,"Houston-The Woodlands-Sugar Land, TX",3,2023-06-30,256684.6813768101
Houston,TX,"Houston-The Woodlands-Sugar Land, TX",3,2023-07-31,257627.90945468456
Houston,TX,"Houston-The Woodlands-Sugar Land, TX",3,2023-08-31,258596.09089442113
Houston,TX,"Houston-The Woodlands-Sugar Land, TX",3,2023-09-30,259109.13070624965
Houston,TX,"Houston-The Woodlands-Sugar Land, TX",3,2023-10-31,259361.6984094796
Houston,TX,"Houston-The Woodlands-Sugar Land, TX",3,2023-11-30,259289.20869240185
Houston,TX,"Houston-The Woodlands-Sugar Land, TX",3,2023-12-31,259202.7653775932
Houston,TX,"Houston-The Woodlands-Sugar Land, TX",3,2024-01-31,259587.2399622257
Houston,TX,"Houston-The Woodlands-Sugar Land, TX",3,2024-02-29,260209.5571723462
Houston,TX,"Houston-The Woodlands-Sugar Land, TX",3,2024-03-31,261255.9574774234
Houston,TX,"Houston-The Woodlands-Sugar Land, TX",3,2024-04-30,262232.32008619123
Houston,TX,"Houston-The Woodlands-Sugar Land, TX",3,2024-05-31,262848.1815349907
Houston,TX,"Houston-The Woodlands-Sugar Land, TX",3,2024-06-30,262763.0928992279
Houston,TX,"Houston-The Woodlands-Sugar Land, TX",3,2024-07-31,262389.14995792374
Houston,TX,"Houston-The Woodlands-Sugar Land, TX",3,2024-08-31,261915.0331883876
Houston,TX,"Houston-The Woodlands-Sugar Land, TX",3,2024-09-30,261464.4433007273
Houston,TX,"Houston-The Woodlands-Sugar Land, TX",3,2024-10-31,260820.6674660171
Houston,TX,"Houston-The Woodlands-Sugar Land, TX",3,2024-11-30,260197.60882018344
Houston,TX,"Houston-The Woodlands-Sugar Land, TX",3,2024-12-31,259922.35922940503
Houston,TX,"Houston-The Woodlands-Sugar Land, TX",3,2025-01-31,259682.7917970865
Houston,TX,"Houston-The Woodlands-Sugar Land, TX",3,2025-02-28,259281.14718029997
Houston,TX,"Houston-The Woodlands-Sugar Land, TX",3,2025-03-31,258295.01450617347
Houston,TX,"Houston-The Woodlands-Sugar Land, TX",3,2025-04-30,257072.4819984522
Houston,TX,"Houston-The Woodlands-Sugar Land, TX",3,2025-05-31,255911.14209545736
Houston,TX,"Houston-The Woodlands-Sugar Land, TX",3,2025-06-30,254749.47935205585
Houston,TX,"Houston-The Woodlands-Sugar Land, TX",3,2025-07-31,253794.78149051763
Houston,TX,"Houston-The Woodlands-Sugar Land, TX",3,2025-08-31,252921.2509506262
Houston,TX,"Houston-The Woodlands-Sugar Land, TX",3,2025-09-30,252181.1478282565
Houston,TX,"Houston-The Woodlands-Sugar Land, TX",3,2025-10-31,251532.74437508392
Houston,TX,"Houston-The Woodlands-Sugar Land, TX",3,2025-11-30,251188.8494369022
Houston,TX,"Houston-The Woodlands-Sugar Land, TX",3,2025-12-31,251202.26441925263
Houston,TX,"Houston-The Woodlands-Sugar Land, TX",3,2026-01-31,251205.1545082672
Houston,TX,"Houston-The Woodlands-Sugar Land, TX",3,2026-02-28,250995.4609881843
Houston,TX,"Houston-The Woodlands-Sugar Land, TX",3,2026-03-31,250517.11635712255
Houston,TX,"Houston-The Woodlands-Sugar Land, TX",3,2026-04-30,249807.828474612
Houston,TX,"Houston-The Woodlands-Sugar Land, TX",3,2026-05-31,248906.22127768456
Houston,TX,"Houston-The Woodlands-Sugar Land, TX",3,2026-06-30,247905.7546320081
Houston,TX,"Houston-The Woodlands-Sugar Land, TX",4,2020-01-31,247374.95635438824
Houston,TX,"Houston-The Woodlands-Sugar Land, TX",4,2020-02-29,248100.478671129
Houston,TX,"Houston-The Woodlands-Sugar Land, TX",4,2020-03-31,248783.48350408665
Houston,TX,"Houston-The Woodlands-Sugar Land, TX",4,2020-04-30,249187.73811569903
Houston,TX,"Houston-The Woodlands-Sugar Land, TX",4,2020-05-31,249120.640093604
Houston,TX,"Houston-The Woodlands-Sugar Land, TX",4,2020-06-30,249173.46347870055
Houston,TX,"Houston-The Woodlands-Sugar Land, TX",4,2020-07-31,249719.71887359256
Houston,TX,"Houston-The Woodlands-Sugar Land, TX",4,2020-08-31,251170.4617945983
Houston,TX,"Houston-The Woodlands-Sugar Land, TX",4,2020-09-30,253240.57994030733
Houston,TX,"Houston-The Woodlands-Sugar Land, TX",4,2020-10-31,255892.434928725
Houston,TX,"Houston-The Woodlands-Sugar Land, TX",4,2020-11-30,259123.602606094
Houston,TX,"Houston-The Woodlands-Sugar Land, TX",4,2020-12-31,262404.14682589186
Houston,TX,"Houston-The Woodlands-Sugar Land, TX",4,2021-01-31,265844.19486734096
Houston,TX,"Houston-The Woodlands-Sugar Land, TX",4,2021-02-28,269185.7674305055
Houston,TX,"Houston-The Woodlands-Sugar Land, TX",4,2021-03-31,272825.05967226665
Houston,TX,"Houston-The Woodlands-Sugar Land, TX",4,2021-04-30,276576.8361723454
Houston,TX,"Houston-The Woodlands-Sugar Land, TX",4,2021-05-31,280926.50737158925
Houston,TX,"Houston-The Woodlands-Sugar Land, TX",4,2021-06-30,285629.1787450097
Houston,TX,"Houston-The Woodlands-Sugar Land, TX",4,2021-07-31,289773.97516597674
Houston,TX,"Houston-The Woodlands-Sugar Land, TX",4,2021-08-31,292742.1666610871
Houston,TX,"Houston-The Woodlands-Sugar Land, TX",4,2021-09-30,294724.9368481044
Houston,TX,"Houston-The Woodlands-Sugar Land, TX",4,2021-10-31,297057.44133660645
Houston,TX,"Houston-The Woodlands-Sugar Land, TX",4,2021-11-30,300211.8661937551
Houston,TX,"Houston-The Woodlands-Sugar Land, TX",4,2021-12-31,303987.8567675451
Houston,TX,"Houston-The Woodlands-Sugar Land, TX",4,2022-01-31,309126.88353414397
Houston,TX,"Houston-The Woodlands-Sugar Land, TX",4,2022-02-28,315222.8363845569
Houston,TX,"Houston-The Woodlands-Sugar Land, TX",4,2022-03-31,322300.04292143055
Houston,TX,"Houston-The Woodlands-Sugar Land, TX",4,2022-04-30,328851.1083397583
Houston,TX,"Houston-The Woodlands-Sugar Land, TX",4,2022-05-31,334631.3958232391
Houston,TX,"Houston-The Woodlands-Sugar Land, TX",4,2022-06-30,339539.6557202073
Houston,TX,"Houston-The Woodlands-Sugar Land, TX",4,2022-07-31,342976.7522264076
Houston,TX,"Houston-The Woodlands-Sugar Land, TX",4,2022-08-31,344531.68650145124
Houston,TX,"Houston-The Woodlands-Sugar Land, TX",4,2022-09-30,344511.63583702734
Houston,TX,"Houston-The Woodlands-Sugar Land, TX",4,2022-10-31,343971.5896546025
Houston,TX,"Houston-The Woodlands-Sugar Land, TX",4,2022-11-30,343403.59606192814
Houston,TX,"Houston-The Woodlands-Sugar Land, TX",4,2022-12-31,342357.48758516554
Houston,TX,"Houston-The Woodlands-Sugar Land, TX",4,2023-01-31,340734.0202137366
Houston,TX,"Houston-The Woodlands-Sugar Land, TX",4,2023-02-28,339123.0456235667
Houston,TX,"Houston-The Woodlands-Sugar Land, TX",4,2023-03-31,337926.3565794237
Houston,TX,"Houston-The Woodlands-Sugar Land, TX",4,2023-04-30,337288.60223559494
Houston,TX,"Houston-The Woodlands-Sugar Land, TX",4,2023-05-31,337258.82024512585
Houston,TX,"Houston-The Woodlands-Sugar Land, TX",4,2023-06-30,338047.6647997335
Houston,TX,"Houston-The Woodlands-Sugar Land, TX",4,2023-07-31,339121.31524219265
Houston,TX,"Houston-The Woodlands-Sugar Land, TX",4,2023-08-31,340233.4645359177
Houston,TX,"Houston-The Woodlands-Sugar Land, TX",4,2023-09-30,340768.2032379937
Houston,TX,"Houston-The Woodlands-Sugar Land, TX",4,2023-10-31,340947.167784515
Houston,TX,"Houston-The Woodlands-Sugar Land, TX",4,2023-11-30,340728.7001994818
Houston,TX,"Houston-The Woodlands-Sugar Land, TX",4,2023-12-31,340430.9298542336
Houston,TX,"Houston-The Woodlands-Sugar Land, TX",4,2024-01-31,340516.0391524466
Houston,TX,"Houston-The Woodlands-Sugar Land, TX",4,2024-02-29,341140.4032484225
Houston,TX,"Houston-The Woodlands-Sugar Land, TX",4,2024-03-31,342468.5186056843
Houston,TX,"Houston-The Woodlands-Sugar Land, TX",4,2024-04-30,343994.3689334488
Houston,TX,"Houston-The Woodlands-Sugar Land, TX",4,2024-05-31,344865.1266273169
Houston,TX,"Houston-The Woodlands-Sugar Land, TX",4,2024-06-30,344753.3560519785
Houston,TX,"Houston-The Woodlands-Sugar Land, TX",4,2024-07-31,344180.51207014243
Houston,TX,"Houston-The Woodlands-Sugar Land, TX",4,2024-08-31,343750.6877984675
Houston,TX,"Houston-The Woodlands-Sugar Land, TX",4,2024-09-30,343648.9007555436
Houston,TX,"Houston-The Woodlands-Sugar Land, TX",4,2024-10-31,343509.2750700387
Houston,TX,"Houston-The Woodlands-Sugar Land, TX",4,2024-11-30,343309.1163805275
Houston,TX,"Houston-The Woodlands-Sugar Land, TX",4,2024-12-31,343267.374728169
Houston,TX,"Houston-The Woodlands-Sugar Land, TX",4,2025-01-31,343273.50934970105
Houston,TX,"Houston-The Woodlands-Sugar Land, TX",4,2025-02-28,343095.6960810669
Houston,TX,"Houston-The Woodlands-Sugar Land, TX",4,2025-03-31,342237.4568618578
Houston,TX,"Houston-The Woodlands-Sugar Land, TX",4,2025-04-30,340849.055289353
Houston,TX,"Houston-The Woodlands-Sugar Land, TX",4,2025-05-31,339405.2390095053
Houston,TX,"Houston-The Woodlands-Sugar Land, TX",4,2025-06-30,337983.43646922294
Houston,TX,"Houston-The Woodlands-Sugar Land, TX",4,2025-07-31,337076.5089757193
Houston,TX,"Houston-The Woodlands-Sugar Land, TX",4,2025-08-31,336524.93600589666
Houston,TX,"Houston-The Woodlands-Sugar Land, TX",4,2025-09-30,336260.06386037107
Houston,TX,"Houston-The Woodlands-Sugar Land, TX",4,2025-10-31,336104.3740637624
Houston,TX,"Houston-The Woodlands-Sugar Land, TX",4,2025-11-30,336028.9159294811
Houston,TX,"Houston-The Woodlands-Sugar Land, TX",4,2025-12-31,336209.6487047589
Houston,TX,"Houston-The Woodlands-Sugar Land, TX",4,2026-01-31,336024.0906866453
Houston,TX,"Houston-The Woodlands-Sugar Land, TX",4,2026-02-28,335601.2208222826
Houston,TX,"Houston-The Woodlands-Sugar Land, TX",4,2026-03-31,334841.0546282526
Houston,TX,"Houston-The Woodlands-Sugar Land, TX",4,2026-04-30,334053.55837517936
Houston,TX,"Houston-The Woodlands-Sugar Land, TX",4,2026-05-31,333046.5344754783
Houston,TX,"Houston-The Woodlands-Sugar Land, TX",4,2026-06-30,332039.7513423292
Houston,TX,"Houston-The Woodlands-Sugar Land, TX",5,2020-01-31,409555.2537194113
Houston,TX,"Houston-The Woodlands-Sugar Land, TX",5,2020-02-29,410409.54426596826
Houston,TX,"Houston-The Woodlands-Sugar Land, TX",5,2020-03-31,411029.1889236833
Houston,TX,"Houston-The Woodlands-Sugar Land, TX",5,2020-04-30,411152.8684427115
Houston,TX,"Houston-The Woodlands-Sugar Land, TX",5,2020-05-31,410637.99973076634
Houston,TX,"Houston-The Woodlands-Sugar Land, TX",5,2020-06-30,410146.4476393385
Houston,TX,"Houston-The Woodlands-Sugar Land, TX",5,2020-07-31,410722.6939484904
Houston,TX,"Houston-The Woodlands-Sugar Land, TX",5,2020-08-31,412904.0884374357
Houston,TX,"Houston-The Woodlands-Sugar Land, TX",5,2020-09-30,416445.3296943715
Houston,TX,"Houston-The Woodlands-Sugar Land, TX",5,2020-10-31,420709.04199738073
Houston,TX,"Houston-The Woodlands-Sugar Land, TX",5,2020-11-30,425653.12444013817
Houston,TX,"Houston-The Woodlands-Sugar Land, TX",5,2020-12-31,430749.7312171065
Houston,TX,"Houston-The Woodlands-Sugar Land, TX",5,2021-01-31,436312.0260704425
Houston,TX,"Houston-The Woodlands-Sugar Land, TX",5,2021-02-28,441823.8555316524
Houston,TX,"Houston-The Woodlands-Sugar Land, TX",5,2021-03-31,447238.0142587665
Houston,TX,"Houston-The Woodlands-Sugar Land, TX",5,2021-04-30,452362.2306282418
Houston,TX,"Houston-The Woodlands-Sugar Land, TX",5,2021-05-31,458269.4658183644
Houston,TX,"Houston-The Woodlands-Sugar Land, TX",5,2021-06-30,464390.2621660885
Houston,TX,"Houston-The Woodlands-Sugar Land, TX",5,2021-07-31,470132.2368863767
Houston,TX,"Houston-The Woodlands-Sugar Land, TX",5,2021-08-31,474579.1121935639
Houston,TX,"Houston-The Woodlands-Sugar Land, TX",5,2021-09-30,478225.2877783539
Houston,TX,"Houston-The Woodlands-Sugar Land, TX",5,2021-10-31,481984.74358721514
Houston,TX,"Houston-The Woodlands-Sugar Land, TX",5,2021-11-30,486683.6448201588
Houston,TX,"Houston-The Woodlands-Sugar Land, TX",5,2021-12-31,491953.34184508695
Houston,TX,"Houston-The Woodlands-Sugar Land, TX",5,2022-01-31,498615.36049838696
Houston,TX,"Houston-The Woodlands-Sugar Land, TX",5,2022-02-28,506184.8185709671
Houston,TX,"Houston-The Woodlands-Sugar Land, TX",5,2022-03-31,515559.7966450996
Houston,TX,"Houston-The Woodlands-Sugar Land, TX",5,2022-04-30,525169.0107499555
Houston,TX,"Houston-The Woodlands-Sugar Land, TX",5,2022-05-31,534584.8117220146
Houston,TX,"Houston-The Woodlands-Sugar Land, TX",5,2022-06-30,542477.98004898
Houston,TX,"Houston-The Woodlands-Sugar Land, TX",5,2022-07-31,547635.862273018
Houston,TX,"Houston-The Woodlands-Sugar Land, TX",5,2022-08-31,549545.8729922072
Houston,TX,"Houston-The Woodlands-Sugar Land, TX",5,2022-09-30,549293.8429619541
Houston,TX,"Houston-The Woodlands-Sugar Land, TX",5,2022-10-31,548845.4028613464
Houston,TX,"Houston-The Woodlands-Sugar Land, TX",5,2022-11-30,548586.4201074381
Houston,TX,"Houston-The Woodlands-Sugar Land, TX",5,2022-12-31,548250.0418270101
Houston,TX,"Houston-The Woodlands-Sugar Land, TX",5,2023-01-31,547414.621639623
Houston,TX,"Houston-The Woodlands-Sugar Land, TX",5,2023-02-28,546727.497253654
Houston,TX,"Houston-The Woodlands-Sugar Land, TX",5,2023-03-31,546447.0024828013
Houston,TX,"Houston-The Woodlands-Sugar Land, TX",5,2023-04-30,547108.5373125604
Houston,TX,"Houston-The Woodlands-Sugar Land, TX",5,2023-05-31,548910.2021741386
Houston,TX,"Houston-The Woodlands-Sugar Land, TX",5,2023-06-30,551628.8430754911
Houston,TX,"Houston-The Woodlands-Sugar Land, TX",5,2023-07-31,554396.6845923109
Houston,TX,"Houston-The Woodlands-Sugar Land, TX",5,2023-08-31,557030.9569818488
Houston,TX,"Houston-The Woodlands-Sugar Land, TX",5,2023-09-30,559113.0132686417
Houston,TX,"Houston-The Woodlands-Sugar Land, TX",5,2023-10-31,560172.7827676412
Houston,TX,"Houston-The Woodlands-Sugar Land, TX",5,2023-11-30,560484.6955481933
Houston,TX,"Houston-The Woodlands-Sugar Land, TX",5,2023-12-31,560870.6363149734
Houston,TX,"Houston-The Woodlands-Sugar Land, TX",5,2024-01-31,562335.1086705589
Houston,TX,"Houston-The Woodlands-Sugar Land, TX",5,2024-02-29,564652.2900342183
Houston,TX,"Houston-The Woodlands-Sugar Land, TX",5,2024-03-31,567673.797881086
Houston,TX,"Houston-The Woodlands-Sugar Land, TX",5,2024-04-30,571172.2359295097
Houston,TX,"Houston-The Woodlands-Sugar Land, TX",5,2024-05-31,573606.1000198612
Houston,TX,"Houston-The Woodlands-Sugar Land, TX",5,2024-06-30,574559.968811642
Houston,TX,"Houston-The Woodlands-Sugar Land, TX",5,2024-07-31,574320.0613007671
Houston,TX,"Houston-The Woodlands-Sugar Land, TX",5,2024-08-31,574333.8918534181
Houston,TX,"Houston-The Woodlands-Sugar Land, TX",5,2024-09-30,575217.4825833702
Houston,TX,"Houston-The Woodlands-Sugar Land, TX",5,2024-10-31,576378.069639528
Houston,TX,"Houston-The Woodlands-Sugar Land, TX",5,2024-11-30,577150.8254142944
Houston,TX,"Houston-The Woodlands-Sugar Land, TX",5,2024-12-31,577235.7713643694
Houston,TX,"Houston-The Woodlands-Sugar Land, TX",5,2025-01-31,577160.0189140448
Houston,TX,"Houston-The Woodlands-Sugar Land, TX",5,2025-02-28,577050.7955641011
Houston,TX,"Houston-The Woodlands-Sugar Land, TX",5,2025-03-31,576290.808405205
Houston,TX,"Houston-The Woodlands-Sugar Land, TX",5,2025-04-30,574958.404532214
Houston,TX,"Houston-The Woodlands-Sugar Land, TX",5,2025-05-31,573154.4274687622
Houston,TX,"Houston-The Woodlands-Sugar Land, TX",5,2025-06-30,571038.5639527467
Houston,TX,"Houston-The Woodlands-Sugar Land, TX",5,2025-07-31,569347.5923985963
Houston,TX,"Houston-The Woodlands-Sugar Land, TX",5,2025-08-31,568433.0542400116
Houston,TX,"Houston-The Woodlands-Sugar Land, TX",5,2025-09-30,568645.2385855553
Houston,TX,"Houston-The Woodlands-Sugar Land, TX",5,2025-10-31,569716.5983297545
Houston,TX,"Houston-The Woodlands-Sugar Land, TX",5,2025-11-30,571010.9248807571
Houston,TX,"Houston-The Woodlands-Sugar Land, TX",5,2025-12-31,572355.443807749
Houston,TX,"Houston-The Woodlands-Sugar Land, TX",5,2026-01-31,572784.3709508814
Houston,TX,"Houston-The Woodlands-Sugar Land, TX",5,2026-02-28,572691.8523958063
Houston,TX,"Houston-The Woodlands-Sugar Land, TX",5,2026-03-31,572007.8434781989
Houston,TX,"Houston-The Woodlands-Sugar Land, TX",5,2026-04-30,571107.052430046
Houston,TX,"Houston-The Woodlands-Sugar Land, TX",5,2026-05-31,570242.287491178
Houston,TX,"Houston-The Woodlands-Sugar Land, TX",5,2026-06-30,569925.0600461797
Los Angeles,CA,"Los Angeles-Long Beach-Anaheim, CA",1,2020-01-31,533920.1010344132
Los Angeles,CA,"Los Angeles-Long Beach-Anaheim, CA",1,2020-02-29,535379.6747811853
Los Angeles,CA,"Los Angeles-Long Beach-Anaheim, CA",1,2020-03-31,534705.1916012914
Los Angeles,CA,"Los Angeles-Long Beach-Anaheim, CA",1,2020-04-30,533486.6531731588
Los Angeles,CA,"Los Angeles-Long Beach-Anaheim, CA",1,2020-05-31,530917.8803766486
Los Angeles,CA,"Los Angeles-Long Beach-Anaheim, CA",1,2020-06-30,527174.6533443723
Los Angeles,CA,"Los Angeles-Long Beach-Anaheim, CA",1,2020-07-31,525903.4607168391
Los Angeles,CA,"Los Angeles-Long Beach-Anaheim, CA",1,2020-08-31,528973.2992559731
Los Angeles,CA,"Los Angeles-Long Beach-Anaheim, CA",1,2020-09-30,536039.2566895896
Los Angeles,CA,"Los Angeles-Long Beach-Anaheim, CA",1,2020-10-31,543868.1308212737
Los Angeles,CA,"Los Angeles-Long Beach-Anaheim, CA",1,2020-11-30,552251.2563366322
Los Angeles,CA,"Los Angeles-Long Beach-Anaheim, CA",1,2020-12-31,559919.7473902663
Los Angeles,CA,"Los Angeles-Long Beach-Anaheim, CA",1,2021-01-31,562902.1688445514
Los Angeles,CA,"Los Angeles-Long Beach-Anaheim, CA",1,2021-02-28,561806.8829718671
Los Angeles,CA,"Los Angeles-Long Beach-Anaheim, CA",1,2021-03-31,558186.5531723993
Los Angeles,CA,"Los Angeles-Long Beach-Anaheim, CA",1,2021-04-30,557370.8684129178
Los Angeles,CA,"Los Angeles-Long Beach-Anaheim, CA",1,2021-05-31,558626.1926706812
Los Angeles,CA,"Los Angeles-Long Beach-Anaheim, CA",1,2021-06-30,561962.9145139371
Los Angeles,CA,"Los Angeles-Long Beach-Anaheim, CA",1,2021-07-31,568289.7519779418
Los Angeles,CA,"Los Angeles-Long Beach-Anaheim, CA",1,2021-08-31,575669.1104743086
Los Angeles,CA,"Los Angeles-Long Beach-Anaheim, CA",1,2021-09-30,582480.496377159
Los Angeles,CA,"Los Angeles-Long Beach-Anaheim, CA",1,2021-10-31,588223.8280505816
Los Angeles,CA,"Los Angeles-Long Beach-Anaheim, CA",1,2021-11-30,594164.845017584
Los Angeles,CA,"Los Angeles-Long Beach-Anaheim, CA",1,2021-12-31,601234.0867176572
Los Angeles,CA,"Los Angeles-Long Beach-Anaheim, CA",1,2022-01-31,605363.9502746417
Los Angeles,CA,"Los Angeles-Long Beach-Anaheim, CA",1,2022-02-28,606256.2927136268
Los Angeles,CA,"Los Angeles-Long Beach-Anaheim, CA",1,2022-03-31,605326.7183250664
Los Angeles,CA,"Los Angeles-Long Beach-Anaheim, CA",1,2022-04-30,604320.3223399129
Los Angeles,CA,"Los Angeles-Long Beach-Anaheim, CA",1,2022-05-31,605667.3053890234
Los Angeles,CA,"Los Angeles-Long Beach-Anaheim, CA",1,2022-06-30,606857.5982191319
Los Angeles,CA,"Los Angeles-Long Beach-Anaheim, CA",1,2022-07-31,609626.8902850911
Los Angeles,CA,"Los Angeles-Long Beach-Anaheim, CA",1,2022-08-31,610335.4051174638
Los Angeles,CA,"Los Angeles-Long Beach-Anaheim, CA",1,2022-09-30,610818.1141511308
Los Angeles,CA,"Los Angeles-Long Beach-Anaheim, CA",1,2022-10-31,610656.6749162365
Los Angeles,CA,"Los Angeles-Long Beach-Anaheim, CA",1,2022-11-30,611862.410243712
Los Angeles,CA,"Los Angeles-Long Beach-Anaheim, CA",1,2022-12-31,612882.1465276649
Los Angeles,CA,"Los Angeles-Long Beach-Anaheim, CA",1,2023-01-31,610429.5735170388
Los Angeles,CA,"Los Angeles-Long Beach-Anaheim, CA",1,2023-02-28,604371.6221111119
Los Angeles,CA,"Los Angeles-Long Beach-Anaheim, CA",1,2023-03-31,596778.7838613967
Los Angeles,CA,"Los Angeles-Long Beach-Anaheim, CA",1,2023-04-30,591693.6681120096
Los Angeles,CA,"Los Angeles-Long Beach-Anaheim, CA",1,2023-05-31,589302.3019274572
Los Angeles,CA,"Los Angeles-Long Beach-Anaheim, CA",1,2023-06-30,589395.8487501292
Los Angeles,CA,"Los Angeles-Long Beach-Anaheim, CA",1,2023-07-31,592210.7840095956
Los Angeles,CA,"Los Angeles-Long Beach-Anaheim, CA",1,2023-08-31,597369.3556698181
Los Angeles,CA,"Los Angeles-Long Beach-Anaheim, CA",1,2023-09-30,603637.5469881204
Los Angeles,CA,"Los Angeles-Long Beach-Anaheim, CA",1,2023-10-31,608181.6975060826
Los Angeles,CA,"Los Angeles-Long Beach-Anaheim, CA",1,2023-11-30,610782.761455629
Los Angeles,CA,"Los Angeles-Long Beach-Anaheim, CA",1,2023-12-31,610984.217406195
Los Angeles,CA,"Los Angeles-Long Beach-Anaheim, CA",1,2024-01-31,608007.6312193037
Los Angeles,CA,"Los Angeles-Long Beach-Anaheim, CA",1,2024-02-29,601308.5327608886
Los Angeles,CA,"Los Angeles-Long Beach-Anaheim, CA",1,2024-03-31,594510.5900176313
Los Angeles,CA,"Los Angeles-Long Beach-Anaheim, CA",1,2024-04-30,589444.8641756374
Los Angeles,CA,"Los Angeles-Long Beach-Anaheim, CA",1,2024-05-31,586878.1812367087
Los Angeles,CA,"Los Angeles-Long Beach-Anaheim, CA",1,2024-06-30,583030.0993023106
Los Angeles,CA,"Los Angeles-Long Beach-Anaheim, CA",1,2024-07-31,581671.1353299529
Los Angeles,CA,"Los Angeles-Long Beach-Anaheim, CA",1,2024-08-31,581865.3383750011
Los Angeles,CA,"Los Angeles-Long Beach-Anaheim, CA",1,2024-09-30,584448.9639427415
Los Angeles,CA,"Los Angeles-Long Beach-Anaheim, CA",1,2024-10-31,585870.8503865883
Los Angeles,CA,"Los Angeles-Long Beach-Anaheim, CA",1,2024-11-30,586376.5522238445
Los Angeles,CA,"Los Angeles-Long Beach-Anaheim, CA",1,2024-12-31,586441.2004395922
Los Angeles,CA,"Los Angeles-Long Beach-Anaheim, CA",1,2025-01-31,583246.2730870872
Los Angeles,CA,"Los Angeles-Long Beach-Anaheim, CA",1,2025-02-28,578794.1465089592
Los Angeles,CA,"Los Angeles-Long Beach-Anaheim, CA",1,2025-03-31,572178.7606770485
Los Angeles,CA,"Los Angeles-Long Beach-Anaheim, CA",1,2025-04-30,567526.2397422072
Los Angeles,CA,"Los Angeles-Long Beach-Anaheim, CA",1,2025-05-31,562790.4479806136
Los Angeles,CA,"Los Angeles-Long Beach-Anaheim, CA",1,2025-06-30,559145.6848688802
Los Angeles,CA,"Los Angeles-Long Beach-Anaheim, CA",1,2025-07-31,556255.8300024023
Los Angeles,CA,"Los Angeles-Long Beach-Anaheim, CA",1,2025-08-31,555109.4985659342
Los Angeles,CA,"Los Angeles-Long Beach-Anaheim, CA",1,2025-09-30,555272.8651867337
Los Angeles,CA,"Los Angeles-Long Beach-Anaheim, CA",1,2025-10-31,556331.1770308724
Los Angeles,CA,"Los Angeles-Long Beach-Anaheim, CA",1,2025-11-30,557000.2603712791
Los Angeles,CA,"Los Angeles-Long Beach-Anaheim, CA",1,2025-12-31,557337.4017559185
Los Angeles,CA,"Los Angeles-Long Beach-Anaheim, CA",1,2026-01-31,556849.6954007494
Los Angeles,CA,"Los Angeles-Long Beach-Anaheim, CA",1,2026-02-28,555612.9710635431
Los Angeles,CA,"Los Angeles-Long Beach-Anaheim, CA",1,2026-03-31,552304.8840532181
Los Angeles,CA,"Los Angeles-Long Beach-Anaheim, CA",1,2026-04-30,547914.8466069542
Los Angeles,CA,"Los Angeles-Long Beach-Anaheim, CA",1,2026-05-31,543970.9177191644
Los Angeles,CA,"Los Angeles-Long Beach-Anaheim, CA",1,2026-06-30,541412.4886189634
Los Angeles,CA,"Los Angeles-Long Beach-Anaheim, CA",2,2020-01-31,621187.7272536835
Los Angeles,CA,"Los Angeles-Long Beach-Anaheim, CA",2,2020-02-29,622798.2194349825
Los Angeles,CA,"Los Angeles-Long Beach-Anaheim, CA",2,2020-03-31,622756.7827730185
Los Angeles,CA,"Los Angeles-Long Beach-Anaheim, CA",2,2020-04-30,622701.4272339729
Los Angeles,CA,"Los Angeles-Long Beach-Anaheim, CA",2,2020-05-31,620422.811451057
Los Angeles,CA,"Los Angeles-Long Beach-Anaheim, CA",2,2020-06-30,615994.9251330801
Los Angeles,CA,"Los Angeles-Long Beach-Anaheim, CA",2,2020-07-31,615336.0108182341
Los Angeles,CA,"Los Angeles-Long Beach-Anaheim, CA",2,2020-08-31,620862.0087278554
Los Angeles,CA,"Los Angeles-Long Beach-Anaheim, CA",2,2020-09-30,632706.8308573784
Los Angeles,CA,"Los Angeles-Long Beach-Anaheim, CA",2,2020-10-31,645631.8238626119
Los Angeles,CA,"Los Angeles-Long Beach-Anaheim, CA",2,2020-11-30,658962.7956239034
Los Angeles,CA,"Los Angeles-Long Beach-Anaheim, CA",2,2020-12-31,670639.2319830952
Los Angeles,CA,"Los Angeles-Long Beach-Anaheim, CA",2,2021-01-31,675848.9173195822
Los Angeles,CA,"Los Angeles-Long Beach-Anaheim, CA",2,2021-02-28,677126.422527437
Los Angeles,CA,"Los Angeles-Long Beach-Anaheim, CA",2,2021-03-31,675778.3967988618
Los Angeles,CA,"Los Angeles-Long Beach-Anaheim, CA",2,2021-04-30,679255.5993178735
Los Angeles,CA,"Los Angeles-Long Beach-Anaheim, CA",2,2021-05-31,685976.3433944508
Los Angeles,CA,"Los Angeles-Long Beach-Anaheim, CA",2,2021-06-30,694764.2095420923
Los Angeles,CA,"Los Angeles-Long Beach-Anaheim, CA",2,2021-07-31,705628.3019426088
Los Angeles,CA,"Los Angeles-Long Beach-Anaheim, CA",2,2021-08-31,715317.7586317937
Los Angeles,CA,"Los Angeles-Long Beach-Anaheim, CA",2,2021-09-30,724276.7180110778
Los Angeles,CA,"Los Angeles-Long Beach-Anaheim, CA",2,2021-10-31,731292.3608232242
Los Angeles,CA,"Los Angeles-Long Beach-Anaheim, CA",2,2021-11-30,737998.9531805549
Los Angeles,CA,"Los Angeles-Long Beach-Anaheim, CA",2,2021-12-31,745182.675761798
Los Angeles,CA,"Los Angeles-Long Beach-Anaheim, CA",2,2022-01-31,751525.2755623179
Los Angeles,CA,"Los Angeles-Long Beach-Anaheim, CA",2,2022-02-28,757438.2877488945
Los Angeles,CA,"Los Angeles-Long Beach-Anaheim, CA",2,2022-03-31,763279.9616754135
Los Angeles,CA,"Los Angeles-Long Beach-Anaheim, CA",2,2022-04-30,768754.5045949793
Los Angeles,CA,"Los Angeles-Long Beach-Anaheim, CA",2,2022-05-31,774405.781042308
Los Angeles,CA,"Los Angeles-Long Beach-Anaheim, CA",2,2022-06-30,777965.3034034367
Los Angeles,CA,"Los Angeles-Long Beach-Anaheim, CA",2,2022-07-31,781375.6024198672
Los Angeles,CA,"Los Angeles-Long Beach-Anaheim, CA",2,2022-08-31,781135.47732415
Los Angeles,CA,"Los Angeles-Long Beach-Anaheim, CA",2,2022-09-30,779548.2955011814
Los Angeles,CA,"Los Angeles-Long Beach-Anaheim, CA",2,2022-10-31,776619.3800759498
Los Angeles,CA,"Los Angeles-Long Beach-Anaheim, CA",2,2022-11-30,775879.7352236804
Los Angeles,CA,"Los Angeles-Long Beach-Anaheim, CA",2,2022-12-31,775370.0152255958
Los Angeles,CA,"Los Angeles-Long Beach-Anaheim, CA",2,2023-01-31,769445.8475509234
Los Angeles,CA,"Los Angeles-Long Beach-Anaheim, CA",2,2023-02-28,758763.5456259331
Los Angeles,CA,"Los Angeles-Long Beach-Anaheim, CA",2,2023-03-31,746974.8203913615
Los Angeles,CA,"Los Angeles-Long Beach-Anaheim, CA",2,2023-04-30,740827.6253413077
Los Angeles,CA,"Los Angeles-Long Beach-Anaheim, CA",2,2023-05-31,740087.1291367672
Los Angeles,CA,"Los Angeles-Long Beach-Anaheim, CA",2,2023-06-30,743517.5123592457
Los Angeles,CA,"Los Angeles-Long Beach-Anaheim, CA",2,2023-07-31,751369.1075990406
Los Angeles,CA,"Los Angeles-Long Beach-Anaheim, CA",2,2023-08-31,762445.1945068537
Los Angeles,CA,"Los Angeles-Long Beach-Anaheim, CA",2,2023-09-30,774071.2320547798
Los Angeles,CA,"Los Angeles-Long Beach-Anaheim, CA",2,2023-10-31,783695.7872737795
Los Angeles,CA,"Los Angeles-Long Beach-Anaheim, CA",2,2023-11-30,790456.1178076406
Los Angeles,CA,"Los Angeles-Long Beach-Anaheim, CA",2,2023-12-31,794310.6135881534
Los Angeles,CA,"Los Angeles-Long Beach-Anaheim, CA",2,2024-01-31,791784.2542477328
Los Angeles,CA,"Los Angeles-Long Beach-Anaheim, CA",2,2024-02-29,785016.02821628
Los Angeles,CA,"Los Angeles-Long Beach-Anaheim, CA",2,2024-03-31,778326.1303543773
Los Angeles,CA,"Los Angeles-Long Beach-Anaheim, CA",2,2024-04-30,775125.4372339795
Los Angeles,CA,"Los Angeles-Long Beach-Anaheim, CA",2,2024-05-31,774260.2485639931
Los Angeles,CA,"Los Angeles-Long Beach-Anaheim, CA",2,2024-06-30,772783.4302686681
Los Angeles,CA,"Los Angeles-Long Beach-Anaheim, CA",2,2024-07-31,774394.6817405889
Los Angeles,CA,"Los Angeles-Long Beach-Anaheim, CA",2,2024-08-31,778455.2561995033
Los Angeles,CA,"Los Angeles-Long Beach-Anaheim, CA",2,2024-09-30,784387.9549722172
Los Angeles,CA,"Los Angeles-Long Beach-Anaheim, CA",2,2024-10-31,788593.8161309501
Los Angeles,CA,"Los Angeles-Long Beach-Anaheim, CA",2,2024-11-30,791936.7147995159
Los Angeles,CA,"Los Angeles-Long Beach-Anaheim, CA",2,2024-12-31,794685.9634360704
Los Angeles,CA,"Los Angeles-Long Beach-Anaheim, CA",2,2025-01-31,793341.0171873588
Los Angeles,CA,"Los Angeles-Long Beach-Anaheim, CA",2,2025-02-28,788755.7103342684
Los Angeles,CA,"Los Angeles-Long Beach-Anaheim, CA",2,2025-03-31,780540.3888226078
Los Angeles,CA,"Los Angeles-Long Beach-Anaheim, CA",2,2025-04-30,773765.5476769215
Los Angeles,CA,"Los Angeles-Long Beach-Anaheim, CA",2,2025-05-31,767317.2076092152
Los Angeles,CA,"Los Angeles-Long Beach-Anaheim, CA",2,2025-06-30,762271.5288915783
Los Angeles,CA,"Los Angeles-Long Beach-Anaheim, CA",2,2025-07-31,759389.8106426066
Los Angeles,CA,"Los Angeles-Long Beach-Anaheim, CA",2,2025-08-31,758603.8464087691
Los Angeles,CA,"Los Angeles-Long Beach-Anaheim, CA",2,2025-09-30,759819.5698169051
Los Angeles,CA,"Los Angeles-Long Beach-Anaheim, CA",2,2025-10-31,761710.6004473823
Los Angeles,CA,"Los Angeles-Long Beach-Anaheim, CA",2,2025-11-30,763634.42158513
Los Angeles,CA,"Los Angeles-Long Beach-Anaheim, CA",2,2025-12-31,765743.8512427463
Los Angeles,CA,"Los Angeles-Long Beach-Anaheim, CA",2,2026-01-31,766271.324662562
Los Angeles,CA,"Los Angeles-Long Beach-Anaheim, CA",2,2026-02-28,765017.9316496704
Los Angeles,CA,"Los Angeles-Long Beach-Anaheim, CA",2,2026-03-31,761369.33029712
Los Angeles,CA,"Los Angeles-Long Beach-Anaheim, CA",2,2026-04-30,756857.8063698132
Los Angeles,CA,"Los Angeles-Long Beach-Anaheim, CA",2,2026-05-31,753197.2555444418
Los Angeles,CA,"Los Angeles-Long Beach-Anaheim, CA",2,2026-06-30,750518.1315824892
Los Angeles,CA,"Los Angeles-Long Beach-Anaheim, CA",3,2020-01-31,706225.3734681321
Los Angeles,CA,"Los Angeles-Long Beach-Anaheim, CA",3,2020-02-29,708490.949794773
Los Angeles,CA,"Los Angeles-Long Beach-Anaheim, CA",3,2020-03-31,709325.7655019178
Los Angeles,CA,"Los Angeles-Long Beach-Anaheim, CA",3,2020-04-30,710047.8904376604
Los Angeles,CA,"Los Angeles-Long Beach-Anaheim, CA",3,2020-05-31,708121.188214366
Los Angeles,CA,"Los Angeles-Long Beach-Anaheim, CA",3,2020-06-30,703301.834503919
Los Angeles,CA,"Los Angeles-Long Beach-Anaheim, CA",3,2020-07-31,702874.0684426144
Los Angeles,CA,"Los Angeles-Long Beach-Anaheim, CA",3,2020-08-31,709588.8246474912
Los Angeles,CA,"Los Angeles-Long Beach-Anaheim, CA",3,2020-09-30,724363.5587954569
Los Angeles,CA,"Los Angeles-Long Beach-Anaheim, CA",3,2020-10-31,741414.3297472651
Los Angeles,CA,"Los Angeles-Long Beach-Anaheim, CA",3,2020-11-30,759847.0287889359
Los Angeles,CA,"Los Angeles-Long Beach-Anaheim, CA",3,2020-12-31,777130.9528844949
Los Angeles,CA,"Los Angeles-Long Beach-Anaheim, CA",3,2021-01-31,786984.6274856062
Los Angeles,CA,"Los Angeles-Long Beach-Anaheim, CA",3,2021-02-28,792199.5122899344
Los Angeles,CA,"Los Angeles-Long Beach-Anaheim, CA",3,2021-03-31,794140.741463605
Los Angeles,CA,"Los Angeles-Long Beach-Anaheim, CA",3,2021-04-30,801912.3678544826
Los Angeles,CA,"Los Angeles-Long Beach-Anaheim, CA",3,2021-05-31,813511.4482229669
Los Angeles,CA,"Los Angeles-Long Beach-Anaheim, CA",3,2021-06-30,827807.806247596
Los Angeles,CA,"Los Angeles-Long Beach-Anaheim, CA",3,2021-07-31,842821.5271148449
Los Angeles,CA,"Los Angeles-Long Beach-Anaheim, CA",3,2021-08-31,854311.3823723445
Los Angeles,CA,"Los Angeles-Long Beach-Anaheim, CA",3,2021-09-30,863146.961946479
Los Angeles,CA,"Los Angeles-Long Beach-Anaheim, CA",3,2021-10-31,869646.2430026754
Los Angeles,CA,"Los Angeles-Long Beach-Anaheim, CA",3,2021-11-30,876894.0269544479
Los Angeles,CA,"Los Angeles-Long Beach-Anaheim, CA",3,2021-12-31,885466.0097035199
Los Angeles,CA,"Los Angeles-Long Beach-Anaheim, CA",3,2022-01-31,895916.5175603777
Los Angeles,CA,"Los Angeles-Long Beach-Anaheim, CA",3,2022-02-28,907875.8126535967
Los Angeles,CA,"Los Angeles-Long Beach-Anaheim, CA",3,2022-03-31,921360.0272983736
Los Angeles,CA,"Los Angeles-Long Beach-Anaheim, CA",3,2022-04-30,932709.363942471
Los Angeles,CA,"Los Angeles-Long Beach-Anaheim, CA",3,2022-05-31,942705.7207454778
Los Angeles,CA,"Los Angeles-Long Beach-Anaheim, CA",3,2022-06-30,947919.0626297422
Los Angeles,CA,"Los Angeles-Long Beach-Anaheim, CA",3,2022-07-31,950944.072207104
Los Angeles,CA,"Los Angeles-Long Beach-Anaheim, CA",3,2022-08-31,948133.6535371288
Los Angeles,CA,"Los Angeles-Long Beach-Anaheim, CA",3,2022-09-30,942583.14350309
Los Angeles,CA,"Los Angeles-Long Beach-Anaheim, CA",3,2022-10-31,935725.247203544
Los Angeles,CA,"Los Angeles-Long Beach-Anaheim, CA",3,2022-11-30,931484.1219438824
Los Angeles,CA,"Los Angeles-Long Beach-Anaheim, CA",3,2022-12-31,928705.4285625695
Los Angeles,CA,"Los Angeles-Long Beach-Anaheim, CA",3,2023-01-31,919756.9472036614
Los Angeles,CA,"Los Angeles-Long Beach-Anaheim, CA",3,2023-02-28,906437.26802013
Los Angeles,CA,"Los Angeles-Long Beach-Anaheim, CA",3,2023-03-31,892473.792224499
Los Angeles,CA,"Los Angeles-Long Beach-Anaheim, CA",3,2023-04-30,886545.8803388778
Los Angeles,CA,"Los Angeles-Long Beach-Anaheim, CA",3,2023-05-31,887648.6850041504
Los Angeles,CA,"Los Angeles-Long Beach-Anaheim, CA",3,2023-06-30,894319.3619339067
Los Angeles,CA,"Los Angeles-Long Beach-Anaheim, CA",3,2023-07-31,906394.6400563444
Los Angeles,CA,"Los Angeles-Long Beach-Anaheim, CA",3,2023-08-31,922389.3538892068
Los Angeles,CA,"Los Angeles-Long Beach-Anaheim, CA",3,2023-09-30,938542.920169036
Los Angeles,CA,"Los Angeles-Long Beach-Anaheim, CA",3,2023-10-31,952083.3240557684
Los Angeles,CA,"Los Angeles-Long Beach-Anaheim, CA",3,2023-11-30,961279.1352956332
Los Angeles,CA,"Los Angeles-Long Beach-Anaheim, CA",3,2023-12-31,966517.7998051184
Los Angeles,CA,"Los Angeles-Long Beach-Anaheim, CA",3,2024-01-31,963583.5328666898
Los Angeles,CA,"Los Angeles-Long Beach-Anaheim, CA",3,2024-02-29,956361.3179929862
Los Angeles,CA,"Los Angeles-Long Beach-Anaheim, CA",3,2024-03-31,950108.3243800112
Los Angeles,CA,"Los Angeles-Long Beach-Anaheim, CA",3,2024-04-30,949322.764613418
Los Angeles,CA,"Los Angeles-Long Beach-Anaheim, CA",3,2024-05-31,950990.234483882
Los Angeles,CA,"Los Angeles-Long Beach-Anaheim, CA",3,2024-06-30,951696.883873438
Los Angeles,CA,"Los Angeles-Long Beach-Anaheim, CA",3,2024-07-31,954888.9465295044
Los Angeles,CA,"Los Angeles-Long Beach-Anaheim, CA",3,2024-08-31,961069.5848104892
Los Angeles,CA,"Los Angeles-Long Beach-Anaheim, CA",3,2024-09-30,969432.7058888573
Los Angeles,CA,"Los Angeles-Long Beach-Anaheim, CA",3,2024-10-31,975910.7137954416
Los Angeles,CA,"Los Angeles-Long Beach-Anaheim, CA",3,2024-11-30,980780.1404483044
Los Angeles,CA,"Los Angeles-Long Beach-Anaheim, CA",3,2024-12-31,984142.1630497244
Los Angeles,CA,"Los Angeles-Long Beach-Anaheim, CA",3,2025-01-31,982127.9259174116
Los Angeles,CA,"Los Angeles-Long Beach-Anaheim, CA",3,2025-02-28,976406.7285015722
Los Angeles,CA,"Los Angeles-Long Beach-Anaheim, CA",3,2025-03-31,967472.4112431792
Los Angeles,CA,"Los Angeles-Long Beach-Anaheim, CA",3,2025-04-30,960608.3888278384
Los Angeles,CA,"Los Angeles-Long Beach-Anaheim, CA",3,2025-05-31,954150.375334778
Los Angeles,CA,"Los Angeles-Long Beach-Anaheim, CA",3,2025-06-30,948212.0677491482
Los Angeles,CA,"Los Angeles-Long Beach-Anaheim, CA",3,2025-07-31,945005.2125874516
Los Angeles,CA,"Los Angeles-Long Beach-Anaheim, CA",3,2025-08-31,944054.1034889928
Los Angeles,CA,"Los Angeles-Long Beach-Anaheim, CA",3,2025-09-30,946297.9363658336
Los Angeles,CA,"Los Angeles-Long Beach-Anaheim, CA",3,2025-10-31,949355.9783655558
Los Angeles,CA,"Los Angeles-Long Beach-Anaheim, CA",3,2025-11-30,953216.356247514
Los Angeles,CA,"Los Angeles-Long Beach-Anaheim, CA",3,2025-12-31,957070.375960338
Los Angeles,CA,"Los Angeles-Long Beach-Anaheim, CA",3,2026-01-31,958220.6512205388
Los Angeles,CA,"Los Angeles-Long Beach-Anaheim, CA",3,2026-02-28,956772.7183766892
Los Angeles,CA,"Los Angeles-Long Beach-Anaheim, CA",3,2026-03-31,952918.938370912
Los Angeles,CA,"Los Angeles-Long Beach-Anaheim, CA",3,2026-04-30,948792.4555577696
Los Angeles,CA,"Los Angeles-Long Beach-Anaheim, CA",3,2026-05-31,945387.3032732238
Los Angeles,CA,"Los Angeles-Long Beach-Anaheim, CA",3,2026-06-30,942301.8016549284
Los Angeles,CA,"Los Angeles-Long Beach-Anaheim, CA",4,2020-01-31,860196.3762356349
Los Angeles,CA,"Los Angeles-Long Beach-Anaheim, CA",4,2020-02-29,863527.1587789688
Los Angeles,CA,"Los Angeles-Long Beach-Anaheim, CA",4,2020-03-31,865602.6545848422
Los Angeles,CA,"Los Angeles-Long Beach-Anaheim, CA",4,2020-04-30,866837.2983326599
Los Angeles,CA,"Los Angeles-Long Beach-Anaheim, CA",4,2020-05-31,864499.019214796
Los Angeles,CA,"Los Angeles-Long Beach-Anaheim, CA",4,2020-06-30,858298.4844384225
Los Angeles,CA,"Los Angeles-Long Beach-Anaheim, CA",4,2020-07-31,857238.6526923309
Los Angeles,CA,"Los Angeles-Long Beach-Anaheim, CA",4,2020-08-31,864641.3985657735
Los Angeles,CA,"Los Angeles-Long Beach-Anaheim, CA",4,2020-09-30,882005.2755506759
Los Angeles,CA,"Los Angeles-Long Beach-Anaheim, CA",4,2020-10-31,902634.3807354908
Los Angeles,CA,"Los Angeles-Long Beach-Anaheim, CA",4,2020-11-30,925615.2128986466
Los Angeles,CA,"Los Angeles-Long Beach-Anaheim, CA",4,2020-12-31,947803.6871440978
Los Angeles,CA,"Los Angeles-Long Beach-Anaheim, CA",4,2021-01-31,961383.8561402508
Los Angeles,CA,"Los Angeles-Long Beach-Anaheim, CA",4,2021-02-28,968566.2555387084
Los Angeles,CA,"Los Angeles-Long Beach-Anaheim, CA",4,2021-03-31,971298.420097398
Los Angeles,CA,"Los Angeles-Long Beach-Anaheim, CA",4,2021-04-30,981026.5660486416
Los Angeles,CA,"Los Angeles-Long Beach-Anaheim, CA",4,2021-05-31,996342.0430950704
Los Angeles,CA,"Los Angeles-Long Beach-Anaheim, CA",4,2021-06-30,1016530.096849566
Los Angeles,CA,"Los Angeles-Long Beach-Anaheim, CA",4,2021-07-31,1037821.8600230656
Los Angeles,CA,"Los Angeles-Long Beach-Anaheim, CA",4,2021-08-31,1054551.942572042
Los Angeles,CA,"Los Angeles-Long Beach-Anaheim, CA",4,2021-09-30,1066950.437897975
Los Angeles,CA,"Los Angeles-Long Beach-Anaheim, CA",4,2021-10-31,1076240.354983269
Los Angeles,CA,"Los Angeles-Long Beach-Anaheim, CA",4,2021-11-30,1086816.814465003
Los Angeles,CA,"Los Angeles-Long Beach-Anaheim, CA",4,2021-12-31,1099190.7367887646
Los Angeles,CA,"Los Angeles-Long Beach-Anaheim, CA",4,2022-01-31,1115230.827260655
Los Angeles,CA,"Los Angeles-Long Beach-Anaheim, CA",4,2022-02-28,1134220.9092711268
Los Angeles,CA,"Los Angeles-Long Beach-Anaheim, CA",4,2022-03-31,1156124.289249346
Los Angeles,CA,"Los Angeles-Long Beach-Anaheim, CA",4,2022-04-30,1174560.680178944
Los Angeles,CA,"Los Angeles-Long Beach-Anaheim, CA",4,2022-05-31,1190316.4640992598
Los Angeles,CA,"Los Angeles-Long Beach-Anaheim, CA",4,2022-06-30,1198973.3124235903
Los Angeles,CA,"Los Angeles-Long Beach-Anaheim, CA",4,2022-07-31,1204011.3843977947
Los Angeles,CA,"Los Angeles-Long Beach-Anaheim, CA",4,2022-08-31,1200407.0244209352
Los Angeles,CA,"Los Angeles-Long Beach-Anaheim, CA",4,2022-09-30,1192256.241659466
Los Angeles,CA,"Los Angeles-Long Beach-Anaheim, CA",4,2022-10-31,1182437.75224016
Los Angeles,CA,"Los Angeles-Long Beach-Anaheim, CA",4,2022-11-30,1176072.814349058
Los Angeles,CA,"Los Angeles-Long Beach-Anaheim, CA",4,2022-12-31,1171875.5466562256
Los Angeles,CA,"Los Angeles-Long Beach-Anaheim, CA",4,2023-01-31,1159906.4481915592
Los Angeles,CA,"Los Angeles-Long Beach-Anaheim, CA",4,2023-02-28,1142334.762328246
Los Angeles,CA,"Los Angeles-Long Beach-Anaheim, CA",4,2023-03-31,1124204.2205015426
Los Angeles,CA,"Los Angeles-Long Beach-Anaheim, CA",4,2023-04-30,1116300.7538737173
Los Angeles,CA,"Los Angeles-Long Beach-Anaheim, CA",4,2023-05-31,1117461.3322872587
Los Angeles,CA,"Los Angeles-Long Beach-Anaheim, CA",4,2023-06-30,1125897.271935759
Los Angeles,CA,"Los Angeles-Long Beach-Anaheim, CA",4,2023-07-31,1141781.5093747436
Los Angeles,CA,"Los Angeles-Long Beach-Anaheim, CA",4,2023-08-31,1163329.5851957402
Los Angeles,CA,"Los Angeles-Long Beach-Anaheim, CA",4,2023-09-30,1185087.8996373694
Los Angeles,CA,"Los Angeles-Long Beach-Anaheim, CA",4,2023-10-31,1202535.9130375758
Los Angeles,CA,"Los Angeles-Long Beach-Anaheim, CA",4,2023-11-30,1213900.5193867872
Los Angeles,CA,"Los Angeles-Long Beach-Anaheim, CA",4,2023-12-31,1220037.4271584633
Los Angeles,CA,"Los Angeles-Long Beach-Anaheim, CA",4,2024-01-31,1216273.109750369
Los Angeles,CA,"Los Angeles-Long Beach-Anaheim, CA",4,2024-02-29,1207460.9580011936
Los Angeles,CA,"Los Angeles-Long Beach-Anaheim, CA",4,2024-03-31,1200603.5934940923
Los Angeles,CA,"Los Angeles-Long Beach-Anaheim, CA",4,2024-04-30,1201210.8471921051
Los Angeles,CA,"Los Angeles-Long Beach-Anaheim, CA",4,2024-05-31,1204726.1271212175
Los Angeles,CA,"Los Angeles-Long Beach-Anaheim, CA",4,2024-06-30,1206012.1207038355
Los Angeles,CA,"Los Angeles-Long Beach-Anaheim, CA",4,2024-07-31,1209053.2409564406
Los Angeles,CA,"Los Angeles-Long Beach-Anaheim, CA",4,2024-08-31,1215815.0941953205
Los Angeles,CA,"Los Angeles-Long Beach-Anaheim, CA",4,2024-09-30,1225812.99842879
Los Angeles,CA,"Los Angeles-Long Beach-Anaheim, CA",4,2024-10-31,1234427.3285929
Los Angeles,CA,"Los Angeles-Long Beach-Anaheim, CA",4,2024-11-30,1241246.8428804306
Los Angeles,CA,"Los Angeles-Long Beach-Anaheim, CA",4,2024-12-31,1245891.4840285098
Los Angeles,CA,"Los Angeles-Long Beach-Anaheim, CA",4,2025-01-31,1243271.411561766
Los Angeles,CA,"Los Angeles-Long Beach-Anaheim, CA",4,2025-02-28,1236346.9086563122
Los Angeles,CA,"Los Angeles-Long Beach-Anaheim, CA",4,2025-03-31,1226921.594563902
Los Angeles,CA,"Los Angeles-Long Beach-Anaheim, CA",4,2025-04-30,1221587.388425702
Los Angeles,CA,"Los Angeles-Long Beach-Anaheim, CA",4,2025-05-31,1216584.3933654411
Los Angeles,CA,"Los Angeles-Long Beach-Anaheim, CA",4,2025-06-30,1210175.702552345
Los Angeles,CA,"Los Angeles-Long Beach-Anaheim, CA",4,2025-07-31,1205298.8819756832
Los Angeles,CA,"Los Angeles-Long Beach-Anaheim, CA",4,2025-08-31,1202230.6140164628
Los Angeles,CA,"Los Angeles-Long Beach-Anaheim, CA",4,2025-09-30,1203651.483299738
Los Angeles,CA,"Los Angeles-Long Beach-Anaheim, CA",4,2025-10-31,1206802.042947449
Los Angeles,CA,"Los Angeles-Long Beach-Anaheim, CA",4,2025-11-30,1211779.7729966212
Los Angeles,CA,"Los Angeles-Long Beach-Anaheim, CA",4,2025-12-31,1216928.0591877953
Los Angeles,CA,"Los Angeles-Long Beach-Anaheim, CA",4,2026-01-31,1218620.3522154342
Los Angeles,CA,"Los Angeles-Long Beach-Anaheim, CA",4,2026-02-28,1217098.003821673
Los Angeles,CA,"Los Angeles-Long Beach-Anaheim, CA",4,2026-03-31,1213047.1349720256
Los Angeles,CA,"Los Angeles-Long Beach-Anaheim, CA",4,2026-04-30,1209242.6090084903
Los Angeles,CA,"Los Angeles-Long Beach-Anaheim, CA",4,2026-05-31,1206268.2976001855
Los Angeles,CA,"Los Angeles-Long Beach-Anaheim, CA",4,2026-06-30,1203574.8442751116
Los Angeles,CA,"Los Angeles-Long Beach-Anaheim, CA",5,2020-01-31,1469766.5116396218
Los Angeles,CA,"Los Angeles-Long Beach-Anaheim, CA",5,2020-02-29,1477609.2204236898
Los Angeles,CA,"Los Angeles-Long Beach-Anaheim, CA",5,2020-03-31,1484359.9106912091
Los Angeles,CA,"Los Angeles-Long Beach-Anaheim, CA",5,2020-04-30,1486790.7956108924
Los Angeles,CA,"Los Angeles-Long Beach-Anaheim, CA",5,2020-05-31,1478827.277221915
Los Angeles,CA,"Los Angeles-Long Beach-Anaheim, CA",5,2020-06-30,1461755.7867433578
Los Angeles,CA,"Los Angeles-Long Beach-Anaheim, CA",5,2020-07-31,1454466.9102420155
Los Angeles,CA,"Los Angeles-Long Beach-Anaheim, CA",5,2020-08-31,1464404.329101791
Los Angeles,CA,"Los Angeles-Long Beach-Anaheim, CA",5,2020-09-30,1494221.1217728676
Los Angeles,CA,"Los Angeles-Long Beach-Anaheim, CA",5,2020-10-31,1529608.9362541025
Los Angeles,CA,"Los Angeles-Long Beach-Anaheim, CA",5,2020-11-30,1569396.6430432445
Los Angeles,CA,"Los Angeles-Long Beach-Anaheim, CA",5,2020-12-31,1605821.1955859663
Los Angeles,CA,"Los Angeles-Long Beach-Anaheim, CA",5,2021-01-31,1626624.2366245743
Los Angeles,CA,"Los Angeles-Long Beach-Anaheim, CA",5,2021-02-28,1634099.5784608058
Los Angeles,CA,"Los Angeles-Long Beach-Anaheim, CA",5,2021-03-31,1632420.4155921408
Los Angeles,CA,"Los Angeles-Long Beach-Anaheim, CA",5,2021-04-30,1642224.6923822574
Los Angeles,CA,"Los Angeles-Long Beach-Anaheim, CA",5,2021-05-31,1663682.6354047535
Los Angeles,CA,"Los Angeles-Long Beach-Anaheim, CA",5,2021-06-30,1696488.5389972094
Los Angeles,CA,"Los Angeles-Long Beach-Anaheim, CA",5,2021-07-31,1733602.3008204373
Los Angeles,CA,"Los Angeles-Long Beach-Anaheim, CA",5,2021-08-31,1765585.99631263
Los Angeles,CA,"Los Angeles-Long Beach-Anaheim, CA",5,2021-09-30,1791297.7141778488
Los Angeles,CA,"Los Angeles-Long Beach-Anaheim, CA",5,2021-10-31,1812497.7162310823
Los Angeles,CA,"Los Angeles-Long Beach-Anaheim, CA",5,2021-11-30,1834634.9302354048
Los Angeles,CA,"Los Angeles-Long Beach-Anaheim, CA",5,2021-12-31,1861562.1759003825
Los Angeles,CA,"Los Angeles-Long Beach-Anaheim, CA",5,2022-01-31,1893126.959158559
Los Angeles,CA,"Los Angeles-Long Beach-Anaheim, CA",5,2022-02-28,1927938.2942227505
Los Angeles,CA,"Los Angeles-Long Beach-Anaheim, CA",5,2022-03-31,1963758.889834351
Los Angeles,CA,"Los Angeles-Long Beach-Anaheim, CA",5,2022-04-30,1993470.2058105285
Los Angeles,CA,"Los Angeles-Long Beach-Anaheim, CA",5,2022-05-31,2019533.118568504
Los Angeles,CA,"Los Angeles-Long Beach-Anaheim, CA",5,2022-06-30,2038328.765754584
Los Angeles,CA,"Los Angeles-Long Beach-Anaheim, CA",5,2022-07-31,2053419.3758238973
Los Angeles,CA,"Los Angeles-Long Beach-Anaheim, CA",5,2022-08-31,2053697.357772383
Los Angeles,CA,"Los Angeles-Long Beach-Anaheim, CA",5,2022-09-30,2042048.9087256796
Los Angeles,CA,"Los Angeles-Long Beach-Anaheim, CA",5,2022-10-31,2027435.5839210332
Los Angeles,CA,"Los Angeles-Long Beach-Anaheim, CA",5,2022-11-30,2021081.1794489836
Los Angeles,CA,"Los Angeles-Long Beach-Anaheim, CA",5,2022-12-31,2021704.3127061608
Los Angeles,CA,"Los Angeles-Long Beach-Anaheim, CA",5,2023-01-31,2008907.2654150247
Los Angeles,CA,"Los Angeles-Long Beach-Anaheim, CA",5,2023-02-28,1981767.868077299
Los Angeles,CA,"Los Angeles-Long Beach-Anaheim, CA",5,2023-03-31,1949945.3698461745
Los Angeles,CA,"Los Angeles-Long Beach-Anaheim, CA",5,2023-04-30,1933098.383158948
Los Angeles,CA,"Los Angeles-Long Beach-Anaheim, CA",5,2023-05-31,1932157.572363601
Los Angeles,CA,"Los Angeles-Long Beach-Anaheim, CA",5,2023-06-30,1943901.6909158316
Los Angeles,CA,"Los Angeles-Long Beach-Anaheim, CA",5,2023-07-31,1969492.4264984056
Los Angeles,CA,"Los Angeles-Long Beach-Anaheim, CA",5,2023-08-31,2005441.0326622603
Los Angeles,CA,"Los Angeles-Long Beach-Anaheim, CA",5,2023-09-30,2041464.850032188
Los Angeles,CA,"Los Angeles-Long Beach-Anaheim, CA",5,2023-10-31,2066488.8664419325
Los Angeles,CA,"Los Angeles-Long Beach-Anaheim, CA",5,2023-11-30,2080153.9391435117
Los Angeles,CA,"Los Angeles-Long Beach-Anaheim, CA",5,2023-12-31,2085615.3822821851
Los Angeles,CA,"Los Angeles-Long Beach-Anaheim, CA",5,2024-01-31,2076649.4049387136
Los Angeles,CA,"Los Angeles-Long Beach-Anaheim, CA",5,2024-02-29,2056877.617735083
Los Angeles,CA,"Los Angeles-Long Beach-Anaheim, CA",5,2024-03-31,2039941.7820720223
Los Angeles,CA,"Los Angeles-Long Beach-Anaheim, CA",5,2024-04-30,2033977.411023375
Los Angeles,CA,"Los Angeles-Long Beach-Anaheim, CA",5,2024-05-31,2034728.990150916
Los Angeles,CA,"Los Angeles-Long Beach-Anaheim, CA",5,2024-06-30,2029376.8206860845
Los Angeles,CA,"Los Angeles-Long Beach-Anaheim, CA",5,2024-07-31,2028467.631855319
Los Angeles,CA,"Los Angeles-Long Beach-Anaheim, CA",5,2024-08-31,2035665.0254156743
Los Angeles,CA,"Los Angeles-Long Beach-Anaheim, CA",5,2024-09-30,2051736.070048095
Los Angeles,CA,"Los Angeles-Long Beach-Anaheim, CA",5,2024-10-31,2064970.0731558576
Los Angeles,CA,"Los Angeles-Long Beach-Anaheim, CA",5,2024-11-30,2073436.2820846532
Los Angeles,CA,"Los Angeles-Long Beach-Anaheim, CA",5,2024-12-31,2076703.278324182
Los Angeles,CA,"Los Angeles-Long Beach-Anaheim, CA",5,2025-01-31,2068476.3264338244
Los Angeles,CA,"Los Angeles-Long Beach-Anaheim, CA",5,2025-02-28,2055507.728137856
Los Angeles,CA,"Los Angeles-Long Beach-Anaheim, CA",5,2025-03-31,2040880.6475236097
Los Angeles,CA,"Los Angeles-Long Beach-Anaheim, CA",5,2025-04-30,2033955.9471963816
Los Angeles,CA,"Los Angeles-Long Beach-Anaheim, CA",5,2025-05-31,2027316.20463261
Los Angeles,CA,"Los Angeles-Long Beach-Anaheim, CA",5,2025-06-30,2015173.7798549223
Los Angeles,CA,"Los Angeles-Long Beach-Anaheim, CA",5,2025-07-31,2007083.415022385
Los Angeles,CA,"Los Angeles-Long Beach-Anaheim, CA",5,2025-08-31,2002846.4114769336
Los Angeles,CA,"Los Angeles-Long Beach-Anaheim, CA",5,2025-09-30,2009469.7308914997
Los Angeles,CA,"Los Angeles-Long Beach-Anaheim, CA",5,2025-10-31,2018176.3440297784
Los Angeles,CA,"Los Angeles-Long Beach-Anaheim, CA",5,2025-11-30,2031543.5322574
Los Angeles,CA,"Los Angeles-Long Beach-Anaheim, CA",5,2025-12-31,2046692.3074567013
Los Angeles,CA,"Los Angeles-Long Beach-Anaheim, CA",5,2026-01-31,2055274.5088236183
Los Angeles,CA,"Los Angeles-Long Beach-Anaheim, CA",5,2026-02-28,2056121.529752204
Los Angeles,CA,"Los Angeles-Long Beach-Anaheim, CA",5,2026-03-31,2050034.6262328743
Los Angeles,CA,"Los Angeles-Long Beach-Anaheim, CA",5,2026-04-30,2045775.3362313053
Los Angeles,CA,"Los Angeles-Long Beach-Anaheim, CA",5,2026-05-31,2043790.2556086553
Los Angeles,CA,"Los Angeles-Long Beach-Anaheim, CA",5,2026-06-30,2042840.4911278032
Miami,FL,"Miami-Fort Lauderdale-Pompano Beach, FL",1,2020-01-31,239373.3859286677
Miami,FL,"Miami-Fort Lauderdale-Pompano Beach, FL",1,2020-02-29,241178.71335431992
Miami,FL,"Miami-Fort Lauderdale-Pompano Beach, FL",1,2020-03-31,242725.4918363219
Miami,FL,"Miami-Fort Lauderdale-Pompano Beach, FL",1,2020-04-30,243064.0591410119
Miami,FL,"Miami-Fort Lauderdale-Pompano Beach, FL",1,2020-05-31,242529.1792441687
Miami,FL,"Miami-Fort Lauderdale-Pompano Beach, FL",1,2020-06-30,241399.70838434924
Miami,FL,"Miami-Fort Lauderdale-Pompano Beach, FL",1,2020-07-31,240421.76753475968
Miami,FL,"Miami-Fort Lauderdale-Pompano Beach, FL",1,2020-08-31,240154.85081301304
Miami,FL,"Miami-Fort Lauderdale-Pompano Beach, FL",1,2020-09-30,240479.30150899672
Miami,FL,"Miami-Fort Lauderdale-Pompano Beach, FL",1,2020-10-31,241589.38472349252
Miami,FL,"Miami-Fort Lauderdale-Pompano Beach, FL",1,2020-11-30,243250.94405235513
Miami,FL,"Miami-Fort Lauderdale-Pompano Beach, FL",1,2020-12-31,245058.6267142346
Miami,FL,"Miami-Fort Lauderdale-Pompano Beach, FL",1,2021-01-31,246101.5296554816
Miami,FL,"Miami-Fort Lauderdale-Pompano Beach, FL",1,2021-02-28,246622.312126743
Miami,FL,"Miami-Fort Lauderdale-Pompano Beach, FL",1,2021-03-31,247524.88762224212
Miami,FL,"Miami-Fort Lauderdale-Pompano Beach, FL",1,2021-04-30,249274.74327438688
Miami,FL,"Miami-Fort Lauderdale-Pompano Beach, FL",1,2021-05-31,252010.17461228973
Miami,FL,"Miami-Fort Lauderdale-Pompano Beach, FL",1,2021-06-30,255184.15917649624
Miami,FL,"Miami-Fort Lauderdale-Pompano Beach, FL",1,2021-07-31,258569.41683822728
Miami,FL,"Miami-Fort Lauderdale-Pompano Beach, FL",1,2021-08-31,261903.82180836596
Miami,FL,"Miami-Fort Lauderdale-Pompano Beach, FL",1,2021-09-30,265257.11183334066
Miami,FL,"Miami-Fort Lauderdale-Pompano Beach, FL",1,2021-10-31,269223.1595623006
Miami,FL,"Miami-Fort Lauderdale-Pompano Beach, FL",1,2021-11-30,274344.3608331084
Miami,FL,"Miami-Fort Lauderdale-Pompano Beach, FL",1,2021-12-31,280475.4912643474
Miami,FL,"Miami-Fort Lauderdale-Pompano Beach, FL",1,2022-01-31,288012.24492837297
Miami,FL,"Miami-Fort Lauderdale-Pompano Beach, FL",1,2022-02-28,296841.5540730273
Miami,FL,"Miami-Fort Lauderdale-Pompano Beach, FL",1,2022-03-31,307025.69082474563
Miami,FL,"Miami-Fort Lauderdale-Pompano Beach, FL",1,2022-04-30,317889.91329571494
Miami,FL,"Miami-Fort Lauderdale-Pompano Beach, FL",1,2022-05-31,328232.0544602631
Miami,FL,"Miami-Fort Lauderdale-Pompano Beach, FL",1,2022-06-30,338126.12560592446
Miami,FL,"Miami-Fort Lauderdale-Pompano Beach, FL",1,2022-07-31,346059.08927014977
Miami,FL,"Miami-Fort Lauderdale-Pompano Beach, FL",1,2022-08-31,351785.2660651096
Miami,FL,"Miami-Fort Lauderdale-Pompano Beach, FL",1,2022-09-30,355166.15670811554
Miami,FL,"Miami-Fort Lauderdale-Pompano Beach, FL",1,2022-10-31,357954.48377139214
Miami,FL,"Miami-Fort Lauderdale-Pompano Beach, FL",1,2022-11-30,360760.91675163497
Miami,FL,"Miami-Fort Lauderdale-Pompano Beach, FL",1,2022-12-31,363383.9158156216
Miami,FL,"Miami-Fort Lauderdale-Pompano Beach, FL",1,2023-01-31,364712.50499903347
Miami,FL,"Miami-Fort Lauderdale-Pompano Beach, FL",1,2023-02-28,364854.20465404674
Miami,FL,"Miami-Fort Lauderdale-Pompano Beach, FL",1,2023-03-31,365248.2287969754
Miami,FL,"Miami-Fort Lauderdale-Pompano Beach, FL",1,2023-04-30,366625.52541314875
Miami,FL,"Miami-Fort Lauderdale-Pompano Beach, FL",1,2023-05-31,368956.2696420126
Miami,FL,"Miami-Fort Lauderdale-Pompano Beach, FL",1,2023-06-30,371429.67654167704
Miami,FL,"Miami-Fort Lauderdale-Pompano Beach, FL",1,2023-07-31,373585.87297026714
Miami,FL,"Miami-Fort Lauderdale-Pompano Beach, FL",1,2023-08-31,375751.6290988143
Miami,FL,"Miami-Fort Lauderdale-Pompano Beach, FL",1,2023-09-30,377756.0670168441
Miami,FL,"Miami-Fort Lauderdale-Pompano Beach, FL",1,2023-10-31,379578.5799568964
Miami,FL,"Miami-Fort Lauderdale-Pompano Beach, FL",1,2023-11-30,381628.1423645554
Miami,FL,"Miami-Fort Lauderdale-Pompano Beach, FL",1,2023-12-31,382841.08936819853
Miami,FL,"Miami-Fort Lauderdale-Pompano Beach, FL",1,2024-01-31,383794.3347731219
Miami,FL,"Miami-Fort Lauderdale-Pompano Beach, FL",1,2024-02-29,383525.4558308939
Miami,FL,"Miami-Fort Lauderdale-Pompano Beach, FL",1,2024-03-31,383235.50477177586
Miami,FL,"Miami-Fort Lauderdale-Pompano Beach, FL",1,2024-04-30,382791.4868018045
Miami,FL,"Miami-Fort Lauderdale-Pompano Beach, FL",1,2024-05-31,382441.0460329421
Miami,FL,"Miami-Fort Lauderdale-Pompano Beach, FL",1,2024-06-30,381270.01785457734
Miami,FL,"Miami-Fort Lauderdale-Pompano Beach, FL",1,2024-07-31,380203.25245316693
Miami,FL,"Miami-Fort Lauderdale-Pompano Beach, FL",1,2024-08-31,379340.5802925436
Miami,FL,"Miami-Fort Lauderdale-Pompano Beach, FL",1,2024-09-30,378772.92702240666
Miami,FL,"Miami-Fort Lauderdale-Pompano Beach, FL",1,2024-10-31,377715.5362697368
Miami,FL,"Miami-Fort Lauderdale-Pompano Beach, FL",1,2024-11-30,375771.675883034
Miami,FL,"Miami-Fort Lauderdale-Pompano Beach, FL",1,2024-12-31,373950.20685349527
Miami,FL,"Miami-Fort Lauderdale-Pompano Beach, FL",1,2025-01-31,371969.9642443284
Miami,FL,"Miami-Fort Lauderdale-Pompano Beach, FL",1,2025-02-28,370329.1088667154
Miami,FL,"Miami-Fort Lauderdale-Pompano Beach, FL",1,2025-03-31,367995.82240298856
Miami,FL,"Miami-Fort Lauderdale-Pompano Beach, FL",1,2025-04-30,365938.2067305687
Miami,FL,"Miami-Fort Lauderdale-Pompano Beach, FL",1,2025-05-31,363466.9603380529
Miami,FL,"Miami-Fort Lauderdale-Pompano Beach, FL",1,2025-06-30,361466.3367902865
Miami,FL,"Miami-Fort Lauderdale-Pompano Beach, FL",1,2025-07-31,359587.9097710489
Miami,FL,"Miami-Fort Lauderdale-Pompano Beach, FL",1,2025-08-31,358320.0946970842
Miami,FL,"Miami-Fort Lauderdale-Pompano Beach, FL",1,2025-09-30,357457.38206769543
Miami,FL,"Miami-Fort Lauderdale-Pompano Beach, FL",1,2025-10-31,356744.6513193532
Miami,FL,"Miami-Fort Lauderdale-Pompano Beach, FL",1,2025-11-30,356357.706984022
Miami,FL,"Miami-Fort Lauderdale-Pompano Beach, FL",1,2025-12-31,355799.78320254775
Miami,FL,"Miami-Fort Lauderdale-Pompano Beach, FL",1,2026-01-31,355094.2683281396
Miami,FL,"Miami-Fort Lauderdale-Pompano Beach, FL",1,2026-02-28,353756.4699473965
Miami,FL,"Miami-Fort Lauderdale-Pompano Beach, FL",1,2026-03-31,352328.92580362223
Miami,FL,"Miami-Fort Lauderdale-Pompano Beach, FL",1,2026-04-30,350890.8128431681
Miami,FL,"Miami-Fort Lauderdale-Pompano Beach, FL",1,2026-05-31,350067.4700851699
Miami,FL,"Miami-Fort Lauderdale-Pompano Beach, FL",1,2026-06-30,349995.3771336326
Miami,FL,"Miami-Fort Lauderdale-Pompano Beach, FL",2,2020-01-31,282583.0905029759
Miami,FL,"Miami-Fort Lauderdale-Pompano Beach, FL",2,2020-02-29,285073.61008330056
Miami,FL,"Miami-Fort Lauderdale-Pompano Beach, FL",2,2020-03-31,287358.5267067943
Miami,FL,"Miami-Fort Lauderdale-Pompano Beach, FL",2,2020-04-30,288463.0041618073
Miami,FL,"Miami-Fort Lauderdale-Pompano Beach, FL",2,2020-05-31,288113.9272949943
Miami,FL,"Miami-Fort Lauderdale-Pompano Beach, FL",2,2020-06-30,286850.5518249594
Miami,FL,"Miami-Fort Lauderdale-Pompano Beach, FL",2,2020-07-31,285646.5078375454
Miami,FL,"Miami-Fort Lauderdale-Pompano Beach, FL",2,2020-08-31,285711.27737818164
Miami,FL,"Miami-Fort Lauderdale-Pompano Beach, FL",2,2020-09-30,286971.1223135463
Miami,FL,"Miami-Fort Lauderdale-Pompano Beach, FL",2,2020-10-31,289309.8735428812
Miami,FL,"Miami-Fort Lauderdale-Pompano Beach, FL",2,2020-11-30,292365.95619176934
Miami,FL,"Miami-Fort Lauderdale-Pompano Beach, FL",2,2020-12-31,295750.95933743805
Miami,FL,"Miami-Fort Lauderdale-Pompano Beach, FL",2,2021-01-31,298996.68119753833
Miami,FL,"Miami-Fort Lauderdale-Pompano Beach, FL",2,2021-02-28,301934.5170211427
Miami,FL,"Miami-Fort Lauderdale-Pompano Beach, FL",2,2021-03-31,305210.4868097044
Miami,FL,"Miami-Fort Lauderdale-Pompano Beach, FL",2,2021-04-30,308893.9926291256
Miami,FL,"Miami-Fort Lauderdale-Pompano Beach, FL",2,2021-05-31,313433.1863423696
Miami,FL,"Miami-Fort Lauderdale-Pompano Beach, FL",2,2021-06-30,318245.19388565066
Miami,FL,"Miami-Fort Lauderdale-Pompano Beach, FL",2,2021-07-31,322885.97477315186
Miami,FL,"Miami-Fort Lauderdale-Pompano Beach, FL",2,2021-08-31,327020.0482808194
Miami,FL,"Miami-Fort Lauderdale-Pompano Beach, FL",2,2021-09-30,330496.35022351483
Miami,FL,"Miami-Fort Lauderdale-Pompano Beach, FL",2,2021-10-31,334187.7816343808
Miami,FL,"Miami-Fort Lauderdale-Pompano Beach, FL",2,2021-11-30,338734.8067709016
Miami,FL,"Miami-Fort Lauderdale-Pompano Beach, FL",2,2021-12-31,344332.06971971045
Miami,FL,"Miami-Fort Lauderdale-Pompano Beach, FL",2,2022-01-31,352282.95345183666
Miami,FL,"Miami-Fort Lauderdale-Pompano Beach, FL",2,2022-02-28,362010.89216761314
Miami,FL,"Miami-Fort Lauderdale-Pompano Beach, FL",2,2022-03-31,374120.19792749867
Miami,FL,"Miami-Fort Lauderdale-Pompano Beach, FL",2,2022-04-30,386123.6699743531
Miami,FL,"Miami-Fort Lauderdale-Pompano Beach, FL",2,2022-05-31,397250.4096792725
Miami,FL,"Miami-Fort Lauderdale-Pompano Beach, FL",2,2022-06-30,406768.6946197185
Miami,FL,"Miami-Fort Lauderdale-Pompano Beach, FL",2,2022-07-31,414292.2125870616
Miami,FL,"Miami-Fort Lauderdale-Pompano Beach, FL",2,2022-08-31,419213.4195067431
Miami,FL,"Miami-Fort Lauderdale-Pompano Beach, FL",2,2022-09-30,421523.0232387884
Miami,FL,"Miami-Fort Lauderdale-Pompano Beach, FL",2,2022-10-31,423182.03760001826
Miami,FL,"Miami-Fort Lauderdale-Pompano Beach, FL",2,2022-11-30,425057.65599870775
Miami,FL,"Miami-Fort Lauderdale-Pompano Beach, FL",2,2022-12-31,427394.8673646608
Miami,FL,"Miami-Fort Lauderdale-Pompano Beach, FL",2,2023-01-31,428568.02063570096
Miami,FL,"Miami-Fort Lauderdale-Pompano Beach, FL",2,2023-02-28,428861.6153316019
Miami,FL,"Miami-Fort Lauderdale-Pompano Beach, FL",2,2023-03-31,429816.9319124029
Miami,FL,"Miami-Fort Lauderdale-Pompano Beach, FL",2,2023-04-30,432086.5129079357
Miami,FL,"Miami-Fort Lauderdale-Pompano Beach, FL",2,2023-05-31,435225.7684170636
Miami,FL,"Miami-Fort Lauderdale-Pompano Beach, FL",2,2023-06-30,438648.53912180057
Miami,FL,"Miami-Fort Lauderdale-Pompano Beach, FL",2,2023-07-31,442005.7113299766
Miami,FL,"Miami-Fort Lauderdale-Pompano Beach, FL",2,2023-08-31,445759.3882181239
Miami,FL,"Miami-Fort Lauderdale-Pompano Beach, FL",2,2023-09-30,449128.6942693324
Miami,FL,"Miami-Fort Lauderdale-Pompano Beach, FL",2,2023-10-31,452413.7577096376
Miami,FL,"Miami-Fort Lauderdale-Pompano Beach, FL",2,2023-11-30,455881.9229447196
Miami,FL,"Miami-Fort Lauderdale-Pompano Beach, FL",2,2023-12-31,458712.6099220543
Miami,FL,"Miami-Fort Lauderdale-Pompano Beach, FL",2,2024-01-31,461227.3017093858
Miami,FL,"Miami-Fort Lauderdale-Pompano Beach, FL",2,2024-02-29,462880.3888293302
Miami,FL,"Miami-Fort Lauderdale-Pompano Beach, FL",2,2024-03-31,464791.1445679308
Miami,FL,"Miami-Fort Lauderdale-Pompano Beach, FL",2,2024-04-30,466786.67438932415
Miami,FL,"Miami-Fort Lauderdale-Pompano Beach, FL",2,2024-05-31,469078.0672649618
Miami,FL,"Miami-Fort Lauderdale-Pompano Beach, FL",2,2024-06-30,470474.3698035823
Miami,FL,"Miami-Fort Lauderdale-Pompano Beach, FL",2,2024-07-31,471831.7505508382
Miami,FL,"Miami-Fort Lauderdale-Pompano Beach, FL",2,2024-08-31,472966.3240052241
Miami,FL,"Miami-Fort Lauderdale-Pompano Beach, FL",2,2024-09-30,473854.7760477245
Miami,FL,"Miami-Fort Lauderdale-Pompano Beach, FL",2,2024-10-31,473753.3668622177
Miami,FL,"Miami-Fort Lauderdale-Pompano Beach, FL",2,2024-11-30,472781.5792246363
Miami,FL,"Miami-Fort Lauderdale-Pompano Beach, FL",2,2024-12-31,471997.5874749559
Miami,FL,"Miami-Fort Lauderdale-Pompano Beach, FL",2,2025-01-31,471481.3033404887
Miami,FL,"Miami-Fort Lauderdale-Pompano Beach, FL",2,2025-02-28,470940.543209589
Miami,FL,"Miami-Fort Lauderdale-Pompano Beach, FL",2,2025-03-31,469126.1029829259
Miami,FL,"Miami-Fort Lauderdale-Pompano Beach, FL",2,2025-04-30,466393.6607598436
Miami,FL,"Miami-Fort Lauderdale-Pompano Beach, FL",2,2025-05-31,462916.7644659938
Miami,FL,"Miami-Fort Lauderdale-Pompano Beach, FL",2,2025-06-30,459794.63084781455
Miami,FL,"Miami-Fort Lauderdale-Pompano Beach, FL",2,2025-07-31,456731.4938528119
Miami,FL,"Miami-Fort Lauderdale-Pompano Beach, FL",2,2025-08-31,454330.65812962974
Miami,FL,"Miami-Fort Lauderdale-Pompano Beach, FL",2,2025-09-30,452869.36533144553
Miami,FL,"Miami-Fort Lauderdale-Pompano Beach, FL",2,2025-10-31,452263.34342117165
Miami,FL,"Miami-Fort Lauderdale-Pompano Beach, FL",2,2025-11-30,452136.30055078975
Miami,FL,"Miami-Fort Lauderdale-Pompano Beach, FL",2,2025-12-31,451940.83098089736
Miami,FL,"Miami-Fort Lauderdale-Pompano Beach, FL",2,2026-01-31,451990.7889928568
Miami,FL,"Miami-Fort Lauderdale-Pompano Beach, FL",2,2026-02-28,451874.48548413464
Miami,FL,"Miami-Fort Lauderdale-Pompano Beach, FL",2,2026-03-31,451667.2292180366
Miami,FL,"Miami-Fort Lauderdale-Pompano Beach, FL",2,2026-04-30,450729.150166498
Miami,FL,"Miami-Fort Lauderdale-Pompano Beach, FL",2,2026-05-31,450002.03771382873
Miami,FL,"Miami-Fort Lauderdale-Pompano Beach, FL",2,2026-06-30,449969.20717299334
Miami,FL,"Miami-Fort Lauderdale-Pompano Beach, FL",3,2020-01-31,360462.87184028653
Miami,FL,"Miami-Fort Lauderdale-Pompano Beach, FL",3,2020-02-29,363679.87192848977
Miami,FL,"Miami-Fort Lauderdale-Pompano Beach, FL",3,2020-03-31,366759.9054399082
Miami,FL,"Miami-Fort Lauderdale-Pompano Beach, FL",3,2020-04-30,369072.53521561687
Miami,FL,"Miami-Fort Lauderdale-Pompano Beach, FL",3,2020-05-31,368886.4343552405
Miami,FL,"Miami-Fort Lauderdale-Pompano Beach, FL",3,2020-06-30,367553.26442983496
Miami,FL,"Miami-Fort Lauderdale-Pompano Beach, FL",3,2020-07-31,366239.07303312834
Miami,FL,"Miami-Fort Lauderdale-Pompano Beach, FL",3,2020-08-31,367339.88653108495
Miami,FL,"Miami-Fort Lauderdale-Pompano Beach, FL",3,2020-09-30,370588.42584639107
Miami,FL,"Miami-Fort Lauderdale-Pompano Beach, FL",3,2020-10-31,375181.5093303527
Miami,FL,"Miami-Fort Lauderdale-Pompano Beach, FL",3,2020-11-30,380658.838297357
Miami,FL,"Miami-Fort Lauderdale-Pompano Beach, FL",3,2020-12-31,386229.2166761554
Miami,FL,"Miami-Fort Lauderdale-Pompano Beach, FL",3,2021-01-31,392372.9067897394
Miami,FL,"Miami-Fort Lauderdale-Pompano Beach, FL",3,2021-02-28,398428.4824245611
Miami,FL,"Miami-Fort Lauderdale-Pompano Beach, FL",3,2021-03-31,404992.6796167659
Miami,FL,"Miami-Fort Lauderdale-Pompano Beach, FL",3,2021-04-30,411412.4438850193
Miami,FL,"Miami-Fort Lauderdale-Pompano Beach, FL",3,2021-05-31,418501.9635212479
Miami,FL,"Miami-Fort Lauderdale-Pompano Beach, FL",3,2021-06-30,425663.99081724393
Miami,FL,"Miami-Fort Lauderdale-Pompano Beach, FL",3,2021-07-31,431793.6466588271
Miami,FL,"Miami-Fort Lauderdale-Pompano Beach, FL",3,2021-08-31,436243.8613311012
Miami,FL,"Miami-Fort Lauderdale-Pompano Beach, FL",3,2021-09-30,439021.0617915052
Miami,FL,"Miami-Fort Lauderdale-Pompano Beach, FL",3,2021-10-31,441789.5411791399
Miami,FL,"Miami-Fort Lauderdale-Pompano Beach, FL",3,2021-11-30,445699.0774006431
Miami,FL,"Miami-Fort Lauderdale-Pompano Beach, FL",3,2021-12-31,451004.1974303339
Miami,FL,"Miami-Fort Lauderdale-Pompano Beach, FL",3,2022-01-31,460794.04762089864
Miami,FL,"Miami-Fort Lauderdale-Pompano Beach, FL",3,2022-02-28,473625.88142353296
Miami,FL,"Miami-Fort Lauderdale-Pompano Beach, FL",3,2022-03-31,489402.4116872383
Miami,FL,"Miami-Fort Lauderdale-Pompano Beach, FL",3,2022-04-30,503852.3622792975
Miami,FL,"Miami-Fort Lauderdale-Pompano Beach, FL",3,2022-05-31,516094.2946195747
Miami,FL,"Miami-Fort Lauderdale-Pompano Beach, FL",3,2022-06-30,526527.9666425497
Miami,FL,"Miami-Fort Lauderdale-Pompano Beach, FL",3,2022-07-31,534340.2343278326
Miami,FL,"Miami-Fort Lauderdale-Pompano Beach, FL",3,2022-08-31,539447.0133816408
Miami,FL,"Miami-Fort Lauderdale-Pompano Beach, FL",3,2022-09-30,540841.1244925405
Miami,FL,"Miami-Fort Lauderdale-Pompano Beach, FL",3,2022-10-31,541422.3766436572
Miami,FL,"Miami-Fort Lauderdale-Pompano Beach, FL",3,2022-11-30,542212.9802311785
Miami,FL,"Miami-Fort Lauderdale-Pompano Beach, FL",3,2022-12-31,544190.7373626679
Miami,FL,"Miami-Fort Lauderdale-Pompano Beach, FL",3,2023-01-31,545435.0324520209
Miami,FL,"Miami-Fort Lauderdale-Pompano Beach, FL",3,2023-02-28,546409.7869268662
Miami,FL,"Miami-Fort Lauderdale-Pompano Beach, FL",3,2023-03-31,548358.217050335
Miami,FL,"Miami-Fort Lauderdale-Pompano Beach, FL",3,2023-04-30,551715.5753219803
Miami,FL,"Miami-Fort Lauderdale-Pompano Beach, FL",3,2023-05-31,556041.1629328126
Miami,FL,"Miami-Fort Lauderdale-Pompano Beach, FL",3,2023-06-30,561266.0125874801
Miami,FL,"Miami-Fort Lauderdale-Pompano Beach, FL",3,2023-07-31,566893.1781222215
Miami,FL,"Miami-Fort Lauderdale-Pompano Beach, FL",3,2023-08-31,572864.8831252757
Miami,FL,"Miami-Fort Lauderdale-Pompano Beach, FL",3,2023-09-30,578351.6452853831
Miami,FL,"Miami-Fort Lauderdale-Pompano Beach, FL",3,2023-10-31,583715.4756001377
Miami,FL,"Miami-Fort Lauderdale-Pompano Beach, FL",3,2023-11-30,589320.7661614927
Miami,FL,"Miami-Fort Lauderdale-Pompano Beach, FL",3,2023-12-31,594533.0196584909
Miami,FL,"Miami-Fort Lauderdale-Pompano Beach, FL",3,2024-01-31,599597.0447060355
Miami,FL,"Miami-Fort Lauderdale-Pompano Beach, FL",3,2024-02-29,604040.2091129592
Miami,FL,"Miami-Fort Lauderdale-Pompano Beach, FL",3,2024-03-31,608458.2559953124
Miami,FL,"Miami-Fort Lauderdale-Pompano Beach, FL",3,2024-04-30,612622.7449337156
Miami,FL,"Miami-Fort Lauderdale-Pompano Beach, FL",3,2024-05-31,617183.4178216596
Miami,FL,"Miami-Fort Lauderdale-Pompano Beach, FL",3,2024-06-30,620753.5835491875
Miami,FL,"Miami-Fort Lauderdale-Pompano Beach, FL",3,2024-07-31,624686.5861846376
Miami,FL,"Miami-Fort Lauderdale-Pompano Beach, FL",3,2024-08-31,628192.049922265
Miami,FL,"Miami-Fort Lauderdale-Pompano Beach, FL",3,2024-09-30,631628.430299793
Miami,FL,"Miami-Fort Lauderdale-Pompano Beach, FL",3,2024-10-31,633185.4893723333
Miami,FL,"Miami-Fort Lauderdale-Pompano Beach, FL",3,2024-11-30,633437.9295304654
Miami,FL,"Miami-Fort Lauderdale-Pompano Beach, FL",3,2024-12-31,633608.0654614646
Miami,FL,"Miami-Fort Lauderdale-Pompano Beach, FL",3,2025-01-31,634279.2840535984
Miami,FL,"Miami-Fort Lauderdale-Pompano Beach, FL",3,2025-02-28,634203.8649203813
Miami,FL,"Miami-Fort Lauderdale-Pompano Beach, FL",3,2025-03-31,631986.0465279681
Miami,FL,"Miami-Fort Lauderdale-Pompano Beach, FL",3,2025-04-30,628677.7703187658
Miami,FL,"Miami-Fort Lauderdale-Pompano Beach, FL",3,2025-05-31,625294.8064023759
Miami,FL,"Miami-Fort Lauderdale-Pompano Beach, FL",3,2025-06-30,622302.2807091367
Miami,FL,"Miami-Fort Lauderdale-Pompano Beach, FL",3,2025-07-31,618974.2205584877
Miami,FL,"Miami-Fort Lauderdale-Pompano Beach, FL",3,2025-08-31,616188.3665253981
Miami,FL,"Miami-Fort Lauderdale-Pompano Beach, FL",3,2025-09-30,615113.1308807511
Miami,FL,"Miami-Fort Lauderdale-Pompano Beach, FL",3,2025-10-31,615917.1853807908
Miami,FL,"Miami-Fort Lauderdale-Pompano Beach, FL",3,2025-11-30,617417.8579085349
Miami,FL,"Miami-Fort Lauderdale-Pompano Beach, FL",3,2025-12-31,618984.4272550917
Miami,FL,"Miami-Fort Lauderdale-Pompano Beach, FL",3,2026-01-31,620640.4569167896
Miami,FL,"Miami-Fort Lauderdale-Pompano Beach, FL",3,2026-02-28,622155.8005400526
Miami,FL,"Miami-Fort Lauderdale-Pompano Beach, FL",3,2026-03-31,623085.3890864057
Miami,FL,"Miami-Fort Lauderdale-Pompano Beach, FL",3,2026-04-30,622673.3026575675
Miami,FL,"Miami-Fort Lauderdale-Pompano Beach, FL",3,2026-05-31,622106.5663964589
Miami,FL,"Miami-Fort Lauderdale-Pompano Beach, FL",3,2026-06-30,621858.1865884847
Miami,FL,"Miami-Fort Lauderdale-Pompano Beach, FL",4,2020-01-31,441980.35839314136
Miami,FL,"Miami-Fort Lauderdale-Pompano Beach, FL",4,2020-02-29,445867.4064985144
Miami,FL,"Miami-Fort Lauderdale-Pompano Beach, FL",4,2020-03-31,449864.3666066626
Miami,FL,"Miami-Fort Lauderdale-Pompano Beach, FL",4,2020-04-30,453552.64408850385
Miami,FL,"Miami-Fort Lauderdale-Pompano Beach, FL",4,2020-05-31,453726.0540488092
Miami,FL,"Miami-Fort Lauderdale-Pompano Beach, FL",4,2020-06-30,452084.56467782776
Miami,FL,"Miami-Fort Lauderdale-Pompano Beach, FL",4,2020-07-31,450337.1522471245
Miami,FL,"Miami-Fort Lauderdale-Pompano Beach, FL",4,2020-08-31,451751.24235272576
Miami,FL,"Miami-Fort Lauderdale-Pompano Beach, FL",4,2020-09-30,456126.0839807659
Miami,FL,"Miami-Fort Lauderdale-Pompano Beach, FL",4,2020-10-31,462238.65694999206
Miami,FL,"Miami-Fort Lauderdale-Pompano Beach, FL",4,2020-11-30,469500.1117021224
Miami,FL,"Miami-Fort Lauderdale-Pompano Beach, FL",4,2020-12-31,476861.01539974334
Miami,FL,"Miami-Fort Lauderdale-Pompano Beach, FL",4,2021-01-31,485379.4325416582
Miami,FL,"Miami-Fort Lauderdale-Pompano Beach, FL",4,2021-02-28,493972.3791111635
Miami,FL,"Miami-Fort Lauderdale-Pompano Beach, FL",4,2021-03-31,503343.0612208107
Miami,FL,"Miami-Fort Lauderdale-Pompano Beach, FL",4,2021-04-30,511908.43120847247
Miami,FL,"Miami-Fort Lauderdale-Pompano Beach, FL",4,2021-05-31,520840.1028606642
Miami,FL,"Miami-Fort Lauderdale-Pompano Beach, FL",4,2021-06-30,529480.6436271416
Miami,FL,"Miami-Fort Lauderdale-Pompano Beach, FL",4,2021-07-31,537366.1230982387
Miami,FL,"Miami-Fort Lauderdale-Pompano Beach, FL",4,2021-08-31,543838.2258491679
Miami,FL,"Miami-Fort Lauderdale-Pompano Beach, FL",4,2021-09-30,548721.8355735599
Miami,FL,"Miami-Fort Lauderdale-Pompano Beach, FL",4,2021-10-31,553201.1029229983
Miami,FL,"Miami-Fort Lauderdale-Pompano Beach, FL",4,2021-11-30,558651.4121932915
Miami,FL,"Miami-Fort Lauderdale-Pompano Beach, FL",4,2021-12-31,565527.6679488186
Miami,FL,"Miami-Fort Lauderdale-Pompano Beach, FL",4,2022-01-31,578535.1599263657
Miami,FL,"Miami-Fort Lauderdale-Pompano Beach, FL",4,2022-02-28,595586.9408613266
Miami,FL,"Miami-Fort Lauderdale-Pompano Beach, FL",4,2022-03-31,616566.5515369725
Miami,FL,"Miami-Fort Lauderdale-Pompano Beach, FL",4,2022-04-30,635963.4606919364
Miami,FL,"Miami-Fort Lauderdale-Pompano Beach, FL",4,2022-05-31,652567.185557694
Miami,FL,"Miami-Fort Lauderdale-Pompano Beach, FL",4,2022-06-30,667213.4351215267
Miami,FL,"Miami-Fort Lauderdale-Pompano Beach, FL",4,2022-07-31,677819.4935472942
Miami,FL,"Miami-Fort Lauderdale-Pompano Beach, FL",4,2022-08-31,684205.8830867385
Miami,FL,"Miami-Fort Lauderdale-Pompano Beach, FL",4,2022-09-30,684903.241707126
Miami,FL,"Miami-Fort Lauderdale-Pompano Beach, FL",4,2022-10-31,684467.7479247109
Miami,FL,"Miami-Fort Lauderdale-Pompano Beach, FL",4,2022-11-30,684688.613262459
Miami,FL,"Miami-Fort Lauderdale-Pompano Beach, FL",4,2022-12-31,686733.7287429321
Miami,FL,"Miami-Fort Lauderdale-Pompano Beach, FL",4,2023-01-31,687872.9583700489
Miami,FL,"Miami-Fort Lauderdale-Pompano Beach, FL",4,2023-02-28,688876.9153517802
Miami,FL,"Miami-Fort Lauderdale-Pompano Beach, FL",4,2023-03-31,690702.4449608481
Miami,FL,"Miami-Fort Lauderdale-Pompano Beach, FL",4,2023-04-30,694456.4326474745
Miami,FL,"Miami-Fort Lauderdale-Pompano Beach, FL",4,2023-05-31,699225.0214862907
Miami,FL,"Miami-Fort Lauderdale-Pompano Beach, FL",4,2023-06-30,705068.9738741843
Miami,FL,"Miami-Fort Lauderdale-Pompano Beach, FL",4,2023-07-31,711572.4268178409
Miami,FL,"Miami-Fort Lauderdale-Pompano Beach, FL",4,2023-08-31,718814.3386543058
Miami,FL,"Miami-Fort Lauderdale-Pompano Beach, FL",4,2023-09-30,726202.5424005822
Miami,FL,"Miami-Fort Lauderdale-Pompano Beach, FL",4,2023-10-31,733058.4719972592
Miami,FL,"Miami-Fort Lauderdale-Pompano Beach, FL",4,2023-11-30,739449.0731455764
Miami,FL,"Miami-Fort Lauderdale-Pompano Beach, FL",4,2023-12-31,744872.5892619874
Miami,FL,"Miami-Fort Lauderdale-Pompano Beach, FL",4,2024-01-31,750176.8538774606
Miami,FL,"Miami-Fort Lauderdale-Pompano Beach, FL",4,2024-02-29,755516.8641326291
Miami,FL,"Miami-Fort Lauderdale-Pompano Beach, FL",4,2024-03-31,761199.6011467542
Miami,FL,"Miami-Fort Lauderdale-Pompano Beach, FL",4,2024-04-30,767064.2893715586
Miami,FL,"Miami-Fort Lauderdale-Pompano Beach, FL",4,2024-05-31,773343.927397048
Miami,FL,"Miami-Fort Lauderdale-Pompano Beach, FL",4,2024-06-30,778311.1764848637
Miami,FL,"Miami-Fort Lauderdale-Pompano Beach, FL",4,2024-07-31,783103.8866111176
Miami,FL,"Miami-Fort Lauderdale-Pompano Beach, FL",4,2024-08-31,786920.5465695298
Miami,FL,"Miami-Fort Lauderdale-Pompano Beach, FL",4,2024-09-30,790623.4273569091
Miami,FL,"Miami-Fort Lauderdale-Pompano Beach, FL",4,2024-10-31,792577.0800395766
Miami,FL,"Miami-Fort Lauderdale-Pompano Beach, FL",4,2024-11-30,793366.2107763118
Miami,FL,"Miami-Fort Lauderdale-Pompano Beach, FL",4,2024-12-31,793890.7013921858
Miami,FL,"Miami-Fort Lauderdale-Pompano Beach, FL",4,2025-01-31,795055.0446574875
Miami,FL,"Miami-Fort Lauderdale-Pompano Beach, FL",4,2025-02-28,795278.4851368038
Miami,FL,"Miami-Fort Lauderdale-Pompano Beach, FL",4,2025-03-31,793451.3308221604
Miami,FL,"Miami-Fort Lauderdale-Pompano Beach, FL",4,2025-04-30,790122.5966441128
Miami,FL,"Miami-Fort Lauderdale-Pompano Beach, FL",4,2025-05-31,786504.8658327804
Miami,FL,"Miami-Fort Lauderdale-Pompano Beach, FL",4,2025-06-30,782943.8665162125
Miami,FL,"Miami-Fort Lauderdale-Pompano Beach, FL",4,2025-07-31,778667.9040188965
Miami,FL,"Miami-Fort Lauderdale-Pompano Beach, FL",4,2025-08-31,774742.6724957038
Miami,FL,"Miami-Fort Lauderdale-Pompano Beach, FL",4,2025-09-30,772767.8211749955
Miami,FL,"Miami-Fort Lauderdale-Pompano Beach, FL",4,2025-10-31,773481.0534805699
Miami,FL,"Miami-Fort Lauderdale-Pompano Beach, FL",4,2025-11-30,775791.731397201
Miami,FL,"Miami-Fort Lauderdale-Pompano Beach, FL",4,2025-12-31,778426.800024822
Miami,FL,"Miami-Fort Lauderdale-Pompano Beach, FL",4,2026-01-31,781486.1996540386
Miami,FL,"Miami-Fort Lauderdale-Pompano Beach, FL",4,2026-02-28,784147.6435185494
Miami,FL,"Miami-Fort Lauderdale-Pompano Beach, FL",4,2026-03-31,786188.0400726391
Miami,FL,"Miami-Fort Lauderdale-Pompano Beach, FL",4,2026-04-30,786238.261193567
Miami,FL,"Miami-Fort Lauderdale-Pompano Beach, FL",4,2026-05-31,786106.9691833252
Miami,FL,"Miami-Fort Lauderdale-Pompano Beach, FL",4,2026-06-30,786623.2162174514
Miami,FL,"Miami-Fort Lauderdale-Pompano Beach, FL",5,2020-01-31,642160.9935899912
Miami,FL,"Miami-Fort Lauderdale-Pompano Beach, FL",5,2020-02-29,648334.7457026113
Miami,FL,"Miami-Fort Lauderdale-Pompano Beach, FL",5,2020-03-31,655662.3977891466
Miami,FL,"Miami-Fort Lauderdale-Pompano Beach, FL",5,2020-04-30,662884.6096647702
Miami,FL,"Miami-Fort Lauderdale-Pompano Beach, FL",5,2020-05-31,665179.329096598
Miami,FL,"Miami-Fort Lauderdale-Pompano Beach, FL",5,2020-06-30,662899.0356276945
Miami,FL,"Miami-Fort Lauderdale-Pompano Beach, FL",5,2020-07-31,660180.1241128492
Miami,FL,"Miami-Fort Lauderdale-Pompano Beach, FL",5,2020-08-31,660765.2217620277
Miami,FL,"Miami-Fort Lauderdale-Pompano Beach, FL",5,2020-09-30,665964.1294663884
Miami,FL,"Miami-Fort Lauderdale-Pompano Beach, FL",5,2020-10-31,674109.7266651825
Miami,FL,"Miami-Fort Lauderdale-Pompano Beach, FL",5,2020-11-30,684518.0988178087
Miami,FL,"Miami-Fort Lauderdale-Pompano Beach, FL",5,2020-12-31,696748.289100105
Miami,FL,"Miami-Fort Lauderdale-Pompano Beach, FL",5,2021-01-31,712475.3776911338
Miami,FL,"Miami-Fort Lauderdale-Pompano Beach, FL",5,2021-02-28,728936.7933674817
Miami,FL,"Miami-Fort Lauderdale-Pompano Beach, FL",5,2021-03-31,746251.2601091167
Miami,FL,"Miami-Fort Lauderdale-Pompano Beach, FL",5,2021-04-30,761303.8561457196
Miami,FL,"Miami-Fort Lauderdale-Pompano Beach, FL",5,2021-05-31,777581.1091500815
Miami,FL,"Miami-Fort Lauderdale-Pompano Beach, FL",5,2021-06-30,793715.8275036584
Miami,FL,"Miami-Fort Lauderdale-Pompano Beach, FL",5,2021-07-31,809669.1587582702
Miami,FL,"Miami-Fort Lauderdale-Pompano Beach, FL",5,2021-08-31,823060.96122489
Miami,FL,"Miami-Fort Lauderdale-Pompano Beach, FL",5,2021-09-30,835371.0274203323
Miami,FL,"Miami-Fort Lauderdale-Pompano Beach, FL",5,2021-10-31,847119.7433296735
Miami,FL,"Miami-Fort Lauderdale-Pompano Beach, FL",5,2021-11-30,861868.2406780585
Miami,FL,"Miami-Fort Lauderdale-Pompano Beach, FL",5,2021-12-31,877799.0289295389
Miami,FL,"Miami-Fort Lauderdale-Pompano Beach, FL",5,2022-01-31,902988.490744842
Miami,FL,"Miami-Fort Lauderdale-Pompano Beach, FL",5,2022-02-28,934015.3595128848
Miami,FL,"Miami-Fort Lauderdale-Pompano Beach, FL",5,2022-03-31,971956.6601471872
Miami,FL,"Miami-Fort Lauderdale-Pompano Beach, FL",5,2022-04-30,1008549.4827583452
Miami,FL,"Miami-Fort Lauderdale-Pompano Beach, FL",5,2022-05-31,1040419.6581770997
Miami,FL,"Miami-Fort Lauderdale-Pompano Beach, FL",5,2022-06-30,1070497.6039512174
Miami,FL,"Miami-Fort Lauderdale-Pompano Beach, FL",5,2022-07-31,1091679.391111254
Miami,FL,"Miami-Fort Lauderdale-Pompano Beach, FL",5,2022-08-31,1104272.6535088385
Miami,FL,"Miami-Fort Lauderdale-Pompano Beach, FL",5,2022-09-30,1102962.3665505324
Miami,FL,"Miami-Fort Lauderdale-Pompano Beach, FL",5,2022-10-31,1098772.5123176223
Miami,FL,"Miami-Fort Lauderdale-Pompano Beach, FL",5,2022-11-30,1096080.9026284425
Miami,FL,"Miami-Fort Lauderdale-Pompano Beach, FL",5,2022-12-31,1096857.0214379814
Miami,FL,"Miami-Fort Lauderdale-Pompano Beach, FL",5,2023-01-31,1096503.5415203052
Miami,FL,"Miami-Fort Lauderdale-Pompano Beach, FL",5,2023-02-28,1096909.600906602
Miami,FL,"Miami-Fort Lauderdale-Pompano Beach, FL",5,2023-03-31,1099106.9465549833
Miami,FL,"Miami-Fort Lauderdale-Pompano Beach, FL",5,2023-04-30,1104541.8561857662
Miami,FL,"Miami-Fort Lauderdale-Pompano Beach, FL",5,2023-05-31,1109329.38410908
Miami,FL,"Miami-Fort Lauderdale-Pompano Beach, FL",5,2023-06-30,1115190.072937797
Miami,FL,"Miami-Fort Lauderdale-Pompano Beach, FL",5,2023-07-31,1122471.5448119834
Miami,FL,"Miami-Fort Lauderdale-Pompano Beach, FL",5,2023-08-31,1132887.4106872552
Miami,FL,"Miami-Fort Lauderdale-Pompano Beach, FL",5,2023-09-30,1144765.984680679
Miami,FL,"Miami-Fort Lauderdale-Pompano Beach, FL",5,2023-10-31,1155896.8971916044
Miami,FL,"Miami-Fort Lauderdale-Pompano Beach, FL",5,2023-11-30,1165326.0824838972
Miami,FL,"Miami-Fort Lauderdale-Pompano Beach, FL",5,2023-12-31,1173758.123953479
Miami,FL,"Miami-Fort Lauderdale-Pompano Beach, FL",5,2024-01-31,1182121.0335071466
Miami,FL,"Miami-Fort Lauderdale-Pompano Beach, FL",5,2024-02-29,1191477.5397006248
Miami,FL,"Miami-Fort Lauderdale-Pompano Beach, FL",5,2024-03-31,1202323.4834324743
Miami,FL,"Miami-Fort Lauderdale-Pompano Beach, FL",5,2024-04-30,1214904.0573304305
Miami,FL,"Miami-Fort Lauderdale-Pompano Beach, FL",5,2024-05-31,1227315.5876208683
Miami,FL,"Miami-Fort Lauderdale-Pompano Beach, FL",5,2024-06-30,1236348.9171352794
Miami,FL,"Miami-Fort Lauderdale-Pompano Beach, FL",5,2024-07-31,1242803.7562119314
Miami,FL,"Miami-Fort Lauderdale-Pompano Beach, FL",5,2024-08-31,1248446.8364311866
Miami,FL,"Miami-Fort Lauderdale-Pompano Beach, FL",5,2024-09-30,1254242.703187003
Miami,FL,"Miami-Fort Lauderdale-Pompano Beach, FL",5,2024-10-31,1257798.4185104354
Miami,FL,"Miami-Fort Lauderdale-Pompano Beach, FL",5,2024-11-30,1257390.9042197352
Miami,FL,"Miami-Fort Lauderdale-Pompano Beach, FL",5,2024-12-31,1255612.6354282575
Miami,FL,"Miami-Fort Lauderdale-Pompano Beach, FL",5,2025-01-31,1255380.8254539554
Miami,FL,"Miami-Fort Lauderdale-Pompano Beach, FL",5,2025-02-28,1255616.1658849877
Miami,FL,"Miami-Fort Lauderdale-Pompano Beach, FL",5,2025-03-31,1254925.5332141214
Miami,FL,"Miami-Fort Lauderdale-Pompano Beach, FL",5,2025-04-30,1253085.9705822896
Miami,FL,"Miami-Fort Lauderdale-Pompano Beach, FL",5,2025-05-31,1251274.924364169
Miami,FL,"Miami-Fort Lauderdale-Pompano Beach, FL",5,2025-06-30,1248075.732730528
Miami,FL,"Miami-Fort Lauderdale-Pompano Beach, FL",5,2025-07-31,1241748.0660333466
Miami,FL,"Miami-Fort Lauderdale-Pompano Beach, FL",5,2025-08-31,1234211.5099523005
Miami,FL,"Miami-Fort Lauderdale-Pompano Beach, FL",5,2025-09-30,1228526.1142217198
Miami,FL,"Miami-Fort Lauderdale-Pompano Beach, FL",5,2025-10-31,1227582.4557703745
Miami,FL,"Miami-Fort Lauderdale-Pompano Beach, FL",5,2025-11-30,1231191.8906918883
Miami,FL,"Miami-Fort Lauderdale-Pompano Beach, FL",5,2025-12-31,1237187.9070938176
Miami,FL,"Miami-Fort Lauderdale-Pompano Beach, FL",5,2026-01-31,1245990.6439779757
Miami,FL,"Miami-Fort Lauderdale-Pompano Beach, FL",5,2026-02-28,1254952.7982976676
Miami,FL,"Miami-Fort Lauderdale-Pompano Beach, FL",5,2026-03-31,1263507.689838868
Miami,FL,"Miami-Fort Lauderdale-Pompano Beach, FL",5,2026-04-30,1267737.448102408
Miami,FL,"Miami-Fort Lauderdale-Pompano Beach, FL",5,2026-05-31,1270710.070950864
Miami,FL,"Miami-Fort Lauderdale-Pompano Beach, FL",5,2026-06-30,1275095.1728129203
Nashville,TN,"Nashville-Davidson--Murfreesboro--Franklin, TN",1,2020-01-31,227960.6480560562
Nashville,TN,"Nashville-Davidson--Murfreesboro--Franklin, TN",1,2020-02-29,231284.8829010255
Nashville,TN,"Nashville-Davidson--Murfreesboro--Franklin, TN",1,2020-03-31,234332.63213271325
Nashville,TN,"Nashville-Davidson--Murfreesboro--Franklin, TN",1,2020-04-30,235154.20419968016
Nashville,TN,"Nashville-Davidson--Murfreesboro--Franklin, TN",1,2020-05-31,235668.49141065776
Nashville,TN,"Nashville-Davidson--Murfreesboro--Franklin, TN",1,2020-06-30,236523.819539233
Nashville,TN,"Nashville-Davidson--Murfreesboro--Franklin, TN",1,2020-07-31,237766.48867940044
Nashville,TN,"Nashville-Davidson--Murfreesboro--Franklin, TN",1,2020-08-31,238521.104449966
Nashville,TN,"Nashville-Davidson--Murfreesboro--Franklin, TN",1,2020-09-30,239488.7927804337
Nashville,TN,"Nashville-Davidson--Murfreesboro--Franklin, TN",1,2020-10-31,240168.65743500972
Nashville,TN,"Nashville-Davidson--Murfreesboro--Franklin, TN",1,2020-11-30,241513.44137434356
Nashville,TN,"Nashville-Davidson--Murfreesboro--Franklin, TN",1,2020-12-31,242607.4506529149
Nashville,TN,"Nashville-Davidson--Murfreesboro--Franklin, TN",1,2021-01-31,243875.8497784442
Nashville,TN,"Nashville-Davidson--Murfreesboro--Franklin, TN",1,2021-02-28,244994.37677268765
Nashville,TN,"Nashville-Davidson--Murfreesboro--Franklin, TN",1,2021-03-31,246724.8594945912
Nashville,TN,"Nashville-Davidson--Murfreesboro--Franklin, TN",1,2021-04-30,248968.97192411908
Nashville,TN,"Nashville-Davidson--Murfreesboro--Franklin, TN",1,2021-05-31,252175.5454937168
Nashville,TN,"Nashville-Davidson--Murfreesboro--Franklin, TN",1,2021-06-30,256111.39814782896
Nashville,TN,"Nashville-Davidson--Murfreesboro--Franklin, TN",1,2021-07-31,261042.263125863
Nashville,TN,"Nashville-Davidson--Murfreesboro--Franklin, TN",1,2021-08-31,265659.7491209986
Nashville,TN,"Nashville-Davidson--Murfreesboro--Franklin, TN",1,2021-09-30,269811.31200366624
Nashville,TN,"Nashville-Davidson--Murfreesboro--Franklin, TN",1,2021-10-31,273464.3313212502
Nashville,TN,"Nashville-Davidson--Murfreesboro--Franklin, TN",1,2021-11-30,278105.34952466673
Nashville,TN,"Nashville-Davidson--Murfreesboro--Franklin, TN",1,2021-12-31,283352.39402126987
Nashville,TN,"Nashville-Davidson--Murfreesboro--Franklin, TN",1,2022-01-31,289147.40054682206
Nashville,TN,"Nashville-Davidson--Murfreesboro--Franklin, TN",1,2022-02-28,295509.74329734663
Nashville,TN,"Nashville-Davidson--Murfreesboro--Franklin, TN",1,2022-03-31,302544.82356114546
Nashville,TN,"Nashville-Davidson--Murfreesboro--Franklin, TN",1,2022-04-30,310796.9086347336
Nashville,TN,"Nashville-Davidson--Murfreesboro--Franklin, TN",1,2022-05-31,319463.1531831469
Nashville,TN,"Nashville-Davidson--Murfreesboro--Franklin, TN",1,2022-06-30,327426.0739029363
Nashville,TN,"Nashville-Davidson--Murfreesboro--Franklin, TN",1,2022-07-31,332842.2655978757
Nashville,TN,"Nashville-Davidson--Murfreesboro--Franklin, TN",1,2022-08-31,334601.05758585123
Nashville,TN,"Nashville-Davidson--Murfreesboro--Franklin, TN",1,2022-09-30,334414.19146948896
Nashville,TN,"Nashville-Davidson--Murfreesboro--Franklin, TN",1,2022-10-31,334110.0321096215
Nashville,TN,"Nashville-Davidson--Murfreesboro--Franklin, TN",1,2022-11-30,333866.2518602332
Nashville,TN,"Nashville-Davidson--Murfreesboro--Franklin, TN",1,2022-12-31,332882.55965237605
Nashville,TN,"Nashville-Davidson--Murfreesboro--Franklin, TN",1,2023-01-31,330960.825578465
Nashville,TN,"Nashville-Davidson--Murfreesboro--Franklin, TN",1,2023-02-28,329111.9032988604
Nashville,TN,"Nashville-Davidson--Murfreesboro--Franklin, TN",1,2023-03-31,328645.70215269836
Nashville,TN,"Nashville-Davidson--Murfreesboro--Franklin, TN",1,2023-04-30,328966.9135500349
Nashville,TN,"Nashville-Davidson--Murfreesboro--Franklin, TN",1,2023-05-31,329915.86194543773
Nashville,TN,"Nashville-Davidson--Murfreesboro--Franklin, TN",1,2023-06-30,330522.40973055636
Nashville,TN,"Nashville-Davidson--Murfreesboro--Franklin, TN",1,2023-07-31,330280.2445346907
Nashville,TN,"Nashville-Davidson--Murfreesboro--Franklin, TN",1,2023-08-31,329669.7060395994
Nashville,TN,"Nashville-Davidson--Murfreesboro--Franklin, TN",1,2023-09-30,328879.2098978709
Nashville,TN,"Nashville-Davidson--Murfreesboro--Franklin, TN",1,2023-10-31,328531.37157212413
Nashville,TN,"Nashville-Davidson--Murfreesboro--Franklin, TN",1,2023-11-30,328396.3307119841
Nashville,TN,"Nashville-Davidson--Murfreesboro--Franklin, TN",1,2023-12-31,327898.1081023654
Nashville,TN,"Nashville-Davidson--Murfreesboro--Franklin, TN",1,2024-01-31,327433.4522109784
Nashville,TN,"Nashville-Davidson--Murfreesboro--Franklin, TN",1,2024-02-29,327127.20057705947
Nashville,TN,"Nashville-Davidson--Murfreesboro--Franklin, TN",1,2024-03-31,327531.12668315024
Nashville,TN,"Nashville-Davidson--Murfreesboro--Franklin, TN",1,2024-04-30,327628.6919300297
Nashville,TN,"Nashville-Davidson--Murfreesboro--Franklin, TN",1,2024-05-31,327152.09474862483
Nashville,TN,"Nashville-Davidson--Murfreesboro--Franklin, TN",1,2024-06-30,325746.103987915
Nashville,TN,"Nashville-Davidson--Murfreesboro--Franklin, TN",1,2024-07-31,324222.30750362755
Nashville,TN,"Nashville-Davidson--Murfreesboro--Franklin, TN",1,2024-08-31,323171.2988981569
Nashville,TN,"Nashville-Davidson--Murfreesboro--Franklin, TN",1,2024-09-30,322201.1300842744
Nashville,TN,"Nashville-Davidson--Murfreesboro--Franklin, TN",1,2024-10-31,321174.0863983774
Nashville,TN,"Nashville-Davidson--Murfreesboro--Franklin, TN",1,2024-11-30,319633.2441046692
Nashville,TN,"Nashville-Davidson--Murfreesboro--Franklin, TN",1,2024-12-31,318676.28185190214
Nashville,TN,"Nashville-Davidson--Murfreesboro--Franklin, TN",1,2025-01-31,318091.4739474898
Nashville,TN,"Nashville-Davidson--Murfreesboro--Franklin, TN",1,2025-02-28,317679.59622077976
Nashville,TN,"Nashville-Davidson--Murfreesboro--Franklin, TN",1,2025-03-31,316774.5434493549
Nashville,TN,"Nashville-Davidson--Murfreesboro--Franklin, TN",1,2025-04-30,315875.76727771823
Nashville,TN,"Nashville-Davidson--Murfreesboro--Franklin, TN",1,2025-05-31,314396.86817111383
Nashville,TN,"Nashville-Davidson--Murfreesboro--Franklin, TN",1,2025-06-30,312442.2957331454
Nashville,TN,"Nashville-Davidson--Murfreesboro--Franklin, TN",1,2025-07-31,309923.51241830224
Nashville,TN,"Nashville-Davidson--Murfreesboro--Franklin, TN",1,2025-08-31,308068.5125372054
Nashville,TN,"Nashville-Davidson--Murfreesboro--Franklin, TN",1,2025-09-30,306783.76627768966
Nashville,TN,"Nashville-Davidson--Murfreesboro--Franklin, TN",1,2025-10-31,305859.93482007977
Nashville,TN,"Nashville-Davidson--Murfreesboro--Franklin, TN",1,2025-11-30,304987.8168694759
Nashville,TN,"Nashville-Davidson--Murfreesboro--Franklin, TN",1,2025-12-31,303969.5875212681
Nashville,TN,"Nashville-Davidson--Murfreesboro--Franklin, TN",1,2026-01-31,302703.2437122953
Nashville,TN,"Nashville-Davidson--Murfreesboro--Franklin, TN",1,2026-02-28,301174.2043124467
Nashville,TN,"Nashville-Davidson--Murfreesboro--Franklin, TN",1,2026-03-31,299626.0850936409
Nashville,TN,"Nashville-Davidson--Murfreesboro--Franklin, TN",1,2026-04-30,298226.1407625294
Nashville,TN,"Nashville-Davidson--Murfreesboro--Franklin, TN",1,2026-05-31,296715.70259724424
Nashville,TN,"Nashville-Davidson--Murfreesboro--Franklin, TN",1,2026-06-30,295661.3298408252
Nashville,TN,"Nashville-Davidson--Murfreesboro--Franklin, TN",2,2020-01-31,236406.84478600844
Nashville,TN,"Nashville-Davidson--Murfreesboro--Franklin, TN",2,2020-02-29,239345.0424469889
Nashville,TN,"Nashville-Davidson--Murfreesboro--Franklin, TN",2,2020-03-31,242277.50708072993
Nashville,TN,"Nashville-Davidson--Murfreesboro--Franklin, TN",2,2020-04-30,243396.79391985305
Nashville,TN,"Nashville-Davidson--Murfreesboro--Franklin, TN",2,2020-05-31,243454.2736084672
Nashville,TN,"Nashville-Davidson--Murfreesboro--Franklin, TN",2,2020-06-30,243214.84705890997
Nashville,TN,"Nashville-Davidson--Murfreesboro--Franklin, TN",2,2020-07-31,243563.74181172485
Nashville,TN,"Nashville-Davidson--Murfreesboro--Franklin, TN",2,2020-08-31,244843.61703287056
Nashville,TN,"Nashville-Davidson--Murfreesboro--Franklin, TN",2,2020-09-30,247152.8427181804
Nashville,TN,"Nashville-Davidson--Murfreesboro--Franklin, TN",2,2020-10-31,249734.7159506901
Nashville,TN,"Nashville-Davidson--Murfreesboro--Franklin, TN",2,2020-11-30,252639.36767161824
Nashville,TN,"Nashville-Davidson--Murfreesboro--Franklin, TN",2,2020-12-31,255356.4963169064
Nashville,TN,"Nashville-Davidson--Murfreesboro--Franklin, TN",2,2021-01-31,258249.20941372385
Nashville,TN,"Nashville-Davidson--Murfreesboro--Franklin, TN",2,2021-02-28,261421.75624210192
Nashville,TN,"Nashville-Davidson--Murfreesboro--Franklin, TN",2,2021-03-31,265110.3204939685
Nashville,TN,"Nashville-Davidson--Murfreesboro--Franklin, TN",2,2021-04-30,268921.7432693224
Nashville,TN,"Nashville-Davidson--Murfreesboro--Franklin, TN",2,2021-05-31,273279.26456874685
Nashville,TN,"Nashville-Davidson--Murfreesboro--Franklin, TN",2,2021-06-30,278193.84450068796
Nashville,TN,"Nashville-Davidson--Murfreesboro--Franklin, TN",2,2021-07-31,282892.5401957358
Nashville,TN,"Nashville-Davidson--Murfreesboro--Franklin, TN",2,2021-08-31,285777.790762301
Nashville,TN,"Nashville-Davidson--Murfreesboro--Franklin, TN",2,2021-09-30,287381.9441128214
Nashville,TN,"Nashville-Davidson--Murfreesboro--Franklin, TN",2,2021-10-31,289155.3935601164
Nashville,TN,"Nashville-Davidson--Murfreesboro--Franklin, TN",2,2021-11-30,292638.4165053155
Nashville,TN,"Nashville-Davidson--Murfreesboro--Franklin, TN",2,2021-12-31,297344.53460051405
Nashville,TN,"Nashville-Davidson--Murfreesboro--Franklin, TN",2,2022-01-31,303486.76407372084
Nashville,TN,"Nashville-Davidson--Murfreesboro--Franklin, TN",2,2022-02-28,311140.67976759974
Nashville,TN,"Nashville-Davidson--Murfreesboro--Franklin, TN",2,2022-03-31,319471.84623958316
Nashville,TN,"Nashville-Davidson--Murfreesboro--Franklin, TN",2,2022-04-30,328102.3437567491
Nashville,TN,"Nashville-Davidson--Murfreesboro--Franklin, TN",2,2022-05-31,336035.94510893547
Nashville,TN,"Nashville-Davidson--Murfreesboro--Franklin, TN",2,2022-06-30,343013.43735127576
Nashville,TN,"Nashville-Davidson--Murfreesboro--Franklin, TN",2,2022-07-31,347615.0235652425
Nashville,TN,"Nashville-Davidson--Murfreesboro--Franklin, TN",2,2022-08-31,349042.9256100809
Nashville,TN,"Nashville-Davidson--Murfreesboro--Franklin, TN",2,2022-09-30,348284.7860438487
Nashville,TN,"Nashville-Davidson--Murfreesboro--Franklin, TN",2,2022-10-31,346713.9626724266
Nashville,TN,"Nashville-Davidson--Murfreesboro--Franklin, TN",2,2022-11-30,344815.42049926874
Nashville,TN,"Nashville-Davidson--Murfreesboro--Franklin, TN",2,2022-12-31,342293.5077332168
Nashville,TN,"Nashville-Davidson--Murfreesboro--Franklin, TN",2,2023-01-31,339343.3316301421
Nashville,TN,"Nashville-Davidson--Murfreesboro--Franklin, TN",2,2023-02-28,337131.3087653884
Nashville,TN,"Nashville-Davidson--Murfreesboro--Franklin, TN",2,2023-03-31,336596.11959380674
Nashville,TN,"Nashville-Davidson--Murfreesboro--Franklin, TN",2,2023-04-30,337525.36991609
Nashville,TN,"Nashville-Davidson--Murfreesboro--Franklin, TN",2,2023-05-31,338921.67297225585
Nashville,TN,"Nashville-Davidson--Murfreesboro--Franklin, TN",2,2023-06-30,340210.1757245716
Nashville,TN,"Nashville-Davidson--Murfreesboro--Franklin, TN",2,2023-07-31,340466.76602081535
Nashville,TN,"Nashville-Davidson--Murfreesboro--Franklin, TN",2,2023-08-31,340453.5004004024
Nashville,TN,"Nashville-Davidson--Murfreesboro--Franklin, TN",2,2023-09-30,340030.6941558994
Nashville,TN,"Nashville-Davidson--Murfreesboro--Franklin, TN",2,2023-10-31,340085.46834219893
Nashville,TN,"Nashville-Davidson--Murfreesboro--Franklin, TN",2,2023-11-30,340373.24757048226
Nashville,TN,"Nashville-Davidson--Murfreesboro--Franklin, TN",2,2023-12-31,340518.81809996185
Nashville,TN,"Nashville-Davidson--Murfreesboro--Franklin, TN",2,2024-01-31,340635.212426408
Nashville,TN,"Nashville-Davidson--Murfreesboro--Franklin, TN",2,2024-02-29,340998.79607199813
Nashville,TN,"Nashville-Davidson--Murfreesboro--Franklin, TN",2,2024-03-31,341873.9098569138
Nashville,TN,"Nashville-Davidson--Murfreesboro--Franklin, TN",2,2024-04-30,342474.68714166805
Nashville,TN,"Nashville-Davidson--Murfreesboro--Franklin, TN",2,2024-05-31,342568.9266123113
Nashville,TN,"Nashville-Davidson--Murfreesboro--Franklin, TN",2,2024-06-30,341738.7967893211
Nashville,TN,"Nashville-Davidson--Murfreesboro--Franklin, TN",2,2024-07-31,340619.3292377223
Nashville,TN,"Nashville-Davidson--Murfreesboro--Franklin, TN",2,2024-08-31,339522.1134477777
Nashville,TN,"Nashville-Davidson--Murfreesboro--Franklin, TN",2,2024-09-30,338791.50996686175
Nashville,TN,"Nashville-Davidson--Murfreesboro--Franklin, TN",2,2024-10-31,338326.760621304
Nashville,TN,"Nashville-Davidson--Murfreesboro--Franklin, TN",2,2024-11-30,337976.8805834853
Nashville,TN,"Nashville-Davidson--Murfreesboro--Franklin, TN",2,2024-12-31,338075.4775610333
Nashville,TN,"Nashville-Davidson--Murfreesboro--Franklin, TN",2,2025-01-31,338487.03250238905
Nashville,TN,"Nashville-Davidson--Murfreesboro--Franklin, TN",2,2025-02-28,338709.9724903722
Nashville,TN,"Nashville-Davidson--Murfreesboro--Franklin, TN",2,2025-03-31,338491.38851347246
Nashville,TN,"Nashville-Davidson--Murfreesboro--Franklin, TN",2,2025-04-30,338086.54777352285
Nashville,TN,"Nashville-Davidson--Murfreesboro--Franklin, TN",2,2025-05-31,337309.10896513314
Nashville,TN,"Nashville-Davidson--Murfreesboro--Franklin, TN",2,2025-06-30,336013.261820594
Nashville,TN,"Nashville-Davidson--Murfreesboro--Franklin, TN",2,2025-07-31,334290.34408680204
Nashville,TN,"Nashville-Davidson--Murfreesboro--Franklin, TN",2,2025-08-31,332816.79161799
Nashville,TN,"Nashville-Davidson--Murfreesboro--Franklin, TN",2,2025-09-30,331724.1857549748
Nashville,TN,"Nashville-Davidson--Murfreesboro--Franklin, TN",2,2025-10-31,330667.79191009747
Nashville,TN,"Nashville-Davidson--Murfreesboro--Franklin, TN",2,2025-11-30,329685.9003768805
Nashville,TN,"Nashville-Davidson--Murfreesboro--Franklin, TN",2,2025-12-31,328807.15401074284
Nashville,TN,"Nashville-Davidson--Murfreesboro--Franklin, TN",2,2026-01-31,327917.745378075
Nashville,TN,"Nashville-Davidson--Murfreesboro--Franklin, TN",2,2026-02-28,326906.4222147756
Nashville,TN,"Nashville-Davidson--Murfreesboro--Franklin, TN",2,2026-03-31,325637.8311056126
Nashville,TN,"Nashville-Davidson--Murfreesboro--Franklin, TN",2,2026-04-30,324282.77467225783
Nashville,TN,"Nashville-Davidson--Murfreesboro--Franklin, TN",2,2026-05-31,322850.77116664225
Nashville,TN,"Nashville-Davidson--Murfreesboro--Franklin, TN",2,2026-06-30,321782.5394057279
Nashville,TN,"Nashville-Davidson--Murfreesboro--Franklin, TN",3,2020-01-31,290194.664212412
Nashville,TN,"Nashville-Davidson--Murfreesboro--Franklin, TN",3,2020-02-29,292480.3112403853
Nashville,TN,"Nashville-Davidson--Murfreesboro--Franklin, TN",3,2020-03-31,294931.19947623654
Nashville,TN,"Nashville-Davidson--Murfreesboro--Franklin, TN",3,2020-04-30,296609.21418387967
Nashville,TN,"Nashville-Davidson--Murfreesboro--Franklin, TN",3,2020-05-31,297269.92744842166
Nashville,TN,"Nashville-Davidson--Murfreesboro--Franklin, TN",3,2020-06-30,297716.48738271
Nashville,TN,"Nashville-Davidson--Murfreesboro--Franklin, TN",3,2020-07-31,298676.30316374823
Nashville,TN,"Nashville-Davidson--Murfreesboro--Franklin, TN",3,2020-08-31,300773.6030992278
Nashville,TN,"Nashville-Davidson--Murfreesboro--Franklin, TN",3,2020-09-30,303969.1585738972
Nashville,TN,"Nashville-Davidson--Murfreesboro--Franklin, TN",3,2020-10-31,307533.2096382396
Nashville,TN,"Nashville-Davidson--Murfreesboro--Franklin, TN",3,2020-11-30,311372.79645381303
Nashville,TN,"Nashville-Davidson--Murfreesboro--Franklin, TN",3,2020-12-31,314960.6962285665
Nashville,TN,"Nashville-Davidson--Murfreesboro--Franklin, TN",3,2021-01-31,318808.4053061213
Nashville,TN,"Nashville-Davidson--Murfreesboro--Franklin, TN",3,2021-02-28,323060.127628445
Nashville,TN,"Nashville-Davidson--Murfreesboro--Franklin, TN",3,2021-03-31,327671.18915760325
Nashville,TN,"Nashville-Davidson--Murfreesboro--Franklin, TN",3,2021-04-30,332302.9549569842
Nashville,TN,"Nashville-Davidson--Murfreesboro--Franklin, TN",3,2021-05-31,337498.01223944913
Nashville,TN,"Nashville-Davidson--Murfreesboro--Franklin, TN",3,2021-06-30,343595.77400019875
Nashville,TN,"Nashville-Davidson--Murfreesboro--Franklin, TN",3,2021-07-31,349786.6786577388
Nashville,TN,"Nashville-Davidson--Murfreesboro--Franklin, TN",3,2021-08-31,354337.1922411831
Nashville,TN,"Nashville-Davidson--Murfreesboro--Franklin, TN",3,2021-09-30,357511.3376805422
Nashville,TN,"Nashville-Davidson--Murfreesboro--Franklin, TN",3,2021-10-31,360899.3155950141
Nashville,TN,"Nashville-Davidson--Murfreesboro--Franklin, TN",3,2021-11-30,365980.72961153905
Nashville,TN,"Nashville-Davidson--Murfreesboro--Franklin, TN",3,2021-12-31,372312.0227556437
Nashville,TN,"Nashville-Davidson--Murfreesboro--Franklin, TN",3,2022-01-31,380743.67252983694
Nashville,TN,"Nashville-Davidson--Murfreesboro--Franklin, TN",3,2022-02-28,391132.51396059897
Nashville,TN,"Nashville-Davidson--Murfreesboro--Franklin, TN",3,2022-03-31,403048.97513395967
Nashville,TN,"Nashville-Davidson--Murfreesboro--Franklin, TN",3,2022-04-30,415068.19974325784
Nashville,TN,"Nashville-Davidson--Murfreesboro--Franklin, TN",3,2022-05-31,425955.46967795567
Nashville,TN,"Nashville-Davidson--Murfreesboro--Franklin, TN",3,2022-06-30,434980.4970312181
Nashville,TN,"Nashville-Davidson--Murfreesboro--Franklin, TN",3,2022-07-31,440534.6340634193
Nashville,TN,"Nashville-Davidson--Murfreesboro--Franklin, TN",3,2022-08-31,442317.2572816551
Nashville,TN,"Nashville-Davidson--Murfreesboro--Franklin, TN",3,2022-09-30,440867.6940001188
Nashville,TN,"Nashville-Davidson--Murfreesboro--Franklin, TN",3,2022-10-31,438274.48016772745
Nashville,TN,"Nashville-Davidson--Murfreesboro--Franklin, TN",3,2022-11-30,435085.3519653959
Nashville,TN,"Nashville-Davidson--Murfreesboro--Franklin, TN",3,2022-12-31,431962.8399906179
Nashville,TN,"Nashville-Davidson--Murfreesboro--Franklin, TN",3,2023-01-31,428595.0670524231
Nashville,TN,"Nashville-Davidson--Murfreesboro--Franklin, TN",3,2023-02-28,426377.09790409706
Nashville,TN,"Nashville-Davidson--Murfreesboro--Franklin, TN",3,2023-03-31,425794.1599798038
Nashville,TN,"Nashville-Davidson--Murfreesboro--Franklin, TN",3,2023-04-30,426968.1539328467
Nashville,TN,"Nashville-Davidson--Murfreesboro--Franklin, TN",3,2023-05-31,428555.1991636492
Nashville,TN,"Nashville-Davidson--Murfreesboro--Franklin, TN",3,2023-06-30,430201.8631609693
Nashville,TN,"Nashville-Davidson--Murfreesboro--Franklin, TN",3,2023-07-31,430971.15234514425
Nashville,TN,"Nashville-Davidson--Murfreesboro--Franklin, TN",3,2023-08-31,431610.88239042606
Nashville,TN,"Nashville-Davidson--Murfreesboro--Franklin, TN",3,2023-09-30,431817.05981757265
Nashville,TN,"Nashville-Davidson--Murfreesboro--Franklin, TN",3,2023-10-31,432245.29034318984
Nashville,TN,"Nashville-Davidson--Murfreesboro--Franklin, TN",3,2023-11-30,432705.2786514678
Nashville,TN,"Nashville-Davidson--Murfreesboro--Franklin, TN",3,2023-12-31,432989.28246773686
Nashville,TN,"Nashville-Davidson--Murfreesboro--Franklin, TN",3,2024-01-31,433243.0015504923
Nashville,TN,"Nashville-Davidson--Murfreesboro--Franklin, TN",3,2024-02-29,434020.32053022325
Nashville,TN,"Nashville-Davidson--Murfreesboro--Franklin, TN",3,2024-03-31,435520.9609805436
Nashville,TN,"Nashville-Davidson--Murfreesboro--Franklin, TN",3,2024-04-30,437042.2221733816
Nashville,TN,"Nashville-Davidson--Murfreesboro--Franklin, TN",3,2024-05-31,438106.5775207258
Nashville,TN,"Nashville-Davidson--Murfreesboro--Franklin, TN",3,2024-06-30,438170.1207210671
Nashville,TN,"Nashville-Davidson--Murfreesboro--Franklin, TN",3,2024-07-31,437864.9944124578
Nashville,TN,"Nashville-Davidson--Murfreesboro--Franklin, TN",3,2024-08-31,437255.4983751395
Nashville,TN,"Nashville-Davidson--Murfreesboro--Franklin, TN",3,2024-09-30,437016.78464301303
Nashville,TN,"Nashville-Davidson--Murfreesboro--Franklin, TN",3,2024-10-31,436944.17159967154
Nashville,TN,"Nashville-Davidson--Murfreesboro--Franklin, TN",3,2024-11-30,437169.2594779952
Nashville,TN,"Nashville-Davidson--Murfreesboro--Franklin, TN",3,2024-12-31,437636.92981102475
Nashville,TN,"Nashville-Davidson--Murfreesboro--Franklin, TN",3,2025-01-31,438270.9298602671
Nashville,TN,"Nashville-Davidson--Murfreesboro--Franklin, TN",3,2025-02-28,438275.05363370624
Nashville,TN,"Nashville-Davidson--Murfreesboro--Franklin, TN",3,2025-03-31,437583.8682899003
Nashville,TN,"Nashville-Davidson--Murfreesboro--Franklin, TN",3,2025-04-30,436624.8803837786
Nashville,TN,"Nashville-Davidson--Murfreesboro--Franklin, TN",3,2025-05-31,435650.3426926544
Nashville,TN,"Nashville-Davidson--Murfreesboro--Franklin, TN",3,2025-06-30,434302.0018143752
Nashville,TN,"Nashville-Davidson--Murfreesboro--Franklin, TN",3,2025-07-31,432698.6480209755
Nashville,TN,"Nashville-Davidson--Murfreesboro--Franklin, TN",3,2025-08-31,431283.47138905135
Nashville,TN,"Nashville-Davidson--Murfreesboro--Franklin, TN",3,2025-09-30,430511.459533147
Nashville,TN,"Nashville-Davidson--Murfreesboro--Franklin, TN",3,2025-10-31,429729.3445361114
Nashville,TN,"Nashville-Davidson--Murfreesboro--Franklin, TN",3,2025-11-30,428904.43836977537
Nashville,TN,"Nashville-Davidson--Murfreesboro--Franklin, TN",3,2025-12-31,428083.7190033807
Nashville,TN,"Nashville-Davidson--Murfreesboro--Franklin, TN",3,2026-01-31,427153.0322183983
Nashville,TN,"Nashville-Davidson--Murfreesboro--Franklin, TN",3,2026-02-28,425990.4035971919
Nashville,TN,"Nashville-Davidson--Murfreesboro--Franklin, TN",3,2026-03-31,424372.03681616485
Nashville,TN,"Nashville-Davidson--Murfreesboro--Franklin, TN",3,2026-04-30,422677.4549268777
Nashville,TN,"Nashville-Davidson--Murfreesboro--Franklin, TN",3,2026-05-31,421037.1326761896
Nashville,TN,"Nashville-Davidson--Murfreesboro--Franklin, TN",3,2026-06-30,419758.1818527908
Nashville,TN,"Nashville-Davidson--Murfreesboro--Franklin, TN",4,2020-01-31,416913.6292092954
Nashville,TN,"Nashville-Davidson--Murfreesboro--Franklin, TN",4,2020-02-29,420047.8861738795
Nashville,TN,"Nashville-Davidson--Murfreesboro--Franklin, TN",4,2020-03-31,423615.72601471265
Nashville,TN,"Nashville-Davidson--Murfreesboro--Franklin, TN",4,2020-04-30,426571.1524027229
Nashville,TN,"Nashville-Davidson--Murfreesboro--Franklin, TN",4,2020-05-31,428101.95451129467
Nashville,TN,"Nashville-Davidson--Murfreesboro--Franklin, TN",4,2020-06-30,429016.2003364672
Nashville,TN,"Nashville-Davidson--Murfreesboro--Franklin, TN",4,2020-07-31,430340.1328398019
Nashville,TN,"Nashville-Davidson--Murfreesboro--Franklin, TN",4,2020-08-31,433191.5095175046
Nashville,TN,"Nashville-Davidson--Murfreesboro--Franklin, TN",4,2020-09-30,437715.2844585492
Nashville,TN,"Nashville-Davidson--Murfreesboro--Franklin, TN",4,2020-10-31,442957.8178232963
Nashville,TN,"Nashville-Davidson--Murfreesboro--Franklin, TN",4,2020-11-30,448777.0788655081
Nashville,TN,"Nashville-Davidson--Murfreesboro--Franklin, TN",4,2020-12-31,454375.164461429
Nashville,TN,"Nashville-Davidson--Murfreesboro--Franklin, TN",4,2021-01-31,460238.57897331595
Nashville,TN,"Nashville-Davidson--Murfreesboro--Franklin, TN",4,2021-02-28,466563.4197337213
Nashville,TN,"Nashville-Davidson--Murfreesboro--Franklin, TN",4,2021-03-31,473422.41622362874
Nashville,TN,"Nashville-Davidson--Murfreesboro--Franklin, TN",4,2021-04-30,480530.1500075171
Nashville,TN,"Nashville-Davidson--Murfreesboro--Franklin, TN",4,2021-05-31,488792.37173932215
Nashville,TN,"Nashville-Davidson--Murfreesboro--Franklin, TN",4,2021-06-30,498254.0739786
Nashville,TN,"Nashville-Davidson--Murfreesboro--Franklin, TN",4,2021-07-31,508423.2300119495
Nashville,TN,"Nashville-Davidson--Murfreesboro--Franklin, TN",4,2021-08-31,516869.965346344
Nashville,TN,"Nashville-Davidson--Murfreesboro--Franklin, TN",4,2021-09-30,524312.1422993307
Nashville,TN,"Nashville-Davidson--Murfreesboro--Franklin, TN",4,2021-10-31,531997.4565971006
Nashville,TN,"Nashville-Davidson--Murfreesboro--Franklin, TN",4,2021-11-30,541350.1653273146
Nashville,TN,"Nashville-Davidson--Murfreesboro--Franklin, TN",4,2021-12-31,551655.5209094334
Nashville,TN,"Nashville-Davidson--Murfreesboro--Franklin, TN",4,2022-01-31,564276.5160943031
Nashville,TN,"Nashville-Davidson--Murfreesboro--Franklin, TN",4,2022-02-28,579251.5948934063
Nashville,TN,"Nashville-Davidson--Murfreesboro--Franklin, TN",4,2022-03-31,596898.2996141437
Nashville,TN,"Nashville-Davidson--Murfreesboro--Franklin, TN",4,2022-04-30,615539.716427496
Nashville,TN,"Nashville-Davidson--Murfreesboro--Franklin, TN",4,2022-05-31,633178.4552415819
Nashville,TN,"Nashville-Davidson--Murfreesboro--Franklin, TN",4,2022-06-30,647876.3917342258
Nashville,TN,"Nashville-Davidson--Murfreesboro--Franklin, TN",4,2022-07-31,656098.9318906061
Nashville,TN,"Nashville-Davidson--Murfreesboro--Franklin, TN",4,2022-08-31,657821.264683662
Nashville,TN,"Nashville-Davidson--Murfreesboro--Franklin, TN",4,2022-09-30,653945.46858859
Nashville,TN,"Nashville-Davidson--Murfreesboro--Franklin, TN",4,2022-10-31,649176.2809297566
Nashville,TN,"Nashville-Davidson--Murfreesboro--Franklin, TN",4,2022-11-30,643985.1465375064
Nashville,TN,"Nashville-Davidson--Murfreesboro--Franklin, TN",4,2022-12-31,639283.3104703753
Nashville,TN,"Nashville-Davidson--Murfreesboro--Franklin, TN",4,2023-01-31,633571.2763087739
Nashville,TN,"Nashville-Davidson--Murfreesboro--Franklin, TN",4,2023-02-28,629452.0449089529
Nashville,TN,"Nashville-Davidson--Murfreesboro--Franklin, TN",4,2023-03-31,627440.0742652584
Nashville,TN,"Nashville-Davidson--Murfreesboro--Franklin, TN",4,2023-04-30,628505.3050886722
Nashville,TN,"Nashville-Davidson--Murfreesboro--Franklin, TN",4,2023-05-31,630807.3579537664
Nashville,TN,"Nashville-Davidson--Murfreesboro--Franklin, TN",4,2023-06-30,633458.9220506959
Nashville,TN,"Nashville-Davidson--Murfreesboro--Franklin, TN",4,2023-07-31,634800.0238933018
Nashville,TN,"Nashville-Davidson--Murfreesboro--Franklin, TN",4,2023-08-31,635478.9416012747
Nashville,TN,"Nashville-Davidson--Murfreesboro--Franklin, TN",4,2023-09-30,635836.0775071745
Nashville,TN,"Nashville-Davidson--Murfreesboro--Franklin, TN",4,2023-10-31,636523.9841533601
Nashville,TN,"Nashville-Davidson--Murfreesboro--Franklin, TN",4,2023-11-30,636926.3396441544
Nashville,TN,"Nashville-Davidson--Murfreesboro--Franklin, TN",4,2023-12-31,636910.5764298056
Nashville,TN,"Nashville-Davidson--Murfreesboro--Franklin, TN",4,2024-01-31,636851.0098281333
Nashville,TN,"Nashville-Davidson--Murfreesboro--Franklin, TN",4,2024-02-29,637875.1361971003
Nashville,TN,"Nashville-Davidson--Murfreesboro--Franklin, TN",4,2024-03-31,640165.0720568622
Nashville,TN,"Nashville-Davidson--Murfreesboro--Franklin, TN",4,2024-04-30,643028.2311264658
Nashville,TN,"Nashville-Davidson--Murfreesboro--Franklin, TN",4,2024-05-31,645206.0486614417
Nashville,TN,"Nashville-Davidson--Murfreesboro--Franklin, TN",4,2024-06-30,646044.3045364188
Nashville,TN,"Nashville-Davidson--Murfreesboro--Franklin, TN",4,2024-07-31,645876.6462678144
Nashville,TN,"Nashville-Davidson--Murfreesboro--Franklin, TN",4,2024-08-31,645647.7986783745
Nashville,TN,"Nashville-Davidson--Murfreesboro--Franklin, TN",4,2024-09-30,645880.5970153987
Nashville,TN,"Nashville-Davidson--Murfreesboro--Franklin, TN",4,2024-10-31,647010.6615198465
Nashville,TN,"Nashville-Davidson--Murfreesboro--Franklin, TN",4,2024-11-30,648806.8290444402
Nashville,TN,"Nashville-Davidson--Murfreesboro--Franklin, TN",4,2024-12-31,650853.3116523903
Nashville,TN,"Nashville-Davidson--Murfreesboro--Franklin, TN",4,2025-01-31,652592.1150025424
Nashville,TN,"Nashville-Davidson--Murfreesboro--Franklin, TN",4,2025-02-28,653229.1051711085
Nashville,TN,"Nashville-Davidson--Murfreesboro--Franklin, TN",4,2025-03-31,653264.3483732722
Nashville,TN,"Nashville-Davidson--Murfreesboro--Franklin, TN",4,2025-04-30,653155.2546833806
Nashville,TN,"Nashville-Davidson--Murfreesboro--Franklin, TN",4,2025-05-31,652779.6651988908
Nashville,TN,"Nashville-Davidson--Murfreesboro--Franklin, TN",4,2025-06-30,651599.7445063577
Nashville,TN,"Nashville-Davidson--Murfreesboro--Franklin, TN",4,2025-07-31,649860.8464795123
Nashville,TN,"Nashville-Davidson--Murfreesboro--Franklin, TN",4,2025-08-31,648547.6297886563
Nashville,TN,"Nashville-Davidson--Murfreesboro--Franklin, TN",4,2025-09-30,648290.2370373529
Nashville,TN,"Nashville-Davidson--Murfreesboro--Franklin, TN",4,2025-10-31,648061.1174481077
Nashville,TN,"Nashville-Davidson--Murfreesboro--Franklin, TN",4,2025-11-30,647442.455307606
Nashville,TN,"Nashville-Davidson--Murfreesboro--Franklin, TN",4,2025-12-31,646662.0222561691
Nashville,TN,"Nashville-Davidson--Murfreesboro--Franklin, TN",4,2026-01-31,645757.4800255547
Nashville,TN,"Nashville-Davidson--Murfreesboro--Franklin, TN",4,2026-02-28,644742.1717180803
Nashville,TN,"Nashville-Davidson--Murfreesboro--Franklin, TN",4,2026-03-31,643141.6679705902
Nashville,TN,"Nashville-Davidson--Murfreesboro--Franklin, TN",4,2026-04-30,641482.4765975891
Nashville,TN,"Nashville-Davidson--Murfreesboro--Franklin, TN",4,2026-05-31,639818.34980412
Nashville,TN,"Nashville-Davidson--Murfreesboro--Franklin, TN",4,2026-06-30,638702.0588314239
Nashville,TN,"Nashville-Davidson--Murfreesboro--Franklin, TN",5,2020-01-31,690849.1683519495
Nashville,TN,"Nashville-Davidson--Murfreesboro--Franklin, TN",5,2020-02-29,696462.5408273285
Nashville,TN,"Nashville-Davidson--Murfreesboro--Franklin, TN",5,2020-03-31,702910.7248491583
Nashville,TN,"Nashville-Davidson--Murfreesboro--Franklin, TN",5,2020-04-30,708241.3221272021
Nashville,TN,"Nashville-Davidson--Murfreesboro--Franklin, TN",5,2020-05-31,710498.4413208946
Nashville,TN,"Nashville-Davidson--Murfreesboro--Franklin, TN",5,2020-06-30,711269.4889876852
Nashville,TN,"Nashville-Davidson--Murfreesboro--Franklin, TN",5,2020-07-31,712914.6568426145
Nashville,TN,"Nashville-Davidson--Murfreesboro--Franklin, TN",5,2020-08-31,718319.321132156
Nashville,TN,"Nashville-Davidson--Murfreesboro--Franklin, TN",5,2020-09-30,727107.684437899
Nashville,TN,"Nashville-Davidson--Murfreesboro--Franklin, TN",5,2020-10-31,737099.7036979896
Nashville,TN,"Nashville-Davidson--Murfreesboro--Franklin, TN",5,2020-11-30,748400.6527620434
Nashville,TN,"Nashville-Davidson--Murfreesboro--Franklin, TN",5,2020-12-31,760031.9888546601
Nashville,TN,"Nashville-Davidson--Murfreesboro--Franklin, TN",5,2021-01-31,772105.445500618
Nashville,TN,"Nashville-Davidson--Murfreesboro--Franklin, TN",5,2021-02-28,784214.3392420635
Nashville,TN,"Nashville-Davidson--Murfreesboro--Franklin, TN",5,2021-03-31,795532.1541107926
Nashville,TN,"Nashville-Davidson--Murfreesboro--Franklin, TN",5,2021-04-30,807451.8608302157
Nashville,TN,"Nashville-Davidson--Murfreesboro--Franklin, TN",5,2021-05-31,822291.0562975196
Nashville,TN,"Nashville-Davidson--Murfreesboro--Franklin, TN",5,2021-06-30,840479.3094281607
Nashville,TN,"Nashville-Davidson--Murfreesboro--Franklin, TN",5,2021-07-31,860502.0135527425
Nashville,TN,"Nashville-Davidson--Murfreesboro--Franklin, TN",5,2021-08-31,876630.1874086483
Nashville,TN,"Nashville-Davidson--Murfreesboro--Franklin, TN",5,2021-09-30,891645.3418858391
Nashville,TN,"Nashville-Davidson--Murfreesboro--Franklin, TN",5,2021-10-31,907424.4024607596
Nashville,TN,"Nashville-Davidson--Murfreesboro--Franklin, TN",5,2021-11-30,926601.854821676
Nashville,TN,"Nashville-Davidson--Murfreesboro--Franklin, TN",5,2021-12-31,947102.307836033
Nashville,TN,"Nashville-Davidson--Murfreesboro--Franklin, TN",5,2022-01-31,970304.0275991402
Nashville,TN,"Nashville-Davidson--Murfreesboro--Franklin, TN",5,2022-02-28,997662.5121558668
Nashville,TN,"Nashville-Davidson--Murfreesboro--Franklin, TN",5,2022-03-31,1031027.7629473972
Nashville,TN,"Nashville-Davidson--Murfreesboro--Franklin, TN",5,2022-04-30,1068133.6314430328
Nashville,TN,"Nashville-Davidson--Murfreesboro--Franklin, TN",5,2022-05-31,1103994.049187042
Nashville,TN,"Nashville-Davidson--Murfreesboro--Franklin, TN",5,2022-06-30,1134010.42599349
Nashville,TN,"Nashville-Davidson--Murfreesboro--Franklin, TN",5,2022-07-31,1149776.5037900584
Nashville,TN,"Nashville-Davidson--Murfreesboro--Franklin, TN",5,2022-08-31,1152011.1563046302
Nashville,TN,"Nashville-Davidson--Murfreesboro--Franklin, TN",5,2022-09-30,1142474.7598152594
Nashville,TN,"Nashville-Davidson--Murfreesboro--Franklin, TN",5,2022-10-31,1132282.6823697907
Nashville,TN,"Nashville-Davidson--Murfreesboro--Franklin, TN",5,2022-11-30,1122173.566107956
Nashville,TN,"Nashville-Davidson--Murfreesboro--Franklin, TN",5,2022-12-31,1113598.0680701907
Nashville,TN,"Nashville-Davidson--Murfreesboro--Franklin, TN",5,2023-01-31,1101976.0104561169
Nashville,TN,"Nashville-Davidson--Murfreesboro--Franklin, TN",5,2023-02-28,1092851.7278876167
Nashville,TN,"Nashville-Davidson--Murfreesboro--Franklin, TN",5,2023-03-31,1086532.6597908356
Nashville,TN,"Nashville-Davidson--Murfreesboro--Franklin, TN",5,2023-04-30,1087477.3701624938
Nashville,TN,"Nashville-Davidson--Murfreesboro--Franklin, TN",5,2023-05-31,1091492.7716844922
Nashville,TN,"Nashville-Davidson--Murfreesboro--Franklin, TN",5,2023-06-30,1097283.0191395918
Nashville,TN,"Nashville-Davidson--Murfreesboro--Franklin, TN",5,2023-07-31,1101007.8069401437
Nashville,TN,"Nashville-Davidson--Murfreesboro--Franklin, TN",5,2023-08-31,1102578.1663521717
Nashville,TN,"Nashville-Davidson--Murfreesboro--Franklin, TN",5,2023-09-30,1103630.5763948048
Nashville,TN,"Nashville-Davidson--Murfreesboro--Franklin, TN",5,2023-10-31,1104659.5122609476
Nashville,TN,"Nashville-Davidson--Murfreesboro--Franklin, TN",5,2023-11-30,1104809.7161205208
Nashville,TN,"Nashville-Davidson--Murfreesboro--Franklin, TN",5,2023-12-31,1103876.500523917
Nashville,TN,"Nashville-Davidson--Murfreesboro--Franklin, TN",5,2024-01-31,1102743.5130527315
Nashville,TN,"Nashville-Davidson--Murfreesboro--Franklin, TN",5,2024-02-29,1104321.846015146
Nashville,TN,"Nashville-Davidson--Murfreesboro--Franklin, TN",5,2024-03-31,1109334.5277672498
Nashville,TN,"Nashville-Davidson--Murfreesboro--Franklin, TN",5,2024-04-30,1116555.3421662615
Nashville,TN,"Nashville-Davidson--Murfreesboro--Franklin, TN",5,2024-05-31,1122308.2025173549
Nashville,TN,"Nashville-Davidson--Murfreesboro--Franklin, TN",5,2024-06-30,1124355.8814574678
Nashville,TN,"Nashville-Davidson--Murfreesboro--Franklin, TN",5,2024-07-31,1123199.3913776942
Nashville,TN,"Nashville-Davidson--Murfreesboro--Franklin, TN",5,2024-08-31,1122106.650730869
Nashville,TN,"Nashville-Davidson--Murfreesboro--Franklin, TN",5,2024-09-30,1122483.905210533
Nashville,TN,"Nashville-Davidson--Murfreesboro--Franklin, TN",5,2024-10-31,1125788.6543019467
Nashville,TN,"Nashville-Davidson--Murfreesboro--Franklin, TN",5,2024-11-30,1130397.765835916
Nashville,TN,"Nashville-Davidson--Murfreesboro--Franklin, TN",5,2024-12-31,1135186.4211730924
Nashville,TN,"Nashville-Davidson--Murfreesboro--Franklin, TN",5,2025-01-31,1139901.9664122816
Nashville,TN,"Nashville-Davidson--Murfreesboro--Franklin, TN",5,2025-02-28,1142898.2208187224
Nashville,TN,"Nashville-Davidson--Murfreesboro--Franklin, TN",5,2025-03-31,1146510.6321369333
Nashville,TN,"Nashville-Davidson--Murfreesboro--Franklin, TN",5,2025-04-30,1149381.2796214276
Nashville,TN,"Nashville-Davidson--Murfreesboro--Franklin, TN",5,2025-05-31,1151975.4904541187
Nashville,TN,"Nashville-Davidson--Murfreesboro--Franklin, TN",5,2025-06-30,1151975.0361686845
Nashville,TN,"Nashville-Davidson--Murfreesboro--Franklin, TN",5,2025-07-31,1150375.379324499
Nashville,TN,"Nashville-Davidson--Murfreesboro--Franklin, TN",5,2025-08-31,1149571.0999708774
Nashville,TN,"Nashville-Davidson--Murfreesboro--Franklin, TN",5,2025-09-30,1150742.7862815617
Nashville,TN,"Nashville-Davidson--Murfreesboro--Franklin, TN",5,2025-10-31,1152635.4018301887
Nashville,TN,"Nashville-Davidson--Murfreesboro--Franklin, TN",5,2025-11-30,1154311.6630696573
Nashville,TN,"Nashville-Davidson--Murfreesboro--Franklin, TN",5,2025-12-31,1155864.4914875235
Nashville,TN,"Nashville-Davidson--Murfreesboro--Franklin, TN",5,2026-01-31,1158372.880701706
Nashville,TN,"Nashville-Davidson--Murfreesboro--Franklin, TN",5,2026-02-28,1161257.7665440852
Nashville,TN,"Nashville-Davidson--Murfreesboro--Franklin, TN",5,2026-03-31,1163026.0208631267
Nashville,TN,"Nashville-Davidson--Murfreesboro--Franklin, TN",5,2026-04-30,1162766.3619040337
Nashville,TN,"Nashville-Davidson--Murfreesboro--Franklin, TN",5,2026-05-31,1161354.7263861557
Nashville,TN,"Nashville-Davidson--Murfreesboro--Franklin, TN",5,2026-06-30,1160578.4425759856
New York,NY,"New York-Newark-Jersey City, NY-NJ-PA",1,2020-01-31,566635.5550064924
New York,NY,"New York-Newark-Jersey City, NY-NJ-PA",1,2020-02-29,567196.2607152265
New York,NY,"New York-Newark-Jersey City, NY-NJ-PA",1,2020-03-31,567302.694001739
New York,NY,"New York-Newark-Jersey City, NY-NJ-PA",1,2020-04-30,565987.1455510621
New York,NY,"New York-Newark-Jersey City, NY-NJ-PA",1,2020-05-31,565020.2459930353
New York,NY,"New York-Newark-Jersey City, NY-NJ-PA",1,2020-06-30,563390.7121196935
New York,NY,"New York-Newark-Jersey City, NY-NJ-PA",1,2020-07-31,560683.6094730921
New York,NY,"New York-Newark-Jersey City, NY-NJ-PA",1,2020-08-31,555396.0104002652
New York,NY,"New York-Newark-Jersey City, NY-NJ-PA",1,2020-09-30,549205.991912145
New York,NY,"New York-Newark-Jersey City, NY-NJ-PA",1,2020-10-31,544022.312605178
New York,NY,"New York-Newark-Jersey City, NY-NJ-PA",1,2020-11-30,541280.3645935707
New York,NY,"New York-Newark-Jersey City, NY-NJ-PA",1,2020-12-31,540669.7032344424
New York,NY,"New York-Newark-Jersey City, NY-NJ-PA",1,2021-01-31,540488.6193977308
New York,NY,"New York-Newark-Jersey City, NY-NJ-PA",1,2021-02-28,540491.8780260608
New York,NY,"New York-Newark-Jersey City, NY-NJ-PA",1,2021-03-31,540708.0484419112
New York,NY,"New York-Newark-Jersey City, NY-NJ-PA",1,2021-04-30,540805.0970363186
New York,NY,"New York-Newark-Jersey City, NY-NJ-PA",1,2021-05-31,541823.7088575821
New York,NY,"New York-Newark-Jersey City, NY-NJ-PA",1,2021-06-30,542585.4497352769
New York,NY,"New York-Newark-Jersey City, NY-NJ-PA",1,2021-07-31,544153.3230996655
New York,NY,"New York-Newark-Jersey City, NY-NJ-PA",1,2021-08-31,545791.515125875
New York,NY,"New York-Newark-Jersey City, NY-NJ-PA",1,2021-09-30,547953.1825039005
New York,NY,"New York-Newark-Jersey City, NY-NJ-PA",1,2021-10-31,551705.9566292936
New York,NY,"New York-Newark-Jersey City, NY-NJ-PA",1,2021-11-30,556473.7038933121
New York,NY,"New York-Newark-Jersey City, NY-NJ-PA",1,2021-12-31,560922.3575475338
New York,NY,"New York-Newark-Jersey City, NY-NJ-PA",1,2022-01-31,563987.9384282808
New York,NY,"New York-Newark-Jersey City, NY-NJ-PA",1,2022-02-28,566708.7070326587
New York,NY,"New York-Newark-Jersey City, NY-NJ-PA",1,2022-03-31,569963.3510075047
New York,NY,"New York-Newark-Jersey City, NY-NJ-PA",1,2022-04-30,573008.2578028352
New York,NY,"New York-Newark-Jersey City, NY-NJ-PA",1,2022-05-31,574781.326775848
New York,NY,"New York-Newark-Jersey City, NY-NJ-PA",1,2022-06-30,577719.5047260412
New York,NY,"New York-Newark-Jersey City, NY-NJ-PA",1,2022-07-31,580356.1916129905
New York,NY,"New York-Newark-Jersey City, NY-NJ-PA",1,2022-08-31,582377.4344324119
New York,NY,"New York-Newark-Jersey City, NY-NJ-PA",1,2022-09-30,581122.476506819
New York,NY,"New York-Newark-Jersey City, NY-NJ-PA",1,2022-10-31,579404.6455127583
New York,NY,"New York-Newark-Jersey City, NY-NJ-PA",1,2022-11-30,577882.9221132306
New York,NY,"New York-Newark-Jersey City, NY-NJ-PA",1,2022-12-31,576920.4554530358
New York,NY,"New York-Newark-Jersey City, NY-NJ-PA",1,2023-01-31,578319.3329638896
New York,NY,"New York-Newark-Jersey City, NY-NJ-PA",1,2023-02-28,578939.9806990074
New York,NY,"New York-Newark-Jersey City, NY-NJ-PA",1,2023-03-31,578766.6957883273
New York,NY,"New York-Newark-Jersey City, NY-NJ-PA",1,2023-04-30,577025.9027734627
New York,NY,"New York-Newark-Jersey City, NY-NJ-PA",1,2023-05-31,576170.0569169372
New York,NY,"New York-Newark-Jersey City, NY-NJ-PA",1,2023-06-30,576774.5209989687
New York,NY,"New York-Newark-Jersey City, NY-NJ-PA",1,2023-07-31,576822.1730355792
New York,NY,"New York-Newark-Jersey City, NY-NJ-PA",1,2023-08-31,575826.3220197833
New York,NY,"New York-Newark-Jersey City, NY-NJ-PA",1,2023-09-30,574408.698517183
New York,NY,"New York-Newark-Jersey City, NY-NJ-PA",1,2023-10-31,572041.070332985
New York,NY,"New York-Newark-Jersey City, NY-NJ-PA",1,2023-11-30,569331.0540571014
New York,NY,"New York-Newark-Jersey City, NY-NJ-PA",1,2023-12-31,567001.1070562251
New York,NY,"New York-Newark-Jersey City, NY-NJ-PA",1,2024-01-31,567390.6532650916
New York,NY,"New York-Newark-Jersey City, NY-NJ-PA",1,2024-02-29,568984.3523427242
New York,NY,"New York-Newark-Jersey City, NY-NJ-PA",1,2024-03-31,572978.5421362855
New York,NY,"New York-Newark-Jersey City, NY-NJ-PA",1,2024-04-30,576077.158223754
New York,NY,"New York-Newark-Jersey City, NY-NJ-PA",1,2024-05-31,579440.1998350732
New York,NY,"New York-Newark-Jersey City, NY-NJ-PA",1,2024-06-30,581611.3600540926
New York,NY,"New York-Newark-Jersey City, NY-NJ-PA",1,2024-07-31,584690.1095642817
New York,NY,"New York-Newark-Jersey City, NY-NJ-PA",1,2024-08-31,587698.0701576244
New York,NY,"New York-Newark-Jersey City, NY-NJ-PA",1,2024-09-30,590403.509150935
New York,NY,"New York-Newark-Jersey City, NY-NJ-PA",1,2024-10-31,592213.5453808621
New York,NY,"New York-Newark-Jersey City, NY-NJ-PA",1,2024-11-30,594734.5962747647
New York,NY,"New York-Newark-Jersey City, NY-NJ-PA",1,2024-12-31,597140.7980090935
New York,NY,"New York-Newark-Jersey City, NY-NJ-PA",1,2025-01-31,598548.5770609856
New York,NY,"New York-Newark-Jersey City, NY-NJ-PA",1,2025-02-28,600371.3263283084
New York,NY,"New York-Newark-Jersey City, NY-NJ-PA",1,2025-03-31,601900.4552758842
New York,NY,"New York-Newark-Jersey City, NY-NJ-PA",1,2025-04-30,604053.3426488232
New York,NY,"New York-Newark-Jersey City, NY-NJ-PA",1,2025-05-31,604456.7849996084
New York,NY,"New York-Newark-Jersey City, NY-NJ-PA",1,2025-06-30,603702.7085768591
New York,NY,"New York-Newark-Jersey City, NY-NJ-PA",1,2025-07-31,602747.8048754592
New York,NY,"New York-Newark-Jersey City, NY-NJ-PA",1,2025-08-31,603275.0331911874
New York,NY,"New York-Newark-Jersey City, NY-NJ-PA",1,2025-09-30,606213.002501232
New York,NY,"New York-Newark-Jersey City, NY-NJ-PA",1,2025-10-31,611481.898096858
New York,NY,"New York-Newark-Jersey City, NY-NJ-PA",1,2025-11-30,616033.8465285382
New York,NY,"New York-Newark-Jersey City, NY-NJ-PA",1,2025-12-31,619834.296416168
New York,NY,"New York-Newark-Jersey City, NY-NJ-PA",1,2026-01-31,622205.8142830696
New York,NY,"New York-Newark-Jersey City, NY-NJ-PA",1,2026-02-28,625231.4164552711
New York,NY,"New York-Newark-Jersey City, NY-NJ-PA",1,2026-03-31,628045.1328629348
New York,NY,"New York-Newark-Jersey City, NY-NJ-PA",1,2026-04-30,629629.7731567336
New York,NY,"New York-Newark-Jersey City, NY-NJ-PA",1,2026-05-31,631039.8474401338
New York,NY,"New York-Newark-Jersey City, NY-NJ-PA",1,2026-06-30,632161.5393329364
New York,NY,"New York-Newark-Jersey City, NY-NJ-PA",2,2020-01-31,737953.1940360604
New York,NY,"New York-Newark-Jersey City, NY-NJ-PA",2,2020-02-29,737580.7265887265
New York,NY,"New York-Newark-Jersey City, NY-NJ-PA",2,2020-03-31,737337.4753332665
New York,NY,"New York-Newark-Jersey City, NY-NJ-PA",2,2020-04-30,736319.541229264
New York,NY,"New York-Newark-Jersey City, NY-NJ-PA",2,2020-05-31,735275.6253653443
New York,NY,"New York-Newark-Jersey City, NY-NJ-PA",2,2020-06-30,733029.5658173948
New York,NY,"New York-Newark-Jersey City, NY-NJ-PA",2,2020-07-31,731198.0526991085
New York,NY,"New York-Newark-Jersey City, NY-NJ-PA",2,2020-08-31,727609.7175466181
New York,NY,"New York-Newark-Jersey City, NY-NJ-PA",2,2020-09-30,723983.4324429365
New York,NY,"New York-Newark-Jersey City, NY-NJ-PA",2,2020-10-31,719453.528359922
New York,NY,"New York-Newark-Jersey City, NY-NJ-PA",2,2020-11-30,717108.7504815921
New York,NY,"New York-Newark-Jersey City, NY-NJ-PA",2,2020-12-31,716007.2051453311
New York,NY,"New York-Newark-Jersey City, NY-NJ-PA",2,2021-01-31,715910.1580811273
New York,NY,"New York-Newark-Jersey City, NY-NJ-PA",2,2021-02-28,717019.8272237383
New York,NY,"New York-Newark-Jersey City, NY-NJ-PA",2,2021-03-31,719435.3189830926
New York,NY,"New York-Newark-Jersey City, NY-NJ-PA",2,2021-04-30,721893.13794983
New York,NY,"New York-Newark-Jersey City, NY-NJ-PA",2,2021-05-31,724918.3667996678
New York,NY,"New York-Newark-Jersey City, NY-NJ-PA",2,2021-06-30,726923.9891713463
New York,NY,"New York-Newark-Jersey City, NY-NJ-PA",2,2021-07-31,729577.4403114027
New York,NY,"New York-Newark-Jersey City, NY-NJ-PA",2,2021-08-31,731821.6859588452
New York,NY,"New York-Newark-Jersey City, NY-NJ-PA",2,2021-09-30,735182.5816110581
New York,NY,"New York-Newark-Jersey City, NY-NJ-PA",2,2021-10-31,741509.1082374399
New York,NY,"New York-Newark-Jersey City, NY-NJ-PA",2,2021-11-30,749546.1080987094
New York,NY,"New York-Newark-Jersey City, NY-NJ-PA",2,2021-12-31,756066.1116762715
New York,NY,"New York-Newark-Jersey City, NY-NJ-PA",2,2022-01-31,758578.8368252892
New York,NY,"New York-Newark-Jersey City, NY-NJ-PA",2,2022-02-28,758878.3095823381
New York,NY,"New York-Newark-Jersey City, NY-NJ-PA",2,2022-03-31,760413.0437905006
New York,NY,"New York-Newark-Jersey City, NY-NJ-PA",2,2022-04-30,763240.2524655856
New York,NY,"New York-Newark-Jersey City, NY-NJ-PA",2,2022-05-31,765607.2763724071
New York,NY,"New York-Newark-Jersey City, NY-NJ-PA",2,2022-06-30,769356.2729897491
New York,NY,"New York-Newark-Jersey City, NY-NJ-PA",2,2022-07-31,771009.7972915332
New York,NY,"New York-Newark-Jersey City, NY-NJ-PA",2,2022-08-31,770924.7121782061
New York,NY,"New York-Newark-Jersey City, NY-NJ-PA",2,2022-09-30,765828.6335296972
New York,NY,"New York-Newark-Jersey City, NY-NJ-PA",2,2022-10-31,761304.5852581015
New York,NY,"New York-Newark-Jersey City, NY-NJ-PA",2,2022-11-30,758590.6709112403
New York,NY,"New York-Newark-Jersey City, NY-NJ-PA",2,2022-12-31,759378.2621965958
New York,NY,"New York-Newark-Jersey City, NY-NJ-PA",2,2023-01-31,761480.2070778668
New York,NY,"New York-Newark-Jersey City, NY-NJ-PA",2,2023-02-28,761981.8481925731
New York,NY,"New York-Newark-Jersey City, NY-NJ-PA",2,2023-03-31,760963.785010851
New York,NY,"New York-Newark-Jersey City, NY-NJ-PA",2,2023-04-30,760733.610922593
New York,NY,"New York-Newark-Jersey City, NY-NJ-PA",2,2023-05-31,762795.0602178056
New York,NY,"New York-Newark-Jersey City, NY-NJ-PA",2,2023-06-30,766401.9360570706
New York,NY,"New York-Newark-Jersey City, NY-NJ-PA",2,2023-07-31,768736.5144425295
New York,NY,"New York-Newark-Jersey City, NY-NJ-PA",2,2023-08-31,767835.3268571958
New York,NY,"New York-Newark-Jersey City, NY-NJ-PA",2,2023-09-30,764792.2857286871
New York,NY,"New York-Newark-Jersey City, NY-NJ-PA",2,2023-10-31,759859.3611625172
New York,NY,"New York-Newark-Jersey City, NY-NJ-PA",2,2023-11-30,755969.7741486641
New York,NY,"New York-Newark-Jersey City, NY-NJ-PA",2,2023-12-31,753127.3493694039
New York,NY,"New York-Newark-Jersey City, NY-NJ-PA",2,2024-01-31,753935.3226593481
New York,NY,"New York-Newark-Jersey City, NY-NJ-PA",2,2024-02-29,756748.1815945911
New York,NY,"New York-Newark-Jersey City, NY-NJ-PA",2,2024-03-31,763036.3095131256
New York,NY,"New York-Newark-Jersey City, NY-NJ-PA",2,2024-04-30,768625.4038431044
New York,NY,"New York-Newark-Jersey City, NY-NJ-PA",2,2024-05-31,773218.4902427541
New York,NY,"New York-Newark-Jersey City, NY-NJ-PA",2,2024-06-30,775062.924880712
New York,NY,"New York-Newark-Jersey City, NY-NJ-PA",2,2024-07-31,777277.5626972406
New York,NY,"New York-Newark-Jersey City, NY-NJ-PA",2,2024-08-31,779666.1253019297
New York,NY,"New York-Newark-Jersey City, NY-NJ-PA",2,2024-09-30,782706.3874306179
New York,NY,"New York-Newark-Jersey City, NY-NJ-PA",2,2024-10-31,784603.7131931741
New York,NY,"New York-Newark-Jersey City, NY-NJ-PA",2,2024-11-30,786470.3242761865
New York,NY,"New York-Newark-Jersey City, NY-NJ-PA",2,2024-12-31,787310.5017032409
New York,NY,"New York-Newark-Jersey City, NY-NJ-PA",2,2025-01-31,787678.6250238036
New York,NY,"New York-Newark-Jersey City, NY-NJ-PA",2,2025-02-28,789484.7654124731
New York,NY,"New York-Newark-Jersey City, NY-NJ-PA",2,2025-03-31,791991.6106888665
New York,NY,"New York-Newark-Jersey City, NY-NJ-PA",2,2025-04-30,795551.4151317909
New York,NY,"New York-Newark-Jersey City, NY-NJ-PA",2,2025-05-31,797663.1999077472
New York,NY,"New York-Newark-Jersey City, NY-NJ-PA",2,2025-06-30,798301.5557242035
New York,NY,"New York-Newark-Jersey City, NY-NJ-PA",2,2025-07-31,798321.3595779296
New York,NY,"New York-Newark-Jersey City, NY-NJ-PA",2,2025-08-31,799174.5783446655
New York,NY,"New York-Newark-Jersey City, NY-NJ-PA",2,2025-09-30,802633.0119903637
New York,NY,"New York-Newark-Jersey City, NY-NJ-PA",2,2025-10-31,808446.4294191113
New York,NY,"New York-Newark-Jersey City, NY-NJ-PA",2,2025-11-30,814030.3819792363
New York,NY,"New York-Newark-Jersey City, NY-NJ-PA",2,2025-12-31,818861.3383858269
New York,NY,"New York-Newark-Jersey City, NY-NJ-PA",2,2026-01-31,823244.2409136031
New York,NY,"New York-Newark-Jersey City, NY-NJ-PA",2,2026-02-28,828549.2742332875
New York,NY,"New York-Newark-Jersey City, NY-NJ-PA",2,2026-03-31,834440.6704724041
New York,NY,"New York-Newark-Jersey City, NY-NJ-PA",2,2026-04-30,837671.0097044789
New York,NY,"New York-Newark-Jersey City, NY-NJ-PA",2,2026-05-31,839531.6647813463
New York,NY,"New York-Newark-Jersey City, NY-NJ-PA",2,2026-06-30,839911.7537078463
New York,NY,"New York-Newark-Jersey City, NY-NJ-PA",3,2020-01-31,740706.3527958608
New York,NY,"New York-Newark-Jersey City, NY-NJ-PA",3,2020-02-29,743028.2967211608
New York,NY,"New York-Newark-Jersey City, NY-NJ-PA",3,2020-03-31,745731.6112207574
New York,NY,"New York-Newark-Jersey City, NY-NJ-PA",3,2020-04-30,748065.5529633664
New York,NY,"New York-Newark-Jersey City, NY-NJ-PA",3,2020-05-31,749167.1366403854
New York,NY,"New York-Newark-Jersey City, NY-NJ-PA",3,2020-06-30,748930.6845774357
New York,NY,"New York-Newark-Jersey City, NY-NJ-PA",3,2020-07-31,748937.6511850199
New York,NY,"New York-Newark-Jersey City, NY-NJ-PA",3,2020-08-31,749150.4433136713
New York,NY,"New York-Newark-Jersey City, NY-NJ-PA",3,2020-09-30,750590.8452673691
New York,NY,"New York-Newark-Jersey City, NY-NJ-PA",3,2020-10-31,752134.4260480255
New York,NY,"New York-Newark-Jersey City, NY-NJ-PA",3,2020-11-30,755371.7302554807
New York,NY,"New York-Newark-Jersey City, NY-NJ-PA",3,2020-12-31,758655.3557294663
New York,NY,"New York-Newark-Jersey City, NY-NJ-PA",3,2021-01-31,761316.4123398666
New York,NY,"New York-Newark-Jersey City, NY-NJ-PA",3,2021-02-28,764646.637126573
New York,NY,"New York-Newark-Jersey City, NY-NJ-PA",3,2021-03-31,768854.2435860006
New York,NY,"New York-Newark-Jersey City, NY-NJ-PA",3,2021-04-30,773838.5716159845
New York,NY,"New York-Newark-Jersey City, NY-NJ-PA",3,2021-05-31,778836.0483450508
New York,NY,"New York-Newark-Jersey City, NY-NJ-PA",3,2021-06-30,782468.7731708112
New York,NY,"New York-Newark-Jersey City, NY-NJ-PA",3,2021-07-31,785548.6873486879
New York,NY,"New York-Newark-Jersey City, NY-NJ-PA",3,2021-08-31,787611.8428290411
New York,NY,"New York-Newark-Jersey City, NY-NJ-PA",3,2021-09-30,791344.0034947252
New York,NY,"New York-Newark-Jersey City, NY-NJ-PA",3,2021-10-31,797668.9821809329
New York,NY,"New York-Newark-Jersey City, NY-NJ-PA",3,2021-11-30,805602.5484477421
New York,NY,"New York-Newark-Jersey City, NY-NJ-PA",3,2021-12-31,812161.8419588637
New York,NY,"New York-Newark-Jersey City, NY-NJ-PA",3,2022-01-31,816309.7477239268
New York,NY,"New York-Newark-Jersey City, NY-NJ-PA",3,2022-02-28,818917.0875804514
New York,NY,"New York-Newark-Jersey City, NY-NJ-PA",3,2022-03-31,822647.000689426
New York,NY,"New York-Newark-Jersey City, NY-NJ-PA",3,2022-04-30,827508.9386464473
New York,NY,"New York-Newark-Jersey City, NY-NJ-PA",3,2022-05-31,833183.7639421076
New York,NY,"New York-Newark-Jersey City, NY-NJ-PA",3,2022-06-30,840113.3285191776
New York,NY,"New York-Newark-Jersey City, NY-NJ-PA",3,2022-07-31,843526.1852910448
New York,NY,"New York-Newark-Jersey City, NY-NJ-PA",3,2022-08-31,843154.4728357937
New York,NY,"New York-Newark-Jersey City, NY-NJ-PA",3,2022-09-30,836567.4229947723
New York,NY,"New York-Newark-Jersey City, NY-NJ-PA",3,2022-10-31,830461.4826241388
New York,NY,"New York-Newark-Jersey City, NY-NJ-PA",3,2022-11-30,825987.9265298102
New York,NY,"New York-Newark-Jersey City, NY-NJ-PA",3,2022-12-31,823985.879157534
New York,NY,"New York-Newark-Jersey City, NY-NJ-PA",3,2023-01-31,822183.6687891772
New York,NY,"New York-Newark-Jersey City, NY-NJ-PA",3,2023-02-28,818702.1453385553
New York,NY,"New York-Newark-Jersey City, NY-NJ-PA",3,2023-03-31,815830.7646679962
New York,NY,"New York-Newark-Jersey City, NY-NJ-PA",3,2023-04-30,815854.8683120966
New York,NY,"New York-Newark-Jersey City, NY-NJ-PA",3,2023-05-31,818790.145874757
New York,NY,"New York-Newark-Jersey City, NY-NJ-PA",3,2023-06-30,822799.4918462615
New York,NY,"New York-Newark-Jersey City, NY-NJ-PA",3,2023-07-31,825004.0678354265
New York,NY,"New York-Newark-Jersey City, NY-NJ-PA",3,2023-08-31,824862.1288311188
New York,NY,"New York-Newark-Jersey City, NY-NJ-PA",3,2023-09-30,822599.127987947
New York,NY,"New York-Newark-Jersey City, NY-NJ-PA",3,2023-10-31,819913.3752960168
New York,NY,"New York-Newark-Jersey City, NY-NJ-PA",3,2023-11-30,817837.9130044478
New York,NY,"New York-Newark-Jersey City, NY-NJ-PA",3,2023-12-31,816687.4315937435
New York,NY,"New York-Newark-Jersey City, NY-NJ-PA",3,2024-01-31,816802.4852039748
New York,NY,"New York-Newark-Jersey City, NY-NJ-PA",3,2024-02-29,818699.1817064934
New York,NY,"New York-Newark-Jersey City, NY-NJ-PA",3,2024-03-31,823711.8385742805
New York,NY,"New York-Newark-Jersey City, NY-NJ-PA",3,2024-04-30,829524.5463568401
New York,NY,"New York-Newark-Jersey City, NY-NJ-PA",3,2024-05-31,833915.7746562781
New York,NY,"New York-Newark-Jersey City, NY-NJ-PA",3,2024-06-30,834894.4469702729
New York,NY,"New York-Newark-Jersey City, NY-NJ-PA",3,2024-07-31,835764.4986863552
New York,NY,"New York-Newark-Jersey City, NY-NJ-PA",3,2024-08-31,837597.305422077
New York,NY,"New York-Newark-Jersey City, NY-NJ-PA",3,2024-09-30,841120.0620733044
New York,NY,"New York-Newark-Jersey City, NY-NJ-PA",3,2024-10-31,842700.2255124389
New York,NY,"New York-Newark-Jersey City, NY-NJ-PA",3,2024-11-30,842337.5285220215
New York,NY,"New York-Newark-Jersey City, NY-NJ-PA",3,2024-12-31,840193.9833009905
New York,NY,"New York-Newark-Jersey City, NY-NJ-PA",3,2025-01-31,838091.848769379
New York,NY,"New York-Newark-Jersey City, NY-NJ-PA",3,2025-02-28,837941.9873656253
New York,NY,"New York-Newark-Jersey City, NY-NJ-PA",3,2025-03-31,838968.8820918006
New York,NY,"New York-Newark-Jersey City, NY-NJ-PA",3,2025-04-30,841961.8156644575
New York,NY,"New York-Newark-Jersey City, NY-NJ-PA",3,2025-05-31,844847.8703701288
New York,NY,"New York-Newark-Jersey City, NY-NJ-PA",3,2025-06-30,847269.0311992125
New York,NY,"New York-Newark-Jersey City, NY-NJ-PA",3,2025-07-31,848395.778431116
New York,NY,"New York-Newark-Jersey City, NY-NJ-PA",3,2025-08-31,849371.5639476205
New York,NY,"New York-Newark-Jersey City, NY-NJ-PA",3,2025-09-30,851920.077021195
New York,NY,"New York-Newark-Jersey City, NY-NJ-PA",3,2025-10-31,856491.4943255183
New York,NY,"New York-Newark-Jersey City, NY-NJ-PA",3,2025-11-30,861082.4216487264
New York,NY,"New York-Newark-Jersey City, NY-NJ-PA",3,2025-12-31,864459.8746074229
New York,NY,"New York-Newark-Jersey City, NY-NJ-PA",3,2026-01-31,867468.7976388935
New York,NY,"New York-Newark-Jersey City, NY-NJ-PA",3,2026-02-28,871658.1577586136
New York,NY,"New York-Newark-Jersey City, NY-NJ-PA",3,2026-03-31,875937.8335224063
New York,NY,"New York-Newark-Jersey City, NY-NJ-PA",3,2026-04-30,878042.0459883431
New York,NY,"New York-Newark-Jersey City, NY-NJ-PA",3,2026-05-31,878710.7970595722
New York,NY,"New York-Newark-Jersey City, NY-NJ-PA",3,2026-06-30,878585.2574247351
New York,NY,"New York-Newark-Jersey City, NY-NJ-PA",4,2020-01-31,893280.4443344685
New York,NY,"New York-Newark-Jersey City, NY-NJ-PA",4,2020-02-29,896564.5616158292
New York,NY,"New York-Newark-Jersey City, NY-NJ-PA",4,2020-03-31,900631.1539605403
New York,NY,"New York-Newark-Jersey City, NY-NJ-PA",4,2020-04-30,904001.6814339152
New York,NY,"New York-Newark-Jersey City, NY-NJ-PA",4,2020-05-31,905360.9757507892
New York,NY,"New York-Newark-Jersey City, NY-NJ-PA",4,2020-06-30,905155.2861168076
New York,NY,"New York-Newark-Jersey City, NY-NJ-PA",4,2020-07-31,906272.8414604728
New York,NY,"New York-Newark-Jersey City, NY-NJ-PA",4,2020-08-31,908910.0482220026
New York,NY,"New York-Newark-Jersey City, NY-NJ-PA",4,2020-09-30,912809.4935652302
New York,NY,"New York-Newark-Jersey City, NY-NJ-PA",4,2020-10-31,916259.6753451813
New York,NY,"New York-Newark-Jersey City, NY-NJ-PA",4,2020-11-30,921023.195091096
New York,NY,"New York-Newark-Jersey City, NY-NJ-PA",4,2020-12-31,926393.5188491052
New York,NY,"New York-Newark-Jersey City, NY-NJ-PA",4,2021-01-31,930792.4869814828
New York,NY,"New York-Newark-Jersey City, NY-NJ-PA",4,2021-02-28,936224.062455833
New York,NY,"New York-Newark-Jersey City, NY-NJ-PA",4,2021-03-31,942479.2143997283
New York,NY,"New York-Newark-Jersey City, NY-NJ-PA",4,2021-04-30,949387.5525436242
New York,NY,"New York-Newark-Jersey City, NY-NJ-PA",4,2021-05-31,956054.4687339969
New York,NY,"New York-Newark-Jersey City, NY-NJ-PA",4,2021-06-30,960833.4630321309
New York,NY,"New York-Newark-Jersey City, NY-NJ-PA",4,2021-07-31,964585.1781070562
New York,NY,"New York-Newark-Jersey City, NY-NJ-PA",4,2021-08-31,966475.4673147966
New York,NY,"New York-Newark-Jersey City, NY-NJ-PA",4,2021-09-30,970368.6245618772
New York,NY,"New York-Newark-Jersey City, NY-NJ-PA",4,2021-10-31,978074.2504289116
New York,NY,"New York-Newark-Jersey City, NY-NJ-PA",4,2021-11-30,988325.794822487
New York,NY,"New York-Newark-Jersey City, NY-NJ-PA",4,2021-12-31,996735.1714597696
New York,NY,"New York-Newark-Jersey City, NY-NJ-PA",4,2022-01-31,1002717.5403065694
New York,NY,"New York-Newark-Jersey City, NY-NJ-PA",4,2022-02-28,1007197.7327163364
New York,NY,"New York-Newark-Jersey City, NY-NJ-PA",4,2022-03-31,1013505.4332822566
New York,NY,"New York-Newark-Jersey City, NY-NJ-PA",4,2022-04-30,1021355.968700958
New York,NY,"New York-Newark-Jersey City, NY-NJ-PA",4,2022-05-31,1029980.4059893986
New York,NY,"New York-Newark-Jersey City, NY-NJ-PA",4,2022-06-30,1040236.133687884
New York,NY,"New York-Newark-Jersey City, NY-NJ-PA",4,2022-07-31,1044986.9888132048
New York,NY,"New York-Newark-Jersey City, NY-NJ-PA",4,2022-08-31,1044369.6111549624
New York,NY,"New York-Newark-Jersey City, NY-NJ-PA",4,2022-09-30,1035130.3539484058
New York,NY,"New York-Newark-Jersey City, NY-NJ-PA",4,2022-10-31,1026773.330495976
New York,NY,"New York-Newark-Jersey City, NY-NJ-PA",4,2022-11-30,1020543.0533748358
New York,NY,"New York-Newark-Jersey City, NY-NJ-PA",4,2022-12-31,1017225.4110487514
New York,NY,"New York-Newark-Jersey City, NY-NJ-PA",4,2023-01-31,1014078.5914052856
New York,NY,"New York-Newark-Jersey City, NY-NJ-PA",4,2023-02-28,1008932.3571749656
New York,NY,"New York-Newark-Jersey City, NY-NJ-PA",4,2023-03-31,1004364.0958706765
New York,NY,"New York-Newark-Jersey City, NY-NJ-PA",4,2023-04-30,1002303.735250442
New York,NY,"New York-Newark-Jersey City, NY-NJ-PA",4,2023-05-31,1003063.8621425424
New York,NY,"New York-Newark-Jersey City, NY-NJ-PA",4,2023-06-30,1005489.552431004
New York,NY,"New York-Newark-Jersey City, NY-NJ-PA",4,2023-07-31,1006113.31542026
New York,NY,"New York-Newark-Jersey City, NY-NJ-PA",4,2023-08-31,1004342.5402315926
New York,NY,"New York-Newark-Jersey City, NY-NJ-PA",4,2023-09-30,999772.948414702
New York,NY,"New York-Newark-Jersey City, NY-NJ-PA",4,2023-10-31,995126.78394228
New York,NY,"New York-Newark-Jersey City, NY-NJ-PA",4,2023-11-30,991501.264187377
New York,NY,"New York-Newark-Jersey City, NY-NJ-PA",4,2023-12-31,989681.7755341312
New York,NY,"New York-Newark-Jersey City, NY-NJ-PA",4,2024-01-31,989870.670619546
New York,NY,"New York-Newark-Jersey City, NY-NJ-PA",4,2024-02-29,992991.7436453188
New York,NY,"New York-Newark-Jersey City, NY-NJ-PA",4,2024-03-31,1000612.0865686816
New York,NY,"New York-Newark-Jersey City, NY-NJ-PA",4,2024-04-30,1009890.1047267672
New York,NY,"New York-Newark-Jersey City, NY-NJ-PA",4,2024-05-31,1017013.4639571164
New York,NY,"New York-Newark-Jersey City, NY-NJ-PA",4,2024-06-30,1018978.217164678
New York,NY,"New York-Newark-Jersey City, NY-NJ-PA",4,2024-07-31,1019766.5026710918
New York,NY,"New York-Newark-Jersey City, NY-NJ-PA",4,2024-08-31,1021163.9606136422
New York,NY,"New York-Newark-Jersey City, NY-NJ-PA",4,2024-09-30,1024741.4056078936
New York,NY,"New York-Newark-Jersey City, NY-NJ-PA",4,2024-10-31,1026156.1355858402
New York,NY,"New York-Newark-Jersey City, NY-NJ-PA",4,2024-11-30,1025614.1585323176
New York,NY,"New York-Newark-Jersey City, NY-NJ-PA",4,2024-12-31,1023119.6158520668
New York,NY,"New York-Newark-Jersey City, NY-NJ-PA",4,2025-01-31,1021250.7389622664
New York,NY,"New York-Newark-Jersey City, NY-NJ-PA",4,2025-02-28,1022209.8584119084
New York,NY,"New York-Newark-Jersey City, NY-NJ-PA",4,2025-03-31,1024878.005664487
New York,NY,"New York-Newark-Jersey City, NY-NJ-PA",4,2025-04-30,1029669.2572368608
New York,NY,"New York-Newark-Jersey City, NY-NJ-PA",4,2025-05-31,1034147.5471350914
New York,NY,"New York-Newark-Jersey City, NY-NJ-PA",4,2025-06-30,1037623.7955914102
New York,NY,"New York-Newark-Jersey City, NY-NJ-PA",4,2025-07-31,1039412.52116301
New York,NY,"New York-Newark-Jersey City, NY-NJ-PA",4,2025-08-31,1040578.7000021564
New York,NY,"New York-Newark-Jersey City, NY-NJ-PA",4,2025-09-30,1043839.995845114
New York,NY,"New York-Newark-Jersey City, NY-NJ-PA",4,2025-10-31,1049634.2969642666
New York,NY,"New York-Newark-Jersey City, NY-NJ-PA",4,2025-11-30,1055655.424408201
New York,NY,"New York-Newark-Jersey City, NY-NJ-PA",4,2025-12-31,1060394.2345715382
New York,NY,"New York-Newark-Jersey City, NY-NJ-PA",4,2026-01-31,1064759.220765984
New York,NY,"New York-Newark-Jersey City, NY-NJ-PA",4,2026-02-28,1070726.5287568753
New York,NY,"New York-Newark-Jersey City, NY-NJ-PA",4,2026-03-31,1076719.7080046968
New York,NY,"New York-Newark-Jersey City, NY-NJ-PA",4,2026-04-30,1080041.5400342457
New York,NY,"New York-Newark-Jersey City, NY-NJ-PA",4,2026-05-31,1081533.2616152735
New York,NY,"New York-Newark-Jersey City, NY-NJ-PA",4,2026-06-30,1082573.790951168
New York,NY,"New York-Newark-Jersey City, NY-NJ-PA",5,2020-01-31,1107501.8838560611
New York,NY,"New York-Newark-Jersey City, NY-NJ-PA",5,2020-02-29,1112217.135252313
New York,NY,"New York-Newark-Jersey City, NY-NJ-PA",5,2020-03-31,1119156.3568833882
New York,NY,"New York-Newark-Jersey City, NY-NJ-PA",5,2020-04-30,1125166.8949859897
New York,NY,"New York-Newark-Jersey City, NY-NJ-PA",5,2020-05-31,1128075.1054140143
New York,NY,"New York-Newark-Jersey City, NY-NJ-PA",5,2020-06-30,1128438.9333383124
New York,NY,"New York-Newark-Jersey City, NY-NJ-PA",5,2020-07-31,1132050.1209690569
New York,NY,"New York-Newark-Jersey City, NY-NJ-PA",5,2020-08-31,1138773.9850890797
New York,NY,"New York-Newark-Jersey City, NY-NJ-PA",5,2020-09-30,1147434.17771294
New York,NY,"New York-Newark-Jersey City, NY-NJ-PA",5,2020-10-31,1153944.8241638488
New York,NY,"New York-Newark-Jersey City, NY-NJ-PA",5,2020-11-30,1161127.3101684486
New York,NY,"New York-Newark-Jersey City, NY-NJ-PA",5,2020-12-31,1168830.7961793586
New York,NY,"New York-Newark-Jersey City, NY-NJ-PA",5,2021-01-31,1175674.9280928562
New York,NY,"New York-Newark-Jersey City, NY-NJ-PA",5,2021-02-28,1184063.228971636
New York,NY,"New York-Newark-Jersey City, NY-NJ-PA",5,2021-03-31,1192691.3551848829
New York,NY,"New York-Newark-Jersey City, NY-NJ-PA",5,2021-04-30,1201369.8348428842
New York,NY,"New York-Newark-Jersey City, NY-NJ-PA",5,2021-05-31,1209820.9255903813
New York,NY,"New York-Newark-Jersey City, NY-NJ-PA",5,2021-06-30,1216064.4363659376
New York,NY,"New York-Newark-Jersey City, NY-NJ-PA",5,2021-07-31,1220318.301360514
New York,NY,"New York-Newark-Jersey City, NY-NJ-PA",5,2021-08-31,1220910.0609971243
New York,NY,"New York-Newark-Jersey City, NY-NJ-PA",5,2021-09-30,1223934.1155948434
New York,NY,"New York-Newark-Jersey City, NY-NJ-PA",5,2021-10-31,1232867.778900609
New York,NY,"New York-Newark-Jersey City, NY-NJ-PA",5,2021-11-30,1246464.9441308903
New York,NY,"New York-Newark-Jersey City, NY-NJ-PA",5,2021-12-31,1257926.8067487872
New York,NY,"New York-Newark-Jersey City, NY-NJ-PA",5,2022-01-31,1266559.373018654
New York,NY,"New York-Newark-Jersey City, NY-NJ-PA",5,2022-02-28,1273030.2623927891
New York,NY,"New York-Newark-Jersey City, NY-NJ-PA",5,2022-03-31,1282970.9651005513
New York,NY,"New York-Newark-Jersey City, NY-NJ-PA",5,2022-04-30,1296065.6400539738
New York,NY,"New York-Newark-Jersey City, NY-NJ-PA",5,2022-05-31,1310129.7022452175
New York,NY,"New York-Newark-Jersey City, NY-NJ-PA",5,2022-06-30,1326298.4120810952
New York,NY,"New York-Newark-Jersey City, NY-NJ-PA",5,2022-07-31,1333942.818023482
New York,NY,"New York-Newark-Jersey City, NY-NJ-PA",5,2022-08-31,1334981.2237493496
New York,NY,"New York-Newark-Jersey City, NY-NJ-PA",5,2022-09-30,1323813.3435969946
New York,NY,"New York-Newark-Jersey City, NY-NJ-PA",5,2022-10-31,1314649.7677533843
New York,NY,"New York-Newark-Jersey City, NY-NJ-PA",5,2022-11-30,1307204.1679380813
New York,NY,"New York-Newark-Jersey City, NY-NJ-PA",5,2022-12-31,1303802.958131676
New York,NY,"New York-Newark-Jersey City, NY-NJ-PA",5,2023-01-31,1299685.4476592217
New York,NY,"New York-Newark-Jersey City, NY-NJ-PA",5,2023-02-28,1295599.5106917715
New York,NY,"New York-Newark-Jersey City, NY-NJ-PA",5,2023-03-31,1292932.0042533393
New York,NY,"New York-Newark-Jersey City, NY-NJ-PA",5,2023-04-30,1293729.94507991
New York,NY,"New York-Newark-Jersey City, NY-NJ-PA",5,2023-05-31,1296548.8617276335
New York,NY,"New York-Newark-Jersey City, NY-NJ-PA",5,2023-06-30,1300758.2263905455
New York,NY,"New York-Newark-Jersey City, NY-NJ-PA",5,2023-07-31,1302829.81797213
New York,NY,"New York-Newark-Jersey City, NY-NJ-PA",5,2023-08-31,1300677.782054191
New York,NY,"New York-Newark-Jersey City, NY-NJ-PA",5,2023-09-30,1293684.4956118346
New York,NY,"New York-Newark-Jersey City, NY-NJ-PA",5,2023-10-31,1286083.122483652
New York,NY,"New York-Newark-Jersey City, NY-NJ-PA",5,2023-11-30,1280174.688243101
New York,NY,"New York-Newark-Jersey City, NY-NJ-PA",5,2023-12-31,1277838.2268595947
New York,NY,"New York-Newark-Jersey City, NY-NJ-PA",5,2024-01-31,1278249.1668011367
New York,NY,"New York-Newark-Jersey City, NY-NJ-PA",5,2024-02-29,1282507.6213625
New York,NY,"New York-Newark-Jersey City, NY-NJ-PA",5,2024-03-31,1293188.0738058588
New York,NY,"New York-Newark-Jersey City, NY-NJ-PA",5,2024-04-30,1307020.923615885
New York,NY,"New York-Newark-Jersey City, NY-NJ-PA",5,2024-05-31,1318974.8206483994
New York,NY,"New York-Newark-Jersey City, NY-NJ-PA",5,2024-06-30,1323907.9922499603
New York,NY,"New York-Newark-Jersey City, NY-NJ-PA",5,2024-07-31,1326089.3360121695
New York,NY,"New York-Newark-Jersey City, NY-NJ-PA",5,2024-08-31,1327223.8349226576
New York,NY,"New York-Newark-Jersey City, NY-NJ-PA",5,2024-09-30,1330155.1498818044
New York,NY,"New York-Newark-Jersey City, NY-NJ-PA",5,2024-10-31,1330119.4178619354
New York,NY,"New York-Newark-Jersey City, NY-NJ-PA",5,2024-11-30,1329104.8095443912
New York,NY,"New York-Newark-Jersey City, NY-NJ-PA",5,2024-12-31,1326904.3907673752
New York,NY,"New York-Newark-Jersey City, NY-NJ-PA",5,2025-01-31,1326623.5419402246
New York,NY,"New York-Newark-Jersey City, NY-NJ-PA",5,2025-02-28,1329722.554275847
New York,NY,"New York-Newark-Jersey City, NY-NJ-PA",5,2025-03-31,1334564.2260532894
New York,NY,"New York-Newark-Jersey City, NY-NJ-PA",5,2025-04-30,1342282.9610191695
New York,NY,"New York-Newark-Jersey City, NY-NJ-PA",5,2025-05-31,1349761.6316416925
New York,NY,"New York-Newark-Jersey City, NY-NJ-PA",5,2025-06-30,1356609.9843386763
New York,NY,"New York-Newark-Jersey City, NY-NJ-PA",5,2025-07-31,1361809.0338137688
New York,NY,"New York-Newark-Jersey City, NY-NJ-PA",5,2025-08-31,1366958.7527658616
New York,NY,"New York-Newark-Jersey City, NY-NJ-PA",5,2025-09-30,1373772.4799084847
New York,NY,"New York-Newark-Jersey City, NY-NJ-PA",5,2025-10-31,1382974.548092895
New York,NY,"New York-Newark-Jersey City, NY-NJ-PA",5,2025-11-30,1391685.1493770664
New York,NY,"New York-Newark-Jersey City, NY-NJ-PA",5,2025-12-31,1400300.6865258866
New York,NY,"New York-Newark-Jersey City, NY-NJ-PA",5,2026-01-31,1409710.6412428992
New York,NY,"New York-Newark-Jersey City, NY-NJ-PA",5,2026-02-28,1422152.498439692
New York,NY,"New York-Newark-Jersey City, NY-NJ-PA",5,2026-03-31,1434761.490922454
New York,NY,"New York-Newark-Jersey City, NY-NJ-PA",5,2026-04-30,1442820.385788588
New York,NY,"New York-Newark-Jersey City, NY-NJ-PA",5,2026-05-31,1447901.467451783
New York,NY,"New York-Newark-Jersey City, NY-NJ-PA",5,2026-06-30,1452195.759452083
Phoenix,AZ,"Phoenix-Mesa-Chandler, AZ",1,2020-01-31,155247.9860895537
Phoenix,AZ,"Phoenix-Mesa-Chandler, AZ",1,2020-02-29,158660.04644911547
Phoenix,AZ,"Phoenix-Mesa-Chandler, AZ",1,2020-03-31,162662.4760334697
Phoenix,AZ,"Phoenix-Mesa-Chandler, AZ",1,2020-04-30,165967.04387082168
Phoenix,AZ,"Phoenix-Mesa-Chandler, AZ",1,2020-05-31,168180.94145990943
Phoenix,AZ,"Phoenix-Mesa-Chandler, AZ",1,2020-06-30,168783.62732104
Phoenix,AZ,"Phoenix-Mesa-Chandler, AZ",1,2020-07-31,168509.55603640617
Phoenix,AZ,"Phoenix-Mesa-Chandler, AZ",1,2020-08-31,168180.18211481092
Phoenix,AZ,"Phoenix-Mesa-Chandler, AZ",1,2020-09-30,168985.29721186412
Phoenix,AZ,"Phoenix-Mesa-Chandler, AZ",1,2020-10-31,170667.02298572453
Phoenix,AZ,"Phoenix-Mesa-Chandler, AZ",1,2020-11-30,173125.8380403149
Phoenix,AZ,"Phoenix-Mesa-Chandler, AZ",1,2020-12-31,175968.46569818514
Phoenix,AZ,"Phoenix-Mesa-Chandler, AZ",1,2021-01-31,178602.6060537215
Phoenix,AZ,"Phoenix-Mesa-Chandler, AZ",1,2021-02-28,180821.77233954208
Phoenix,AZ,"Phoenix-Mesa-Chandler, AZ",1,2021-03-31,183548.30174297083
Phoenix,AZ,"Phoenix-Mesa-Chandler, AZ",1,2021-04-30,187242.45705716475
Phoenix,AZ,"Phoenix-Mesa-Chandler, AZ",1,2021-05-31,192237.2845468257
Phoenix,AZ,"Phoenix-Mesa-Chandler, AZ",1,2021-06-30,198343.21333581072
Phoenix,AZ,"Phoenix-Mesa-Chandler, AZ",1,2021-07-31,204788.4372768592
Phoenix,AZ,"Phoenix-Mesa-Chandler, AZ",1,2021-08-31,210863.09737660064
Phoenix,AZ,"Phoenix-Mesa-Chandler, AZ",1,2021-09-30,215422.96367306667
Phoenix,AZ,"Phoenix-Mesa-Chandler, AZ",1,2021-10-31,219431.01857360863
Phoenix,AZ,"Phoenix-Mesa-Chandler, AZ",1,2021-11-30,223306.6575989634
Phoenix,AZ,"Phoenix-Mesa-Chandler, AZ",1,2021-12-31,227626.51636948847
Phoenix,AZ,"Phoenix-Mesa-Chandler, AZ",1,2022-01-31,232620.7119209189
Phoenix,AZ,"Phoenix-Mesa-Chandler, AZ",1,2022-02-28,238829.92510262187
Phoenix,AZ,"Phoenix-Mesa-Chandler, AZ",1,2022-03-31,246243.92525329333
Phoenix,AZ,"Phoenix-Mesa-Chandler, AZ",1,2022-04-30,254215.68347665
Phoenix,AZ,"Phoenix-Mesa-Chandler, AZ",1,2022-05-31,261797.95097022285
Phoenix,AZ,"Phoenix-Mesa-Chandler, AZ",1,2022-06-30,268746.3139248678
Phoenix,AZ,"Phoenix-Mesa-Chandler, AZ",1,2022-07-31,273146.9116576796
Phoenix,AZ,"Phoenix-Mesa-Chandler, AZ",1,2022-08-31,274653.5915588993
Phoenix,AZ,"Phoenix-Mesa-Chandler, AZ",1,2022-09-30,273096.93435840815
Phoenix,AZ,"Phoenix-Mesa-Chandler, AZ",1,2022-10-31,270686.46313217864
Phoenix,AZ,"Phoenix-Mesa-Chandler, AZ",1,2022-11-30,268002.26168713364
Phoenix,AZ,"Phoenix-Mesa-Chandler, AZ",1,2022-12-31,265235.35587949207
Phoenix,AZ,"Phoenix-Mesa-Chandler, AZ",1,2023-01-31,261595.96820826785
Phoenix,AZ,"Phoenix-Mesa-Chandler, AZ",1,2023-02-28,257984.22948736363
Phoenix,AZ,"Phoenix-Mesa-Chandler, AZ",1,2023-03-31,255107.05874796608
Phoenix,AZ,"Phoenix-Mesa-Chandler, AZ",1,2023-04-30,253813.6870496221
Phoenix,AZ,"Phoenix-Mesa-Chandler, AZ",1,2023-05-31,253113.3213524871
Phoenix,AZ,"Phoenix-Mesa-Chandler, AZ",1,2023-06-30,253247.2024795233
Phoenix,AZ,"Phoenix-Mesa-Chandler, AZ",1,2023-07-31,254201.07595878185
Phoenix,AZ,"Phoenix-Mesa-Chandler, AZ",1,2023-08-31,256301.02867628416
Phoenix,AZ,"Phoenix-Mesa-Chandler, AZ",1,2023-09-30,258726.7302887608
Phoenix,AZ,"Phoenix-Mesa-Chandler, AZ",1,2023-10-31,260930.57256690355
Phoenix,AZ,"Phoenix-Mesa-Chandler, AZ",1,2023-11-30,262686.69771042286
Phoenix,AZ,"Phoenix-Mesa-Chandler, AZ",1,2023-12-31,263552.69131814386
Phoenix,AZ,"Phoenix-Mesa-Chandler, AZ",1,2024-01-31,263360.7792262376
Phoenix,AZ,"Phoenix-Mesa-Chandler, AZ",1,2024-02-29,262668.7147943236
Phoenix,AZ,"Phoenix-Mesa-Chandler, AZ",1,2024-03-31,261989.69566663387
Phoenix,AZ,"Phoenix-Mesa-Chandler, AZ",1,2024-04-30,261587.7326628739
Phoenix,AZ,"Phoenix-Mesa-Chandler, AZ",1,2024-05-31,260804.0176884225
Phoenix,AZ,"Phoenix-Mesa-Chandler, AZ",1,2024-06-30,259553.96996089476
Phoenix,AZ,"Phoenix-Mesa-Chandler, AZ",1,2024-07-31,258344.5373647483
Phoenix,AZ,"Phoenix-Mesa-Chandler, AZ",1,2024-08-31,257537.50237168232
Phoenix,AZ,"Phoenix-Mesa-Chandler, AZ",1,2024-09-30,256962.9918897467
Phoenix,AZ,"Phoenix-Mesa-Chandler, AZ",1,2024-10-31,256330.9892096859
Phoenix,AZ,"Phoenix-Mesa-Chandler, AZ",1,2024-11-30,255223.85242959764
Phoenix,AZ,"Phoenix-Mesa-Chandler, AZ",1,2024-12-31,254266.94305289272
Phoenix,AZ,"Phoenix-Mesa-Chandler, AZ",1,2025-01-31,253213.37027904892
Phoenix,AZ,"Phoenix-Mesa-Chandler, AZ",1,2025-02-28,251947.26474561632
Phoenix,AZ,"Phoenix-Mesa-Chandler, AZ",1,2025-03-31,250018.0444020163
Phoenix,AZ,"Phoenix-Mesa-Chandler, AZ",1,2025-04-30,248069.18988012988
Phoenix,AZ,"Phoenix-Mesa-Chandler, AZ",1,2025-05-31,245851.92177496236
Phoenix,AZ,"Phoenix-Mesa-Chandler, AZ",1,2025-06-30,243608.63932530276
Phoenix,AZ,"Phoenix-Mesa-Chandler, AZ",1,2025-07-31,241312.71666787265
Phoenix,AZ,"Phoenix-Mesa-Chandler, AZ",1,2025-08-31,239733.60994548848
Phoenix,AZ,"Phoenix-Mesa-Chandler, AZ",1,2025-09-30,238672.997719305
Phoenix,AZ,"Phoenix-Mesa-Chandler, AZ",1,2025-10-31,237743.52710186655
Phoenix,AZ,"Phoenix-Mesa-Chandler, AZ",1,2025-11-30,236957.68695307945
Phoenix,AZ,"Phoenix-Mesa-Chandler, AZ",1,2025-12-31,236197.72150179083
Phoenix,AZ,"Phoenix-Mesa-Chandler, AZ",1,2026-01-31,235679.50567871367
Phoenix,AZ,"Phoenix-Mesa-Chandler, AZ",1,2026-02-28,234893.44242511468
Phoenix,AZ,"Phoenix-Mesa-Chandler, AZ",1,2026-03-31,233255.60434622117
Phoenix,AZ,"Phoenix-Mesa-Chandler, AZ",1,2026-04-30,230889.2768690788
Phoenix,AZ,"Phoenix-Mesa-Chandler, AZ",1,2026-05-31,228511.98965986844
Phoenix,AZ,"Phoenix-Mesa-Chandler, AZ",1,2026-06-30,227049.06036673332
Phoenix,AZ,"Phoenix-Mesa-Chandler, AZ",2,2020-01-31,208593.43958616495
Phoenix,AZ,"Phoenix-Mesa-Chandler, AZ",2,2020-02-29,212315.5652488413
Phoenix,AZ,"Phoenix-Mesa-Chandler, AZ",2,2020-03-31,216618.70660759645
Phoenix,AZ,"Phoenix-Mesa-Chandler, AZ",2,2020-04-30,220125.56289274796
Phoenix,AZ,"Phoenix-Mesa-Chandler, AZ",2,2020-05-31,222335.1968263641
Phoenix,AZ,"Phoenix-Mesa-Chandler, AZ",2,2020-06-30,223044.6797280595
Phoenix,AZ,"Phoenix-Mesa-Chandler, AZ",2,2020-07-31,223301.66278957203
Phoenix,AZ,"Phoenix-Mesa-Chandler, AZ",2,2020-08-31,223942.672484157
Phoenix,AZ,"Phoenix-Mesa-Chandler, AZ",2,2020-09-30,226111.00097848225
Phoenix,AZ,"Phoenix-Mesa-Chandler, AZ",2,2020-10-31,229242.11704993015
Phoenix,AZ,"Phoenix-Mesa-Chandler, AZ",2,2020-11-30,233169.14509282037
Phoenix,AZ,"Phoenix-Mesa-Chandler, AZ",2,2020-12-31,237282.3970441662
Phoenix,AZ,"Phoenix-Mesa-Chandler, AZ",2,2021-01-31,241347.4898701571
Phoenix,AZ,"Phoenix-Mesa-Chandler, AZ",2,2021-02-28,245505.88940868224
Phoenix,AZ,"Phoenix-Mesa-Chandler, AZ",2,2021-03-31,250376.88626165895
Phoenix,AZ,"Phoenix-Mesa-Chandler, AZ",2,2021-04-30,256088.9906141714
Phoenix,AZ,"Phoenix-Mesa-Chandler, AZ",2,2021-05-31,262983.309954355
Phoenix,AZ,"Phoenix-Mesa-Chandler, AZ",2,2021-06-30,270910.7051602987
Phoenix,AZ,"Phoenix-Mesa-Chandler, AZ",2,2021-07-31,279089.87182792433
Phoenix,AZ,"Phoenix-Mesa-Chandler, AZ",2,2021-08-31,286633.88537765725
Phoenix,AZ,"Phoenix-Mesa-Chandler, AZ",2,2021-09-30,292626.1852372727
Phoenix,AZ,"Phoenix-Mesa-Chandler, AZ",2,2021-10-31,297952.51656571653
Phoenix,AZ,"Phoenix-Mesa-Chandler, AZ",2,2021-11-30,303028.4643228864
Phoenix,AZ,"Phoenix-Mesa-Chandler, AZ",2,2021-12-31,308184.9169579653
Phoenix,AZ,"Phoenix-Mesa-Chandler, AZ",2,2022-01-31,313876.5950495485
Phoenix,AZ,"Phoenix-Mesa-Chandler, AZ",2,2022-02-28,320592.3179561469
Phoenix,AZ,"Phoenix-Mesa-Chandler, AZ",2,2022-03-31,328784.4437780625
Phoenix,AZ,"Phoenix-Mesa-Chandler, AZ",2,2022-04-30,337741.6707825438
Phoenix,AZ,"Phoenix-Mesa-Chandler, AZ",2,2022-05-31,346582.2987084518
Phoenix,AZ,"Phoenix-Mesa-Chandler, AZ",2,2022-06-30,354301.7295282132
Phoenix,AZ,"Phoenix-Mesa-Chandler, AZ",2,2022-07-31,358674.6894038732
Phoenix,AZ,"Phoenix-Mesa-Chandler, AZ",2,2022-08-31,358820.0863909985
Phoenix,AZ,"Phoenix-Mesa-Chandler, AZ",2,2022-09-30,355097.1169171802
Phoenix,AZ,"Phoenix-Mesa-Chandler, AZ",2,2022-10-31,350228.88578340336
Phoenix,AZ,"Phoenix-Mesa-Chandler, AZ",2,2022-11-30,345062.1449487473
Phoenix,AZ,"Phoenix-Mesa-Chandler, AZ",2,2022-12-31,340043.9802558709
Phoenix,AZ,"Phoenix-Mesa-Chandler, AZ",2,2023-01-31,334644.993436393
Phoenix,AZ,"Phoenix-Mesa-Chandler, AZ",2,2023-02-28,329993.9667121488
Phoenix,AZ,"Phoenix-Mesa-Chandler, AZ",2,2023-03-31,326824.3557912439
Phoenix,AZ,"Phoenix-Mesa-Chandler, AZ",2,2023-04-30,325580.2981972227
Phoenix,AZ,"Phoenix-Mesa-Chandler, AZ",2,2023-05-31,325475.9677147934
Phoenix,AZ,"Phoenix-Mesa-Chandler, AZ",2,2023-06-30,326374.13375608774
Phoenix,AZ,"Phoenix-Mesa-Chandler, AZ",2,2023-07-31,328063.0145936634
Phoenix,AZ,"Phoenix-Mesa-Chandler, AZ",2,2023-08-31,330594.22138017084
Phoenix,AZ,"Phoenix-Mesa-Chandler, AZ",2,2023-09-30,333040.32879039156
Phoenix,AZ,"Phoenix-Mesa-Chandler, AZ",2,2023-10-31,335179.5966607349
Phoenix,AZ,"Phoenix-Mesa-Chandler, AZ",2,2023-11-30,336808.44593767653
Phoenix,AZ,"Phoenix-Mesa-Chandler, AZ",2,2023-12-31,337637.1663922448
Phoenix,AZ,"Phoenix-Mesa-Chandler, AZ",2,2024-01-31,337784.40711483854
Phoenix,AZ,"Phoenix-Mesa-Chandler, AZ",2,2024-02-29,337671.4691042845
Phoenix,AZ,"Phoenix-Mesa-Chandler, AZ",2,2024-03-31,337911.0453357703
Phoenix,AZ,"Phoenix-Mesa-Chandler, AZ",2,2024-04-30,338347.76386957127
Phoenix,AZ,"Phoenix-Mesa-Chandler, AZ",2,2024-05-31,338507.3817504611
Phoenix,AZ,"Phoenix-Mesa-Chandler, AZ",2,2024-06-30,338087.1336397394
Phoenix,AZ,"Phoenix-Mesa-Chandler, AZ",2,2024-07-31,337490.70983929356
Phoenix,AZ,"Phoenix-Mesa-Chandler, AZ",2,2024-08-31,336835.3174272596
Phoenix,AZ,"Phoenix-Mesa-Chandler, AZ",2,2024-09-30,336213.6774177956
Phoenix,AZ,"Phoenix-Mesa-Chandler, AZ",2,2024-10-31,335462.15386946517
Phoenix,AZ,"Phoenix-Mesa-Chandler, AZ",2,2024-11-30,334467.21296496846
Phoenix,AZ,"Phoenix-Mesa-Chandler, AZ",2,2024-12-31,333685.9928929895
Phoenix,AZ,"Phoenix-Mesa-Chandler, AZ",2,2025-01-31,332746.3988049272
Phoenix,AZ,"Phoenix-Mesa-Chandler, AZ",2,2025-02-28,331280.6685654647
Phoenix,AZ,"Phoenix-Mesa-Chandler, AZ",2,2025-03-31,329065.9700900891
Phoenix,AZ,"Phoenix-Mesa-Chandler, AZ",2,2025-04-30,326800.8825163254
Phoenix,AZ,"Phoenix-Mesa-Chandler, AZ",2,2025-05-31,324596.01963839406
Phoenix,AZ,"Phoenix-Mesa-Chandler, AZ",2,2025-06-30,322478.32160491636
Phoenix,AZ,"Phoenix-Mesa-Chandler, AZ",2,2025-07-31,320370.4072641109
Phoenix,AZ,"Phoenix-Mesa-Chandler, AZ",2,2025-08-31,318709.4043816835
Phoenix,AZ,"Phoenix-Mesa-Chandler, AZ",2,2025-09-30,317570.70388350746
Phoenix,AZ,"Phoenix-Mesa-Chandler, AZ",2,2025-10-31,316799.5249895001
Phoenix,AZ,"Phoenix-Mesa-Chandler, AZ",2,2025-11-30,316489.0519587233
Phoenix,AZ,"Phoenix-Mesa-Chandler, AZ",2,2025-12-31,316443.65395652055
Phoenix,AZ,"Phoenix-Mesa-Chandler, AZ",2,2026-01-31,316536.8470501827
Phoenix,AZ,"Phoenix-Mesa-Chandler, AZ",2,2026-02-28,316442.28061017586
Phoenix,AZ,"Phoenix-Mesa-Chandler, AZ",2,2026-03-31,315729.14272041875
Phoenix,AZ,"Phoenix-Mesa-Chandler, AZ",2,2026-04-30,314299.1908384591
Phoenix,AZ,"Phoenix-Mesa-Chandler, AZ",2,2026-05-31,312388.01397685
Phoenix,AZ,"Phoenix-Mesa-Chandler, AZ",2,2026-06-30,310756.3572124936
Phoenix,AZ,"Phoenix-Mesa-Chandler, AZ",3,2020-01-31,269432.7642376128
Phoenix,AZ,"Phoenix-Mesa-Chandler, AZ",3,2020-02-29,272508.2232588528
Phoenix,AZ,"Phoenix-Mesa-Chandler, AZ",3,2020-03-31,275975.9185530213
Phoenix,AZ,"Phoenix-Mesa-Chandler, AZ",3,2020-04-30,278938.3525469408
Phoenix,AZ,"Phoenix-Mesa-Chandler, AZ",3,2020-05-31,280884.20256304566
Phoenix,AZ,"Phoenix-Mesa-Chandler, AZ",3,2020-06-30,282138.17327999166
Phoenix,AZ,"Phoenix-Mesa-Chandler, AZ",3,2020-07-31,283731.24165213975
Phoenix,AZ,"Phoenix-Mesa-Chandler, AZ",3,2020-08-31,286478.0558349476
Phoenix,AZ,"Phoenix-Mesa-Chandler, AZ",3,2020-09-30,290852.00757267204
Phoenix,AZ,"Phoenix-Mesa-Chandler, AZ",3,2020-10-31,296136.6356701749
Phoenix,AZ,"Phoenix-Mesa-Chandler, AZ",3,2020-11-30,302104.0537071367
Phoenix,AZ,"Phoenix-Mesa-Chandler, AZ",3,2020-12-31,308099.87702951295
Phoenix,AZ,"Phoenix-Mesa-Chandler, AZ",3,2021-01-31,314104.10894070164
Phoenix,AZ,"Phoenix-Mesa-Chandler, AZ",3,2021-02-28,320531.38870989956
Phoenix,AZ,"Phoenix-Mesa-Chandler, AZ",3,2021-03-31,328077.06572567107
Phoenix,AZ,"Phoenix-Mesa-Chandler, AZ",3,2021-04-30,336572.0603405701
Phoenix,AZ,"Phoenix-Mesa-Chandler, AZ",3,2021-05-31,346439.3039199692
Phoenix,AZ,"Phoenix-Mesa-Chandler, AZ",3,2021-06-30,356987.66720867046
Phoenix,AZ,"Phoenix-Mesa-Chandler, AZ",3,2021-07-31,367370.68150154984
Phoenix,AZ,"Phoenix-Mesa-Chandler, AZ",3,2021-08-31,376499.58262282895
Phoenix,AZ,"Phoenix-Mesa-Chandler, AZ",3,2021-09-30,384022.17109392985
Phoenix,AZ,"Phoenix-Mesa-Chandler, AZ",3,2021-10-31,390756.3956806976
Phoenix,AZ,"Phoenix-Mesa-Chandler, AZ",3,2021-11-30,397285.2037998168
Phoenix,AZ,"Phoenix-Mesa-Chandler, AZ",3,2021-12-31,403706.43927940907
Phoenix,AZ,"Phoenix-Mesa-Chandler, AZ",3,2022-01-31,410847.2303012665
Phoenix,AZ,"Phoenix-Mesa-Chandler, AZ",3,2022-02-28,419105.3485610017
Phoenix,AZ,"Phoenix-Mesa-Chandler, AZ",3,2022-03-31,429176.2829157426
Phoenix,AZ,"Phoenix-Mesa-Chandler, AZ",3,2022-04-30,440035.68070984754
Phoenix,AZ,"Phoenix-Mesa-Chandler, AZ",3,2022-05-31,450588.2393297406
Phoenix,AZ,"Phoenix-Mesa-Chandler, AZ",3,2022-06-30,459108.8533949228
Phoenix,AZ,"Phoenix-Mesa-Chandler, AZ",3,2022-07-31,463153.20535731426
Phoenix,AZ,"Phoenix-Mesa-Chandler, AZ",3,2022-08-31,461518.454765396
Phoenix,AZ,"Phoenix-Mesa-Chandler, AZ",3,2022-09-30,454828.6821867563
Phoenix,AZ,"Phoenix-Mesa-Chandler, AZ",3,2022-10-31,446626.8126668774
Phoenix,AZ,"Phoenix-Mesa-Chandler, AZ",3,2022-11-30,438146.98445984133
Phoenix,AZ,"Phoenix-Mesa-Chandler, AZ",3,2022-12-31,430262.34871061915
Phoenix,AZ,"Phoenix-Mesa-Chandler, AZ",3,2023-01-31,422823.9417283719
Phoenix,AZ,"Phoenix-Mesa-Chandler, AZ",3,2023-02-28,417075.0074736949
Phoenix,AZ,"Phoenix-Mesa-Chandler, AZ",3,2023-03-31,413687.2838633188
Phoenix,AZ,"Phoenix-Mesa-Chandler, AZ",3,2023-04-30,412433.4111842631
Phoenix,AZ,"Phoenix-Mesa-Chandler, AZ",3,2023-05-31,412818.2435634257
Phoenix,AZ,"Phoenix-Mesa-Chandler, AZ",3,2023-06-30,414497.5527243696
Phoenix,AZ,"Phoenix-Mesa-Chandler, AZ",3,2023-07-31,417256.8350580977
Phoenix,AZ,"Phoenix-Mesa-Chandler, AZ",3,2023-08-31,420571.0581421172
Phoenix,AZ,"Phoenix-Mesa-Chandler, AZ",3,2023-09-30,423701.4518385542
Phoenix,AZ,"Phoenix-Mesa-Chandler, AZ",3,2023-10-31,426382.62220155494
Phoenix,AZ,"Phoenix-Mesa-Chandler, AZ",3,2023-11-30,428567.56505343405
Phoenix,AZ,"Phoenix-Mesa-Chandler, AZ",3,2023-12-31,429947.9912196008
Phoenix,AZ,"Phoenix-Mesa-Chandler, AZ",3,2024-01-31,430777.35520157753
Phoenix,AZ,"Phoenix-Mesa-Chandler, AZ",3,2024-02-29,431716.4681590081
Phoenix,AZ,"Phoenix-Mesa-Chandler, AZ",3,2024-03-31,433223.29004665
Phoenix,AZ,"Phoenix-Mesa-Chandler, AZ",3,2024-04-30,434983.9978810361
Phoenix,AZ,"Phoenix-Mesa-Chandler, AZ",3,2024-05-31,436317.12398827897
Phoenix,AZ,"Phoenix-Mesa-Chandler, AZ",3,2024-06-30,436595.8104711624
Phoenix,AZ,"Phoenix-Mesa-Chandler, AZ",3,2024-07-31,436169.81554702314
Phoenix,AZ,"Phoenix-Mesa-Chandler, AZ",3,2024-08-31,435069.871073496
Phoenix,AZ,"Phoenix-Mesa-Chandler, AZ",3,2024-09-30,433918.11178388953
Phoenix,AZ,"Phoenix-Mesa-Chandler, AZ",3,2024-10-31,432756.26412251015
Phoenix,AZ,"Phoenix-Mesa-Chandler, AZ",3,2024-11-30,431793.6324893067
Phoenix,AZ,"Phoenix-Mesa-Chandler, AZ",3,2024-12-31,431223.91724203434
Phoenix,AZ,"Phoenix-Mesa-Chandler, AZ",3,2025-01-31,430460.63032335247
Phoenix,AZ,"Phoenix-Mesa-Chandler, AZ",3,2025-02-28,429041.53518336936
Phoenix,AZ,"Phoenix-Mesa-Chandler, AZ",3,2025-03-31,426738.1776863246
Phoenix,AZ,"Phoenix-Mesa-Chandler, AZ",3,2025-04-30,424437.4976789677
Phoenix,AZ,"Phoenix-Mesa-Chandler, AZ",3,2025-05-31,422230.97203047137
Phoenix,AZ,"Phoenix-Mesa-Chandler, AZ",3,2025-06-30,420132.2539798916
Phoenix,AZ,"Phoenix-Mesa-Chandler, AZ",3,2025-07-31,417949.40362687013
Phoenix,AZ,"Phoenix-Mesa-Chandler, AZ",3,2025-08-31,416025.2163932828
Phoenix,AZ,"Phoenix-Mesa-Chandler, AZ",3,2025-09-30,414599.5411620404
Phoenix,AZ,"Phoenix-Mesa-Chandler, AZ",3,2025-10-31,413642.30020007194
Phoenix,AZ,"Phoenix-Mesa-Chandler, AZ",3,2025-11-30,413344.8194801828
Phoenix,AZ,"Phoenix-Mesa-Chandler, AZ",3,2025-12-31,413688.6409782752
Phoenix,AZ,"Phoenix-Mesa-Chandler, AZ",3,2026-01-31,414331.8534791867
Phoenix,AZ,"Phoenix-Mesa-Chandler, AZ",3,2026-02-28,414940.7069127884
Phoenix,AZ,"Phoenix-Mesa-Chandler, AZ",3,2026-03-31,414861.265939782
Phoenix,AZ,"Phoenix-Mesa-Chandler, AZ",3,2026-04-30,414041.50376260566
Phoenix,AZ,"Phoenix-Mesa-Chandler, AZ",3,2026-05-31,412543.4371615592
Phoenix,AZ,"Phoenix-Mesa-Chandler, AZ",3,2026-06-30,411013.1779428797
Phoenix,AZ,"Phoenix-Mesa-Chandler, AZ",4,2020-01-31,336364.7601445285
Phoenix,AZ,"Phoenix-Mesa-Chandler, AZ",4,2020-02-29,339249.4514577109
Phoenix,AZ,"Phoenix-Mesa-Chandler, AZ",4,2020-03-31,342467.3850177049
Phoenix,AZ,"Phoenix-Mesa-Chandler, AZ",4,2020-04-30,345350.4825959913
Phoenix,AZ,"Phoenix-Mesa-Chandler, AZ",4,2020-05-31,347457.9734610638
Phoenix,AZ,"Phoenix-Mesa-Chandler, AZ",4,2020-06-30,349244.65429523744
Phoenix,AZ,"Phoenix-Mesa-Chandler, AZ",4,2020-07-31,351721.13276128186
Phoenix,AZ,"Phoenix-Mesa-Chandler, AZ",4,2020-08-31,355879.38815447973
Phoenix,AZ,"Phoenix-Mesa-Chandler, AZ",4,2020-09-30,361786.6992559044
Phoenix,AZ,"Phoenix-Mesa-Chandler, AZ",4,2020-10-31,368729.34780053777
Phoenix,AZ,"Phoenix-Mesa-Chandler, AZ",4,2020-11-30,376234.1981398755
Phoenix,AZ,"Phoenix-Mesa-Chandler, AZ",4,2020-12-31,383730.16917045694
Phoenix,AZ,"Phoenix-Mesa-Chandler, AZ",4,2021-01-31,391141.81119841215
Phoenix,AZ,"Phoenix-Mesa-Chandler, AZ",4,2021-02-28,399093.16998836136
Phoenix,AZ,"Phoenix-Mesa-Chandler, AZ",4,2021-03-31,408409.2423709121
Phoenix,AZ,"Phoenix-Mesa-Chandler, AZ",4,2021-04-30,419149.5154884111
Phoenix,AZ,"Phoenix-Mesa-Chandler, AZ",4,2021-05-31,431932.91870877147
Phoenix,AZ,"Phoenix-Mesa-Chandler, AZ",4,2021-06-30,445243.00417075
Phoenix,AZ,"Phoenix-Mesa-Chandler, AZ",4,2021-07-31,457785.1156988835
Phoenix,AZ,"Phoenix-Mesa-Chandler, AZ",4,2021-08-31,468243.462288018
Phoenix,AZ,"Phoenix-Mesa-Chandler, AZ",4,2021-09-30,477087.79741091206
Phoenix,AZ,"Phoenix-Mesa-Chandler, AZ",4,2021-10-31,485152.2803523028
Phoenix,AZ,"Phoenix-Mesa-Chandler, AZ",4,2021-11-30,492901.9754296715
Phoenix,AZ,"Phoenix-Mesa-Chandler, AZ",4,2021-12-31,500146.681371325
Phoenix,AZ,"Phoenix-Mesa-Chandler, AZ",4,2022-01-31,508219.2419326896
Phoenix,AZ,"Phoenix-Mesa-Chandler, AZ",4,2022-02-28,517838.41367212945
Phoenix,AZ,"Phoenix-Mesa-Chandler, AZ",4,2022-03-31,530291.2204624626
Phoenix,AZ,"Phoenix-Mesa-Chandler, AZ",4,2022-04-30,544086.1050255654
Phoenix,AZ,"Phoenix-Mesa-Chandler, AZ",4,2022-05-31,557717.1167933955
Phoenix,AZ,"Phoenix-Mesa-Chandler, AZ",4,2022-06-30,568439.1902335113
Phoenix,AZ,"Phoenix-Mesa-Chandler, AZ",4,2022-07-31,573059.8631936024
Phoenix,AZ,"Phoenix-Mesa-Chandler, AZ",4,2022-08-31,570398.9229685124
Phoenix,AZ,"Phoenix-Mesa-Chandler, AZ",4,2022-09-30,561569.9826704181
Phoenix,AZ,"Phoenix-Mesa-Chandler, AZ",4,2022-10-31,551465.2971286409
Phoenix,AZ,"Phoenix-Mesa-Chandler, AZ",4,2022-11-30,541216.6930413807
Phoenix,AZ,"Phoenix-Mesa-Chandler, AZ",4,2022-12-31,531772.333778412
Phoenix,AZ,"Phoenix-Mesa-Chandler, AZ",4,2023-01-31,522868.81397019303
Phoenix,AZ,"Phoenix-Mesa-Chandler, AZ",4,2023-02-28,516409.0459442309
Phoenix,AZ,"Phoenix-Mesa-Chandler, AZ",4,2023-03-31,513253.1976719719
Phoenix,AZ,"Phoenix-Mesa-Chandler, AZ",4,2023-04-30,512826.8089557865
Phoenix,AZ,"Phoenix-Mesa-Chandler, AZ",4,2023-05-31,514255.0216170368
Phoenix,AZ,"Phoenix-Mesa-Chandler, AZ",4,2023-06-30,517019.119302862
Phoenix,AZ,"Phoenix-Mesa-Chandler, AZ",4,2023-07-31,520704.7691895415
Phoenix,AZ,"Phoenix-Mesa-Chandler, AZ",4,2023-08-31,524795.2378892582
Phoenix,AZ,"Phoenix-Mesa-Chandler, AZ",4,2023-09-30,528497.3656265232
Phoenix,AZ,"Phoenix-Mesa-Chandler, AZ",4,2023-10-31,531920.6204661903
Phoenix,AZ,"Phoenix-Mesa-Chandler, AZ",4,2023-11-30,534658.1491008544
Phoenix,AZ,"Phoenix-Mesa-Chandler, AZ",4,2023-12-31,536262.3914547305
Phoenix,AZ,"Phoenix-Mesa-Chandler, AZ",4,2024-01-31,536893.2856546572
Phoenix,AZ,"Phoenix-Mesa-Chandler, AZ",4,2024-02-29,537901.6023577302
Phoenix,AZ,"Phoenix-Mesa-Chandler, AZ",4,2024-03-31,540225.1975867143
Phoenix,AZ,"Phoenix-Mesa-Chandler, AZ",4,2024-04-30,543293.6019596077
Phoenix,AZ,"Phoenix-Mesa-Chandler, AZ",4,2024-05-31,545810.6658422541
Phoenix,AZ,"Phoenix-Mesa-Chandler, AZ",4,2024-06-30,546533.9160669217
Phoenix,AZ,"Phoenix-Mesa-Chandler, AZ",4,2024-07-31,545892.415301572
Phoenix,AZ,"Phoenix-Mesa-Chandler, AZ",4,2024-08-31,544252.5147212488
Phoenix,AZ,"Phoenix-Mesa-Chandler, AZ",4,2024-09-30,542644.0244879582
Phoenix,AZ,"Phoenix-Mesa-Chandler, AZ",4,2024-10-31,541296.9726143155
Phoenix,AZ,"Phoenix-Mesa-Chandler, AZ",4,2024-11-30,540306.3314609723
Phoenix,AZ,"Phoenix-Mesa-Chandler, AZ",4,2024-12-31,539630.5084201014
Phoenix,AZ,"Phoenix-Mesa-Chandler, AZ",4,2025-01-31,538687.4344155992
Phoenix,AZ,"Phoenix-Mesa-Chandler, AZ",4,2025-02-28,537180.5913535225
Phoenix,AZ,"Phoenix-Mesa-Chandler, AZ",4,2025-03-31,535130.7565511512
Phoenix,AZ,"Phoenix-Mesa-Chandler, AZ",4,2025-04-30,533204.6322269029
Phoenix,AZ,"Phoenix-Mesa-Chandler, AZ",4,2025-05-31,531282.1443373109
Phoenix,AZ,"Phoenix-Mesa-Chandler, AZ",4,2025-06-30,529285.8760369521
Phoenix,AZ,"Phoenix-Mesa-Chandler, AZ",4,2025-07-31,526991.824579976
Phoenix,AZ,"Phoenix-Mesa-Chandler, AZ",4,2025-08-31,524990.1609892454
Phoenix,AZ,"Phoenix-Mesa-Chandler, AZ",4,2025-09-30,523497.47118044685
Phoenix,AZ,"Phoenix-Mesa-Chandler, AZ",4,2025-10-31,522863.49902561057
Phoenix,AZ,"Phoenix-Mesa-Chandler, AZ",4,2025-11-30,522998.6388361798
Phoenix,AZ,"Phoenix-Mesa-Chandler, AZ",4,2025-12-31,524044.3404179341
Phoenix,AZ,"Phoenix-Mesa-Chandler, AZ",4,2026-01-31,525251.1710919553
Phoenix,AZ,"Phoenix-Mesa-Chandler, AZ",4,2026-02-28,526273.7114583142
Phoenix,AZ,"Phoenix-Mesa-Chandler, AZ",4,2026-03-31,526435.0961113371
Phoenix,AZ,"Phoenix-Mesa-Chandler, AZ",4,2026-04-30,525770.8764206992
Phoenix,AZ,"Phoenix-Mesa-Chandler, AZ",4,2026-05-31,524548.696428823
Phoenix,AZ,"Phoenix-Mesa-Chandler, AZ",4,2026-06-30,523401.35276781226
Phoenix,AZ,"Phoenix-Mesa-Chandler, AZ",5,2020-01-31,454131.56910205405
Phoenix,AZ,"Phoenix-Mesa-Chandler, AZ",5,2020-02-29,457161.6646415232
Phoenix,AZ,"Phoenix-Mesa-Chandler, AZ",5,2020-03-31,460507.6082538918
Phoenix,AZ,"Phoenix-Mesa-Chandler, AZ",5,2020-04-30,463422.5138602455
Phoenix,AZ,"Phoenix-Mesa-Chandler, AZ",5,2020-05-31,465607.38987705455
Phoenix,AZ,"Phoenix-Mesa-Chandler, AZ",5,2020-06-30,467667.750570313
Phoenix,AZ,"Phoenix-Mesa-Chandler, AZ",5,2020-07-31,470851.69697974063
Phoenix,AZ,"Phoenix-Mesa-Chandler, AZ",5,2020-08-31,476404.8234181804
Phoenix,AZ,"Phoenix-Mesa-Chandler, AZ",5,2020-09-30,484335.3620440816
Phoenix,AZ,"Phoenix-Mesa-Chandler, AZ",5,2020-10-31,493814.42274065944
Phoenix,AZ,"Phoenix-Mesa-Chandler, AZ",5,2020-11-30,504189.09809793584
Phoenix,AZ,"Phoenix-Mesa-Chandler, AZ",5,2020-12-31,514628.8936114193
Phoenix,AZ,"Phoenix-Mesa-Chandler, AZ",5,2021-01-31,524886.4619193877
Phoenix,AZ,"Phoenix-Mesa-Chandler, AZ",5,2021-02-28,535531.0442838572
Phoenix,AZ,"Phoenix-Mesa-Chandler, AZ",5,2021-03-31,547785.4429477382
Phoenix,AZ,"Phoenix-Mesa-Chandler, AZ",5,2021-04-30,562316.8593973863
Phoenix,AZ,"Phoenix-Mesa-Chandler, AZ",5,2021-05-31,580277.7903423543
Phoenix,AZ,"Phoenix-Mesa-Chandler, AZ",5,2021-06-30,599041.3164414979
Phoenix,AZ,"Phoenix-Mesa-Chandler, AZ",5,2021-07-31,616383.2013509469
Phoenix,AZ,"Phoenix-Mesa-Chandler, AZ",5,2021-08-31,630380.4660339638
Phoenix,AZ,"Phoenix-Mesa-Chandler, AZ",5,2021-09-30,642244.0822523542
Phoenix,AZ,"Phoenix-Mesa-Chandler, AZ",5,2021-10-31,652846.4750556258
Phoenix,AZ,"Phoenix-Mesa-Chandler, AZ",5,2021-11-30,662758.4928679258
Phoenix,AZ,"Phoenix-Mesa-Chandler, AZ",5,2021-12-31,671708.2658984046
Phoenix,AZ,"Phoenix-Mesa-Chandler, AZ",5,2022-01-31,682126.3881465151
Phoenix,AZ,"Phoenix-Mesa-Chandler, AZ",5,2022-02-28,695285.7443953863
Phoenix,AZ,"Phoenix-Mesa-Chandler, AZ",5,2022-03-31,712932.0380049278
Phoenix,AZ,"Phoenix-Mesa-Chandler, AZ",5,2022-04-30,732750.98417097
Phoenix,AZ,"Phoenix-Mesa-Chandler, AZ",5,2022-05-31,752190.617663125
Phoenix,AZ,"Phoenix-Mesa-Chandler, AZ",5,2022-06-30,767261.2553625939
Phoenix,AZ,"Phoenix-Mesa-Chandler, AZ",5,2022-07-31,773435.6517937767
Phoenix,AZ,"Phoenix-Mesa-Chandler, AZ",5,2022-08-31,769650.5190095914
Phoenix,AZ,"Phoenix-Mesa-Chandler, AZ",5,2022-09-30,757941.8429521881
Phoenix,AZ,"Phoenix-Mesa-Chandler, AZ",5,2022-10-31,745227.388409629
Phoenix,AZ,"Phoenix-Mesa-Chandler, AZ",5,2022-11-30,732684.1507568132
Phoenix,AZ,"Phoenix-Mesa-Chandler, AZ",5,2022-12-31,721833.1107172687
Phoenix,AZ,"Phoenix-Mesa-Chandler, AZ",5,2023-01-31,711093.6697089203
Phoenix,AZ,"Phoenix-Mesa-Chandler, AZ",5,2023-02-28,703806.4625866843
Phoenix,AZ,"Phoenix-Mesa-Chandler, AZ",5,2023-03-31,700559.813915348
Phoenix,AZ,"Phoenix-Mesa-Chandler, AZ",5,2023-04-30,701731.3241835345
Phoenix,AZ,"Phoenix-Mesa-Chandler, AZ",5,2023-05-31,705393.8726527392
Phoenix,AZ,"Phoenix-Mesa-Chandler, AZ",5,2023-06-30,710170.7306240868
Phoenix,AZ,"Phoenix-Mesa-Chandler, AZ",5,2023-07-31,715392.9649768121
Phoenix,AZ,"Phoenix-Mesa-Chandler, AZ",5,2023-08-31,720589.2422510525
Phoenix,AZ,"Phoenix-Mesa-Chandler, AZ",5,2023-09-30,725481.8309872411
Phoenix,AZ,"Phoenix-Mesa-Chandler, AZ",5,2023-10-31,730329.4453961785
Phoenix,AZ,"Phoenix-Mesa-Chandler, AZ",5,2023-11-30,734163.926361626
Phoenix,AZ,"Phoenix-Mesa-Chandler, AZ",5,2023-12-31,736632.805304369
Phoenix,AZ,"Phoenix-Mesa-Chandler, AZ",5,2024-01-31,737471.4514788362
Phoenix,AZ,"Phoenix-Mesa-Chandler, AZ",5,2024-02-29,739131.9260253859
Phoenix,AZ,"Phoenix-Mesa-Chandler, AZ",5,2024-03-31,743086.828390329
Phoenix,AZ,"Phoenix-Mesa-Chandler, AZ",5,2024-04-30,748709.4847612433
Phoenix,AZ,"Phoenix-Mesa-Chandler, AZ",5,2024-05-31,753714.1319771745
Phoenix,AZ,"Phoenix-Mesa-Chandler, AZ",5,2024-06-30,755592.8339933451
Phoenix,AZ,"Phoenix-Mesa-Chandler, AZ",5,2024-07-31,754819.6637914757
Phoenix,AZ,"Phoenix-Mesa-Chandler, AZ",5,2024-08-31,752154.9679984966
Phoenix,AZ,"Phoenix-Mesa-Chandler, AZ",5,2024-09-30,749426.4655518377
Phoenix,AZ,"Phoenix-Mesa-Chandler, AZ",5,2024-10-31,747555.046756159
Phoenix,AZ,"Phoenix-Mesa-Chandler, AZ",5,2024-11-30,746802.1386112514
Phoenix,AZ,"Phoenix-Mesa-Chandler, AZ",5,2024-12-31,746538.594581884
Phoenix,AZ,"Phoenix-Mesa-Chandler, AZ",5,2025-01-31,745600.051385384
Phoenix,AZ,"Phoenix-Mesa-Chandler, AZ",5,2025-02-28,743912.0500063797
Phoenix,AZ,"Phoenix-Mesa-Chandler, AZ",5,2025-03-31,742492.1669427524
Phoenix,AZ,"Phoenix-Mesa-Chandler, AZ",5,2025-04-30,742212.5165355237
Phoenix,AZ,"Phoenix-Mesa-Chandler, AZ",5,2025-05-31,742262.972744198
Phoenix,AZ,"Phoenix-Mesa-Chandler, AZ",5,2025-06-30,741595.6215126504
Phoenix,AZ,"Phoenix-Mesa-Chandler, AZ",5,2025-07-31,739750.9740103452
Phoenix,AZ,"Phoenix-Mesa-Chandler, AZ",5,2025-08-31,737580.1494733505
Phoenix,AZ,"Phoenix-Mesa-Chandler, AZ",5,2025-09-30,735967.4281946853
Phoenix,AZ,"Phoenix-Mesa-Chandler, AZ",5,2025-10-31,735506.0599097413
Phoenix,AZ,"Phoenix-Mesa-Chandler, AZ",5,2025-11-30,735990.4066095861
Phoenix,AZ,"Phoenix-Mesa-Chandler, AZ",5,2025-12-31,737744.8648621165
Phoenix,AZ,"Phoenix-Mesa-Chandler, AZ",5,2026-01-31,740067.8266419723
Phoenix,AZ,"Phoenix-Mesa-Chandler, AZ",5,2026-02-28,742514.0298833442
Phoenix,AZ,"Phoenix-Mesa-Chandler, AZ",5,2026-03-31,743897.5106729848
Phoenix,AZ,"Phoenix-Mesa-Chandler, AZ",5,2026-04-30,743931.0825348776
Phoenix,AZ,"Phoenix-Mesa-Chandler, AZ",5,2026-05-31,743098.5454165692
Phoenix,AZ,"Phoenix-Mesa-Chandler, AZ",5,2026-06-30,742608.1551936427
Pittsburgh,PA,"Pittsburgh, PA",1,2020-01-31,124677.27684382716
Pittsburgh,PA,"Pittsburgh, PA",1,2020-02-29,126650.1148301722
Pittsburgh,PA,"Pittsburgh, PA",1,2020-03-31,128323.39255662002
Pittsburgh,PA,"Pittsburgh, PA",1,2020-04-30,128760.49388871936
Pittsburgh,PA,"Pittsburgh, PA",1,2020-05-31,128704.07905464084
Pittsburgh,PA,"Pittsburgh, PA",1,2020-06-30,128470.92299708466
Pittsburgh,PA,"Pittsburgh, PA",1,2020-07-31,128322.94502998878
Pittsburgh,PA,"Pittsburgh, PA",1,2020-08-31,128640.16759061444
Pittsburgh,PA,"Pittsburgh, PA",1,2020-09-30,129668.4734519224
Pittsburgh,PA,"Pittsburgh, PA",1,2020-10-31,131321.6951840029
Pittsburgh,PA,"Pittsburgh, PA",1,2020-11-30,133626.01469848852
Pittsburgh,PA,"Pittsburgh, PA",1,2020-12-31,136000.59569611828
Pittsburgh,PA,"Pittsburgh, PA",1,2021-01-31,137761.66672720097
Pittsburgh,PA,"Pittsburgh, PA",1,2021-02-28,139237.77076539202
Pittsburgh,PA,"Pittsburgh, PA",1,2021-03-31,140748.85961308947
Pittsburgh,PA,"Pittsburgh, PA",1,2021-04-30,142484.17754906788
Pittsburgh,PA,"Pittsburgh, PA",1,2021-05-31,144268.97812775036
Pittsburgh,PA,"Pittsburgh, PA",1,2021-06-30,146253.8858250156
Pittsburgh,PA,"Pittsburgh, PA",1,2021-07-31,147775.35629403268
Pittsburgh,PA,"Pittsburgh, PA",1,2021-08-31,148539.3686604805
Pittsburgh,PA,"Pittsburgh, PA",1,2021-09-30,147945.4834943224
Pittsburgh,PA,"Pittsburgh, PA",1,2021-10-31,147308.495845138
Pittsburgh,PA,"Pittsburgh, PA",1,2021-11-30,146818.09794455723
Pittsburgh,PA,"Pittsburgh, PA",1,2021-12-31,146980.61340298582
Pittsburgh,PA,"Pittsburgh, PA",1,2022-01-31,147735.58088466644
Pittsburgh,PA,"Pittsburgh, PA",1,2022-02-28,149154.23105382625
Pittsburgh,PA,"Pittsburgh, PA",1,2022-03-31,150870.0949221316
Pittsburgh,PA,"Pittsburgh, PA",1,2022-04-30,152113.07898901662
Pittsburgh,PA,"Pittsburgh, PA",1,2022-05-31,152711.5761680202
Pittsburgh,PA,"Pittsburgh, PA",1,2022-06-30,153108.55256903093
Pittsburgh,PA,"Pittsburgh, PA",1,2022-07-31,152907.5744129062
Pittsburgh,PA,"Pittsburgh, PA",1,2022-08-31,152316.23090886604
Pittsburgh,PA,"Pittsburgh, PA",1,2022-09-30,151202.04201199074
Pittsburgh,PA,"Pittsburgh, PA",1,2022-10-31,150738.79012859007
Pittsburgh,PA,"Pittsburgh, PA",1,2022-11-30,150669.11877426776
Pittsburgh,PA,"Pittsburgh, PA",1,2022-12-31,150942.03318282435
Pittsburgh,PA,"Pittsburgh, PA",1,2023-01-31,150867.99780363063
Pittsburgh,PA,"Pittsburgh, PA",1,2023-02-28,150493.44974368892
Pittsburgh,PA,"Pittsburgh, PA",1,2023-03-31,150335.59501992268
Pittsburgh,PA,"Pittsburgh, PA",1,2023-04-30,150893.5214217077
Pittsburgh,PA,"Pittsburgh, PA",1,2023-05-31,152372.14624657494
Pittsburgh,PA,"Pittsburgh, PA",1,2023-06-30,154041.34139541388
Pittsburgh,PA,"Pittsburgh, PA",1,2023-07-31,155928.05586171558
Pittsburgh,PA,"Pittsburgh, PA",1,2023-08-31,157595.64748023383
Pittsburgh,PA,"Pittsburgh, PA",1,2023-09-30,158937.91938282156
Pittsburgh,PA,"Pittsburgh, PA",1,2023-10-31,159694.2542842
Pittsburgh,PA,"Pittsburgh, PA",1,2023-11-30,160247.45544276104
Pittsburgh,PA,"Pittsburgh, PA",1,2023-12-31,160626.05061036276
Pittsburgh,PA,"Pittsburgh, PA",1,2024-01-31,160900.75585427872
Pittsburgh,PA,"Pittsburgh, PA",1,2024-02-29,161070.40854588707
Pittsburgh,PA,"Pittsburgh, PA",1,2024-03-31,161429.4116077639
Pittsburgh,PA,"Pittsburgh, PA",1,2024-04-30,162083.4947443131
Pittsburgh,PA,"Pittsburgh, PA",1,2024-05-31,162856.68810097253
Pittsburgh,PA,"Pittsburgh, PA",1,2024-06-30,163348.01167728702
Pittsburgh,PA,"Pittsburgh, PA",1,2024-07-31,163205.26585403233
Pittsburgh,PA,"Pittsburgh, PA",1,2024-08-31,162189.30230691386
Pittsburgh,PA,"Pittsburgh, PA",1,2024-09-30,161155.77774812467
Pittsburgh,PA,"Pittsburgh, PA",1,2024-10-31,160640.94420425748
Pittsburgh,PA,"Pittsburgh, PA",1,2024-11-30,160744.46383056598
Pittsburgh,PA,"Pittsburgh, PA",1,2024-12-31,161171.4567908366
Pittsburgh,PA,"Pittsburgh, PA",1,2025-01-31,161309.3539344488
Pittsburgh,PA,"Pittsburgh, PA",1,2025-02-28,161221.4032560274
Pittsburgh,PA,"Pittsburgh, PA",1,2025-03-31,160879.18227833285
Pittsburgh,PA,"Pittsburgh, PA",1,2025-04-30,161030.96247805786
Pittsburgh,PA,"Pittsburgh, PA",1,2025-05-31,161460.94672879466
Pittsburgh,PA,"Pittsburgh, PA",1,2025-06-30,162077.15126060302
Pittsburgh,PA,"Pittsburgh, PA",1,2025-07-31,162448.8208264323
Pittsburgh,PA,"Pittsburgh, PA",1,2025-08-31,162674.81295668797
Pittsburgh,PA,"Pittsburgh, PA",1,2025-09-30,162754.06643411785
Pittsburgh,PA,"Pittsburgh, PA",1,2025-10-31,162712.56481360842
Pittsburgh,PA,"Pittsburgh, PA",1,2025-11-30,162742.8722554119
Pittsburgh,PA,"Pittsburgh, PA",1,2025-12-31,162690.67034618868
Pittsburgh,PA,"Pittsburgh, PA",1,2026-01-31,162419.49611875744
Pittsburgh,PA,"Pittsburgh, PA",1,2026-02-28,161984.25979299596
Pittsburgh,PA,"Pittsburgh, PA",1,2026-03-31,161460.4975047109
Pittsburgh,PA,"Pittsburgh, PA",1,2026-04-30,160931.7179859746
Pittsburgh,PA,"Pittsburgh, PA",1,2026-05-31,160300.67718451205
Pittsburgh,PA,"Pittsburgh, PA",1,2026-06-30,160087.44548454508
Pittsburgh,PA,"Pittsburgh, PA",2,2020-01-31,135625.239730553
Pittsburgh,PA,"Pittsburgh, PA",2,2020-02-29,137440.01067197343
Pittsburgh,PA,"Pittsburgh, PA",2,2020-03-31,138978.1378357946
Pittsburgh,PA,"Pittsburgh, PA",2,2020-04-30,139867.0609973589
Pittsburgh,PA,"Pittsburgh, PA",2,2020-05-31,139978.6370633966
Pittsburgh,PA,"Pittsburgh, PA",2,2020-06-30,139604.610702124
Pittsburgh,PA,"Pittsburgh, PA",2,2020-07-31,139345.99475567977
Pittsburgh,PA,"Pittsburgh, PA",2,2020-08-31,140046.7843532221
Pittsburgh,PA,"Pittsburgh, PA",2,2020-09-30,142133.99384245308
Pittsburgh,PA,"Pittsburgh, PA",2,2020-10-31,144985.59091951832
Pittsburgh,PA,"Pittsburgh, PA",2,2020-11-30,148460.60482528104
Pittsburgh,PA,"Pittsburgh, PA",2,2020-12-31,151701.10757607536
Pittsburgh,PA,"Pittsburgh, PA",2,2021-01-31,154662.00498562458
Pittsburgh,PA,"Pittsburgh, PA",2,2021-02-28,157534.8734571419
Pittsburgh,PA,"Pittsburgh, PA",2,2021-03-31,160466.48579424934
Pittsburgh,PA,"Pittsburgh, PA",2,2021-04-30,163109.8340646683
Pittsburgh,PA,"Pittsburgh, PA",2,2021-05-31,165566.6407764578
Pittsburgh,PA,"Pittsburgh, PA",2,2021-06-30,167878.68004376185
Pittsburgh,PA,"Pittsburgh, PA",2,2021-07-31,169124.95189744895
Pittsburgh,PA,"Pittsburgh, PA",2,2021-08-31,168731.29166091266
Pittsburgh,PA,"Pittsburgh, PA",2,2021-09-30,166614.78076629734
Pittsburgh,PA,"Pittsburgh, PA",2,2021-10-31,164786.41920655023
Pittsburgh,PA,"Pittsburgh, PA",2,2021-11-30,163669.1357023578
Pittsburgh,PA,"Pittsburgh, PA",2,2021-12-31,163654.81437508817
Pittsburgh,PA,"Pittsburgh, PA",2,2022-01-31,165244.224829169
Pittsburgh,PA,"Pittsburgh, PA",2,2022-02-28,168181.65951136002
Pittsburgh,PA,"Pittsburgh, PA",2,2022-03-31,171744.0070601601
Pittsburgh,PA,"Pittsburgh, PA",2,2022-04-30,174105.97788501947
Pittsburgh,PA,"Pittsburgh, PA",2,2022-05-31,175214.32970757014
Pittsburgh,PA,"Pittsburgh, PA",2,2022-06-30,175579.03385141853
Pittsburgh,PA,"Pittsburgh, PA",2,2022-07-31,175085.0815044772
Pittsburgh,PA,"Pittsburgh, PA",2,2022-08-31,173857.01666857302
Pittsburgh,PA,"Pittsburgh, PA",2,2022-09-30,172369.3374469649
Pittsburgh,PA,"Pittsburgh, PA",2,2022-10-31,171721.683083422
Pittsburgh,PA,"Pittsburgh, PA",2,2022-11-30,171754.02883182495
Pittsburgh,PA,"Pittsburgh, PA",2,2022-12-31,171617.80237436542
Pittsburgh,PA,"Pittsburgh, PA",2,2023-01-31,170842.34717165295
Pittsburgh,PA,"Pittsburgh, PA",2,2023-02-28,169854.39329286187
Pittsburgh,PA,"Pittsburgh, PA",2,2023-03-31,169482.22130225375
Pittsburgh,PA,"Pittsburgh, PA",2,2023-04-30,169933.67092413697
Pittsburgh,PA,"Pittsburgh, PA",2,2023-05-31,171096.77145827326
Pittsburgh,PA,"Pittsburgh, PA",2,2023-06-30,172401.71740619172
Pittsburgh,PA,"Pittsburgh, PA",2,2023-07-31,174014.18420483553
Pittsburgh,PA,"Pittsburgh, PA",2,2023-08-31,175626.40716735052
Pittsburgh,PA,"Pittsburgh, PA",2,2023-09-30,177050.63204602827
Pittsburgh,PA,"Pittsburgh, PA",2,2023-10-31,178055.68716797524
Pittsburgh,PA,"Pittsburgh, PA",2,2023-11-30,178873.38116167844
Pittsburgh,PA,"Pittsburgh, PA",2,2023-12-31,179441.80893213404
Pittsburgh,PA,"Pittsburgh, PA",2,2024-01-31,179717.53926191395
Pittsburgh,PA,"Pittsburgh, PA",2,2024-02-29,179882.79474152718
Pittsburgh,PA,"Pittsburgh, PA",2,2024-03-31,180363.74418029576
Pittsburgh,PA,"Pittsburgh, PA",2,2024-04-30,181558.5398772447
Pittsburgh,PA,"Pittsburgh, PA",2,2024-05-31,183207.72737226987
Pittsburgh,PA,"Pittsburgh, PA",2,2024-06-30,184800.0767641116
Pittsburgh,PA,"Pittsburgh, PA",2,2024-07-31,185188.0401246083
Pittsburgh,PA,"Pittsburgh, PA",2,2024-08-31,184226.44866447875
Pittsburgh,PA,"Pittsburgh, PA",2,2024-09-30,182957.66462086528
Pittsburgh,PA,"Pittsburgh, PA",2,2024-10-31,182232.581580176
Pittsburgh,PA,"Pittsburgh, PA",2,2024-11-30,182353.19959041977
Pittsburgh,PA,"Pittsburgh, PA",2,2024-12-31,182890.9675517671
Pittsburgh,PA,"Pittsburgh, PA",2,2025-01-31,183169.3039926621
Pittsburgh,PA,"Pittsburgh, PA",2,2025-02-28,183026.1931096104
Pittsburgh,PA,"Pittsburgh, PA",2,2025-03-31,182425.5933480043
Pittsburgh,PA,"Pittsburgh, PA",2,2025-04-30,182203.842512637
Pittsburgh,PA,"Pittsburgh, PA",2,2025-05-31,182015.0655016357
Pittsburgh,PA,"Pittsburgh, PA",2,2025-06-30,182004.27629034533
Pittsburgh,PA,"Pittsburgh, PA",2,2025-07-31,182193.8280696581
Pittsburgh,PA,"Pittsburgh, PA",2,2025-08-31,182438.40216966547
Pittsburgh,PA,"Pittsburgh, PA",2,2025-09-30,182555.2025482779
Pittsburgh,PA,"Pittsburgh, PA",2,2025-10-31,182330.46918890649
Pittsburgh,PA,"Pittsburgh, PA",2,2025-11-30,182345.89851343527
Pittsburgh,PA,"Pittsburgh, PA",2,2025-12-31,182500.35192344544
Pittsburgh,PA,"Pittsburgh, PA",2,2026-01-31,182464.1214105108
Pittsburgh,PA,"Pittsburgh, PA",2,2026-02-28,181888.62137753927
Pittsburgh,PA,"Pittsburgh, PA",2,2026-03-31,181077.983092422
Pittsburgh,PA,"Pittsburgh, PA",2,2026-04-30,180232.44822518856
Pittsburgh,PA,"Pittsburgh, PA",2,2026-05-31,179493.1436004478
Pittsburgh,PA,"Pittsburgh, PA",2,2026-06-30,178988.8543208655
Pittsburgh,PA,"Pittsburgh, PA",3,2020-01-31,178063.88603154453
Pittsburgh,PA,"Pittsburgh, PA",3,2020-02-29,179236.5441230667
Pittsburgh,PA,"Pittsburgh, PA",3,2020-03-31,180448.5618607887
Pittsburgh,PA,"Pittsburgh, PA",3,2020-04-30,181786.94749765508
Pittsburgh,PA,"Pittsburgh, PA",3,2020-05-31,182317.4178251977
Pittsburgh,PA,"Pittsburgh, PA",3,2020-06-30,182301.01279461768
Pittsburgh,PA,"Pittsburgh, PA",3,2020-07-31,182640.31518970933
Pittsburgh,PA,"Pittsburgh, PA",3,2020-08-31,183879.0316984496
Pittsburgh,PA,"Pittsburgh, PA",3,2020-09-30,186532.36797190984
Pittsburgh,PA,"Pittsburgh, PA",3,2020-10-31,189760.80946350985
Pittsburgh,PA,"Pittsburgh, PA",3,2020-11-30,193665.23946359917
Pittsburgh,PA,"Pittsburgh, PA",3,2020-12-31,197258.8691314664
Pittsburgh,PA,"Pittsburgh, PA",3,2021-01-31,200746.3445970822
Pittsburgh,PA,"Pittsburgh, PA",3,2021-02-28,204211.22515279215
Pittsburgh,PA,"Pittsburgh, PA",3,2021-03-31,207641.74590906236
Pittsburgh,PA,"Pittsburgh, PA",3,2021-04-30,210728.38497378887
Pittsburgh,PA,"Pittsburgh, PA",3,2021-05-31,213674.181996321
Pittsburgh,PA,"Pittsburgh, PA",3,2021-06-30,216664.85313983832
Pittsburgh,PA,"Pittsburgh, PA",3,2021-07-31,218361.3524247835
Pittsburgh,PA,"Pittsburgh, PA",3,2021-08-31,218008.9284126811
Pittsburgh,PA,"Pittsburgh, PA",3,2021-09-30,215369.279069895
Pittsburgh,PA,"Pittsburgh, PA",3,2021-10-31,213055.16360561384
Pittsburgh,PA,"Pittsburgh, PA",3,2021-11-30,211754.83219541563
Pittsburgh,PA,"Pittsburgh, PA",3,2021-12-31,211953.16010385903
Pittsburgh,PA,"Pittsburgh, PA",3,2022-01-31,214324.62611466987
Pittsburgh,PA,"Pittsburgh, PA",3,2022-02-28,218392.3935203108
Pittsburgh,PA,"Pittsburgh, PA",3,2022-03-31,223442.10628843788
Pittsburgh,PA,"Pittsburgh, PA",3,2022-04-30,226976.9626080559
Pittsburgh,PA,"Pittsburgh, PA",3,2022-05-31,228916.7818503613
Pittsburgh,PA,"Pittsburgh, PA",3,2022-06-30,229620.1125870731
Pittsburgh,PA,"Pittsburgh, PA",3,2022-07-31,229149.1712842568
Pittsburgh,PA,"Pittsburgh, PA",3,2022-08-31,227723.69127498203
Pittsburgh,PA,"Pittsburgh, PA",3,2022-09-30,225947.55334428124
Pittsburgh,PA,"Pittsburgh, PA",3,2022-10-31,225016.6260624462
Pittsburgh,PA,"Pittsburgh, PA",3,2022-11-30,224755.51011388432
Pittsburgh,PA,"Pittsburgh, PA",3,2022-12-31,224265.3429332661
Pittsburgh,PA,"Pittsburgh, PA",3,2023-01-31,223207.4906621648
Pittsburgh,PA,"Pittsburgh, PA",3,2023-02-28,221946.1076675655
Pittsburgh,PA,"Pittsburgh, PA",3,2023-03-31,221447.4323866472
Pittsburgh,PA,"Pittsburgh, PA",3,2023-04-30,222005.174794074
Pittsburgh,PA,"Pittsburgh, PA",3,2023-05-31,223603.3174348209
Pittsburgh,PA,"Pittsburgh, PA",3,2023-06-30,225450.62189685492
Pittsburgh,PA,"Pittsburgh, PA",3,2023-07-31,227469.40156977205
Pittsburgh,PA,"Pittsburgh, PA",3,2023-08-31,229419.32397886147
Pittsburgh,PA,"Pittsburgh, PA",3,2023-09-30,231332.6241513492
Pittsburgh,PA,"Pittsburgh, PA",3,2023-10-31,232657.5490242557
Pittsburgh,PA,"Pittsburgh, PA",3,2023-11-30,233445.07599247395
Pittsburgh,PA,"Pittsburgh, PA",3,2023-12-31,233906.97932960288
Pittsburgh,PA,"Pittsburgh, PA",3,2024-01-31,234234.92192343925
Pittsburgh,PA,"Pittsburgh, PA",3,2024-02-29,234888.16659979647
Pittsburgh,PA,"Pittsburgh, PA",3,2024-03-31,235801.09794549065
Pittsburgh,PA,"Pittsburgh, PA",3,2024-04-30,237377.32225303343
Pittsburgh,PA,"Pittsburgh, PA",3,2024-05-31,239301.1204828969
Pittsburgh,PA,"Pittsburgh, PA",3,2024-06-30,240991.0460686645
Pittsburgh,PA,"Pittsburgh, PA",3,2024-07-31,241348.26984720095
Pittsburgh,PA,"Pittsburgh, PA",3,2024-08-31,240390.8351433704
Pittsburgh,PA,"Pittsburgh, PA",3,2024-09-30,239344.59697873387
Pittsburgh,PA,"Pittsburgh, PA",3,2024-10-31,238881.43920226375
Pittsburgh,PA,"Pittsburgh, PA",3,2024-11-30,239265.96016787575
Pittsburgh,PA,"Pittsburgh, PA",3,2024-12-31,240227.27072904076
Pittsburgh,PA,"Pittsburgh, PA",3,2025-01-31,241251.63069829
Pittsburgh,PA,"Pittsburgh, PA",3,2025-02-28,241770.49722320857
Pittsburgh,PA,"Pittsburgh, PA",3,2025-03-31,241445.75375686176
Pittsburgh,PA,"Pittsburgh, PA",3,2025-04-30,241191.27915708945
Pittsburgh,PA,"Pittsburgh, PA",3,2025-05-31,241064.47555255063
Pittsburgh,PA,"Pittsburgh, PA",3,2025-06-30,241192.572536601
Pittsburgh,PA,"Pittsburgh, PA",3,2025-07-31,241744.81174625744
Pittsburgh,PA,"Pittsburgh, PA",3,2025-08-31,242078.86975715324
Pittsburgh,PA,"Pittsburgh, PA",3,2025-09-30,242334.89399916376
Pittsburgh,PA,"Pittsburgh, PA",3,2025-10-31,242020.6584650441
Pittsburgh,PA,"Pittsburgh, PA",3,2025-11-30,242049.6531009078
Pittsburgh,PA,"Pittsburgh, PA",3,2025-12-31,242228.12909536177
Pittsburgh,PA,"Pittsburgh, PA",3,2026-01-31,242427.27857687837
Pittsburgh,PA,"Pittsburgh, PA",3,2026-02-28,242098.44948476137
Pittsburgh,PA,"Pittsburgh, PA",3,2026-03-31,241662.2270554116
Pittsburgh,PA,"Pittsburgh, PA",3,2026-04-30,241192.6492057004
Pittsburgh,PA,"Pittsburgh, PA",3,2026-05-31,240905.48375263225
Pittsburgh,PA,"Pittsburgh, PA",3,2026-06-30,240610.3238019371
Pittsburgh,PA,"Pittsburgh, PA",4,2020-01-31,297103.4333494857
Pittsburgh,PA,"Pittsburgh, PA",4,2020-02-29,297792.54499882803
Pittsburgh,PA,"Pittsburgh, PA",4,2020-03-31,298867.5323981776
Pittsburgh,PA,"Pittsburgh, PA",4,2020-04-30,300920.74526584125
Pittsburgh,PA,"Pittsburgh, PA",4,2020-05-31,301630.1866258761
Pittsburgh,PA,"Pittsburgh, PA",4,2020-06-30,301433.4535199867
Pittsburgh,PA,"Pittsburgh, PA",4,2020-07-31,301792.5187746537
Pittsburgh,PA,"Pittsburgh, PA",4,2020-08-31,303406.03686548513
Pittsburgh,PA,"Pittsburgh, PA",4,2020-09-30,306858.2246433243
Pittsburgh,PA,"Pittsburgh, PA",4,2020-10-31,311173.9486033746
Pittsburgh,PA,"Pittsburgh, PA",4,2020-11-30,316358.93716487236
Pittsburgh,PA,"Pittsburgh, PA",4,2020-12-31,321204.46648419095
Pittsburgh,PA,"Pittsburgh, PA",4,2021-01-31,326181.98481895804
Pittsburgh,PA,"Pittsburgh, PA",4,2021-02-28,331140.8823392948
Pittsburgh,PA,"Pittsburgh, PA",4,2021-03-31,335952.36317953665
Pittsburgh,PA,"Pittsburgh, PA",4,2021-04-30,340059.7481040735
Pittsburgh,PA,"Pittsburgh, PA",4,2021-05-31,343905.0687897058
Pittsburgh,PA,"Pittsburgh, PA",4,2021-06-30,347971.4559957021
Pittsburgh,PA,"Pittsburgh, PA",4,2021-07-31,350316.05417937104
Pittsburgh,PA,"Pittsburgh, PA",4,2021-08-31,350407.8601924548
Pittsburgh,PA,"Pittsburgh, PA",4,2021-09-30,347871.3188806419
Pittsburgh,PA,"Pittsburgh, PA",4,2021-10-31,346357.6915066487
Pittsburgh,PA,"Pittsburgh, PA",4,2021-11-30,346115.96138996043
Pittsburgh,PA,"Pittsburgh, PA",4,2021-12-31,347845.39985147276
Pittsburgh,PA,"Pittsburgh, PA",4,2022-01-31,351866.00424530316
Pittsburgh,PA,"Pittsburgh, PA",4,2022-02-28,357909.4724533561
Pittsburgh,PA,"Pittsburgh, PA",4,2022-03-31,365016.8759741164
Pittsburgh,PA,"Pittsburgh, PA",4,2022-04-30,370442.32959267806
Pittsburgh,PA,"Pittsburgh, PA",4,2022-05-31,374004.42562625674
Pittsburgh,PA,"Pittsburgh, PA",4,2022-06-30,375807.6096802663
Pittsburgh,PA,"Pittsburgh, PA",4,2022-07-31,375630.7395614513
Pittsburgh,PA,"Pittsburgh, PA",4,2022-08-31,373903.80175476166
Pittsburgh,PA,"Pittsburgh, PA",4,2022-09-30,371216.45576891914
Pittsburgh,PA,"Pittsburgh, PA",4,2022-10-31,369683.49598044733
Pittsburgh,PA,"Pittsburgh, PA",4,2022-11-30,369119.7920669916
Pittsburgh,PA,"Pittsburgh, PA",4,2022-12-31,369015.12838355504
Pittsburgh,PA,"Pittsburgh, PA",4,2023-01-31,369194.1616802092
Pittsburgh,PA,"Pittsburgh, PA",4,2023-02-28,369384.0125402496
Pittsburgh,PA,"Pittsburgh, PA",4,2023-03-31,369873.1400049718
Pittsburgh,PA,"Pittsburgh, PA",4,2023-04-30,370685.4982624844
Pittsburgh,PA,"Pittsburgh, PA",4,2023-05-31,372069.7112899506
Pittsburgh,PA,"Pittsburgh, PA",4,2023-06-30,374018.0464314414
Pittsburgh,PA,"Pittsburgh, PA",4,2023-07-31,376102.6003397166
Pittsburgh,PA,"Pittsburgh, PA",4,2023-08-31,378166.2681674366
Pittsburgh,PA,"Pittsburgh, PA",4,2023-09-30,380348.32524424576
Pittsburgh,PA,"Pittsburgh, PA",4,2023-10-31,381886.40319306887
Pittsburgh,PA,"Pittsburgh, PA",4,2023-11-30,383149.6808614908
Pittsburgh,PA,"Pittsburgh, PA",4,2023-12-31,384127.133986322
Pittsburgh,PA,"Pittsburgh, PA",4,2024-01-31,385435.00922263187
Pittsburgh,PA,"Pittsburgh, PA",4,2024-02-29,386982.7453851937
Pittsburgh,PA,"Pittsburgh, PA",4,2024-03-31,388561.90642280807
Pittsburgh,PA,"Pittsburgh, PA",4,2024-04-30,390138.4762620688
Pittsburgh,PA,"Pittsburgh, PA",4,2024-05-31,391898.121898516
Pittsburgh,PA,"Pittsburgh, PA",4,2024-06-30,393398.7362690363
Pittsburgh,PA,"Pittsburgh, PA",4,2024-07-31,393778.55461026705
Pittsburgh,PA,"Pittsburgh, PA",4,2024-08-31,393315.4132019435
Pittsburgh,PA,"Pittsburgh, PA",4,2024-09-30,393069.85531986825
Pittsburgh,PA,"Pittsburgh, PA",4,2024-10-31,393532.2920019205
Pittsburgh,PA,"Pittsburgh, PA",4,2024-11-30,394663.3131317326
Pittsburgh,PA,"Pittsburgh, PA",4,2024-12-31,396140.8095282926
Pittsburgh,PA,"Pittsburgh, PA",4,2025-01-31,397814.0891559317
Pittsburgh,PA,"Pittsburgh, PA",4,2025-02-28,398623.4451327229
Pittsburgh,PA,"Pittsburgh, PA",4,2025-03-31,398451.34891368
Pittsburgh,PA,"Pittsburgh, PA",4,2025-04-30,398350.5211162865
Pittsburgh,PA,"Pittsburgh, PA",4,2025-05-31,398472.1000188317
Pittsburgh,PA,"Pittsburgh, PA",4,2025-06-30,398972.94211385335
Pittsburgh,PA,"Pittsburgh, PA",4,2025-07-31,400046.4368370667
Pittsburgh,PA,"Pittsburgh, PA",4,2025-08-31,401135.54214986734
Pittsburgh,PA,"Pittsburgh, PA",4,2025-09-30,402557.7947738175
Pittsburgh,PA,"Pittsburgh, PA",4,2025-10-31,403510.4781872171
Pittsburgh,PA,"Pittsburgh, PA",4,2025-11-30,404871.21874588885
Pittsburgh,PA,"Pittsburgh, PA",4,2025-12-31,406039.0158501588
Pittsburgh,PA,"Pittsburgh, PA",4,2026-01-31,407117.2895009767
Pittsburgh,PA,"Pittsburgh, PA",4,2026-02-28,407556.8343148656
Pittsburgh,PA,"Pittsburgh, PA",4,2026-03-31,408038.3124071104
Pittsburgh,PA,"Pittsburgh, PA",4,2026-04-30,408476.5300501467
Pittsburgh,PA,"Pittsburgh, PA",4,2026-05-31,409154.9657556719
Pittsburgh,PA,"Pittsburgh, PA",4,2026-06-30,409763.41905673774
Pittsburgh,PA,"Pittsburgh, PA",5,2020-01-31,401950.4066943135
Pittsburgh,PA,"Pittsburgh, PA",5,2020-02-29,402135.4528598408
Pittsburgh,PA,"Pittsburgh, PA",5,2020-03-31,403443.7077897848
Pittsburgh,PA,"Pittsburgh, PA",5,2020-04-30,406654.66610114375
Pittsburgh,PA,"Pittsburgh, PA",5,2020-05-31,407582.9299190541
Pittsburgh,PA,"Pittsburgh, PA",5,2020-06-30,406799.62764954433
Pittsburgh,PA,"Pittsburgh, PA",5,2020-07-31,407007.9090907309
Pittsburgh,PA,"Pittsburgh, PA",5,2020-08-31,408647.1086868225
Pittsburgh,PA,"Pittsburgh, PA",5,2020-09-30,412839.27669818234
Pittsburgh,PA,"Pittsburgh, PA",5,2020-10-31,417871.00237168866
Pittsburgh,PA,"Pittsburgh, PA",5,2020-11-30,424091.6063447862
Pittsburgh,PA,"Pittsburgh, PA",5,2020-12-31,429892.6220238021
Pittsburgh,PA,"Pittsburgh, PA",5,2021-01-31,436199.9032998227
Pittsburgh,PA,"Pittsburgh, PA",5,2021-02-28,442559.2049448088
Pittsburgh,PA,"Pittsburgh, PA",5,2021-03-31,448853.0645884308
Pittsburgh,PA,"Pittsburgh, PA",5,2021-04-30,454291.9745014181
Pittsburgh,PA,"Pittsburgh, PA",5,2021-05-31,459531.4376522137
Pittsburgh,PA,"Pittsburgh, PA",5,2021-06-30,464729.59665408527
Pittsburgh,PA,"Pittsburgh, PA",5,2021-07-31,467632.0524110223
Pittsburgh,PA,"Pittsburgh, PA",5,2021-08-31,468022.5709869834
Pittsburgh,PA,"Pittsburgh, PA",5,2021-09-30,465295.21286104625
Pittsburgh,PA,"Pittsburgh, PA",5,2021-10-31,463600.7729479365
Pittsburgh,PA,"Pittsburgh, PA",5,2021-11-30,463341.3285798884
Pittsburgh,PA,"Pittsburgh, PA",5,2021-12-31,465376.79070879746
Pittsburgh,PA,"Pittsburgh, PA",5,2022-01-31,469975.9257657456
Pittsburgh,PA,"Pittsburgh, PA",5,2022-02-28,476632.9477685512
Pittsburgh,PA,"Pittsburgh, PA",5,2022-03-31,484825.0768549294
Pittsburgh,PA,"Pittsburgh, PA",5,2022-04-30,491551.73748391593
Pittsburgh,PA,"Pittsburgh, PA",5,2022-05-31,496498.404746087
Pittsburgh,PA,"Pittsburgh, PA",5,2022-06-30,499499.6462549193
Pittsburgh,PA,"Pittsburgh, PA",5,2022-07-31,499997.452484782
Pittsburgh,PA,"Pittsburgh, PA",5,2022-08-31,498309.4042759126
Pittsburgh,PA,"Pittsburgh, PA",5,2022-09-30,494635.4559020344
Pittsburgh,PA,"Pittsburgh, PA",5,2022-10-31,492374.1089942623
Pittsburgh,PA,"Pittsburgh, PA",5,2022-11-30,491333.2210050176
Pittsburgh,PA,"Pittsburgh, PA",5,2022-12-31,491738.6846522805
Pittsburgh,PA,"Pittsburgh, PA",5,2023-01-31,492774.475335302
Pittsburgh,PA,"Pittsburgh, PA",5,2023-02-28,493698.77792446216
Pittsburgh,PA,"Pittsburgh, PA",5,2023-03-31,494354.8688276958
Pittsburgh,PA,"Pittsburgh, PA",5,2023-04-30,495199.8180498152
Pittsburgh,PA,"Pittsburgh, PA",5,2023-05-31,496440.8373476221
Pittsburgh,PA,"Pittsburgh, PA",5,2023-06-30,498735.230248104
Pittsburgh,PA,"Pittsburgh, PA",5,2023-07-31,501632.9350494111
Pittsburgh,PA,"Pittsburgh, PA",5,2023-08-31,505018.4840841953
Pittsburgh,PA,"Pittsburgh, PA",5,2023-09-30,508918.34193620697
Pittsburgh,PA,"Pittsburgh, PA",5,2023-10-31,512207.9268020414
Pittsburgh,PA,"Pittsburgh, PA",5,2023-11-30,515565.833242304
Pittsburgh,PA,"Pittsburgh, PA",5,2023-12-31,518342.56625315006
Pittsburgh,PA,"Pittsburgh, PA",5,2024-01-31,521291.5330743217
Pittsburgh,PA,"Pittsburgh, PA",5,2024-02-29,524054.1620224214
Pittsburgh,PA,"Pittsburgh, PA",5,2024-03-31,527089.0425262491
Pittsburgh,PA,"Pittsburgh, PA",5,2024-04-30,529959.1355377863
Pittsburgh,PA,"Pittsburgh, PA",5,2024-05-31,533153.6138878786
Pittsburgh,PA,"Pittsburgh, PA",5,2024-06-30,535904.5140149067
Pittsburgh,PA,"Pittsburgh, PA",5,2024-07-31,537001.8660160988
Pittsburgh,PA,"Pittsburgh, PA",5,2024-08-31,537100.3222625691
Pittsburgh,PA,"Pittsburgh, PA",5,2024-09-30,537016.5532739884
Pittsburgh,PA,"Pittsburgh, PA",5,2024-10-31,537670.4714753884
Pittsburgh,PA,"Pittsburgh, PA",5,2024-11-30,538647.0993762896
Pittsburgh,PA,"Pittsburgh, PA",5,2024-12-31,540015.0310206652
Pittsburgh,PA,"Pittsburgh, PA",5,2025-01-31,541987.2420238056
Pittsburgh,PA,"Pittsburgh, PA",5,2025-02-28,543262.5348773029
Pittsburgh,PA,"Pittsburgh, PA",5,2025-03-31,543429.197075978
Pittsburgh,PA,"Pittsburgh, PA",5,2025-04-30,543230.0548574259
Pittsburgh,PA,"Pittsburgh, PA",5,2025-05-31,542690.9581898284
Pittsburgh,PA,"Pittsburgh, PA",5,2025-06-30,542322.7736069354
Pittsburgh,PA,"Pittsburgh, PA",5,2025-07-31,542465.7955403352
Pittsburgh,PA,"Pittsburgh, PA",5,2025-08-31,543007.2745941466
Pittsburgh,PA,"Pittsburgh, PA",5,2025-09-30,544410.9738116434
Pittsburgh,PA,"Pittsburgh, PA",5,2025-10-31,545687.0550852446
Pittsburgh,PA,"Pittsburgh, PA",5,2025-11-30,547574.1702668985
Pittsburgh,PA,"Pittsburgh, PA",5,2025-12-31,548731.3916232141
Pittsburgh,PA,"Pittsburgh, PA",5,2026-01-31,549864.2205831
Pittsburgh,PA,"Pittsburgh, PA",5,2026-02-28,550495.8213778796
Pittsburgh,PA,"Pittsburgh, PA",5,2026-03-31,551523.8233918363
Pittsburgh,PA,"Pittsburgh, PA",5,2026-04-30,552551.0160888137
Pittsburgh,PA,"Pittsburgh, PA",5,2026-05-31,553965.411952207
Pittsburgh,PA,"Pittsburgh, PA",5,2026-06-30,555615.9608192221
Portland,OR,"Portland-Vancouver-Hillsboro, OR-WA",1,2020-01-31,316880.69074183813
Portland,OR,"Portland-Vancouver-Hillsboro, OR-WA",1,2020-02-29,319380.52450304985
Portland,OR,"Portland-Vancouver-Hillsboro, OR-WA",1,2020-03-31,321306.8335904614
Portland,OR,"Portland-Vancouver-Hillsboro, OR-WA",1,2020-04-30,321170.3199812241
Portland,OR,"Portland-Vancouver-Hillsboro, OR-WA",1,2020-05-31,320148.377607095
Portland,OR,"Portland-Vancouver-Hillsboro, OR-WA",1,2020-06-30,318312.62827996165
Portland,OR,"Portland-Vancouver-Hillsboro, OR-WA",1,2020-07-31,316488.4063749563
Portland,OR,"Portland-Vancouver-Hillsboro, OR-WA",1,2020-08-31,315955.2375044981
Portland,OR,"Portland-Vancouver-Hillsboro, OR-WA",1,2020-09-30,317193.3520626543
Portland,OR,"Portland-Vancouver-Hillsboro, OR-WA",1,2020-10-31,319434.42909722176
Portland,OR,"Portland-Vancouver-Hillsboro, OR-WA",1,2020-11-30,322348.79403461894
Portland,OR,"Portland-Vancouver-Hillsboro, OR-WA",1,2020-12-31,325259.21239306586
Portland,OR,"Portland-Vancouver-Hillsboro, OR-WA",1,2021-01-31,327450.7583890686
Portland,OR,"Portland-Vancouver-Hillsboro, OR-WA",1,2021-02-28,329272.1295588591
Portland,OR,"Portland-Vancouver-Hillsboro, OR-WA",1,2021-03-31,331690.62606530415
Portland,OR,"Portland-Vancouver-Hillsboro, OR-WA",1,2021-04-30,334937.643515842
Portland,OR,"Portland-Vancouver-Hillsboro, OR-WA",1,2021-05-31,338585.2901075444
Portland,OR,"Portland-Vancouver-Hillsboro, OR-WA",1,2021-06-30,341301.4457595116
Portland,OR,"Portland-Vancouver-Hillsboro, OR-WA",1,2021-07-31,343481.83484003507
Portland,OR,"Portland-Vancouver-Hillsboro, OR-WA",1,2021-08-31,344799.04099367856
Portland,OR,"Portland-Vancouver-Hillsboro, OR-WA",1,2021-09-30,345721.6093404153
Portland,OR,"Portland-Vancouver-Hillsboro, OR-WA",1,2021-10-31,346707.9183426974
Portland,OR,"Portland-Vancouver-Hillsboro, OR-WA",1,2021-11-30,348217.23869488324
Portland,OR,"Portland-Vancouver-Hillsboro, OR-WA",1,2021-12-31,350132.61254831543
Portland,OR,"Portland-Vancouver-Hillsboro, OR-WA",1,2022-01-31,351899.14771100593
Portland,OR,"Portland-Vancouver-Hillsboro, OR-WA",1,2022-02-28,353626.8419082079
Portland,OR,"Portland-Vancouver-Hillsboro, OR-WA",1,2022-03-31,355581.7343356823
Portland,OR,"Portland-Vancouver-Hillsboro, OR-WA",1,2022-04-30,357994.0703881723
Portland,OR,"Portland-Vancouver-Hillsboro, OR-WA",1,2022-05-31,359702.18219797575
Portland,OR,"Portland-Vancouver-Hillsboro, OR-WA",1,2022-06-30,360289.38214332686
Portland,OR,"Portland-Vancouver-Hillsboro, OR-WA",1,2022-07-31,358619.9674716113
Portland,OR,"Portland-Vancouver-Hillsboro, OR-WA",1,2022-08-31,355701.1315482701
Portland,OR,"Portland-Vancouver-Hillsboro, OR-WA",1,2022-09-30,351840.56288950035
Portland,OR,"Portland-Vancouver-Hillsboro, OR-WA",1,2022-10-31,348760.0940393587
Portland,OR,"Portland-Vancouver-Hillsboro, OR-WA",1,2022-11-30,346393.4080679398
Portland,OR,"Portland-Vancouver-Hillsboro, OR-WA",1,2022-12-31,344102.624426343
Portland,OR,"Portland-Vancouver-Hillsboro, OR-WA",1,2023-01-31,341202.3786841208
Portland,OR,"Portland-Vancouver-Hillsboro, OR-WA",1,2023-02-28,338188.507159832
Portland,OR,"Portland-Vancouver-Hillsboro, OR-WA",1,2023-03-31,336393.42257916176
Portland,OR,"Portland-Vancouver-Hillsboro, OR-WA",1,2023-04-30,336189.7832329417
Portland,OR,"Portland-Vancouver-Hillsboro, OR-WA",1,2023-05-31,336768.1035835739
Portland,OR,"Portland-Vancouver-Hillsboro, OR-WA",1,2023-06-30,337149.20557975385
Portland,OR,"Portland-Vancouver-Hillsboro, OR-WA",1,2023-07-31,336730.8270504425
Portland,OR,"Portland-Vancouver-Hillsboro, OR-WA",1,2023-08-31,335939.4440166468
Portland,OR,"Portland-Vancouver-Hillsboro, OR-WA",1,2023-09-30,335097.66140485124
Portland,OR,"Portland-Vancouver-Hillsboro, OR-WA",1,2023-10-31,334247.862172233
Portland,OR,"Portland-Vancouver-Hillsboro, OR-WA",1,2023-11-30,333428.41973966826
Portland,OR,"Portland-Vancouver-Hillsboro, OR-WA",1,2023-12-31,331876.0710830115
Portland,OR,"Portland-Vancouver-Hillsboro, OR-WA",1,2024-01-31,330570.2497194324
Portland,OR,"Portland-Vancouver-Hillsboro, OR-WA",1,2024-02-29,329138.7744262878
Portland,OR,"Portland-Vancouver-Hillsboro, OR-WA",1,2024-03-31,328316.0025805814
Portland,OR,"Portland-Vancouver-Hillsboro, OR-WA",1,2024-04-30,327417.0837017861
Portland,OR,"Portland-Vancouver-Hillsboro, OR-WA",1,2024-05-31,326618.26709770656
Portland,OR,"Portland-Vancouver-Hillsboro, OR-WA",1,2024-06-30,325413.849131675
Portland,OR,"Portland-Vancouver-Hillsboro, OR-WA",1,2024-07-31,324475.8917535574
Portland,OR,"Portland-Vancouver-Hillsboro, OR-WA",1,2024-08-31,323083.23257742065
Portland,OR,"Portland-Vancouver-Hillsboro, OR-WA",1,2024-09-30,322136.00471111294
Portland,OR,"Portland-Vancouver-Hillsboro, OR-WA",1,2024-10-31,321253.5270424764
Portland,OR,"Portland-Vancouver-Hillsboro, OR-WA",1,2024-11-30,321068.823491222
Portland,OR,"Portland-Vancouver-Hillsboro, OR-WA",1,2024-12-31,321430.8731712792
Portland,OR,"Portland-Vancouver-Hillsboro, OR-WA",1,2025-01-31,321485.61107780476
Portland,OR,"Portland-Vancouver-Hillsboro, OR-WA",1,2025-02-28,321070.67107099976
Portland,OR,"Portland-Vancouver-Hillsboro, OR-WA",1,2025-03-31,319276.06179184606
Portland,OR,"Portland-Vancouver-Hillsboro, OR-WA",1,2025-04-30,317169.91853902116
Portland,OR,"Portland-Vancouver-Hillsboro, OR-WA",1,2025-05-31,314761.82174947445
Portland,OR,"Portland-Vancouver-Hillsboro, OR-WA",1,2025-06-30,312565.82455242146
Portland,OR,"Portland-Vancouver-Hillsboro, OR-WA",1,2025-07-31,310219.552983509
Portland,OR,"Portland-Vancouver-Hillsboro, OR-WA",1,2025-08-31,307974.1114660448
Portland,OR,"Portland-Vancouver-Hillsboro, OR-WA",1,2025-09-30,306542.22076136497
Portland,OR,"Portland-Vancouver-Hillsboro, OR-WA",1,2025-10-31,306474.7951689091
Portland,OR,"Portland-Vancouver-Hillsboro, OR-WA",1,2025-11-30,306754.87313890917
Portland,OR,"Portland-Vancouver-Hillsboro, OR-WA",1,2025-12-31,307248.1177072037
Portland,OR,"Portland-Vancouver-Hillsboro, OR-WA",1,2026-01-31,307093.22464672173
Portland,OR,"Portland-Vancouver-Hillsboro, OR-WA",1,2026-02-28,307056.78967949416
Portland,OR,"Portland-Vancouver-Hillsboro, OR-WA",1,2026-03-31,305984.37067040056
Portland,OR,"Portland-Vancouver-Hillsboro, OR-WA",1,2026-04-30,303986.1501798122
Portland,OR,"Portland-Vancouver-Hillsboro, OR-WA",1,2026-05-31,301606.08689132595
Portland,OR,"Portland-Vancouver-Hillsboro, OR-WA",1,2026-06-30,299731.5341716576
Portland,OR,"Portland-Vancouver-Hillsboro, OR-WA",2,2020-01-31,388036.218069048
Portland,OR,"Portland-Vancouver-Hillsboro, OR-WA",2,2020-02-29,391388.1465239444
Portland,OR,"Portland-Vancouver-Hillsboro, OR-WA",2,2020-03-31,394484.6151663384
Portland,OR,"Portland-Vancouver-Hillsboro, OR-WA",2,2020-04-30,395828.95610565384
Portland,OR,"Portland-Vancouver-Hillsboro, OR-WA",2,2020-05-31,395735.2005280933
Portland,OR,"Portland-Vancouver-Hillsboro, OR-WA",2,2020-06-30,394329.791548312
Portland,OR,"Portland-Vancouver-Hillsboro, OR-WA",2,2020-07-31,393257.2605776863
Portland,OR,"Portland-Vancouver-Hillsboro, OR-WA",2,2020-08-31,394621.7912614644
Portland,OR,"Portland-Vancouver-Hillsboro, OR-WA",2,2020-09-30,399062.8733892943
Portland,OR,"Portland-Vancouver-Hillsboro, OR-WA",2,2020-10-31,405400.63043419697
Portland,OR,"Portland-Vancouver-Hillsboro, OR-WA",2,2020-11-30,412264.1181004406
Portland,OR,"Portland-Vancouver-Hillsboro, OR-WA",2,2020-12-31,418435.4302149621
Portland,OR,"Portland-Vancouver-Hillsboro, OR-WA",2,2021-01-31,423144.4841226067
Portland,OR,"Portland-Vancouver-Hillsboro, OR-WA",2,2021-02-28,428039.2605614283
Portland,OR,"Portland-Vancouver-Hillsboro, OR-WA",2,2021-03-31,433948.9309797664
Portland,OR,"Portland-Vancouver-Hillsboro, OR-WA",2,2021-04-30,440958.4442757292
Portland,OR,"Portland-Vancouver-Hillsboro, OR-WA",2,2021-05-31,448038.9567916747
Portland,OR,"Portland-Vancouver-Hillsboro, OR-WA",2,2021-06-30,453707.5780435
Portland,OR,"Portland-Vancouver-Hillsboro, OR-WA",2,2021-07-31,457610.83035565825
Portland,OR,"Portland-Vancouver-Hillsboro, OR-WA",2,2021-08-31,459381.0853226826
Portland,OR,"Portland-Vancouver-Hillsboro, OR-WA",2,2021-09-30,459963.4148377454
Portland,OR,"Portland-Vancouver-Hillsboro, OR-WA",2,2021-10-31,461040.1332321762
Portland,OR,"Portland-Vancouver-Hillsboro, OR-WA",2,2021-11-30,462831.74221212213
Portland,OR,"Portland-Vancouver-Hillsboro, OR-WA",2,2021-12-31,465402.41906652343
Portland,OR,"Portland-Vancouver-Hillsboro, OR-WA",2,2022-01-31,468710.521371402
Portland,OR,"Portland-Vancouver-Hillsboro, OR-WA",2,2022-02-28,473235.6033134716
Portland,OR,"Portland-Vancouver-Hillsboro, OR-WA",2,2022-03-31,479355.18722879863
Portland,OR,"Portland-Vancouver-Hillsboro, OR-WA",2,2022-04-30,485930.3587159449
Portland,OR,"Portland-Vancouver-Hillsboro, OR-WA",2,2022-05-31,491660.1966750305
Portland,OR,"Portland-Vancouver-Hillsboro, OR-WA",2,2022-06-30,494102.2877981351
Portland,OR,"Portland-Vancouver-Hillsboro, OR-WA",2,2022-07-31,491604.25575287297
Portland,OR,"Portland-Vancouver-Hillsboro, OR-WA",2,2022-08-31,485022.02626051946
Portland,OR,"Portland-Vancouver-Hillsboro, OR-WA",2,2022-09-30,476828.5678560809
Portland,OR,"Portland-Vancouver-Hillsboro, OR-WA",2,2022-10-31,470672.8236723675
Portland,OR,"Portland-Vancouver-Hillsboro, OR-WA",2,2022-11-30,466248.6535995181
Portland,OR,"Portland-Vancouver-Hillsboro, OR-WA",2,2022-12-31,462591.87483388936
Portland,OR,"Portland-Vancouver-Hillsboro, OR-WA",2,2023-01-31,457759.4339371105
Portland,OR,"Portland-Vancouver-Hillsboro, OR-WA",2,2023-02-28,452668.3025516379
Portland,OR,"Portland-Vancouver-Hillsboro, OR-WA",2,2023-03-31,449445.9486809601
Portland,OR,"Portland-Vancouver-Hillsboro, OR-WA",2,2023-04-30,449070.2300055583
Portland,OR,"Portland-Vancouver-Hillsboro, OR-WA",2,2023-05-31,450745.26098504313
Portland,OR,"Portland-Vancouver-Hillsboro, OR-WA",2,2023-06-30,452441.7331748533
Portland,OR,"Portland-Vancouver-Hillsboro, OR-WA",2,2023-07-31,453477.4023869049
Portland,OR,"Portland-Vancouver-Hillsboro, OR-WA",2,2023-08-31,453923.181710522
Portland,OR,"Portland-Vancouver-Hillsboro, OR-WA",2,2023-09-30,453901.1211882293
Portland,OR,"Portland-Vancouver-Hillsboro, OR-WA",2,2023-10-31,453510.89546357334
Portland,OR,"Portland-Vancouver-Hillsboro, OR-WA",2,2023-11-30,453101.70042164065
Portland,OR,"Portland-Vancouver-Hillsboro, OR-WA",2,2023-12-31,452697.05986648327
Portland,OR,"Portland-Vancouver-Hillsboro, OR-WA",2,2024-01-31,452484.32924304256
Portland,OR,"Portland-Vancouver-Hillsboro, OR-WA",2,2024-02-29,452200.83103340416
Portland,OR,"Portland-Vancouver-Hillsboro, OR-WA",2,2024-03-31,452086.4425079852
Portland,OR,"Portland-Vancouver-Hillsboro, OR-WA",2,2024-04-30,451474.3734207
Portland,OR,"Portland-Vancouver-Hillsboro, OR-WA",2,2024-05-31,450833.6666324891
Portland,OR,"Portland-Vancouver-Hillsboro, OR-WA",2,2024-06-30,449767.6489159378
Portland,OR,"Portland-Vancouver-Hillsboro, OR-WA",2,2024-07-31,449715.8150102972
Portland,OR,"Portland-Vancouver-Hillsboro, OR-WA",2,2024-08-31,449696.5371472243
Portland,OR,"Portland-Vancouver-Hillsboro, OR-WA",2,2024-09-30,450451.277245648
Portland,OR,"Portland-Vancouver-Hillsboro, OR-WA",2,2024-10-31,451231.5715717688
Portland,OR,"Portland-Vancouver-Hillsboro, OR-WA",2,2024-11-30,452687.0551895665
Portland,OR,"Portland-Vancouver-Hillsboro, OR-WA",2,2024-12-31,454459.8501398309
Portland,OR,"Portland-Vancouver-Hillsboro, OR-WA",2,2025-01-31,455519.3743607332
Portland,OR,"Portland-Vancouver-Hillsboro, OR-WA",2,2025-02-28,455263.4843995843
Portland,OR,"Portland-Vancouver-Hillsboro, OR-WA",2,2025-03-31,453015.08731727704
Portland,OR,"Portland-Vancouver-Hillsboro, OR-WA",2,2025-04-30,450155.23536355776
Portland,OR,"Portland-Vancouver-Hillsboro, OR-WA",2,2025-05-31,447123.9676588951
Portland,OR,"Portland-Vancouver-Hillsboro, OR-WA",2,2025-06-30,444849.3423990155
Portland,OR,"Portland-Vancouver-Hillsboro, OR-WA",2,2025-07-31,443539.6054196938
Portland,OR,"Portland-Vancouver-Hillsboro, OR-WA",2,2025-08-31,442493.5915193556
Portland,OR,"Portland-Vancouver-Hillsboro, OR-WA",2,2025-09-30,441943.25112407753
Portland,OR,"Portland-Vancouver-Hillsboro, OR-WA",2,2025-10-31,442122.0231013213
Portland,OR,"Portland-Vancouver-Hillsboro, OR-WA",2,2025-11-30,443316.3598029851
Portland,OR,"Portland-Vancouver-Hillsboro, OR-WA",2,2025-12-31,444994.3452408316
Portland,OR,"Portland-Vancouver-Hillsboro, OR-WA",2,2026-01-31,446190.361211586
Portland,OR,"Portland-Vancouver-Hillsboro, OR-WA",2,2026-02-28,446699.1109200148
Portland,OR,"Portland-Vancouver-Hillsboro, OR-WA",2,2026-03-31,445779.39962548413
Portland,OR,"Portland-Vancouver-Hillsboro, OR-WA",2,2026-04-30,443637.50799521705
Portland,OR,"Portland-Vancouver-Hillsboro, OR-WA",2,2026-05-31,441037.86825848726
Portland,OR,"Portland-Vancouver-Hillsboro, OR-WA",2,2026-06-30,439474.4219331769
Portland,OR,"Portland-Vancouver-Hillsboro, OR-WA",3,2020-01-31,451919.9945393076
Portland,OR,"Portland-Vancouver-Hillsboro, OR-WA",3,2020-02-29,454754.85576197784
Portland,OR,"Portland-Vancouver-Hillsboro, OR-WA",3,2020-03-31,457599.91680998384
Portland,OR,"Portland-Vancouver-Hillsboro, OR-WA",3,2020-04-30,459822.1707164498
Portland,OR,"Portland-Vancouver-Hillsboro, OR-WA",3,2020-05-31,460300.1725563306
Portland,OR,"Portland-Vancouver-Hillsboro, OR-WA",3,2020-06-30,459299.299164243
Portland,OR,"Portland-Vancouver-Hillsboro, OR-WA",3,2020-07-31,458666.03239127126
Portland,OR,"Portland-Vancouver-Hillsboro, OR-WA",3,2020-08-31,460910.58131722314
Portland,OR,"Portland-Vancouver-Hillsboro, OR-WA",3,2020-09-30,466600.9367493727
Portland,OR,"Portland-Vancouver-Hillsboro, OR-WA",3,2020-10-31,474558.1093263328
Portland,OR,"Portland-Vancouver-Hillsboro, OR-WA",3,2020-11-30,483260.2230080483
Portland,OR,"Portland-Vancouver-Hillsboro, OR-WA",3,2020-12-31,491060.8859713581
Portland,OR,"Portland-Vancouver-Hillsboro, OR-WA",3,2021-01-31,497543.1831542677
Portland,OR,"Portland-Vancouver-Hillsboro, OR-WA",3,2021-02-28,504316.21677705296
Portland,OR,"Portland-Vancouver-Hillsboro, OR-WA",3,2021-03-31,512331.1059599309
Portland,OR,"Portland-Vancouver-Hillsboro, OR-WA",3,2021-04-30,520957.926638972
Portland,OR,"Portland-Vancouver-Hillsboro, OR-WA",3,2021-05-31,529302.1701505888
Portland,OR,"Portland-Vancouver-Hillsboro, OR-WA",3,2021-06-30,535825.0404587815
Portland,OR,"Portland-Vancouver-Hillsboro, OR-WA",3,2021-07-31,540476.0071541289
Portland,OR,"Portland-Vancouver-Hillsboro, OR-WA",3,2021-08-31,542626.8690981166
Portland,OR,"Portland-Vancouver-Hillsboro, OR-WA",3,2021-09-30,543507.160590419
Portland,OR,"Portland-Vancouver-Hillsboro, OR-WA",3,2021-10-31,544862.1284995832
Portland,OR,"Portland-Vancouver-Hillsboro, OR-WA",3,2021-11-30,547219.4685029679
Portland,OR,"Portland-Vancouver-Hillsboro, OR-WA",3,2021-12-31,550671.4065170091
Portland,OR,"Portland-Vancouver-Hillsboro, OR-WA",3,2022-01-31,555754.7896560053
Portland,OR,"Portland-Vancouver-Hillsboro, OR-WA",3,2022-02-28,562854.9834741774
Portland,OR,"Portland-Vancouver-Hillsboro, OR-WA",3,2022-03-31,571795.2970895189
Portland,OR,"Portland-Vancouver-Hillsboro, OR-WA",3,2022-04-30,581140.2281269715
Portland,OR,"Portland-Vancouver-Hillsboro, OR-WA",3,2022-05-31,589161.0209805648
Portland,OR,"Portland-Vancouver-Hillsboro, OR-WA",3,2022-06-30,592980.7914980893
Portland,OR,"Portland-Vancouver-Hillsboro, OR-WA",3,2022-07-31,590156.204716756
Portland,OR,"Portland-Vancouver-Hillsboro, OR-WA",3,2022-08-31,581803.8747523521
Portland,OR,"Portland-Vancouver-Hillsboro, OR-WA",3,2022-09-30,571606.1547734829
Portland,OR,"Portland-Vancouver-Hillsboro, OR-WA",3,2022-10-31,564148.7750307019
Portland,OR,"Portland-Vancouver-Hillsboro, OR-WA",3,2022-11-30,558877.3951812688
Portland,OR,"Portland-Vancouver-Hillsboro, OR-WA",3,2022-12-31,554439.8386538518
Portland,OR,"Portland-Vancouver-Hillsboro, OR-WA",3,2023-01-31,548486.2938464804
Portland,OR,"Portland-Vancouver-Hillsboro, OR-WA",3,2023-02-28,542762.1654558073
Portland,OR,"Portland-Vancouver-Hillsboro, OR-WA",3,2023-03-31,539054.8581956379
Portland,OR,"Portland-Vancouver-Hillsboro, OR-WA",3,2023-04-30,538443.6014385897
Portland,OR,"Portland-Vancouver-Hillsboro, OR-WA",3,2023-05-31,540227.7671910165
Portland,OR,"Portland-Vancouver-Hillsboro, OR-WA",3,2023-06-30,542564.9317893678
Portland,OR,"Portland-Vancouver-Hillsboro, OR-WA",3,2023-07-31,544640.6808802622
Portland,OR,"Portland-Vancouver-Hillsboro, OR-WA",3,2023-08-31,545917.7134788431
Portland,OR,"Portland-Vancouver-Hillsboro, OR-WA",3,2023-09-30,546569.7028754406
Portland,OR,"Portland-Vancouver-Hillsboro, OR-WA",3,2023-10-31,546717.5533065082
Portland,OR,"Portland-Vancouver-Hillsboro, OR-WA",3,2023-11-30,546375.2535184977
Portland,OR,"Portland-Vancouver-Hillsboro, OR-WA",3,2023-12-31,545898.5858114122
Portland,OR,"Portland-Vancouver-Hillsboro, OR-WA",3,2024-01-31,545618.4361573467
Portland,OR,"Portland-Vancouver-Hillsboro, OR-WA",3,2024-02-29,545500.1778128875
Portland,OR,"Portland-Vancouver-Hillsboro, OR-WA",3,2024-03-31,545924.7705045046
Portland,OR,"Portland-Vancouver-Hillsboro, OR-WA",3,2024-04-30,546117.9144917764
Portland,OR,"Portland-Vancouver-Hillsboro, OR-WA",3,2024-05-31,546360.2023484347
Portland,OR,"Portland-Vancouver-Hillsboro, OR-WA",3,2024-06-30,545720.6743998915
Portland,OR,"Portland-Vancouver-Hillsboro, OR-WA",3,2024-07-31,545581.1887905063
Portland,OR,"Portland-Vancouver-Hillsboro, OR-WA",3,2024-08-31,545573.669885091
Portland,OR,"Portland-Vancouver-Hillsboro, OR-WA",3,2024-09-30,546697.4917313532
Portland,OR,"Portland-Vancouver-Hillsboro, OR-WA",3,2024-10-31,548130.378671453
Portland,OR,"Portland-Vancouver-Hillsboro, OR-WA",3,2024-11-30,550226.8352069537
Portland,OR,"Portland-Vancouver-Hillsboro, OR-WA",3,2024-12-31,552422.7666261484
Portland,OR,"Portland-Vancouver-Hillsboro, OR-WA",3,2025-01-31,553838.1949561754
Portland,OR,"Portland-Vancouver-Hillsboro, OR-WA",3,2025-02-28,553719.3809202836
Portland,OR,"Portland-Vancouver-Hillsboro, OR-WA",3,2025-03-31,551229.2851033191
Portland,OR,"Portland-Vancouver-Hillsboro, OR-WA",3,2025-04-30,547767.0905084965
Portland,OR,"Portland-Vancouver-Hillsboro, OR-WA",3,2025-05-31,543908.2957586345
Portland,OR,"Portland-Vancouver-Hillsboro, OR-WA",3,2025-06-30,541150.5873966982
Portland,OR,"Portland-Vancouver-Hillsboro, OR-WA",3,2025-07-31,539757.5592531072
Portland,OR,"Portland-Vancouver-Hillsboro, OR-WA",3,2025-08-31,539172.4644562256
Portland,OR,"Portland-Vancouver-Hillsboro, OR-WA",3,2025-09-30,539327.1074721509
Portland,OR,"Portland-Vancouver-Hillsboro, OR-WA",3,2025-10-31,540101.6766832368
Portland,OR,"Portland-Vancouver-Hillsboro, OR-WA",3,2025-11-30,541934.6928422143
Portland,OR,"Portland-Vancouver-Hillsboro, OR-WA",3,2025-12-31,543889.6354268253
Portland,OR,"Portland-Vancouver-Hillsboro, OR-WA",3,2026-01-31,545452.5937598372
Portland,OR,"Portland-Vancouver-Hillsboro, OR-WA",3,2026-02-28,545766.1282344478
Portland,OR,"Portland-Vancouver-Hillsboro, OR-WA",3,2026-03-31,544753.4167346285
Portland,OR,"Portland-Vancouver-Hillsboro, OR-WA",3,2026-04-30,542476.6843283059
Portland,OR,"Portland-Vancouver-Hillsboro, OR-WA",3,2026-05-31,540174.0869617582
Portland,OR,"Portland-Vancouver-Hillsboro, OR-WA",3,2026-06-30,539168.9850096415
Portland,OR,"Portland-Vancouver-Hillsboro, OR-WA",4,2020-01-31,593388.7064219251
Portland,OR,"Portland-Vancouver-Hillsboro, OR-WA",4,2020-02-29,596374.1102735404
Portland,OR,"Portland-Vancouver-Hillsboro, OR-WA",4,2020-03-31,599523.1225205717
Portland,OR,"Portland-Vancouver-Hillsboro, OR-WA",4,2020-04-30,602689.5137559886
Portland,OR,"Portland-Vancouver-Hillsboro, OR-WA",4,2020-05-31,603798.0075123158
Portland,OR,"Portland-Vancouver-Hillsboro, OR-WA",4,2020-06-30,603023.9067663321
Portland,OR,"Portland-Vancouver-Hillsboro, OR-WA",4,2020-07-31,602465.3254262666
Portland,OR,"Portland-Vancouver-Hillsboro, OR-WA",4,2020-08-31,605242.6435326781
Portland,OR,"Portland-Vancouver-Hillsboro, OR-WA",4,2020-09-30,612068.5415297021
Portland,OR,"Portland-Vancouver-Hillsboro, OR-WA",4,2020-10-31,621461.8654583246
Portland,OR,"Portland-Vancouver-Hillsboro, OR-WA",4,2020-11-30,631881.3780485122
Portland,OR,"Portland-Vancouver-Hillsboro, OR-WA",4,2020-12-31,641267.8156734544
Portland,OR,"Portland-Vancouver-Hillsboro, OR-WA",4,2021-01-31,649678.0155737951
Portland,OR,"Portland-Vancouver-Hillsboro, OR-WA",4,2021-02-28,658648.1986414267
Portland,OR,"Portland-Vancouver-Hillsboro, OR-WA",4,2021-03-31,669276.7976629805
Portland,OR,"Portland-Vancouver-Hillsboro, OR-WA",4,2021-04-30,680488.476003817
Portland,OR,"Portland-Vancouver-Hillsboro, OR-WA",4,2021-05-31,691432.8296783374
Portland,OR,"Portland-Vancouver-Hillsboro, OR-WA",4,2021-06-30,700206.1217128575
Portland,OR,"Portland-Vancouver-Hillsboro, OR-WA",4,2021-07-31,706592.6786891548
Portland,OR,"Portland-Vancouver-Hillsboro, OR-WA",4,2021-08-31,709822.6165409671
Portland,OR,"Portland-Vancouver-Hillsboro, OR-WA",4,2021-09-30,711729.6212942557
Portland,OR,"Portland-Vancouver-Hillsboro, OR-WA",4,2021-10-31,714476.406348593
Portland,OR,"Portland-Vancouver-Hillsboro, OR-WA",4,2021-11-30,718726.9108969962
Portland,OR,"Portland-Vancouver-Hillsboro, OR-WA",4,2021-12-31,724567.1722403605
Portland,OR,"Portland-Vancouver-Hillsboro, OR-WA",4,2022-01-31,732805.3687142826
Portland,OR,"Portland-Vancouver-Hillsboro, OR-WA",4,2022-02-28,743831.8030377175
Portland,OR,"Portland-Vancouver-Hillsboro, OR-WA",4,2022-03-31,757909.8783750482
Portland,OR,"Portland-Vancouver-Hillsboro, OR-WA",4,2022-04-30,772996.0830768027
Portland,OR,"Portland-Vancouver-Hillsboro, OR-WA",4,2022-05-31,786375.4129835226
Portland,OR,"Portland-Vancouver-Hillsboro, OR-WA",4,2022-06-30,793634.1587691031
Portland,OR,"Portland-Vancouver-Hillsboro, OR-WA",4,2022-07-31,790932.8006773641
Portland,OR,"Portland-Vancouver-Hillsboro, OR-WA",4,2022-08-31,779967.9541781255
Portland,OR,"Portland-Vancouver-Hillsboro, OR-WA",4,2022-09-30,765852.0678921487
Portland,OR,"Portland-Vancouver-Hillsboro, OR-WA",4,2022-10-31,755722.4105173094
Portland,OR,"Portland-Vancouver-Hillsboro, OR-WA",4,2022-11-30,749026.1405305477
Portland,OR,"Portland-Vancouver-Hillsboro, OR-WA",4,2022-12-31,744043.3539566142
Portland,OR,"Portland-Vancouver-Hillsboro, OR-WA",4,2023-01-31,737074.5494869389
Portland,OR,"Portland-Vancouver-Hillsboro, OR-WA",4,2023-02-28,731085.374202826
Portland,OR,"Portland-Vancouver-Hillsboro, OR-WA",4,2023-03-31,726845.1750164685
Portland,OR,"Portland-Vancouver-Hillsboro, OR-WA",4,2023-04-30,726707.4823464737
Portland,OR,"Portland-Vancouver-Hillsboro, OR-WA",4,2023-05-31,728994.2457996439
Portland,OR,"Portland-Vancouver-Hillsboro, OR-WA",4,2023-06-30,732381.2170885092
Portland,OR,"Portland-Vancouver-Hillsboro, OR-WA",4,2023-07-31,735302.5806276851
Portland,OR,"Portland-Vancouver-Hillsboro, OR-WA",4,2023-08-31,736744.2166659604
Portland,OR,"Portland-Vancouver-Hillsboro, OR-WA",4,2023-09-30,737449.5453088804
Portland,OR,"Portland-Vancouver-Hillsboro, OR-WA",4,2023-10-31,737484.9434926282
Portland,OR,"Portland-Vancouver-Hillsboro, OR-WA",4,2023-11-30,736667.874873726
Portland,OR,"Portland-Vancouver-Hillsboro, OR-WA",4,2023-12-31,735312.4550764872
Portland,OR,"Portland-Vancouver-Hillsboro, OR-WA",4,2024-01-31,734079.4219308229
Portland,OR,"Portland-Vancouver-Hillsboro, OR-WA",4,2024-02-29,733532.3421697161
Portland,OR,"Portland-Vancouver-Hillsboro, OR-WA",4,2024-03-31,734390.872208878
Portland,OR,"Portland-Vancouver-Hillsboro, OR-WA",4,2024-04-30,735305.9391839305
Portland,OR,"Portland-Vancouver-Hillsboro, OR-WA",4,2024-05-31,736493.4643735769
Portland,OR,"Portland-Vancouver-Hillsboro, OR-WA",4,2024-06-30,735924.5372010394
Portland,OR,"Portland-Vancouver-Hillsboro, OR-WA",4,2024-07-31,735333.1727576121
Portland,OR,"Portland-Vancouver-Hillsboro, OR-WA",4,2024-08-31,734601.9641174624
Portland,OR,"Portland-Vancouver-Hillsboro, OR-WA",4,2024-09-30,735676.8217820651
Portland,OR,"Portland-Vancouver-Hillsboro, OR-WA",4,2024-10-31,737535.0507487919
Portland,OR,"Portland-Vancouver-Hillsboro, OR-WA",4,2024-11-30,740153.5655838238
Portland,OR,"Portland-Vancouver-Hillsboro, OR-WA",4,2024-12-31,742628.8300194448
Portland,OR,"Portland-Vancouver-Hillsboro, OR-WA",4,2025-01-31,744004.7253501354
Portland,OR,"Portland-Vancouver-Hillsboro, OR-WA",4,2025-02-28,743902.463197094
Portland,OR,"Portland-Vancouver-Hillsboro, OR-WA",4,2025-03-31,741270.6524914633
Portland,OR,"Portland-Vancouver-Hillsboro, OR-WA",4,2025-04-30,737660.6974232747
Portland,OR,"Portland-Vancouver-Hillsboro, OR-WA",4,2025-05-31,732993.7534728268
Portland,OR,"Portland-Vancouver-Hillsboro, OR-WA",4,2025-06-30,729180.908055683
Portland,OR,"Portland-Vancouver-Hillsboro, OR-WA",4,2025-07-31,726574.9946336728
Portland,OR,"Portland-Vancouver-Hillsboro, OR-WA",4,2025-08-31,725221.2061598472
Portland,OR,"Portland-Vancouver-Hillsboro, OR-WA",4,2025-09-30,725314.9836101593
Portland,OR,"Portland-Vancouver-Hillsboro, OR-WA",4,2025-10-31,726896.7390513606
Portland,OR,"Portland-Vancouver-Hillsboro, OR-WA",4,2025-11-30,729941.6945020476
Portland,OR,"Portland-Vancouver-Hillsboro, OR-WA",4,2025-12-31,732828.1585073416
Portland,OR,"Portland-Vancouver-Hillsboro, OR-WA",4,2026-01-31,735039.8879585834
Portland,OR,"Portland-Vancouver-Hillsboro, OR-WA",4,2026-02-28,735710.4782027527
Portland,OR,"Portland-Vancouver-Hillsboro, OR-WA",4,2026-03-31,734489.0310590019
Portland,OR,"Portland-Vancouver-Hillsboro, OR-WA",4,2026-04-30,731189.7237009234
Portland,OR,"Portland-Vancouver-Hillsboro, OR-WA",4,2026-05-31,727569.4469768734
Portland,OR,"Portland-Vancouver-Hillsboro, OR-WA",4,2026-06-30,726053.6090732886
Portland,OR,"Portland-Vancouver-Hillsboro, OR-WA",5,2020-01-31,698625.3519612243
Portland,OR,"Portland-Vancouver-Hillsboro, OR-WA",5,2020-02-29,701537.1240739707
Portland,OR,"Portland-Vancouver-Hillsboro, OR-WA",5,2020-03-31,704764.797028373
Portland,OR,"Portland-Vancouver-Hillsboro, OR-WA",5,2020-04-30,708692.3173837542
Portland,OR,"Portland-Vancouver-Hillsboro, OR-WA",5,2020-05-31,710274.6595450663
Portland,OR,"Portland-Vancouver-Hillsboro, OR-WA",5,2020-06-30,709776.8762889635
Portland,OR,"Portland-Vancouver-Hillsboro, OR-WA",5,2020-07-31,709204.0951274392
Portland,OR,"Portland-Vancouver-Hillsboro, OR-WA",5,2020-08-31,712299.3712620166
Portland,OR,"Portland-Vancouver-Hillsboro, OR-WA",5,2020-09-30,719778.9407922161
Portland,OR,"Portland-Vancouver-Hillsboro, OR-WA",5,2020-10-31,730047.7187158059
Portland,OR,"Portland-Vancouver-Hillsboro, OR-WA",5,2020-11-30,741663.458292358
Portland,OR,"Portland-Vancouver-Hillsboro, OR-WA",5,2020-12-31,752469.8823621954
Portland,OR,"Portland-Vancouver-Hillsboro, OR-WA",5,2021-01-31,762729.1669013113
Portland,OR,"Portland-Vancouver-Hillsboro, OR-WA",5,2021-02-28,773654.5786155885
Portland,OR,"Portland-Vancouver-Hillsboro, OR-WA",5,2021-03-31,785982.0193520676
Portland,OR,"Portland-Vancouver-Hillsboro, OR-WA",5,2021-04-30,798528.6232925784
Portland,OR,"Portland-Vancouver-Hillsboro, OR-WA",5,2021-05-31,810943.9264740869
Portland,OR,"Portland-Vancouver-Hillsboro, OR-WA",5,2021-06-30,821428.8882026254
Portland,OR,"Portland-Vancouver-Hillsboro, OR-WA",5,2021-07-31,829502.4504561926
Portland,OR,"Portland-Vancouver-Hillsboro, OR-WA",5,2021-08-31,833800.8085478474
Portland,OR,"Portland-Vancouver-Hillsboro, OR-WA",5,2021-09-30,836769.6016315868
Portland,OR,"Portland-Vancouver-Hillsboro, OR-WA",5,2021-10-31,840879.7649515439
Portland,OR,"Portland-Vancouver-Hillsboro, OR-WA",5,2021-11-30,847246.1930847444
Portland,OR,"Portland-Vancouver-Hillsboro, OR-WA",5,2021-12-31,855302.5201308712
Portland,OR,"Portland-Vancouver-Hillsboro, OR-WA",5,2022-01-31,866370.2622998295
Portland,OR,"Portland-Vancouver-Hillsboro, OR-WA",5,2022-02-28,880836.0590652494
Portland,OR,"Portland-Vancouver-Hillsboro, OR-WA",5,2022-03-31,899615.2446896551
Portland,OR,"Portland-Vancouver-Hillsboro, OR-WA",5,2022-04-30,919657.1599839184
Portland,OR,"Portland-Vancouver-Hillsboro, OR-WA",5,2022-05-31,937426.6944824108
Portland,OR,"Portland-Vancouver-Hillsboro, OR-WA",5,2022-06-30,947680.0581073994
Portland,OR,"Portland-Vancouver-Hillsboro, OR-WA",5,2022-07-31,946241.0528432528
Portland,OR,"Portland-Vancouver-Hillsboro, OR-WA",5,2022-08-31,935073.899324764
Portland,OR,"Portland-Vancouver-Hillsboro, OR-WA",5,2022-09-30,919703.3655747492
Portland,OR,"Portland-Vancouver-Hillsboro, OR-WA",5,2022-10-31,908634.7288033656
Portland,OR,"Portland-Vancouver-Hillsboro, OR-WA",5,2022-11-30,901554.6242877174
Portland,OR,"Portland-Vancouver-Hillsboro, OR-WA",5,2022-12-31,896641.3117217574
Portland,OR,"Portland-Vancouver-Hillsboro, OR-WA",5,2023-01-31,889406.734790942
Portland,OR,"Portland-Vancouver-Hillsboro, OR-WA",5,2023-02-28,883705.0860687165
Portland,OR,"Portland-Vancouver-Hillsboro, OR-WA",5,2023-03-31,879222.3370688568
Portland,OR,"Portland-Vancouver-Hillsboro, OR-WA",5,2023-04-30,879539.3886344411
Portland,OR,"Portland-Vancouver-Hillsboro, OR-WA",5,2023-05-31,881935.0295293502
Portland,OR,"Portland-Vancouver-Hillsboro, OR-WA",5,2023-06-30,886150.0475790029
Portland,OR,"Portland-Vancouver-Hillsboro, OR-WA",5,2023-07-31,889530.7740574366
Portland,OR,"Portland-Vancouver-Hillsboro, OR-WA",5,2023-08-31,891039.3653378733
Portland,OR,"Portland-Vancouver-Hillsboro, OR-WA",5,2023-09-30,891708.4340623425
Portland,OR,"Portland-Vancouver-Hillsboro, OR-WA",5,2023-10-31,891417.0168200784
Portland,OR,"Portland-Vancouver-Hillsboro, OR-WA",5,2023-11-30,889919.3001500753
Portland,OR,"Portland-Vancouver-Hillsboro, OR-WA",5,2023-12-31,887578.9943438694
Portland,OR,"Portland-Vancouver-Hillsboro, OR-WA",5,2024-01-31,885348.8395237196
Portland,OR,"Portland-Vancouver-Hillsboro, OR-WA",5,2024-02-29,884110.0951362749
Portland,OR,"Portland-Vancouver-Hillsboro, OR-WA",5,2024-03-31,885336.4063487224
Portland,OR,"Portland-Vancouver-Hillsboro, OR-WA",5,2024-04-30,887068.6435729507
Portland,OR,"Portland-Vancouver-Hillsboro, OR-WA",5,2024-05-31,888912.209619225
Portland,OR,"Portland-Vancouver-Hillsboro, OR-WA",5,2024-06-30,887784.1436113007
Portland,OR,"Portland-Vancouver-Hillsboro, OR-WA",5,2024-07-31,886287.496735036
Portland,OR,"Portland-Vancouver-Hillsboro, OR-WA",5,2024-08-31,885025.3385943816
Portland,OR,"Portland-Vancouver-Hillsboro, OR-WA",5,2024-09-30,886069.4434823366
Portland,OR,"Portland-Vancouver-Hillsboro, OR-WA",5,2024-10-31,888012.1551816823
Portland,OR,"Portland-Vancouver-Hillsboro, OR-WA",5,2024-11-30,890656.5307301203
Portland,OR,"Portland-Vancouver-Hillsboro, OR-WA",5,2024-12-31,892680.1907750675
Portland,OR,"Portland-Vancouver-Hillsboro, OR-WA",5,2025-01-31,893729.205053206
Portland,OR,"Portland-Vancouver-Hillsboro, OR-WA",5,2025-02-28,893302.9968476713
Portland,OR,"Portland-Vancouver-Hillsboro, OR-WA",5,2025-03-31,890834.6473128648
Portland,OR,"Portland-Vancouver-Hillsboro, OR-WA",5,2025-04-30,887402.8329242257
Portland,OR,"Portland-Vancouver-Hillsboro, OR-WA",5,2025-05-31,882537.4573853952
Portland,OR,"Portland-Vancouver-Hillsboro, OR-WA",5,2025-06-30,877870.1589054343
Portland,OR,"Portland-Vancouver-Hillsboro, OR-WA",5,2025-07-31,873990.5660044291
Portland,OR,"Portland-Vancouver-Hillsboro, OR-WA",5,2025-08-31,871504.4646015879
Portland,OR,"Portland-Vancouver-Hillsboro, OR-WA",5,2025-09-30,871077.1032867818
Portland,OR,"Portland-Vancouver-Hillsboro, OR-WA",5,2025-10-31,872727.6977753165
Portland,OR,"Portland-Vancouver-Hillsboro, OR-WA",5,2025-11-30,876124.9094546782
Portland,OR,"Portland-Vancouver-Hillsboro, OR-WA",5,2025-12-31,879593.9880577832
Portland,OR,"Portland-Vancouver-Hillsboro, OR-WA",5,2026-01-31,882535.8673560008
Portland,OR,"Portland-Vancouver-Hillsboro, OR-WA",5,2026-02-28,883996.8947812814
Portland,OR,"Portland-Vancouver-Hillsboro, OR-WA",5,2026-03-31,882859.8247002107
Portland,OR,"Portland-Vancouver-Hillsboro, OR-WA",5,2026-04-30,878766.6651230725
Portland,OR,"Portland-Vancouver-Hillsboro, OR-WA",5,2026-05-31,873919.467580466
Portland,OR,"Portland-Vancouver-Hillsboro, OR-WA",5,2026-06-30,871465.6589920857
Salt Lake City,UT,"Salt Lake City, UT",1,2020-01-31,251267.63058882955
Salt Lake City,UT,"Salt Lake City, UT",1,2020-02-29,253787.5544621428
Salt Lake City,UT,"Salt Lake City, UT",1,2020-03-31,256147.72617081527
Salt Lake City,UT,"Salt Lake City, UT",1,2020-04-30,258228.43036782343
Salt Lake City,UT,"Salt Lake City, UT",1,2020-05-31,259476.99777389245
Salt Lake City,UT,"Salt Lake City, UT",1,2020-06-30,259793.40645202735
Salt Lake City,UT,"Salt Lake City, UT",1,2020-07-31,260087.64359902745
Salt Lake City,UT,"Salt Lake City, UT",1,2020-08-31,261579.2311106673
Salt Lake City,UT,"Salt Lake City, UT",1,2020-09-30,264444.5392761547
Salt Lake City,UT,"Salt Lake City, UT",1,2020-10-31,267673.96036550164
Salt Lake City,UT,"Salt Lake City, UT",1,2020-11-30,271712.98484109336
Salt Lake City,UT,"Salt Lake City, UT",1,2020-12-31,275505.4447329999
Salt Lake City,UT,"Salt Lake City, UT",1,2021-01-31,279493.8279163103
Salt Lake City,UT,"Salt Lake City, UT",1,2021-02-28,283326.1114270611
Salt Lake City,UT,"Salt Lake City, UT",1,2021-03-31,288623.33502084616
Salt Lake City,UT,"Salt Lake City, UT",1,2021-04-30,294594.4476556252
Salt Lake City,UT,"Salt Lake City, UT",1,2021-05-31,301443.67973663966
Salt Lake City,UT,"Salt Lake City, UT",1,2021-06-30,308065.8603708355
Salt Lake City,UT,"Salt Lake City, UT",1,2021-07-31,315000.2149283626
Salt Lake City,UT,"Salt Lake City, UT",1,2021-08-31,321270.8859059916
Salt Lake City,UT,"Salt Lake City, UT",1,2021-09-30,326627.56789807644
Salt Lake City,UT,"Salt Lake City, UT",1,2021-10-31,330657.6098651713
Salt Lake City,UT,"Salt Lake City, UT",1,2021-11-30,334171.5904608841
Salt Lake City,UT,"Salt Lake City, UT",1,2021-12-31,337823.0913865464
Salt Lake City,UT,"Salt Lake City, UT",1,2022-01-31,343197.94505952013
Salt Lake City,UT,"Salt Lake City, UT",1,2022-02-28,349816.284689818
Salt Lake City,UT,"Salt Lake City, UT",1,2022-03-31,357750.26559546293
Salt Lake City,UT,"Salt Lake City, UT",1,2022-04-30,364901.5908836805
Salt Lake City,UT,"Salt Lake City, UT",1,2022-05-31,371292.9324994837
Salt Lake City,UT,"Salt Lake City, UT",1,2022-06-30,375335.9743885328
Salt Lake City,UT,"Salt Lake City, UT",1,2022-07-31,375568.5109018585
Salt Lake City,UT,"Salt Lake City, UT",1,2022-08-31,372333.8189213832
Salt Lake City,UT,"Salt Lake City, UT",1,2022-09-30,367547.69544093736
Salt Lake City,UT,"Salt Lake City, UT",1,2022-10-31,364035.6085519765
Salt Lake City,UT,"Salt Lake City, UT",1,2022-11-30,361282.75549077144
Salt Lake City,UT,"Salt Lake City, UT",1,2022-12-31,359182.09104729973
Salt Lake City,UT,"Salt Lake City, UT",1,2023-01-31,357453.4201486583
Salt Lake City,UT,"Salt Lake City, UT",1,2023-02-28,356004.8452554496
Salt Lake City,UT,"Salt Lake City, UT",1,2023-03-31,353966.05594398564
Salt Lake City,UT,"Salt Lake City, UT",1,2023-04-30,351462.6048145401
Salt Lake City,UT,"Salt Lake City, UT",1,2023-05-31,349201.0239596321
Salt Lake City,UT,"Salt Lake City, UT",1,2023-06-30,348544.9420911095
Salt Lake City,UT,"Salt Lake City, UT",1,2023-07-31,348527.20576710335
Salt Lake City,UT,"Salt Lake City, UT",1,2023-08-31,348815.3103170194
Salt Lake City,UT,"Salt Lake City, UT",1,2023-09-30,349281.60120037134
Salt Lake City,UT,"Salt Lake City, UT",1,2023-10-31,349575.96767490846
Salt Lake City,UT,"Salt Lake City, UT",1,2023-11-30,350467.1182129581
Salt Lake City,UT,"Salt Lake City, UT",1,2023-12-31,350383.40913412394
Salt Lake City,UT,"Salt Lake City, UT",1,2024-01-31,350859.92336687836
Salt Lake City,UT,"Salt Lake City, UT",1,2024-02-29,350656.789185718
Salt Lake City,UT,"Salt Lake City, UT",1,2024-03-31,350854.81321069814
Salt Lake City,UT,"Salt Lake City, UT",1,2024-04-30,350732.0993393333
Salt Lake City,UT,"Salt Lake City, UT",1,2024-05-31,350656.89657422557
Salt Lake City,UT,"Salt Lake City, UT",1,2024-06-30,349610.99787927704
Salt Lake City,UT,"Salt Lake City, UT",1,2024-07-31,348387.57720070303
Salt Lake City,UT,"Salt Lake City, UT",1,2024-08-31,347030.7729535021
Salt Lake City,UT,"Salt Lake City, UT",1,2024-09-30,346675.29361761105
Salt Lake City,UT,"Salt Lake City, UT",1,2024-10-31,346905.8801831465
Salt Lake City,UT,"Salt Lake City, UT",1,2024-11-30,347053.33308014384
Salt Lake City,UT,"Salt Lake City, UT",1,2024-12-31,347714.6679597082
Salt Lake City,UT,"Salt Lake City, UT",1,2025-01-31,348589.0739490566
Salt Lake City,UT,"Salt Lake City, UT",1,2025-02-28,349870.109100322
Salt Lake City,UT,"Salt Lake City, UT",1,2025-03-31,350018.1442739361
Salt Lake City,UT,"Salt Lake City, UT",1,2025-04-30,349463.9271701971
Salt Lake City,UT,"Salt Lake City, UT",1,2025-05-31,347828.63558675017
Salt Lake City,UT,"Salt Lake City, UT",1,2025-06-30,346244.3430365303
Salt Lake City,UT,"Salt Lake City, UT",1,2025-07-31,344778.7302703196
Salt Lake City,UT,"Salt Lake City, UT",1,2025-08-31,344442.10051232786
Salt Lake City,UT,"Salt Lake City, UT",1,2025-09-30,345095.91335345665
Salt Lake City,UT,"Salt Lake City, UT",1,2025-10-31,346575.2692470225
Salt Lake City,UT,"Salt Lake City, UT",1,2025-11-30,347922.6068980372
Salt Lake City,UT,"Salt Lake City, UT",1,2025-12-31,348794.07862965245
Salt Lake City,UT,"Salt Lake City, UT",1,2026-01-31,348815.1677686977
Salt Lake City,UT,"Salt Lake City, UT",1,2026-02-28,348563.0521536835
Salt Lake City,UT,"Salt Lake City, UT",1,2026-03-31,347335.09557979455
Salt Lake City,UT,"Salt Lake City, UT",1,2026-04-30,345593.8655940411
Salt Lake City,UT,"Salt Lake City, UT",1,2026-05-31,343763.043678319
Salt Lake City,UT,"Salt Lake City, UT",1,2026-06-30,342274.2112187974
Salt Lake City,UT,"Salt Lake City, UT",2,2020-01-31,324589.4884025343
Salt Lake City,UT,"Salt Lake City, UT",2,2020-02-29,328138.1152462466
Salt Lake City,UT,"Salt Lake City, UT",2,2020-03-31,331952.03130858246
Salt Lake City,UT,"Salt Lake City, UT",2,2020-04-30,335313.2837028348
Salt Lake City,UT,"Salt Lake City, UT",2,2020-05-31,337147.91340247355
Salt Lake City,UT,"Salt Lake City, UT",2,2020-06-30,337529.2861644516
Salt Lake City,UT,"Salt Lake City, UT",2,2020-07-31,338192.95140415354
Salt Lake City,UT,"Salt Lake City, UT",2,2020-08-31,340688.5859437724
Salt Lake City,UT,"Salt Lake City, UT",2,2020-09-30,345494.85222904634
Salt Lake City,UT,"Salt Lake City, UT",2,2020-10-31,351297.05176572624
Salt Lake City,UT,"Salt Lake City, UT",2,2020-11-30,357411.2739199714
Salt Lake City,UT,"Salt Lake City, UT",2,2020-12-31,362924.51225943054
Salt Lake City,UT,"Salt Lake City, UT",2,2021-01-31,368486.8488189301
Salt Lake City,UT,"Salt Lake City, UT",2,2021-02-28,374960.31061569834
Salt Lake City,UT,"Salt Lake City, UT",2,2021-03-31,383178.5338199051
Salt Lake City,UT,"Salt Lake City, UT",2,2021-04-30,392516.4564831775
Salt Lake City,UT,"Salt Lake City, UT",2,2021-05-31,402464.8905276743
Salt Lake City,UT,"Salt Lake City, UT",2,2021-06-30,411774.2957162961
Salt Lake City,UT,"Salt Lake City, UT",2,2021-07-31,419479.1120285352
Salt Lake City,UT,"Salt Lake City, UT",2,2021-08-31,425422.8952046084
Salt Lake City,UT,"Salt Lake City, UT",2,2021-09-30,429786.4889658632
Salt Lake City,UT,"Salt Lake City, UT",2,2021-10-31,433195.79181053565
Salt Lake City,UT,"Salt Lake City, UT",2,2021-11-30,436333.2112568891
Salt Lake City,UT,"Salt Lake City, UT",2,2021-12-31,440067.43003954255
Salt Lake City,UT,"Salt Lake City, UT",2,2022-01-31,446718.047563153
Salt Lake City,UT,"Salt Lake City, UT",2,2022-02-28,455587.7692819845
Salt Lake City,UT,"Salt Lake City, UT",2,2022-03-31,466592.9158795496
Salt Lake City,UT,"Salt Lake City, UT",2,2022-04-30,476828.6030427713
Salt Lake City,UT,"Salt Lake City, UT",2,2022-05-31,485649.38098584086
Salt Lake City,UT,"Salt Lake City, UT",2,2022-06-30,490466.87626491906
Salt Lake City,UT,"Salt Lake City, UT",2,2022-07-31,489657.72854860965
Salt Lake City,UT,"Salt Lake City, UT",2,2022-08-31,484200.17189102765
Salt Lake City,UT,"Salt Lake City, UT",2,2022-09-30,476609.1936943575
Salt Lake City,UT,"Salt Lake City, UT",2,2022-10-31,471032.15517265885
Salt Lake City,UT,"Salt Lake City, UT",2,2022-11-30,466889.4741720531
Salt Lake City,UT,"Salt Lake City, UT",2,2022-12-31,464089.5445711382
Salt Lake City,UT,"Salt Lake City, UT",2,2023-01-31,461834.69446781353
Salt Lake City,UT,"Salt Lake City, UT",2,2023-02-28,459845.6807579877
Salt Lake City,UT,"Salt Lake City, UT",2,2023-03-31,457689.1073803704
Salt Lake City,UT,"Salt Lake City, UT",2,2023-04-30,455134.84438755835
Salt Lake City,UT,"Salt Lake City, UT",2,2023-05-31,453182.9781341967
Salt Lake City,UT,"Salt Lake City, UT",2,2023-06-30,453094.28528033505
Salt Lake City,UT,"Salt Lake City, UT",2,2023-07-31,454244.2897704399
Salt Lake City,UT,"Salt Lake City, UT",2,2023-08-31,455857.7513814944
Salt Lake City,UT,"Salt Lake City, UT",2,2023-09-30,457144.53370586457
Salt Lake City,UT,"Salt Lake City, UT",2,2023-10-31,457939.7416306361
Salt Lake City,UT,"Salt Lake City, UT",2,2023-11-30,459010.7753605039
Salt Lake City,UT,"Salt Lake City, UT",2,2023-12-31,459417.52393987455
Salt Lake City,UT,"Salt Lake City, UT",2,2024-01-31,460186.6436581127
Salt Lake City,UT,"Salt Lake City, UT",2,2024-02-29,460526.5062156543
Salt Lake City,UT,"Salt Lake City, UT",2,2024-03-31,461278.6351469332
Salt Lake City,UT,"Salt Lake City, UT",2,2024-04-30,461668.4715422496
Salt Lake City,UT,"Salt Lake City, UT",2,2024-05-31,461788.51614142954
Salt Lake City,UT,"Salt Lake City, UT",2,2024-06-30,460844.2278359202
Salt Lake City,UT,"Salt Lake City, UT",2,2024-07-31,459721.15637555695
Salt Lake City,UT,"Salt Lake City, UT",2,2024-08-31,458548.9961782871
Salt Lake City,UT,"Salt Lake City, UT",2,2024-09-30,458445.9683686581
Salt Lake City,UT,"Salt Lake City, UT",2,2024-10-31,459028.7574496536
Salt Lake City,UT,"Salt Lake City, UT",2,2024-11-30,460051.4143610217
Salt Lake City,UT,"Salt Lake City, UT",2,2024-12-31,461759.8646985173
Salt Lake City,UT,"Salt Lake City, UT",2,2025-01-31,463585.53845228214
Salt Lake City,UT,"Salt Lake City, UT",2,2025-02-28,465057.012746414
Salt Lake City,UT,"Salt Lake City, UT",2,2025-03-31,465005.3088963215
Salt Lake City,UT,"Salt Lake City, UT",2,2025-04-30,464161.38851921
Salt Lake City,UT,"Salt Lake City, UT",2,2025-05-31,462633.36294808495
Salt Lake City,UT,"Salt Lake City, UT",2,2025-06-30,461336.84868956945
Salt Lake City,UT,"Salt Lake City, UT",2,2025-07-31,460269.7861595376
Salt Lake City,UT,"Salt Lake City, UT",2,2025-08-31,460147.5893095064
Salt Lake City,UT,"Salt Lake City, UT",2,2025-09-30,461216.77685556066
Salt Lake City,UT,"Salt Lake City, UT",2,2025-10-31,463287.15468426334
Salt Lake City,UT,"Salt Lake City, UT",2,2025-11-30,465592.74795756285
Salt Lake City,UT,"Salt Lake City, UT",2,2025-12-31,467718.9032863057
Salt Lake City,UT,"Salt Lake City, UT",2,2026-01-31,469030.3509015697
Salt Lake City,UT,"Salt Lake City, UT",2,2026-02-28,469804.520919224
Salt Lake City,UT,"Salt Lake City, UT",2,2026-03-31,468921.80218730896
Salt Lake City,UT,"Salt Lake City, UT",2,2026-04-30,466839.6988301848
Salt Lake City,UT,"Salt Lake City, UT",2,2026-05-31,464692.68993955856
Salt Lake City,UT,"Salt Lake City, UT",2,2026-06-30,463442.07487665536
Salt Lake City,UT,"Salt Lake City, UT",3,2020-01-31,399694.64834316034
Salt Lake City,UT,"Salt Lake City, UT",3,2020-02-29,404033.3369290253
Salt Lake City,UT,"Salt Lake City, UT",3,2020-03-31,409079.6595549457
Salt Lake City,UT,"Salt Lake City, UT",3,2020-04-30,413738.2304990024
Salt Lake City,UT,"Salt Lake City, UT",3,2020-05-31,415860.5032565594
Salt Lake City,UT,"Salt Lake City, UT",3,2020-06-30,415992.6064958463
Salt Lake City,UT,"Salt Lake City, UT",3,2020-07-31,416392.4226481165
Salt Lake City,UT,"Salt Lake City, UT",3,2020-08-31,419735.5133096412
Salt Lake City,UT,"Salt Lake City, UT",3,2020-09-30,426234.4271369003
Salt Lake City,UT,"Salt Lake City, UT",3,2020-10-31,434496.6624750748
Salt Lake City,UT,"Salt Lake City, UT",3,2020-11-30,443216.7791104913
Salt Lake City,UT,"Salt Lake City, UT",3,2020-12-31,451193.6092770574
Salt Lake City,UT,"Salt Lake City, UT",3,2021-01-31,459101.6818260295
Salt Lake City,UT,"Salt Lake City, UT",3,2021-02-28,468097.7751749539
Salt Lake City,UT,"Salt Lake City, UT",3,2021-03-31,479229.1150424606
Salt Lake City,UT,"Salt Lake City, UT",3,2021-04-30,491545.8660487144
Salt Lake City,UT,"Salt Lake City, UT",3,2021-05-31,504347.7482714395
Salt Lake City,UT,"Salt Lake City, UT",3,2021-06-30,515943.79710314254
Salt Lake City,UT,"Salt Lake City, UT",3,2021-07-31,524779.3995011906
Salt Lake City,UT,"Salt Lake City, UT",3,2021-08-31,530579.7971612044
Salt Lake City,UT,"Salt Lake City, UT",3,2021-09-30,533843.0679011988
Salt Lake City,UT,"Salt Lake City, UT",3,2021-10-31,536014.4090087828
Salt Lake City,UT,"Salt Lake City, UT",3,2021-11-30,538494.0250183219
Salt Lake City,UT,"Salt Lake City, UT",3,2021-12-31,542279.3031467376
Salt Lake City,UT,"Salt Lake City, UT",3,2022-01-31,550382.2705380201
Salt Lake City,UT,"Salt Lake City, UT",3,2022-02-28,562084.5134983839
Salt Lake City,UT,"Salt Lake City, UT",3,2022-03-31,576824.3568635944
Salt Lake City,UT,"Salt Lake City, UT",3,2022-04-30,590804.7085185043
Salt Lake City,UT,"Salt Lake City, UT",3,2022-05-31,602128.6990742771
Salt Lake City,UT,"Salt Lake City, UT",3,2022-06-30,607599.1069721463
Salt Lake City,UT,"Salt Lake City, UT",3,2022-07-31,605533.2824784728
Salt Lake City,UT,"Salt Lake City, UT",3,2022-08-31,597670.1764414957
Salt Lake City,UT,"Salt Lake City, UT",3,2022-09-30,587149.6651616766
Salt Lake City,UT,"Salt Lake City, UT",3,2022-10-31,579432.9000844528
Salt Lake City,UT,"Salt Lake City, UT",3,2022-11-30,573767.804104467
Salt Lake City,UT,"Salt Lake City, UT",3,2022-12-31,570270.1472335164
Salt Lake City,UT,"Salt Lake City, UT",3,2023-01-31,566941.8459019029
Salt Lake City,UT,"Salt Lake City, UT",3,2023-02-28,563983.218984347
Salt Lake City,UT,"Salt Lake City, UT",3,2023-03-31,561580.5018542163
Salt Lake City,UT,"Salt Lake City, UT",3,2023-04-30,559263.8635888242
Salt Lake City,UT,"Salt Lake City, UT",3,2023-05-31,557858.2980288832
Salt Lake City,UT,"Salt Lake City, UT",3,2023-06-30,558133.7336724444
Salt Lake City,UT,"Salt Lake City, UT",3,2023-07-31,560211.6018446392
Salt Lake City,UT,"Salt Lake City, UT",3,2023-08-31,563370.1246639745
Salt Lake City,UT,"Salt Lake City, UT",3,2023-09-30,566080.6499695197
Salt Lake City,UT,"Salt Lake City, UT",3,2023-10-31,567525.0715593236
Salt Lake City,UT,"Salt Lake City, UT",3,2023-11-30,568537.5147919719
Salt Lake City,UT,"Salt Lake City, UT",3,2023-12-31,568912.5786370579
Salt Lake City,UT,"Salt Lake City, UT",3,2024-01-31,569768.6081681083
Salt Lake City,UT,"Salt Lake City, UT",3,2024-02-29,570463.5818723695
Salt Lake City,UT,"Salt Lake City, UT",3,2024-03-31,571704.7930929601
Salt Lake City,UT,"Salt Lake City, UT",3,2024-04-30,573280.7510937973
Salt Lake City,UT,"Salt Lake City, UT",3,2024-05-31,574970.7199993154
Salt Lake City,UT,"Salt Lake City, UT",3,2024-06-30,575710.5234658361
Salt Lake City,UT,"Salt Lake City, UT",3,2024-07-31,575636.043350038
Salt Lake City,UT,"Salt Lake City, UT",3,2024-08-31,575160.4610678063
Salt Lake City,UT,"Salt Lake City, UT",3,2024-09-30,576023.9992625649
Salt Lake City,UT,"Salt Lake City, UT",3,2024-10-31,578104.9556045803
Salt Lake City,UT,"Salt Lake City, UT",3,2024-11-30,580767.0714039649
Salt Lake City,UT,"Salt Lake City, UT",3,2024-12-31,583825.9545691242
Salt Lake City,UT,"Salt Lake City, UT",3,2025-01-31,586651.2651872856
Salt Lake City,UT,"Salt Lake City, UT",3,2025-02-28,588526.7357691978
Salt Lake City,UT,"Salt Lake City, UT",3,2025-03-31,588317.1435550043
Salt Lake City,UT,"Salt Lake City, UT",3,2025-04-30,587121.3654374615
Salt Lake City,UT,"Salt Lake City, UT",3,2025-05-31,585533.791170067
Salt Lake City,UT,"Salt Lake City, UT",3,2025-06-30,584469.8605470253
Salt Lake City,UT,"Salt Lake City, UT",3,2025-07-31,584069.588000118
Salt Lake City,UT,"Salt Lake City, UT",3,2025-08-31,585055.378653023
Salt Lake City,UT,"Salt Lake City, UT",3,2025-09-30,587976.8627948244
Salt Lake City,UT,"Salt Lake City, UT",3,2025-10-31,592115.4601019832
Salt Lake City,UT,"Salt Lake City, UT",3,2025-11-30,596336.90690425
Salt Lake City,UT,"Salt Lake City, UT",3,2025-12-31,599813.8759412221
Salt Lake City,UT,"Salt Lake City, UT",3,2026-01-31,602071.5963321427
Salt Lake City,UT,"Salt Lake City, UT",3,2026-02-28,603147.1941958036
Salt Lake City,UT,"Salt Lake City, UT",3,2026-03-31,601998.5069569834
Salt Lake City,UT,"Salt Lake City, UT",3,2026-04-30,599758.2833032234
Salt Lake City,UT,"Salt Lake City, UT",3,2026-05-31,598170.7028043028
Salt Lake City,UT,"Salt Lake City, UT",3,2026-06-30,598388.8713744496
Salt Lake City,UT,"Salt Lake City, UT",4,2020-01-31,502331.306493639
Salt Lake City,UT,"Salt Lake City, UT",4,2020-02-29,507770.7769401302
Salt Lake City,UT,"Salt Lake City, UT",4,2020-03-31,513823.4207163006
Salt Lake City,UT,"Salt Lake City, UT",4,2020-04-30,519480.95901868865
Salt Lake City,UT,"Salt Lake City, UT",4,2020-05-31,521301.86772090493
Salt Lake City,UT,"Salt Lake City, UT",4,2020-06-30,520406.52760712104
Salt Lake City,UT,"Salt Lake City, UT",4,2020-07-31,519726.6026327631
Salt Lake City,UT,"Salt Lake City, UT",4,2020-08-31,523467.7760171761
Salt Lake City,UT,"Salt Lake City, UT",4,2020-09-30,531440.7040831669
Salt Lake City,UT,"Salt Lake City, UT",4,2020-10-31,542084.5261613467
Salt Lake City,UT,"Salt Lake City, UT",4,2020-11-30,553448.1489400935
Salt Lake City,UT,"Salt Lake City, UT",4,2020-12-31,564340.46095846
Salt Lake City,UT,"Salt Lake City, UT",4,2021-01-31,575012.2164072086
Salt Lake City,UT,"Salt Lake City, UT",4,2021-02-28,586624.6707370221
Salt Lake City,UT,"Salt Lake City, UT",4,2021-03-31,600455.4060242489
Salt Lake City,UT,"Salt Lake City, UT",4,2021-04-30,615730.2388061285
Salt Lake City,UT,"Salt Lake City, UT",4,2021-05-31,632065.617381045
Salt Lake City,UT,"Salt Lake City, UT",4,2021-06-30,646949.0980527365
Salt Lake City,UT,"Salt Lake City, UT",4,2021-07-31,657644.0225177202
Salt Lake City,UT,"Salt Lake City, UT",4,2021-08-31,663830.0828493597
Salt Lake City,UT,"Salt Lake City, UT",4,2021-09-30,666740.4009452758
Salt Lake City,UT,"Salt Lake City, UT",4,2021-10-31,668725.4349160414
Salt Lake City,UT,"Salt Lake City, UT",4,2021-11-30,671120.6562463569
Salt Lake City,UT,"Salt Lake City, UT",4,2021-12-31,675289.9175929619
Salt Lake City,UT,"Salt Lake City, UT",4,2022-01-31,685233.3985592717
Salt Lake City,UT,"Salt Lake City, UT",4,2022-02-28,700270.7214803826
Salt Lake City,UT,"Salt Lake City, UT",4,2022-03-31,719024.140645285
Salt Lake City,UT,"Salt Lake City, UT",4,2022-04-30,736894.8836845211
Salt Lake City,UT,"Salt Lake City, UT",4,2022-05-31,751222.9040848808
Salt Lake City,UT,"Salt Lake City, UT",4,2022-06-30,758115.5307442966
Salt Lake City,UT,"Salt Lake City, UT",4,2022-07-31,754764.85922546
Salt Lake City,UT,"Salt Lake City, UT",4,2022-08-31,743621.9353086734
Salt Lake City,UT,"Salt Lake City, UT",4,2022-09-30,728848.1510373981
Salt Lake City,UT,"Salt Lake City, UT",4,2022-10-31,718378.4962473457
Salt Lake City,UT,"Salt Lake City, UT",4,2022-11-30,711287.2737390501
Salt Lake City,UT,"Salt Lake City, UT",4,2022-12-31,707628.8978987094
Salt Lake City,UT,"Salt Lake City, UT",4,2023-01-31,703851.4693031395
Salt Lake City,UT,"Salt Lake City, UT",4,2023-02-28,700333.2489536394
Salt Lake City,UT,"Salt Lake City, UT",4,2023-03-31,697264.8836793966
Salt Lake City,UT,"Salt Lake City, UT",4,2023-04-30,694567.925720735
Salt Lake City,UT,"Salt Lake City, UT",4,2023-05-31,693069.0396293136
Salt Lake City,UT,"Salt Lake City, UT",4,2023-06-30,693667.7649856819
Salt Lake City,UT,"Salt Lake City, UT",4,2023-07-31,696775.226348998
Salt Lake City,UT,"Salt Lake City, UT",4,2023-08-31,701556.6526004671
Salt Lake City,UT,"Salt Lake City, UT",4,2023-09-30,706305.1974476358
Salt Lake City,UT,"Salt Lake City, UT",4,2023-10-31,707679.062226255
Salt Lake City,UT,"Salt Lake City, UT",4,2023-11-30,707960.7624372457
Salt Lake City,UT,"Salt Lake City, UT",4,2023-12-31,707106.4236704024
Salt Lake City,UT,"Salt Lake City, UT",4,2024-01-31,708120.5972685544
Salt Lake City,UT,"Salt Lake City, UT",4,2024-02-29,709189.6381336349
Salt Lake City,UT,"Salt Lake City, UT",4,2024-03-31,711318.483031881
Salt Lake City,UT,"Salt Lake City, UT",4,2024-04-30,714359.3487292714
Salt Lake City,UT,"Salt Lake City, UT",4,2024-05-31,717734.9821600852
Salt Lake City,UT,"Salt Lake City, UT",4,2024-06-30,719433.9377191421
Salt Lake City,UT,"Salt Lake City, UT",4,2024-07-31,719669.1353117648
Salt Lake City,UT,"Salt Lake City, UT",4,2024-08-31,718993.7743982901
Salt Lake City,UT,"Salt Lake City, UT",4,2024-09-30,720072.4233765764
Salt Lake City,UT,"Salt Lake City, UT",4,2024-10-31,723006.1082546934
Salt Lake City,UT,"Salt Lake City, UT",4,2024-11-30,726834.8896371272
Salt Lake City,UT,"Salt Lake City, UT",4,2024-12-31,731040.5094937835
Salt Lake City,UT,"Salt Lake City, UT",4,2025-01-31,734794.9973867704
Salt Lake City,UT,"Salt Lake City, UT",4,2025-02-28,737528.8320662366
Salt Lake City,UT,"Salt Lake City, UT",4,2025-03-31,737547.0107570974
Salt Lake City,UT,"Salt Lake City, UT",4,2025-04-30,736260.9843407586
Salt Lake City,UT,"Salt Lake City, UT",4,2025-05-31,734405.8288559051
Salt Lake City,UT,"Salt Lake City, UT",4,2025-06-30,733466.4320716076
Salt Lake City,UT,"Salt Lake City, UT",4,2025-07-31,733473.5726264496
Salt Lake City,UT,"Salt Lake City, UT",4,2025-08-31,734817.358469833
Salt Lake City,UT,"Salt Lake City, UT",4,2025-09-30,738300.6769300628
Salt Lake City,UT,"Salt Lake City, UT",4,2025-10-31,743367.0885015735
Salt Lake City,UT,"Salt Lake City, UT",4,2025-11-30,748548.4410441836
Salt Lake City,UT,"Salt Lake City, UT",4,2025-12-31,752328.2735495906
Salt Lake City,UT,"Salt Lake City, UT",4,2026-01-31,754212.758880719
Salt Lake City,UT,"Salt Lake City, UT",4,2026-02-28,754515.9935092445
Salt Lake City,UT,"Salt Lake City, UT",4,2026-03-31,753028.8695795126
Salt Lake City,UT,"Salt Lake City, UT",4,2026-04-30,751369.1700390953
Salt Lake City,UT,"Salt Lake City, UT",4,2026-05-31,751340.1715368597
Salt Lake City,UT,"Salt Lake City, UT",4,2026-06-30,754037.6018763749
Salt Lake City,UT,"Salt Lake City, UT",5,2020-01-31,679924.0680484847
Salt Lake City,UT,"Salt Lake City, UT",5,2020-02-29,687205.6687350929
Salt Lake City,UT,"Salt Lake City, UT",5,2020-03-31,695051.7848666991
Salt Lake City,UT,"Salt Lake City, UT",5,2020-04-30,702515.1587203828
Salt Lake City,UT,"Salt Lake City, UT",5,2020-05-31,704873.3248287858
Salt Lake City,UT,"Salt Lake City, UT",5,2020-06-30,703169.02803933
Salt Lake City,UT,"Salt Lake City, UT",5,2020-07-31,701135.3610327924
Salt Lake City,UT,"Salt Lake City, UT",5,2020-08-31,704501.5989854796
Salt Lake City,UT,"Salt Lake City, UT",5,2020-09-30,713548.2910237144
Salt Lake City,UT,"Salt Lake City, UT",5,2020-10-31,726825.4277654459
Salt Lake City,UT,"Salt Lake City, UT",5,2020-11-30,741747.6902713893
Salt Lake City,UT,"Salt Lake City, UT",5,2020-12-31,757237.8808306277
Salt Lake City,UT,"Salt Lake City, UT",5,2021-01-31,772896.2723296057
Salt Lake City,UT,"Salt Lake City, UT",5,2021-02-28,789850.335388071
Salt Lake City,UT,"Salt Lake City, UT",5,2021-03-31,809240.8619935272
Salt Lake City,UT,"Salt Lake City, UT",5,2021-04-30,831116.9966381573
Salt Lake City,UT,"Salt Lake City, UT",5,2021-05-31,855249.713299234
Salt Lake City,UT,"Salt Lake City, UT",5,2021-06-30,877500.9606901137
Salt Lake City,UT,"Salt Lake City, UT",5,2021-07-31,893530.8083422724
Salt Lake City,UT,"Salt Lake City, UT",5,2021-08-31,902536.1944551048
Salt Lake City,UT,"Salt Lake City, UT",5,2021-09-30,907747.540820903
Salt Lake City,UT,"Salt Lake City, UT",5,2021-10-31,911716.4884260464
Salt Lake City,UT,"Salt Lake City, UT",5,2021-11-30,915408.0174091852
Salt Lake City,UT,"Salt Lake City, UT",5,2021-12-31,919969.4899727816
Salt Lake City,UT,"Salt Lake City, UT",5,2022-01-31,932649.8009836016
Salt Lake City,UT,"Salt Lake City, UT",5,2022-02-28,953350.554006578
Salt Lake City,UT,"Salt Lake City, UT",5,2022-03-31,979678.2566989464
Salt Lake City,UT,"Salt Lake City, UT",5,2022-04-30,1004772.7559292078
Salt Lake City,UT,"Salt Lake City, UT",5,2022-05-31,1025798.2210599286
Salt Lake City,UT,"Salt Lake City, UT",5,2022-06-30,1037533.7443170256
Salt Lake City,UT,"Salt Lake City, UT",5,2022-07-31,1034798.3752287352
Salt Lake City,UT,"Salt Lake City, UT",5,2022-08-31,1020294.5511654328
Salt Lake City,UT,"Salt Lake City, UT",5,2022-09-30,999680.7193428949
Salt Lake City,UT,"Salt Lake City, UT",5,2022-10-31,984934.1242287414
Salt Lake City,UT,"Salt Lake City, UT",5,2022-11-30,975397.6945432684
Salt Lake City,UT,"Salt Lake City, UT",5,2022-12-31,971484.8469524818
Salt Lake City,UT,"Salt Lake City, UT",5,2023-01-31,967068.239089012
Salt Lake City,UT,"Salt Lake City, UT",5,2023-02-28,963308.1407358224
Salt Lake City,UT,"Salt Lake City, UT",5,2023-03-31,959966.764274214
Salt Lake City,UT,"Salt Lake City, UT",5,2023-04-30,957618.3436768044
Salt Lake City,UT,"Salt Lake City, UT",5,2023-05-31,956283.032094928
Salt Lake City,UT,"Salt Lake City, UT",5,2023-06-30,958170.8492632386
Salt Lake City,UT,"Salt Lake City, UT",5,2023-07-31,963579.3023179538
Salt Lake City,UT,"Salt Lake City, UT",5,2023-08-31,970801.0408196008
Salt Lake City,UT,"Salt Lake City, UT",5,2023-09-30,977725.6651345512
Salt Lake City,UT,"Salt Lake City, UT",5,2023-10-31,976479.3544619278
Salt Lake City,UT,"Salt Lake City, UT",5,2023-11-30,973725.70622204
Salt Lake City,UT,"Salt Lake City, UT",5,2023-12-31,969814.5600051796
Salt Lake City,UT,"Salt Lake City, UT",5,2024-01-31,972292.8844943694
Salt Lake City,UT,"Salt Lake City, UT",5,2024-02-29,975886.3676995778
Salt Lake City,UT,"Salt Lake City, UT",5,2024-03-31,982033.0246193568
Salt Lake City,UT,"Salt Lake City, UT",5,2024-04-30,989284.8469841653
Salt Lake City,UT,"Salt Lake City, UT",5,2024-05-31,996041.4786040036
Salt Lake City,UT,"Salt Lake City, UT",5,2024-06-30,998999.9276897332
Salt Lake City,UT,"Salt Lake City, UT",5,2024-07-31,999242.1017559177
Salt Lake City,UT,"Salt Lake City, UT",5,2024-08-31,998377.7783769123
Salt Lake City,UT,"Salt Lake City, UT",5,2024-09-30,1000035.1699510664
Salt Lake City,UT,"Salt Lake City, UT",5,2024-10-31,1004525.7351688304
Salt Lake City,UT,"Salt Lake City, UT",5,2024-11-30,1009911.4697521928
Salt Lake City,UT,"Salt Lake City, UT",5,2024-12-31,1015202.1234474016
Salt Lake City,UT,"Salt Lake City, UT",5,2025-01-31,1019753.4663775892
Salt Lake City,UT,"Salt Lake City, UT",5,2025-02-28,1023859.0848827824
Salt Lake City,UT,"Salt Lake City, UT",5,2025-03-31,1025039.7850195196
Salt Lake City,UT,"Salt Lake City, UT",5,2025-04-30,1025383.9852407756
Salt Lake City,UT,"Salt Lake City, UT",5,2025-05-31,1024891.8532165892
Salt Lake City,UT,"Salt Lake City, UT",5,2025-06-30,1025130.0959860884
Salt Lake City,UT,"Salt Lake City, UT",5,2025-07-31,1026459.985009624
Salt Lake City,UT,"Salt Lake City, UT",5,2025-08-31,1029306.8477398246
Salt Lake City,UT,"Salt Lake City, UT",5,2025-09-30,1034196.2974527148
Salt Lake City,UT,"Salt Lake City, UT",5,2025-10-31,1040726.4795689844
Salt Lake City,UT,"Salt Lake City, UT",5,2025-11-30,1047046.4938022436
Salt Lake City,UT,"Salt Lake City, UT",5,2025-12-31,1051652.7654277857
Salt Lake City,UT,"Salt Lake City, UT",5,2026-01-31,1053503.1375339662
Salt Lake City,UT,"Salt Lake City, UT",5,2026-02-28,1054090.1062075847
Salt Lake City,UT,"Salt Lake City, UT",5,2026-03-31,1054157.4845615858
Salt Lake City,UT,"Salt Lake City, UT",5,2026-04-30,1055056.2819991198
Salt Lake City,UT,"Salt Lake City, UT",5,2026-05-31,1058742.355409126
Salt Lake City,UT,"Salt Lake City, UT",5,2026-06-30,1065868.4727181075
San Antonio,TX,"San Antonio-New Braunfels, TX",1,2020-01-31,96064.09410513112
San Antonio,TX,"San Antonio-New Braunfels, TX",1,2020-02-29,97890.23122767448
San Antonio,TX,"San Antonio-New Braunfels, TX",1,2020-03-31,99362.47679078924
San Antonio,TX,"San Antonio-New Braunfels, TX",1,2020-04-30,99559.64696033252
San Antonio,TX,"San Antonio-New Braunfels, TX",1,2020-05-31,99446.03808996208
San Antonio,TX,"San Antonio-New Braunfels, TX",1,2020-06-30,99242.45633953538
San Antonio,TX,"San Antonio-New Braunfels, TX",1,2020-07-31,99081.4443555287
San Antonio,TX,"San Antonio-New Braunfels, TX",1,2020-08-31,99322.6740718095
San Antonio,TX,"San Antonio-New Braunfels, TX",1,2020-09-30,100197.73994664868
San Antonio,TX,"San Antonio-New Braunfels, TX",1,2020-10-31,101416.31614466372
San Antonio,TX,"San Antonio-New Braunfels, TX",1,2020-11-30,102884.88115788302
San Antonio,TX,"San Antonio-New Braunfels, TX",1,2020-12-31,104253.68586123514
San Antonio,TX,"San Antonio-New Braunfels, TX",1,2021-01-31,105212.96215821414
San Antonio,TX,"San Antonio-New Braunfels, TX",1,2021-02-28,106102.93038581584
San Antonio,TX,"San Antonio-New Braunfels, TX",1,2021-03-31,107343.86374251108
San Antonio,TX,"San Antonio-New Braunfels, TX",1,2021-04-30,109051.52631699294
San Antonio,TX,"San Antonio-New Braunfels, TX",1,2021-05-31,110920.63804505108
San Antonio,TX,"San Antonio-New Braunfels, TX",1,2021-06-30,112689.82851735096
San Antonio,TX,"San Antonio-New Braunfels, TX",1,2021-07-31,114288.459362618
San Antonio,TX,"San Antonio-New Braunfels, TX",1,2021-08-31,115502.54530356194
San Antonio,TX,"San Antonio-New Braunfels, TX",1,2021-09-30,116371.51104835462
San Antonio,TX,"San Antonio-New Braunfels, TX",1,2021-10-31,117079.95426315528
San Antonio,TX,"San Antonio-New Braunfels, TX",1,2021-11-30,118172.47871752348
San Antonio,TX,"San Antonio-New Braunfels, TX",1,2021-12-31,119640.5418171676
San Antonio,TX,"San Antonio-New Braunfels, TX",1,2022-01-31,121414.68119175865
San Antonio,TX,"San Antonio-New Braunfels, TX",1,2022-02-28,123120.52051073442
San Antonio,TX,"San Antonio-New Braunfels, TX",1,2022-03-31,124861.96629478729
San Antonio,TX,"San Antonio-New Braunfels, TX",1,2022-04-30,126852.03153272303
San Antonio,TX,"San Antonio-New Braunfels, TX",1,2022-05-31,128755.51810886036
San Antonio,TX,"San Antonio-New Braunfels, TX",1,2022-06-30,130714.76111013972
San Antonio,TX,"San Antonio-New Braunfels, TX",1,2022-07-31,132042.63660380896
San Antonio,TX,"San Antonio-New Braunfels, TX",1,2022-08-31,132808.67308481448
San Antonio,TX,"San Antonio-New Braunfels, TX",1,2022-09-30,132543.67353556864
San Antonio,TX,"San Antonio-New Braunfels, TX",1,2022-10-31,132502.67058423653
San Antonio,TX,"San Antonio-New Braunfels, TX",1,2022-11-30,132830.5513762467
San Antonio,TX,"San Antonio-New Braunfels, TX",1,2022-12-31,133794.9288390888
San Antonio,TX,"San Antonio-New Braunfels, TX",1,2023-01-31,133972.8126177279
San Antonio,TX,"San Antonio-New Braunfels, TX",1,2023-02-28,133901.0743149221
San Antonio,TX,"San Antonio-New Braunfels, TX",1,2023-03-31,133533.49885007567
San Antonio,TX,"San Antonio-New Braunfels, TX",1,2023-04-30,133841.97057659374
San Antonio,TX,"San Antonio-New Braunfels, TX",1,2023-05-31,134235.801127961
San Antonio,TX,"San Antonio-New Braunfels, TX",1,2023-06-30,134724.839152804
San Antonio,TX,"San Antonio-New Braunfels, TX",1,2023-07-31,134763.6122822228
San Antonio,TX,"San Antonio-New Braunfels, TX",1,2023-08-31,134421.1756659357
San Antonio,TX,"San Antonio-New Braunfels, TX",1,2023-09-30,133720.5302025613
San Antonio,TX,"San Antonio-New Braunfels, TX",1,2023-10-31,132917.82616632714
San Antonio,TX,"San Antonio-New Braunfels, TX",1,2023-11-30,132300.3152848511
San Antonio,TX,"San Antonio-New Braunfels, TX",1,2023-12-31,131479.8755905468
San Antonio,TX,"San Antonio-New Braunfels, TX",1,2024-01-31,130722.9825251567
San Antonio,TX,"San Antonio-New Braunfels, TX",1,2024-02-29,130097.76251466536
San Antonio,TX,"San Antonio-New Braunfels, TX",1,2024-03-31,129855.97543087388
San Antonio,TX,"San Antonio-New Braunfels, TX",1,2024-04-30,129897.36454317992
San Antonio,TX,"San Antonio-New Braunfels, TX",1,2024-05-31,129629.31278756452
San Antonio,TX,"San Antonio-New Braunfels, TX",1,2024-06-30,129182.2835198277
San Antonio,TX,"San Antonio-New Braunfels, TX",1,2024-07-31,128117.96851125402
San Antonio,TX,"San Antonio-New Braunfels, TX",1,2024-08-31,126927.8655029876
San Antonio,TX,"San Antonio-New Braunfels, TX",1,2024-09-30,125609.77364584104
San Antonio,TX,"San Antonio-New Braunfels, TX",1,2024-10-31,124735.38059949884
San Antonio,TX,"San Antonio-New Braunfels, TX",1,2024-11-30,124020.5412282006
San Antonio,TX,"San Antonio-New Braunfels, TX",1,2024-12-31,123450.82856720312
San Antonio,TX,"San Antonio-New Braunfels, TX",1,2025-01-31,122912.2022920198
San Antonio,TX,"San Antonio-New Braunfels, TX",1,2025-02-28,122441.41915519106
San Antonio,TX,"San Antonio-New Braunfels, TX",1,2025-03-31,121801.73045919037
San Antonio,TX,"San Antonio-New Braunfels, TX",1,2025-04-30,120935.60632858852
San Antonio,TX,"San Antonio-New Braunfels, TX",1,2025-05-31,120002.19654456792
San Antonio,TX,"San Antonio-New Braunfels, TX",1,2025-06-30,119305.43527041387
San Antonio,TX,"San Antonio-New Braunfels, TX",1,2025-07-31,118932.11172409232
San Antonio,TX,"San Antonio-New Braunfels, TX",1,2025-08-31,118618.0575632843
San Antonio,TX,"San Antonio-New Braunfels, TX",1,2025-09-30,118218.47986258408
San Antonio,TX,"San Antonio-New Braunfels, TX",1,2025-10-31,117604.50917354369
San Antonio,TX,"San Antonio-New Braunfels, TX",1,2025-11-30,117134.01935355304
San Antonio,TX,"San Antonio-New Braunfels, TX",1,2025-12-31,116602.51758062228
San Antonio,TX,"San Antonio-New Braunfels, TX",1,2026-01-31,116216.71453629804
San Antonio,TX,"San Antonio-New Braunfels, TX",1,2026-02-28,115749.1899404858
San Antonio,TX,"San Antonio-New Braunfels, TX",1,2026-03-31,115417.23837087034
San Antonio,TX,"San Antonio-New Braunfels, TX",1,2026-04-30,114949.05106891664
San Antonio,TX,"San Antonio-New Braunfels, TX",1,2026-05-31,114530.80043410273
San Antonio,TX,"San Antonio-New Braunfels, TX",1,2026-06-30,114261.3663421605
San Antonio,TX,"San Antonio-New Braunfels, TX",2,2020-01-31,131079.34457194622
San Antonio,TX,"San Antonio-New Braunfels, TX",2,2020-02-29,132981.4802403724
San Antonio,TX,"San Antonio-New Braunfels, TX",2,2020-03-31,134707.7158415732
San Antonio,TX,"San Antonio-New Braunfels, TX",2,2020-04-30,135478.22486852607
San Antonio,TX,"San Antonio-New Braunfels, TX",2,2020-05-31,135616.30311525174
San Antonio,TX,"San Antonio-New Braunfels, TX",2,2020-06-30,135411.33931541338
San Antonio,TX,"San Antonio-New Braunfels, TX",2,2020-07-31,135376.60499453716
San Antonio,TX,"San Antonio-New Braunfels, TX",2,2020-08-31,136006.24766276788
San Antonio,TX,"San Antonio-New Braunfels, TX",2,2020-09-30,137520.51715873586
San Antonio,TX,"San Antonio-New Braunfels, TX",2,2020-10-31,139493.90293835118
San Antonio,TX,"San Antonio-New Braunfels, TX",2,2020-11-30,141809.3838619769
San Antonio,TX,"San Antonio-New Braunfels, TX",2,2020-12-31,143998.6798939042
San Antonio,TX,"San Antonio-New Braunfels, TX",2,2021-01-31,145943.10324723774
San Antonio,TX,"San Antonio-New Braunfels, TX",2,2021-02-28,147923.77067049523
San Antonio,TX,"San Antonio-New Braunfels, TX",2,2021-03-31,150338.40370708355
San Antonio,TX,"San Antonio-New Braunfels, TX",2,2021-04-30,153021.5301844876
San Antonio,TX,"San Antonio-New Braunfels, TX",2,2021-05-31,155596.76780284435
San Antonio,TX,"San Antonio-New Braunfels, TX",2,2021-06-30,157952.91051429394
San Antonio,TX,"San Antonio-New Braunfels, TX",2,2021-07-31,159322.6469814428
San Antonio,TX,"San Antonio-New Braunfels, TX",2,2021-08-31,159450.84759422546
San Antonio,TX,"San Antonio-New Braunfels, TX",2,2021-09-30,158718.8535929285
San Antonio,TX,"San Antonio-New Braunfels, TX",2,2021-10-31,158460.82625345813
San Antonio,TX,"San Antonio-New Braunfels, TX",2,2021-11-30,159323.14558885733
San Antonio,TX,"San Antonio-New Braunfels, TX",2,2021-12-31,161031.6025876097
San Antonio,TX,"San Antonio-New Braunfels, TX",2,2022-01-31,163437.5985458449
San Antonio,TX,"San Antonio-New Braunfels, TX",2,2022-02-28,166056.94480243098
San Antonio,TX,"San Antonio-New Braunfels, TX",2,2022-03-31,168816.4912525457
San Antonio,TX,"San Antonio-New Braunfels, TX",2,2022-04-30,171550.54891494717
San Antonio,TX,"San Antonio-New Braunfels, TX",2,2022-05-31,173896.26949907278
San Antonio,TX,"San Antonio-New Braunfels, TX",2,2022-06-30,175910.35212780038
San Antonio,TX,"San Antonio-New Braunfels, TX",2,2022-07-31,177043.11653372282
San Antonio,TX,"San Antonio-New Braunfels, TX",2,2022-08-31,177220.3636615762
San Antonio,TX,"San Antonio-New Braunfels, TX",2,2022-09-30,176240.9197923881
San Antonio,TX,"San Antonio-New Braunfels, TX",2,2022-10-31,175491.7172815509
San Antonio,TX,"San Antonio-New Braunfels, TX",2,2022-11-30,175279.94335616555
San Antonio,TX,"San Antonio-New Braunfels, TX",2,2022-12-31,175329.00151898412
San Antonio,TX,"San Antonio-New Braunfels, TX",2,2023-01-31,174408.83733687073
San Antonio,TX,"San Antonio-New Braunfels, TX",2,2023-02-28,172777.5500833729
San Antonio,TX,"San Antonio-New Braunfels, TX",2,2023-03-31,171246.3903654481
San Antonio,TX,"San Antonio-New Braunfels, TX",2,2023-04-30,170642.13087934843
San Antonio,TX,"San Antonio-New Braunfels, TX",2,2023-05-31,170706.5025258023
San Antonio,TX,"San Antonio-New Braunfels, TX",2,2023-06-30,171091.66380671554
San Antonio,TX,"San Antonio-New Braunfels, TX",2,2023-07-31,170934.52112942105
San Antonio,TX,"San Antonio-New Braunfels, TX",2,2023-08-31,170272.7010398669
San Antonio,TX,"San Antonio-New Braunfels, TX",2,2023-09-30,169066.88871946206
San Antonio,TX,"San Antonio-New Braunfels, TX",2,2023-10-31,167916.18344119328
San Antonio,TX,"San Antonio-New Braunfels, TX",2,2023-11-30,166835.34731597002
San Antonio,TX,"San Antonio-New Braunfels, TX",2,2023-12-31,165633.36908522056
San Antonio,TX,"San Antonio-New Braunfels, TX",2,2024-01-31,164528.86497941203
San Antonio,TX,"San Antonio-New Braunfels, TX",2,2024-02-29,163933.6302761308
San Antonio,TX,"San Antonio-New Braunfels, TX",2,2024-03-31,164075.81933854104
San Antonio,TX,"San Antonio-New Braunfels, TX",2,2024-04-30,164649.56947629605
San Antonio,TX,"San Antonio-New Braunfels, TX",2,2024-05-31,165075.82860644403
San Antonio,TX,"San Antonio-New Braunfels, TX",2,2024-06-30,165053.87786454303
San Antonio,TX,"San Antonio-New Braunfels, TX",2,2024-07-31,164013.45341977218
San Antonio,TX,"San Antonio-New Braunfels, TX",2,2024-08-31,162603.98216111635
San Antonio,TX,"San Antonio-New Braunfels, TX",2,2024-09-30,160918.31731549857
San Antonio,TX,"San Antonio-New Braunfels, TX",2,2024-10-31,159558.4697148834
San Antonio,TX,"San Antonio-New Braunfels, TX",2,2024-11-30,158009.91247680868
San Antonio,TX,"San Antonio-New Braunfels, TX",2,2024-12-31,156866.41468911775
San Antonio,TX,"San Antonio-New Braunfels, TX",2,2025-01-31,155885.47318241576
San Antonio,TX,"San Antonio-New Braunfels, TX",2,2025-02-28,155279.62352727435
San Antonio,TX,"San Antonio-New Braunfels, TX",2,2025-03-31,154208.6932837729
San Antonio,TX,"San Antonio-New Braunfels, TX",2,2025-04-30,152869.48639295262
San Antonio,TX,"San Antonio-New Braunfels, TX",2,2025-05-31,151456.7283697339
San Antonio,TX,"San Antonio-New Braunfels, TX",2,2025-06-30,150528.51765296343
San Antonio,TX,"San Antonio-New Braunfels, TX",2,2025-07-31,150202.9934594657
San Antonio,TX,"San Antonio-New Braunfels, TX",2,2025-08-31,149858.31537284146
San Antonio,TX,"San Antonio-New Braunfels, TX",2,2025-09-30,149272.73421097756
San Antonio,TX,"San Antonio-New Braunfels, TX",2,2025-10-31,148284.32297437586
San Antonio,TX,"San Antonio-New Braunfels, TX",2,2025-11-30,147626.12468179216
San Antonio,TX,"San Antonio-New Braunfels, TX",2,2025-12-31,147228.94276406174
San Antonio,TX,"San Antonio-New Braunfels, TX",2,2026-01-31,147260.08517360492
San Antonio,TX,"San Antonio-New Braunfels, TX",2,2026-02-28,147324.39123896314
San Antonio,TX,"San Antonio-New Braunfels, TX",2,2026-03-31,147256.88331705506
San Antonio,TX,"San Antonio-New Braunfels, TX",2,2026-04-30,146699.8229487155
San Antonio,TX,"San Antonio-New Braunfels, TX",2,2026-05-31,145898.61698332636
San Antonio,TX,"San Antonio-New Braunfels, TX",2,2026-06-30,145205.1286371463
San Antonio,TX,"San Antonio-New Braunfels, TX",3,2020-01-31,181376.32003015804
San Antonio,TX,"San Antonio-New Braunfels, TX",3,2020-02-29,182524.3063299736
San Antonio,TX,"San Antonio-New Braunfels, TX",3,2020-03-31,183485.60735047903
San Antonio,TX,"San Antonio-New Braunfels, TX",3,2020-04-30,184127.83779139965
San Antonio,TX,"San Antonio-New Braunfels, TX",3,2020-05-31,184385.5202998678
San Antonio,TX,"San Antonio-New Braunfels, TX",3,2020-06-30,184563.71925779525
San Antonio,TX,"San Antonio-New Braunfels, TX",3,2020-07-31,185149.97947097325
San Antonio,TX,"San Antonio-New Braunfels, TX",3,2020-08-31,186232.91709942248
San Antonio,TX,"San Antonio-New Braunfels, TX",3,2020-09-30,188051.07110902807
San Antonio,TX,"San Antonio-New Braunfels, TX",3,2020-10-31,190314.1577003064
San Antonio,TX,"San Antonio-New Braunfels, TX",3,2020-11-30,192949.8432162483
San Antonio,TX,"San Antonio-New Braunfels, TX",3,2020-12-31,195379.40345179717
San Antonio,TX,"San Antonio-New Braunfels, TX",3,2021-01-31,197678.5771442647
San Antonio,TX,"San Antonio-New Braunfels, TX",3,2021-02-28,200040.4172767108
San Antonio,TX,"San Antonio-New Braunfels, TX",3,2021-03-31,202856.2257642589
San Antonio,TX,"San Antonio-New Braunfels, TX",3,2021-04-30,205919.31909248405
San Antonio,TX,"San Antonio-New Braunfels, TX",3,2021-05-31,209216.22092130512
San Antonio,TX,"San Antonio-New Braunfels, TX",3,2021-06-30,212649.66577243933
San Antonio,TX,"San Antonio-New Braunfels, TX",3,2021-07-31,215585.7297053628
San Antonio,TX,"San Antonio-New Braunfels, TX",3,2021-08-31,217588.74940712436
San Antonio,TX,"San Antonio-New Braunfels, TX",3,2021-09-30,218837.79959692605
San Antonio,TX,"San Antonio-New Braunfels, TX",3,2021-10-31,220157.72886976917
San Antonio,TX,"San Antonio-New Braunfels, TX",3,2021-11-30,222310.46798076105
San Antonio,TX,"San Antonio-New Braunfels, TX",3,2021-12-31,225142.6135121705
San Antonio,TX,"San Antonio-New Braunfels, TX",3,2022-01-31,229332.14882301367
San Antonio,TX,"San Antonio-New Braunfels, TX",3,2022-02-28,234224.80428214115
San Antonio,TX,"San Antonio-New Braunfels, TX",3,2022-03-31,239564.78221555016
San Antonio,TX,"San Antonio-New Braunfels, TX",3,2022-04-30,244624.80016079269
San Antonio,TX,"San Antonio-New Braunfels, TX",3,2022-05-31,249077.89415943855
San Antonio,TX,"San Antonio-New Braunfels, TX",3,2022-06-30,252823.6785481871
San Antonio,TX,"San Antonio-New Braunfels, TX",3,2022-07-31,255231.73218848224
San Antonio,TX,"San Antonio-New Braunfels, TX",3,2022-08-31,256164.58757489873
San Antonio,TX,"San Antonio-New Braunfels, TX",3,2022-09-30,255883.90489197304
San Antonio,TX,"San Antonio-New Braunfels, TX",3,2022-10-31,255430.95857454976
San Antonio,TX,"San Antonio-New Braunfels, TX",3,2022-11-30,254966.6496152445
San Antonio,TX,"San Antonio-New Braunfels, TX",3,2022-12-31,254598.74000728384
San Antonio,TX,"San Antonio-New Braunfels, TX",3,2023-01-31,253957.95631127575
San Antonio,TX,"San Antonio-New Braunfels, TX",3,2023-02-28,252864.75573334828
San Antonio,TX,"San Antonio-New Braunfels, TX",3,2023-03-31,251673.728192784
San Antonio,TX,"San Antonio-New Braunfels, TX",3,2023-04-30,250721.3445457683
San Antonio,TX,"San Antonio-New Braunfels, TX",3,2023-05-31,250563.86579874973
San Antonio,TX,"San Antonio-New Braunfels, TX",3,2023-06-30,250908.3836145545
San Antonio,TX,"San Antonio-New Braunfels, TX",3,2023-07-31,251121.5322605207
San Antonio,TX,"San Antonio-New Braunfels, TX",3,2023-08-31,251258.734085983
San Antonio,TX,"San Antonio-New Braunfels, TX",3,2023-09-30,250856.6434667803
San Antonio,TX,"San Antonio-New Braunfels, TX",3,2023-10-31,250089.9427987469
San Antonio,TX,"San Antonio-New Braunfels, TX",3,2023-11-30,248843.9734171582
San Antonio,TX,"San Antonio-New Braunfels, TX",3,2023-12-31,247354.16958840485
San Antonio,TX,"San Antonio-New Braunfels, TX",3,2024-01-31,246282.92868552147
San Antonio,TX,"San Antonio-New Braunfels, TX",3,2024-02-29,245731.56264176173
San Antonio,TX,"San Antonio-New Braunfels, TX",3,2024-03-31,245874.73853709263
San Antonio,TX,"San Antonio-New Braunfels, TX",3,2024-04-30,246131.05995164157
San Antonio,TX,"San Antonio-New Braunfels, TX",3,2024-05-31,246069.40280910177
San Antonio,TX,"San Antonio-New Braunfels, TX",3,2024-06-30,245688.0722287763
San Antonio,TX,"San Antonio-New Braunfels, TX",3,2024-07-31,244777.21048359448
San Antonio,TX,"San Antonio-New Braunfels, TX",3,2024-08-31,243902.59537970016
San Antonio,TX,"San Antonio-New Braunfels, TX",3,2024-09-30,242986.3986608351
San Antonio,TX,"San Antonio-New Braunfels, TX",3,2024-10-31,242136.93459708817
San Antonio,TX,"San Antonio-New Braunfels, TX",3,2024-11-30,241302.73860975972
San Antonio,TX,"San Antonio-New Braunfels, TX",3,2024-12-31,240790.60501502873
San Antonio,TX,"San Antonio-New Braunfels, TX",3,2025-01-31,240416.46445010035
San Antonio,TX,"San Antonio-New Braunfels, TX",3,2025-02-28,239981.6851828744
San Antonio,TX,"San Antonio-New Braunfels, TX",3,2025-03-31,238903.41166695263
San Antonio,TX,"San Antonio-New Braunfels, TX",3,2025-04-30,237614.5479179603
San Antonio,TX,"San Antonio-New Braunfels, TX",3,2025-05-31,236235.07095523545
San Antonio,TX,"San Antonio-New Braunfels, TX",3,2025-06-30,235216.24148614137
San Antonio,TX,"San Antonio-New Braunfels, TX",3,2025-07-31,234559.07116666567
San Antonio,TX,"San Antonio-New Braunfels, TX",3,2025-08-31,234197.60282326397
San Antonio,TX,"San Antonio-New Braunfels, TX",3,2025-09-30,233883.83722219928
San Antonio,TX,"San Antonio-New Braunfels, TX",3,2025-10-31,233424.98591281063
San Antonio,TX,"San Antonio-New Braunfels, TX",3,2025-11-30,232975.86830676717
San Antonio,TX,"San Antonio-New Braunfels, TX",3,2025-12-31,232631.4610236884
San Antonio,TX,"San Antonio-New Braunfels, TX",3,2026-01-31,232325.24452348673
San Antonio,TX,"San Antonio-New Braunfels, TX",3,2026-02-28,232091.19929382272
San Antonio,TX,"San Antonio-New Braunfels, TX",3,2026-03-31,231821.77314292992
San Antonio,TX,"San Antonio-New Braunfels, TX",3,2026-04-30,231364.8612372434
San Antonio,TX,"San Antonio-New Braunfels, TX",3,2026-05-31,230618.3535786743
San Antonio,TX,"San Antonio-New Braunfels, TX",3,2026-06-30,229676.20361064907
San Antonio,TX,"San Antonio-New Braunfels, TX",4,2020-01-31,254010.60952926808
San Antonio,TX,"San Antonio-New Braunfels, TX",4,2020-02-29,255134.2795099171
San Antonio,TX,"San Antonio-New Braunfels, TX",4,2020-03-31,256117.8967939639
San Antonio,TX,"San Antonio-New Braunfels, TX",4,2020-04-30,256698.59463279703
San Antonio,TX,"San Antonio-New Braunfels, TX",4,2020-05-31,256981.18135607123
San Antonio,TX,"San Antonio-New Braunfels, TX",4,2020-06-30,257337.09471148907
San Antonio,TX,"San Antonio-New Braunfels, TX",4,2020-07-31,258211.73976119165
San Antonio,TX,"San Antonio-New Braunfels, TX",4,2020-08-31,259661.02165333167
San Antonio,TX,"San Antonio-New Braunfels, TX",4,2020-09-30,261924.4063735914
San Antonio,TX,"San Antonio-New Braunfels, TX",4,2020-10-31,264773.2142436166
San Antonio,TX,"San Antonio-New Braunfels, TX",4,2020-11-30,268112.3326277687
San Antonio,TX,"San Antonio-New Braunfels, TX",4,2020-12-31,271371.0812652858
San Antonio,TX,"San Antonio-New Braunfels, TX",4,2021-01-31,274652.4922149834
San Antonio,TX,"San Antonio-New Braunfels, TX",4,2021-02-28,278011.6581070209
San Antonio,TX,"San Antonio-New Braunfels, TX",4,2021-03-31,281743.0460113551
San Antonio,TX,"San Antonio-New Braunfels, TX",4,2021-04-30,285796.1118593483
San Antonio,TX,"San Antonio-New Braunfels, TX",4,2021-05-31,290490.12366260774
San Antonio,TX,"San Antonio-New Braunfels, TX",4,2021-06-30,295600.37727022736
San Antonio,TX,"San Antonio-New Braunfels, TX",4,2021-07-31,300855.5252867588
San Antonio,TX,"San Antonio-New Braunfels, TX",4,2021-08-31,305521.0296024157
San Antonio,TX,"San Antonio-New Braunfels, TX",4,2021-09-30,309468.9138730461
San Antonio,TX,"San Antonio-New Braunfels, TX",4,2021-10-31,313012.6254396084
San Antonio,TX,"San Antonio-New Braunfels, TX",4,2021-11-30,316921.4574463355
San Antonio,TX,"San Antonio-New Braunfels, TX",4,2021-12-31,321328.99292276805
San Antonio,TX,"San Antonio-New Braunfels, TX",4,2022-01-31,326984.8791872007
San Antonio,TX,"San Antonio-New Braunfels, TX",4,2022-02-28,333239.33490838367
San Antonio,TX,"San Antonio-New Braunfels, TX",4,2022-03-31,340157.39581118873
San Antonio,TX,"San Antonio-New Braunfels, TX",4,2022-04-30,346915.08941763546
San Antonio,TX,"San Antonio-New Braunfels, TX",4,2022-05-31,353077.7667588137
San Antonio,TX,"San Antonio-New Braunfels, TX",4,2022-06-30,358121.09457578044
San Antonio,TX,"San Antonio-New Braunfels, TX",4,2022-07-31,361199.9461261898
San Antonio,TX,"San Antonio-New Braunfels, TX",4,2022-08-31,361993.7641387032
San Antonio,TX,"San Antonio-New Braunfels, TX",4,2022-09-30,361176.8904645715
San Antonio,TX,"San Antonio-New Braunfels, TX",4,2022-10-31,360065.7400742805
San Antonio,TX,"San Antonio-New Braunfels, TX",4,2022-11-30,359073.6164025708
San Antonio,TX,"San Antonio-New Braunfels, TX",4,2022-12-31,358382.46869391185
San Antonio,TX,"San Antonio-New Braunfels, TX",4,2023-01-31,357928.30504070764
San Antonio,TX,"San Antonio-New Braunfels, TX",4,2023-02-28,357127.5208385478
San Antonio,TX,"San Antonio-New Braunfels, TX",4,2023-03-31,356218.3988974872
San Antonio,TX,"San Antonio-New Braunfels, TX",4,2023-04-30,355185.7721872207
San Antonio,TX,"San Antonio-New Braunfels, TX",4,2023-05-31,355051.7014071306
San Antonio,TX,"San Antonio-New Braunfels, TX",4,2023-06-30,355479.2414469296
San Antonio,TX,"San Antonio-New Braunfels, TX",4,2023-07-31,355806.59438292985
San Antonio,TX,"San Antonio-New Braunfels, TX",4,2023-08-31,355868.51778231113
San Antonio,TX,"San Antonio-New Braunfels, TX",4,2023-09-30,355050.40240821015
San Antonio,TX,"San Antonio-New Braunfels, TX",4,2023-10-31,353779.27465772466
San Antonio,TX,"San Antonio-New Braunfels, TX",4,2023-11-30,352114.97196696256
San Antonio,TX,"San Antonio-New Braunfels, TX",4,2023-12-31,350303.22173627635
San Antonio,TX,"San Antonio-New Braunfels, TX",4,2024-01-31,348817.6548979744
San Antonio,TX,"San Antonio-New Braunfels, TX",4,2024-02-29,348011.0622659847
San Antonio,TX,"San Antonio-New Braunfels, TX",4,2024-03-31,348216.71967173973
San Antonio,TX,"San Antonio-New Braunfels, TX",4,2024-04-30,348797.20994856127
San Antonio,TX,"San Antonio-New Braunfels, TX",4,2024-05-31,349057.1540141177
San Antonio,TX,"San Antonio-New Braunfels, TX",4,2024-06-30,348776.1585990428
San Antonio,TX,"San Antonio-New Braunfels, TX",4,2024-07-31,347983.00529117306
San Antonio,TX,"San Antonio-New Braunfels, TX",4,2024-08-31,347377.04707501497
San Antonio,TX,"San Antonio-New Braunfels, TX",4,2024-09-30,347001.4470107606
San Antonio,TX,"San Antonio-New Braunfels, TX",4,2024-10-31,346769.42216327396
San Antonio,TX,"San Antonio-New Braunfels, TX",4,2024-11-30,346327.2113719591
San Antonio,TX,"San Antonio-New Braunfels, TX",4,2024-12-31,345927.75310434465
San Antonio,TX,"San Antonio-New Braunfels, TX",4,2025-01-31,345368.2388615684
San Antonio,TX,"San Antonio-New Braunfels, TX",4,2025-02-28,344793.00060774636
San Antonio,TX,"San Antonio-New Braunfels, TX",4,2025-03-31,343581.84233020805
San Antonio,TX,"San Antonio-New Braunfels, TX",4,2025-04-30,342120.84876336105
San Antonio,TX,"San Antonio-New Braunfels, TX",4,2025-05-31,340550.5078602133
San Antonio,TX,"San Antonio-New Braunfels, TX",4,2025-06-30,339383.6165660767
San Antonio,TX,"San Antonio-New Braunfels, TX",4,2025-07-31,338827.6990972317
San Antonio,TX,"San Antonio-New Braunfels, TX",4,2025-08-31,338791.09817852784
San Antonio,TX,"San Antonio-New Braunfels, TX",4,2025-09-30,339033.5024982477
San Antonio,TX,"San Antonio-New Braunfels, TX",4,2025-10-31,339179.1138010503
San Antonio,TX,"San Antonio-New Braunfels, TX",4,2025-11-30,339085.6980996143
San Antonio,TX,"San Antonio-New Braunfels, TX",4,2025-12-31,338888.4339309486
San Antonio,TX,"San Antonio-New Braunfels, TX",4,2026-01-31,338340.7195162573
San Antonio,TX,"San Antonio-New Braunfels, TX",4,2026-02-28,337768.43572248303
San Antonio,TX,"San Antonio-New Braunfels, TX",4,2026-03-31,337086.95556737203
San Antonio,TX,"San Antonio-New Braunfels, TX",4,2026-04-30,336535.7796788366
San Antonio,TX,"San Antonio-New Braunfels, TX",4,2026-05-31,335802.31950526097
San Antonio,TX,"San Antonio-New Braunfels, TX",4,2026-06-30,335010.90879699757
San Antonio,TX,"San Antonio-New Braunfels, TX",5,2020-01-31,334533.916117555
San Antonio,TX,"San Antonio-New Braunfels, TX",5,2020-02-29,335857.7532829685
San Antonio,TX,"San Antonio-New Braunfels, TX",5,2020-03-31,336833.95318921446
San Antonio,TX,"San Antonio-New Braunfels, TX",5,2020-04-30,337387.5571702458
San Antonio,TX,"San Antonio-New Braunfels, TX",5,2020-05-31,337514.5432423964
San Antonio,TX,"San Antonio-New Braunfels, TX",5,2020-06-30,337655.0818898601
San Antonio,TX,"San Antonio-New Braunfels, TX",5,2020-07-31,338491.02882481547
San Antonio,TX,"San Antonio-New Braunfels, TX",5,2020-08-31,340283.2274008131
San Antonio,TX,"San Antonio-New Braunfels, TX",5,2020-09-30,343273.3095475088
San Antonio,TX,"San Antonio-New Braunfels, TX",5,2020-10-31,346927.2503935376
San Antonio,TX,"San Antonio-New Braunfels, TX",5,2020-11-30,351078.0208094108
San Antonio,TX,"San Antonio-New Braunfels, TX",5,2020-12-31,355244.4600605311
San Antonio,TX,"San Antonio-New Braunfels, TX",5,2021-01-31,359673.1990105815
San Antonio,TX,"San Antonio-New Braunfels, TX",5,2021-02-28,364351.4698866427
San Antonio,TX,"San Antonio-New Braunfels, TX",5,2021-03-31,369348.0940927327
San Antonio,TX,"San Antonio-New Braunfels, TX",5,2021-04-30,374577.384927739
San Antonio,TX,"San Antonio-New Braunfels, TX",5,2021-05-31,380594.266378049
San Antonio,TX,"San Antonio-New Braunfels, TX",5,2021-06-30,387117.7065057776
San Antonio,TX,"San Antonio-New Braunfels, TX",5,2021-07-31,394031.8421114187
San Antonio,TX,"San Antonio-New Braunfels, TX",5,2021-08-31,400522.0890301272
San Antonio,TX,"San Antonio-New Braunfels, TX",5,2021-09-30,406488.999735787
San Antonio,TX,"San Antonio-New Braunfels, TX",5,2021-10-31,411726.59608440526
San Antonio,TX,"San Antonio-New Braunfels, TX",5,2021-11-30,417062.16453693405
San Antonio,TX,"San Antonio-New Braunfels, TX",5,2021-12-31,422742.0580170085
San Antonio,TX,"San Antonio-New Braunfels, TX",5,2022-01-31,429860.4635319709
San Antonio,TX,"San Antonio-New Braunfels, TX",5,2022-02-28,437628.1732234571
San Antonio,TX,"San Antonio-New Braunfels, TX",5,2022-03-31,446268.2963112181
San Antonio,TX,"San Antonio-New Braunfels, TX",5,2022-04-30,455154.7476514557
San Antonio,TX,"San Antonio-New Braunfels, TX",5,2022-05-31,463721.44645120646
San Antonio,TX,"San Antonio-New Braunfels, TX",5,2022-06-30,470785.6954518074
San Antonio,TX,"San Antonio-New Braunfels, TX",5,2022-07-31,474914.27643061074
San Antonio,TX,"San Antonio-New Braunfels, TX",5,2022-08-31,475684.3657089896
San Antonio,TX,"San Antonio-New Braunfels, TX",5,2022-09-30,474212.8442991655
San Antonio,TX,"San Antonio-New Braunfels, TX",5,2022-10-31,472413.829406572
San Antonio,TX,"San Antonio-New Braunfels, TX",5,2022-11-30,470957.1485644519
San Antonio,TX,"San Antonio-New Braunfels, TX",5,2022-12-31,470454.93417857465
San Antonio,TX,"San Antonio-New Braunfels, TX",5,2023-01-31,470705.9853704595
San Antonio,TX,"San Antonio-New Braunfels, TX",5,2023-02-28,471010.4235921754
San Antonio,TX,"San Antonio-New Braunfels, TX",5,2023-03-31,470925.3479034276
San Antonio,TX,"San Antonio-New Braunfels, TX",5,2023-04-30,470582.09696027293
San Antonio,TX,"San Antonio-New Braunfels, TX",5,2023-05-31,470942.0327041648
San Antonio,TX,"San Antonio-New Braunfels, TX",5,2023-06-30,471844.99553326215
San Antonio,TX,"San Antonio-New Braunfels, TX",5,2023-07-31,472530.7330277649
San Antonio,TX,"San Antonio-New Braunfels, TX",5,2023-08-31,473034.33224933007
San Antonio,TX,"San Antonio-New Braunfels, TX",5,2023-09-30,472602.22698593134
San Antonio,TX,"San Antonio-New Braunfels, TX",5,2023-10-31,471734.96262722666
San Antonio,TX,"San Antonio-New Braunfels, TX",5,2023-11-30,469866.3303790978
San Antonio,TX,"San Antonio-New Braunfels, TX",5,2023-12-31,467710.8074352246
San Antonio,TX,"San Antonio-New Braunfels, TX",5,2024-01-31,465569.9403575343
San Antonio,TX,"San Antonio-New Braunfels, TX",5,2024-02-29,464624.2616944332
San Antonio,TX,"San Antonio-New Braunfels, TX",5,2024-03-31,465146.25349132105
San Antonio,TX,"San Antonio-New Braunfels, TX",5,2024-04-30,466275.9213619624
San Antonio,TX,"San Antonio-New Braunfels, TX",5,2024-05-31,467045.7167795718
San Antonio,TX,"San Antonio-New Braunfels, TX",5,2024-06-30,467109.4716124152
San Antonio,TX,"San Antonio-New Braunfels, TX",5,2024-07-31,466475.8253586205
San Antonio,TX,"San Antonio-New Braunfels, TX",5,2024-08-31,466008.7588518896
San Antonio,TX,"San Antonio-New Braunfels, TX",5,2024-09-30,465915.31293453655
San Antonio,TX,"San Antonio-New Braunfels, TX",5,2024-10-31,466094.6487842724
San Antonio,TX,"San Antonio-New Braunfels, TX",5,2024-11-30,465896.1149478059
San Antonio,TX,"San Antonio-New Braunfels, TX",5,2024-12-31,465381.65799378575
San Antonio,TX,"San Antonio-New Braunfels, TX",5,2025-01-31,464433.28806413634
San Antonio,TX,"San Antonio-New Braunfels, TX",5,2025-02-28,463500.3074321025
San Antonio,TX,"San Antonio-New Braunfels, TX",5,2025-03-31,461879.79090366914
San Antonio,TX,"San Antonio-New Braunfels, TX",5,2025-04-30,460156.0304930368
San Antonio,TX,"San Antonio-New Braunfels, TX",5,2025-05-31,458187.1319428586
San Antonio,TX,"San Antonio-New Braunfels, TX",5,2025-06-30,456697.9667382469
San Antonio,TX,"San Antonio-New Braunfels, TX",5,2025-07-31,456014.48476502433
San Antonio,TX,"San Antonio-New Braunfels, TX",5,2025-08-31,456233.34524945915
San Antonio,TX,"San Antonio-New Braunfels, TX",5,2025-09-30,456846.5306503134
San Antonio,TX,"San Antonio-New Braunfels, TX",5,2025-10-31,457132.16744351137
San Antonio,TX,"San Antonio-New Braunfels, TX",5,2025-11-30,456781.60296022374
San Antonio,TX,"San Antonio-New Braunfels, TX",5,2025-12-31,456142.3094198632
San Antonio,TX,"San Antonio-New Braunfels, TX",5,2026-01-31,455032.2069453814
San Antonio,TX,"San Antonio-New Braunfels, TX",5,2026-02-28,453953.2087716858
San Antonio,TX,"San Antonio-New Braunfels, TX",5,2026-03-31,452908.6413521113
San Antonio,TX,"San Antonio-New Braunfels, TX",5,2026-04-30,452465.7396426732
San Antonio,TX,"San Antonio-New Braunfels, TX",5,2026-05-31,452139.986624786
San Antonio,TX,"San Antonio-New Braunfels, TX",5,2026-06-30,452005.94691471074
San Diego,CA,"San Diego-Chula Vista-Carlsbad, CA",1,2020-01-31,393656.03719204856
San Diego,CA,"San Diego-Chula Vista-Carlsbad, CA",1,2020-02-29,394778.9919095612
San Diego,CA,"San Diego-Chula Vista-Carlsbad, CA",1,2020-03-31,395690.1292446164
San Diego,CA,"San Diego-Chula Vista-Carlsbad, CA",1,2020-04-30,396750.74675680936
San Diego,CA,"San Diego-Chula Vista-Carlsbad, CA",1,2020-05-31,397136.5228618544
San Diego,CA,"San Diego-Chula Vista-Carlsbad, CA",1,2020-06-30,394898.52482714853
San Diego,CA,"San Diego-Chula Vista-Carlsbad, CA",1,2020-07-31,390880.0390726635
San Diego,CA,"San Diego-Chula Vista-Carlsbad, CA",1,2020-08-31,386457.0710872666
San Diego,CA,"San Diego-Chula Vista-Carlsbad, CA",1,2020-09-30,384307.3428455388
San Diego,CA,"San Diego-Chula Vista-Carlsbad, CA",1,2020-10-31,384355.739983797
San Diego,CA,"San Diego-Chula Vista-Carlsbad, CA",1,2020-11-30,386740.5816335104
San Diego,CA,"San Diego-Chula Vista-Carlsbad, CA",1,2020-12-31,390550.5401640902
San Diego,CA,"San Diego-Chula Vista-Carlsbad, CA",1,2021-01-31,394235.84579955
San Diego,CA,"San Diego-Chula Vista-Carlsbad, CA",1,2021-02-28,396594.8189286467
San Diego,CA,"San Diego-Chula Vista-Carlsbad, CA",1,2021-03-31,398790.1749343659
San Diego,CA,"San Diego-Chula Vista-Carlsbad, CA",1,2021-04-30,402108.8407893083
San Diego,CA,"San Diego-Chula Vista-Carlsbad, CA",1,2021-05-31,407466.0660835945
San Diego,CA,"San Diego-Chula Vista-Carlsbad, CA",1,2021-06-30,414441.49919390987
San Diego,CA,"San Diego-Chula Vista-Carlsbad, CA",1,2021-07-31,421774.6201508267
San Diego,CA,"San Diego-Chula Vista-Carlsbad, CA",1,2021-08-31,428108.0064059783
San Diego,CA,"San Diego-Chula Vista-Carlsbad, CA",1,2021-09-30,432440.04901430785
San Diego,CA,"San Diego-Chula Vista-Carlsbad, CA",1,2021-10-31,436910.6399563782
San Diego,CA,"San Diego-Chula Vista-Carlsbad, CA",1,2021-11-30,442815.9373184816
San Diego,CA,"San Diego-Chula Vista-Carlsbad, CA",1,2021-12-31,450925.59258966194
San Diego,CA,"San Diego-Chula Vista-Carlsbad, CA",1,2022-01-31,460426.9513160712
San Diego,CA,"San Diego-Chula Vista-Carlsbad, CA",1,2022-02-28,470518.60159726953
San Diego,CA,"San Diego-Chula Vista-Carlsbad, CA",1,2022-03-31,481529.4360694103
San Diego,CA,"San Diego-Chula Vista-Carlsbad, CA",1,2022-04-30,492801.1399971818
San Diego,CA,"San Diego-Chula Vista-Carlsbad, CA",1,2022-05-31,503758.8347614072
San Diego,CA,"San Diego-Chula Vista-Carlsbad, CA",1,2022-06-30,512586.3398327465
San Diego,CA,"San Diego-Chula Vista-Carlsbad, CA",1,2022-07-31,517388.93933390017
San Diego,CA,"San Diego-Chula Vista-Carlsbad, CA",1,2022-08-31,517399.28641917417
San Diego,CA,"San Diego-Chula Vista-Carlsbad, CA",1,2022-09-30,514586.2948064511
San Diego,CA,"San Diego-Chula Vista-Carlsbad, CA",1,2022-10-31,511944.55769974855
San Diego,CA,"San Diego-Chula Vista-Carlsbad, CA",1,2022-11-30,510121.19276069646
San Diego,CA,"San Diego-Chula Vista-Carlsbad, CA",1,2022-12-31,508492.1665628627
San Diego,CA,"San Diego-Chula Vista-Carlsbad, CA",1,2023-01-31,506596.23494480504
San Diego,CA,"San Diego-Chula Vista-Carlsbad, CA",1,2023-02-28,504656.97378925345
San Diego,CA,"San Diego-Chula Vista-Carlsbad, CA",1,2023-03-31,503425.2387729762
San Diego,CA,"San Diego-Chula Vista-Carlsbad, CA",1,2023-04-30,503583.1453599662
San Diego,CA,"San Diego-Chula Vista-Carlsbad, CA",1,2023-05-31,505690.0831781382
San Diego,CA,"San Diego-Chula Vista-Carlsbad, CA",1,2023-06-30,510118.8964820187
San Diego,CA,"San Diego-Chula Vista-Carlsbad, CA",1,2023-07-31,515230.05052184785
San Diego,CA,"San Diego-Chula Vista-Carlsbad, CA",1,2023-08-31,520800.0093651863
San Diego,CA,"San Diego-Chula Vista-Carlsbad, CA",1,2023-09-30,526108.7979035204
San Diego,CA,"San Diego-Chula Vista-Carlsbad, CA",1,2023-10-31,530154.63689333
San Diego,CA,"San Diego-Chula Vista-Carlsbad, CA",1,2023-11-30,532924.9685902026
San Diego,CA,"San Diego-Chula Vista-Carlsbad, CA",1,2023-12-31,533075.3833341176
San Diego,CA,"San Diego-Chula Vista-Carlsbad, CA",1,2024-01-31,533017.9094700512
San Diego,CA,"San Diego-Chula Vista-Carlsbad, CA",1,2024-02-29,533471.1595007335
San Diego,CA,"San Diego-Chula Vista-Carlsbad, CA",1,2024-03-31,535511.6990132643
San Diego,CA,"San Diego-Chula Vista-Carlsbad, CA",1,2024-04-30,537374.1214273954
San Diego,CA,"San Diego-Chula Vista-Carlsbad, CA",1,2024-05-31,538451.89188112
San Diego,CA,"San Diego-Chula Vista-Carlsbad, CA",1,2024-06-30,537420.7568342403
San Diego,CA,"San Diego-Chula Vista-Carlsbad, CA",1,2024-07-31,536501.9979074898
San Diego,CA,"San Diego-Chula Vista-Carlsbad, CA",1,2024-08-31,535151.6583468342
San Diego,CA,"San Diego-Chula Vista-Carlsbad, CA",1,2024-09-30,534278.0022459343
San Diego,CA,"San Diego-Chula Vista-Carlsbad, CA",1,2024-10-31,532468.1907409636
San Diego,CA,"San Diego-Chula Vista-Carlsbad, CA",1,2024-11-30,530662.8350047778
San Diego,CA,"San Diego-Chula Vista-Carlsbad, CA",1,2024-12-31,528967.0040684167
San Diego,CA,"San Diego-Chula Vista-Carlsbad, CA",1,2025-01-31,527451.0569033962
San Diego,CA,"San Diego-Chula Vista-Carlsbad, CA",1,2025-02-28,526158.8781370175
San Diego,CA,"San Diego-Chula Vista-Carlsbad, CA",1,2025-03-31,523766.4282510981
San Diego,CA,"San Diego-Chula Vista-Carlsbad, CA",1,2025-04-30,520840.11666309694
San Diego,CA,"San Diego-Chula Vista-Carlsbad, CA",1,2025-05-31,516358.3982661794
San Diego,CA,"San Diego-Chula Vista-Carlsbad, CA",1,2025-06-30,511790.5499193841
San Diego,CA,"San Diego-Chula Vista-Carlsbad, CA",1,2025-07-31,506840.665379708
San Diego,CA,"San Diego-Chula Vista-Carlsbad, CA",1,2025-08-31,503097.3817017724
San Diego,CA,"San Diego-Chula Vista-Carlsbad, CA",1,2025-09-30,500326.53595301067
San Diego,CA,"San Diego-Chula Vista-Carlsbad, CA",1,2025-10-31,498860.3778753446
San Diego,CA,"San Diego-Chula Vista-Carlsbad, CA",1,2025-11-30,497536.89889186696
San Diego,CA,"San Diego-Chula Vista-Carlsbad, CA",1,2025-12-31,496541.3028227748
San Diego,CA,"San Diego-Chula Vista-Carlsbad, CA",1,2026-01-31,495359.32043790584
San Diego,CA,"San Diego-Chula Vista-Carlsbad, CA",1,2026-02-28,494154.3463207676
San Diego,CA,"San Diego-Chula Vista-Carlsbad, CA",1,2026-03-31,492228.2470474691
San Diego,CA,"San Diego-Chula Vista-Carlsbad, CA",1,2026-04-30,489415.3102614379
San Diego,CA,"San Diego-Chula Vista-Carlsbad, CA",1,2026-05-31,486206.9668429671
San Diego,CA,"San Diego-Chula Vista-Carlsbad, CA",1,2026-06-30,483468.6827532544
San Diego,CA,"San Diego-Chula Vista-Carlsbad, CA",2,2020-01-31,548225.8292763879
San Diego,CA,"San Diego-Chula Vista-Carlsbad, CA",2,2020-02-29,550462.6635128187
San Diego,CA,"San Diego-Chula Vista-Carlsbad, CA",2,2020-03-31,552900.412120155
San Diego,CA,"San Diego-Chula Vista-Carlsbad, CA",2,2020-04-30,555816.0829006135
San Diego,CA,"San Diego-Chula Vista-Carlsbad, CA",2,2020-05-31,557017.274107996
San Diego,CA,"San Diego-Chula Vista-Carlsbad, CA",2,2020-06-30,554878.907203428
San Diego,CA,"San Diego-Chula Vista-Carlsbad, CA",2,2020-07-31,550498.7949460997
San Diego,CA,"San Diego-Chula Vista-Carlsbad, CA",2,2020-08-31,546903.1499750124
San Diego,CA,"San Diego-Chula Vista-Carlsbad, CA",2,2020-09-30,547239.2685929454
San Diego,CA,"San Diego-Chula Vista-Carlsbad, CA",2,2020-10-31,550294.6338282558
San Diego,CA,"San Diego-Chula Vista-Carlsbad, CA",2,2020-11-30,555781.2891712371
San Diego,CA,"San Diego-Chula Vista-Carlsbad, CA",2,2020-12-31,562258.2095426922
San Diego,CA,"San Diego-Chula Vista-Carlsbad, CA",2,2021-01-31,568635.8714662618
San Diego,CA,"San Diego-Chula Vista-Carlsbad, CA",2,2021-02-28,574305.9553124554
San Diego,CA,"San Diego-Chula Vista-Carlsbad, CA",2,2021-03-31,580214.7307260525
San Diego,CA,"San Diego-Chula Vista-Carlsbad, CA",2,2021-04-30,588042.9341954383
San Diego,CA,"San Diego-Chula Vista-Carlsbad, CA",2,2021-05-31,598378.2869904238
San Diego,CA,"San Diego-Chula Vista-Carlsbad, CA",2,2021-06-30,610248.582013295
San Diego,CA,"San Diego-Chula Vista-Carlsbad, CA",2,2021-07-31,621731.3789477866
San Diego,CA,"San Diego-Chula Vista-Carlsbad, CA",2,2021-08-31,630564.0117024089
San Diego,CA,"San Diego-Chula Vista-Carlsbad, CA",2,2021-09-30,636353.5059395853
San Diego,CA,"San Diego-Chula Vista-Carlsbad, CA",2,2021-10-31,641613.1214251366
San Diego,CA,"San Diego-Chula Vista-Carlsbad, CA",2,2021-11-30,648419.5469026774
San Diego,CA,"San Diego-Chula Vista-Carlsbad, CA",2,2021-12-31,658024.9603576964
San Diego,CA,"San Diego-Chula Vista-Carlsbad, CA",2,2022-01-31,670506.406679008
San Diego,CA,"San Diego-Chula Vista-Carlsbad, CA",2,2022-02-28,686588.6411098778
San Diego,CA,"San Diego-Chula Vista-Carlsbad, CA",2,2022-03-31,706012.7955879659
San Diego,CA,"San Diego-Chula Vista-Carlsbad, CA",2,2022-04-30,725692.3783009532
San Diego,CA,"San Diego-Chula Vista-Carlsbad, CA",2,2022-05-31,742210.1824402047
San Diego,CA,"San Diego-Chula Vista-Carlsbad, CA",2,2022-06-30,753236.3646036171
San Diego,CA,"San Diego-Chula Vista-Carlsbad, CA",2,2022-07-31,757178.60839616
San Diego,CA,"San Diego-Chula Vista-Carlsbad, CA",2,2022-08-31,753428.7284477958
San Diego,CA,"San Diego-Chula Vista-Carlsbad, CA",2,2022-09-30,744974.3939824578
San Diego,CA,"San Diego-Chula Vista-Carlsbad, CA",2,2022-10-31,736724.1931592077
San Diego,CA,"San Diego-Chula Vista-Carlsbad, CA",2,2022-11-30,730766.7218981124
San Diego,CA,"San Diego-Chula Vista-Carlsbad, CA",2,2022-12-31,725985.1650622142
San Diego,CA,"San Diego-Chula Vista-Carlsbad, CA",2,2023-01-31,720627.5495544681
San Diego,CA,"San Diego-Chula Vista-Carlsbad, CA",2,2023-02-28,715466.2630422997
San Diego,CA,"San Diego-Chula Vista-Carlsbad, CA",2,2023-03-31,712300.9351831782
San Diego,CA,"San Diego-Chula Vista-Carlsbad, CA",2,2023-04-30,712443.2545402691
San Diego,CA,"San Diego-Chula Vista-Carlsbad, CA",2,2023-05-31,715844.6119843898
San Diego,CA,"San Diego-Chula Vista-Carlsbad, CA",2,2023-06-30,722323.474665394
San Diego,CA,"San Diego-Chula Vista-Carlsbad, CA",2,2023-07-31,730514.4999365347
San Diego,CA,"San Diego-Chula Vista-Carlsbad, CA",2,2023-08-31,739592.0365972277
San Diego,CA,"San Diego-Chula Vista-Carlsbad, CA",2,2023-09-30,748663.8854608927
San Diego,CA,"San Diego-Chula Vista-Carlsbad, CA",2,2023-10-31,756051.0092044465
San Diego,CA,"San Diego-Chula Vista-Carlsbad, CA",2,2023-11-30,761317.8634055009
San Diego,CA,"San Diego-Chula Vista-Carlsbad, CA",2,2023-12-31,763056.6450270381
San Diego,CA,"San Diego-Chula Vista-Carlsbad, CA",2,2024-01-31,764029.4983646966
San Diego,CA,"San Diego-Chula Vista-Carlsbad, CA",2,2024-02-29,766563.4533782909
San Diego,CA,"San Diego-Chula Vista-Carlsbad, CA",2,2024-03-31,771841.9692643102
San Diego,CA,"San Diego-Chula Vista-Carlsbad, CA",2,2024-04-30,777892.4261610787
San Diego,CA,"San Diego-Chula Vista-Carlsbad, CA",2,2024-05-31,782600.2287235853
San Diego,CA,"San Diego-Chula Vista-Carlsbad, CA",2,2024-06-30,784228.3634138741
San Diego,CA,"San Diego-Chula Vista-Carlsbad, CA",2,2024-07-31,785032.6409044549
San Diego,CA,"San Diego-Chula Vista-Carlsbad, CA",2,2024-08-31,784634.1735360184
San Diego,CA,"San Diego-Chula Vista-Carlsbad, CA",2,2024-09-30,784365.7258893367
San Diego,CA,"San Diego-Chula Vista-Carlsbad, CA",2,2024-10-31,782864.8831832153
San Diego,CA,"San Diego-Chula Vista-Carlsbad, CA",2,2024-11-30,781820.8067277895
San Diego,CA,"San Diego-Chula Vista-Carlsbad, CA",2,2024-12-31,781103.6950751072
San Diego,CA,"San Diego-Chula Vista-Carlsbad, CA",2,2025-01-31,780171.9339084546
San Diego,CA,"San Diego-Chula Vista-Carlsbad, CA",2,2025-02-28,779150.0947327554
San Diego,CA,"San Diego-Chula Vista-Carlsbad, CA",2,2025-03-31,776182.5334075267
San Diego,CA,"San Diego-Chula Vista-Carlsbad, CA",2,2025-04-30,772089.8776629631
San Diego,CA,"San Diego-Chula Vista-Carlsbad, CA",2,2025-05-31,765917.0929538078
San Diego,CA,"San Diego-Chula Vista-Carlsbad, CA",2,2025-06-30,759950.7116399176
San Diego,CA,"San Diego-Chula Vista-Carlsbad, CA",2,2025-07-31,754555.3370779307
San Diego,CA,"San Diego-Chula Vista-Carlsbad, CA",2,2025-08-31,750275.8531762693
San Diego,CA,"San Diego-Chula Vista-Carlsbad, CA",2,2025-09-30,747265.5254034502
San Diego,CA,"San Diego-Chula Vista-Carlsbad, CA",2,2025-10-31,746080.7362710581
San Diego,CA,"San Diego-Chula Vista-Carlsbad, CA",2,2025-11-30,745530.1496331313
San Diego,CA,"San Diego-Chula Vista-Carlsbad, CA",2,2025-12-31,745578.2144692977
San Diego,CA,"San Diego-Chula Vista-Carlsbad, CA",2,2026-01-31,745006.0073045272
San Diego,CA,"San Diego-Chula Vista-Carlsbad, CA",2,2026-02-28,744480.2452876037
San Diego,CA,"San Diego-Chula Vista-Carlsbad, CA",2,2026-03-31,743208.4865998739
San Diego,CA,"San Diego-Chula Vista-Carlsbad, CA",2,2026-04-30,740962.4012014237
San Diego,CA,"San Diego-Chula Vista-Carlsbad, CA",2,2026-05-31,738313.4757277281
San Diego,CA,"San Diego-Chula Vista-Carlsbad, CA",2,2026-06-30,736035.6963665248
San Diego,CA,"San Diego-Chula Vista-Carlsbad, CA",3,2020-01-31,670326.5373922995
San Diego,CA,"San Diego-Chula Vista-Carlsbad, CA",3,2020-02-29,674651.7495375975
San Diego,CA,"San Diego-Chula Vista-Carlsbad, CA",3,2020-03-31,679900.8297191164
San Diego,CA,"San Diego-Chula Vista-Carlsbad, CA",3,2020-04-30,685906.0960926799
San Diego,CA,"San Diego-Chula Vista-Carlsbad, CA",3,2020-05-31,688917.8837068998
San Diego,CA,"San Diego-Chula Vista-Carlsbad, CA",3,2020-06-30,688972.9564955073
San Diego,CA,"San Diego-Chula Vista-Carlsbad, CA",3,2020-07-31,688387.9687615192
San Diego,CA,"San Diego-Chula Vista-Carlsbad, CA",3,2020-08-31,690688.1923453658
San Diego,CA,"San Diego-Chula Vista-Carlsbad, CA",3,2020-09-30,697645.1793340766
San Diego,CA,"San Diego-Chula Vista-Carlsbad, CA",3,2020-10-31,707215.2991199368
San Diego,CA,"San Diego-Chula Vista-Carlsbad, CA",3,2020-11-30,719413.9669690663
San Diego,CA,"San Diego-Chula Vista-Carlsbad, CA",3,2020-12-31,731963.2968196729
San Diego,CA,"San Diego-Chula Vista-Carlsbad, CA",3,2021-01-31,744175.7246270399
San Diego,CA,"San Diego-Chula Vista-Carlsbad, CA",3,2021-02-28,755694.1909823808
San Diego,CA,"San Diego-Chula Vista-Carlsbad, CA",3,2021-03-31,767994.2565060961
San Diego,CA,"San Diego-Chula Vista-Carlsbad, CA",3,2021-04-30,782966.7962753657
San Diego,CA,"San Diego-Chula Vista-Carlsbad, CA",3,2021-05-31,800904.6861664226
San Diego,CA,"San Diego-Chula Vista-Carlsbad, CA",3,2021-06-30,819594.845479841
San Diego,CA,"San Diego-Chula Vista-Carlsbad, CA",3,2021-07-31,834501.6764815911
San Diego,CA,"San Diego-Chula Vista-Carlsbad, CA",3,2021-08-31,841889.5561274082
San Diego,CA,"San Diego-Chula Vista-Carlsbad, CA",3,2021-09-30,843573.1190101579
San Diego,CA,"San Diego-Chula Vista-Carlsbad, CA",3,2021-10-31,845387.8739516746
San Diego,CA,"San Diego-Chula Vista-Carlsbad, CA",3,2021-11-30,850917.0132082658
San Diego,CA,"San Diego-Chula Vista-Carlsbad, CA",3,2021-12-31,860731.0279947586
San Diego,CA,"San Diego-Chula Vista-Carlsbad, CA",3,2022-01-31,878900.4026329452
San Diego,CA,"San Diego-Chula Vista-Carlsbad, CA",3,2022-02-28,906212.725090443
San Diego,CA,"San Diego-Chula Vista-Carlsbad, CA",3,2022-03-31,940676.925899038
San Diego,CA,"San Diego-Chula Vista-Carlsbad, CA",3,2022-04-30,972425.818664972
San Diego,CA,"San Diego-Chula Vista-Carlsbad, CA",3,2022-05-31,995765.0209260328
San Diego,CA,"San Diego-Chula Vista-Carlsbad, CA",3,2022-06-30,1008407.9797156242
San Diego,CA,"San Diego-Chula Vista-Carlsbad, CA",3,2022-07-31,1009124.6609332917
San Diego,CA,"San Diego-Chula Vista-Carlsbad, CA",3,2022-08-31,998896.1148851514
San Diego,CA,"San Diego-Chula Vista-Carlsbad, CA",3,2022-09-30,982225.7780503551
San Diego,CA,"San Diego-Chula Vista-Carlsbad, CA",3,2022-10-31,966794.1967886728
San Diego,CA,"San Diego-Chula Vista-Carlsbad, CA",3,2022-11-30,955728.7065248336
San Diego,CA,"San Diego-Chula Vista-Carlsbad, CA",3,2022-12-31,948208.05107594
San Diego,CA,"San Diego-Chula Vista-Carlsbad, CA",3,2023-01-31,940316.3559017252
San Diego,CA,"San Diego-Chula Vista-Carlsbad, CA",3,2023-02-28,934529.5093509308
San Diego,CA,"San Diego-Chula Vista-Carlsbad, CA",3,2023-03-31,932201.3789506368
San Diego,CA,"San Diego-Chula Vista-Carlsbad, CA",3,2023-04-30,935536.886093826
San Diego,CA,"San Diego-Chula Vista-Carlsbad, CA",3,2023-05-31,943062.565683126
San Diego,CA,"San Diego-Chula Vista-Carlsbad, CA",3,2023-06-30,954112.4913186128
San Diego,CA,"San Diego-Chula Vista-Carlsbad, CA",3,2023-07-31,967979.3888749472
San Diego,CA,"San Diego-Chula Vista-Carlsbad, CA",3,2023-08-31,982993.1975057996
San Diego,CA,"San Diego-Chula Vista-Carlsbad, CA",3,2023-09-30,998041.0123859412
San Diego,CA,"San Diego-Chula Vista-Carlsbad, CA",3,2023-10-31,1010172.012317254
San Diego,CA,"San Diego-Chula Vista-Carlsbad, CA",3,2023-11-30,1018268.1157871988
San Diego,CA,"San Diego-Chula Vista-Carlsbad, CA",3,2023-12-31,1022231.4305866528
San Diego,CA,"San Diego-Chula Vista-Carlsbad, CA",3,2024-01-31,1024962.950314355
San Diego,CA,"San Diego-Chula Vista-Carlsbad, CA",3,2024-02-29,1030728.7257607324
San Diego,CA,"San Diego-Chula Vista-Carlsbad, CA",3,2024-03-31,1041520.3337825384
San Diego,CA,"San Diego-Chula Vista-Carlsbad, CA",3,2024-04-30,1054975.1253304554
San Diego,CA,"San Diego-Chula Vista-Carlsbad, CA",3,2024-05-31,1066868.7674221827
San Diego,CA,"San Diego-Chula Vista-Carlsbad, CA",3,2024-06-30,1073185.549504241
San Diego,CA,"San Diego-Chula Vista-Carlsbad, CA",3,2024-07-31,1076136.3737309882
San Diego,CA,"San Diego-Chula Vista-Carlsbad, CA",3,2024-08-31,1076572.367532418
San Diego,CA,"San Diego-Chula Vista-Carlsbad, CA",3,2024-09-30,1076977.6493954568
San Diego,CA,"San Diego-Chula Vista-Carlsbad, CA",3,2024-10-31,1075898.7478214337
San Diego,CA,"San Diego-Chula Vista-Carlsbad, CA",3,2024-11-30,1074633.2449999582
San Diego,CA,"San Diego-Chula Vista-Carlsbad, CA",3,2024-12-31,1073190.3160421867
San Diego,CA,"San Diego-Chula Vista-Carlsbad, CA",3,2025-01-31,1071873.3730543023
San Diego,CA,"San Diego-Chula Vista-Carlsbad, CA",3,2025-02-28,1070948.8816420117
San Diego,CA,"San Diego-Chula Vista-Carlsbad, CA",3,2025-03-31,1068480.2394490193
San Diego,CA,"San Diego-Chula Vista-Carlsbad, CA",3,2025-04-30,1063774.9167540935
San Diego,CA,"San Diego-Chula Vista-Carlsbad, CA",3,2025-05-31,1055817.9994603193
San Diego,CA,"San Diego-Chula Vista-Carlsbad, CA",3,2025-06-30,1046466.6921459268
San Diego,CA,"San Diego-Chula Vista-Carlsbad, CA",3,2025-07-31,1038728.5675862366
San Diego,CA,"San Diego-Chula Vista-Carlsbad, CA",3,2025-08-31,1032504.1248531176
San Diego,CA,"San Diego-Chula Vista-Carlsbad, CA",3,2025-09-30,1028741.1719685094
San Diego,CA,"San Diego-Chula Vista-Carlsbad, CA",3,2025-10-31,1027647.8725174672
San Diego,CA,"San Diego-Chula Vista-Carlsbad, CA",3,2025-11-30,1028209.6571242736
San Diego,CA,"San Diego-Chula Vista-Carlsbad, CA",3,2025-12-31,1030292.2956434012
San Diego,CA,"San Diego-Chula Vista-Carlsbad, CA",3,2026-01-31,1030983.9147161748
San Diego,CA,"San Diego-Chula Vista-Carlsbad, CA",3,2026-02-28,1031519.6329053808
San Diego,CA,"San Diego-Chula Vista-Carlsbad, CA",3,2026-03-31,1031231.0445104064
San Diego,CA,"San Diego-Chula Vista-Carlsbad, CA",3,2026-04-30,1030170.0260677112
San Diego,CA,"San Diego-Chula Vista-Carlsbad, CA",3,2026-05-31,1028726.045855108
San Diego,CA,"San Diego-Chula Vista-Carlsbad, CA",3,2026-06-30,1026631.505513009
San Diego,CA,"San Diego-Chula Vista-Carlsbad, CA",4,2020-01-31,788086.9097983838
San Diego,CA,"San Diego-Chula Vista-Carlsbad, CA",4,2020-02-29,794383.8040667103
San Diego,CA,"San Diego-Chula Vista-Carlsbad, CA",4,2020-03-31,801586.5056392839
San Diego,CA,"San Diego-Chula Vista-Carlsbad, CA",4,2020-04-30,809132.730255176
San Diego,CA,"San Diego-Chula Vista-Carlsbad, CA",4,2020-05-31,812657.2668351383
San Diego,CA,"San Diego-Chula Vista-Carlsbad, CA",4,2020-06-30,815279.8177310842
San Diego,CA,"San Diego-Chula Vista-Carlsbad, CA",4,2020-07-31,819444.8851633696
San Diego,CA,"San Diego-Chula Vista-Carlsbad, CA",4,2020-08-31,829069.2263329442
San Diego,CA,"San Diego-Chula Vista-Carlsbad, CA",4,2020-09-30,842407.4102626465
San Diego,CA,"San Diego-Chula Vista-Carlsbad, CA",4,2020-10-31,857263.8025464298
San Diego,CA,"San Diego-Chula Vista-Carlsbad, CA",4,2020-11-30,874219.5020160823
San Diego,CA,"San Diego-Chula Vista-Carlsbad, CA",4,2020-12-31,890981.9736895226
San Diego,CA,"San Diego-Chula Vista-Carlsbad, CA",4,2021-01-31,907149.2451181164
San Diego,CA,"San Diego-Chula Vista-Carlsbad, CA",4,2021-02-28,922544.2404538678
San Diego,CA,"San Diego-Chula Vista-Carlsbad, CA",4,2021-03-31,940046.7294386053
San Diego,CA,"San Diego-Chula Vista-Carlsbad, CA",4,2021-04-30,961846.2788214976
San Diego,CA,"San Diego-Chula Vista-Carlsbad, CA",4,2021-05-31,988085.4739743228
San Diego,CA,"San Diego-Chula Vista-Carlsbad, CA",4,2021-06-30,1015187.7312084888
San Diego,CA,"San Diego-Chula Vista-Carlsbad, CA",4,2021-07-31,1036604.385809569
San Diego,CA,"San Diego-Chula Vista-Carlsbad, CA",4,2021-08-31,1047651.5455014608
San Diego,CA,"San Diego-Chula Vista-Carlsbad, CA",4,2021-09-30,1050759.595550059
San Diego,CA,"San Diego-Chula Vista-Carlsbad, CA",4,2021-10-31,1053940.2056535238
San Diego,CA,"San Diego-Chula Vista-Carlsbad, CA",4,2021-11-30,1062244.838760838
San Diego,CA,"San Diego-Chula Vista-Carlsbad, CA",4,2021-12-31,1076543.469992162
San Diego,CA,"San Diego-Chula Vista-Carlsbad, CA",4,2022-01-31,1104830.7296215072
San Diego,CA,"San Diego-Chula Vista-Carlsbad, CA",4,2022-02-28,1148435.060314261
San Diego,CA,"San Diego-Chula Vista-Carlsbad, CA",4,2022-03-31,1203928.0667670788
San Diego,CA,"San Diego-Chula Vista-Carlsbad, CA",4,2022-04-30,1254714.4048304956
San Diego,CA,"San Diego-Chula Vista-Carlsbad, CA",4,2022-05-31,1290774.3271002949
San Diego,CA,"San Diego-Chula Vista-Carlsbad, CA",4,2022-06-30,1308310.427615385
San Diego,CA,"San Diego-Chula Vista-Carlsbad, CA",4,2022-07-31,1305832.0034801543
San Diego,CA,"San Diego-Chula Vista-Carlsbad, CA",4,2022-08-31,1286941.9200297126
San Diego,CA,"San Diego-Chula Vista-Carlsbad, CA",4,2022-09-30,1259228.3976594207
San Diego,CA,"San Diego-Chula Vista-Carlsbad, CA",4,2022-10-31,1234690.164271825
San Diego,CA,"San Diego-Chula Vista-Carlsbad, CA",4,2022-11-30,1217862.0495677015
San Diego,CA,"San Diego-Chula Vista-Carlsbad, CA",4,2022-12-31,1207320.9262475548
San Diego,CA,"San Diego-Chula Vista-Carlsbad, CA",4,2023-01-31,1197810.9190174772
San Diego,CA,"San Diego-Chula Vista-Carlsbad, CA",4,2023-02-28,1192136.5537634974
San Diego,CA,"San Diego-Chula Vista-Carlsbad, CA",4,2023-03-31,1190993.9044651457
San Diego,CA,"San Diego-Chula Vista-Carlsbad, CA",4,2023-04-30,1196356.355597256
San Diego,CA,"San Diego-Chula Vista-Carlsbad, CA",4,2023-05-31,1205813.1076604594
San Diego,CA,"San Diego-Chula Vista-Carlsbad, CA",4,2023-06-30,1219460.396695359
San Diego,CA,"San Diego-Chula Vista-Carlsbad, CA",4,2023-07-31,1237007.5352243388
San Diego,CA,"San Diego-Chula Vista-Carlsbad, CA",4,2023-08-31,1256318.1382185274
San Diego,CA,"San Diego-Chula Vista-Carlsbad, CA",4,2023-09-30,1276386.1569388995
San Diego,CA,"San Diego-Chula Vista-Carlsbad, CA",4,2023-10-31,1292870.1071833142
San Diego,CA,"San Diego-Chula Vista-Carlsbad, CA",4,2023-11-30,1303673.5222135244
San Diego,CA,"San Diego-Chula Vista-Carlsbad, CA",4,2023-12-31,1308529.4401946876
San Diego,CA,"San Diego-Chula Vista-Carlsbad, CA",4,2024-01-31,1311954.3167499546
San Diego,CA,"San Diego-Chula Vista-Carlsbad, CA",4,2024-02-29,1321010.3611120249
San Diego,CA,"San Diego-Chula Vista-Carlsbad, CA",4,2024-03-31,1338649.9966033532
San Diego,CA,"San Diego-Chula Vista-Carlsbad, CA",4,2024-04-30,1361207.6155670965
San Diego,CA,"San Diego-Chula Vista-Carlsbad, CA",4,2024-05-31,1381225.3418796833
San Diego,CA,"San Diego-Chula Vista-Carlsbad, CA",4,2024-06-30,1392127.0139335184
San Diego,CA,"San Diego-Chula Vista-Carlsbad, CA",4,2024-07-31,1396183.0181114697
San Diego,CA,"San Diego-Chula Vista-Carlsbad, CA",4,2024-08-31,1395778.7310033976
San Diego,CA,"San Diego-Chula Vista-Carlsbad, CA",4,2024-09-30,1395702.7885395775
San Diego,CA,"San Diego-Chula Vista-Carlsbad, CA",4,2024-10-31,1394428.576023359
San Diego,CA,"San Diego-Chula Vista-Carlsbad, CA",4,2024-11-30,1393581.5967901417
San Diego,CA,"San Diego-Chula Vista-Carlsbad, CA",4,2024-12-31,1392453.6200340984
San Diego,CA,"San Diego-Chula Vista-Carlsbad, CA",4,2025-01-31,1391613.6803777914
San Diego,CA,"San Diego-Chula Vista-Carlsbad, CA",4,2025-02-28,1392085.6413788467
San Diego,CA,"San Diego-Chula Vista-Carlsbad, CA",4,2025-03-31,1391610.330870018
San Diego,CA,"San Diego-Chula Vista-Carlsbad, CA",4,2025-04-30,1388580.469576812
San Diego,CA,"San Diego-Chula Vista-Carlsbad, CA",4,2025-05-31,1380125.1634346875
San Diego,CA,"San Diego-Chula Vista-Carlsbad, CA",4,2025-06-30,1367266.063481246
San Diego,CA,"San Diego-Chula Vista-Carlsbad, CA",4,2025-07-31,1354860.47609574
San Diego,CA,"San Diego-Chula Vista-Carlsbad, CA",4,2025-08-31,1344115.5597394973
San Diego,CA,"San Diego-Chula Vista-Carlsbad, CA",4,2025-09-30,1337826.2074793526
San Diego,CA,"San Diego-Chula Vista-Carlsbad, CA",4,2025-10-31,1335790.6250300703
San Diego,CA,"San Diego-Chula Vista-Carlsbad, CA",4,2025-11-30,1336203.6618062851
San Diego,CA,"San Diego-Chula Vista-Carlsbad, CA",4,2025-12-31,1338252.2581549424
San Diego,CA,"San Diego-Chula Vista-Carlsbad, CA",4,2026-01-31,1339114.4673987026
San Diego,CA,"San Diego-Chula Vista-Carlsbad, CA",4,2026-02-28,1340777.5359342871
San Diego,CA,"San Diego-Chula Vista-Carlsbad, CA",4,2026-03-31,1342455.1442622642
San Diego,CA,"San Diego-Chula Vista-Carlsbad, CA",4,2026-04-30,1343066.306446701
San Diego,CA,"San Diego-Chula Vista-Carlsbad, CA",4,2026-05-31,1342812.0531344742
San Diego,CA,"San Diego-Chula Vista-Carlsbad, CA",4,2026-06-30,1340728.8700842313
San Diego,CA,"San Diego-Chula Vista-Carlsbad, CA",5,2020-01-31,1053017.7183475734
San Diego,CA,"San Diego-Chula Vista-Carlsbad, CA",5,2020-02-29,1061422.714611133
San Diego,CA,"San Diego-Chula Vista-Carlsbad, CA",5,2020-03-31,1070807.9112797745
San Diego,CA,"San Diego-Chula Vista-Carlsbad, CA",5,2020-04-30,1079745.6151585132
San Diego,CA,"San Diego-Chula Vista-Carlsbad, CA",5,2020-05-31,1084290.2610830783
San Diego,CA,"San Diego-Chula Vista-Carlsbad, CA",5,2020-06-30,1089787.599970353
San Diego,CA,"San Diego-Chula Vista-Carlsbad, CA",5,2020-07-31,1099006.6206744572
San Diego,CA,"San Diego-Chula Vista-Carlsbad, CA",5,2020-08-31,1116184.3634905724
San Diego,CA,"San Diego-Chula Vista-Carlsbad, CA",5,2020-09-30,1137006.657536801
San Diego,CA,"San Diego-Chula Vista-Carlsbad, CA",5,2020-10-31,1158659.7068136137
San Diego,CA,"San Diego-Chula Vista-Carlsbad, CA",5,2020-11-30,1182326.0431323033
San Diego,CA,"San Diego-Chula Vista-Carlsbad, CA",5,2020-12-31,1204911.1759701602
San Diego,CA,"San Diego-Chula Vista-Carlsbad, CA",5,2021-01-31,1226753.3502657588
San Diego,CA,"San Diego-Chula Vista-Carlsbad, CA",5,2021-02-28,1247538.3684423745
San Diego,CA,"San Diego-Chula Vista-Carlsbad, CA",5,2021-03-31,1271575.9438710357
San Diego,CA,"San Diego-Chula Vista-Carlsbad, CA",5,2021-04-30,1302522.2373452026
San Diego,CA,"San Diego-Chula Vista-Carlsbad, CA",5,2021-05-31,1343495.6681275505
San Diego,CA,"San Diego-Chula Vista-Carlsbad, CA",5,2021-06-30,1388544.8178766605
San Diego,CA,"San Diego-Chula Vista-Carlsbad, CA",5,2021-07-31,1428758.835313354
San Diego,CA,"San Diego-Chula Vista-Carlsbad, CA",5,2021-08-31,1455932.3201981338
San Diego,CA,"San Diego-Chula Vista-Carlsbad, CA",5,2021-09-30,1473259.998899427
San Diego,CA,"San Diego-Chula Vista-Carlsbad, CA",5,2021-10-31,1489302.9733932696
San Diego,CA,"San Diego-Chula Vista-Carlsbad, CA",5,2021-11-30,1510717.1635143345
San Diego,CA,"San Diego-Chula Vista-Carlsbad, CA",5,2021-12-31,1539776.1154509578
San Diego,CA,"San Diego-Chula Vista-Carlsbad, CA",5,2022-01-31,1586230.9546681987
San Diego,CA,"San Diego-Chula Vista-Carlsbad, CA",5,2022-02-28,1653536.487180531
San Diego,CA,"San Diego-Chula Vista-Carlsbad, CA",5,2022-03-31,1738257.4092442652
San Diego,CA,"San Diego-Chula Vista-Carlsbad, CA",5,2022-04-30,1819583.5146760475
San Diego,CA,"San Diego-Chula Vista-Carlsbad, CA",5,2022-05-31,1880887.6653315823
San Diego,CA,"San Diego-Chula Vista-Carlsbad, CA",5,2022-06-30,1913814.333700352
San Diego,CA,"San Diego-Chula Vista-Carlsbad, CA",5,2022-07-31,1910465.749614782
San Diego,CA,"San Diego-Chula Vista-Carlsbad, CA",5,2022-08-31,1876545.6979008904
San Diego,CA,"San Diego-Chula Vista-Carlsbad, CA",5,2022-09-30,1826151.0272174976
San Diego,CA,"San Diego-Chula Vista-Carlsbad, CA",5,2022-10-31,1784903.8726599847
San Diego,CA,"San Diego-Chula Vista-Carlsbad, CA",5,2022-11-30,1759937.7965706724
San Diego,CA,"San Diego-Chula Vista-Carlsbad, CA",5,2022-12-31,1747029.9306026606
San Diego,CA,"San Diego-Chula Vista-Carlsbad, CA",5,2023-01-31,1734706.3331853116
San Diego,CA,"San Diego-Chula Vista-Carlsbad, CA",5,2023-02-28,1726343.8237244834
San Diego,CA,"San Diego-Chula Vista-Carlsbad, CA",5,2023-03-31,1722228.119625068
San Diego,CA,"San Diego-Chula Vista-Carlsbad, CA",5,2023-04-30,1728633.0071163478
San Diego,CA,"San Diego-Chula Vista-Carlsbad, CA",5,2023-05-31,1740170.524994469
San Diego,CA,"San Diego-Chula Vista-Carlsbad, CA",5,2023-06-30,1759453.5750263252
San Diego,CA,"San Diego-Chula Vista-Carlsbad, CA",5,2023-07-31,1782879.817613596
San Diego,CA,"San Diego-Chula Vista-Carlsbad, CA",5,2023-08-31,1808539.1696920565
San Diego,CA,"San Diego-Chula Vista-Carlsbad, CA",5,2023-09-30,1833599.6090773607
San Diego,CA,"San Diego-Chula Vista-Carlsbad, CA",5,2023-10-31,1854588.2982049996
San Diego,CA,"San Diego-Chula Vista-Carlsbad, CA",5,2023-11-30,1869083.440974397
San Diego,CA,"San Diego-Chula Vista-Carlsbad, CA",5,2023-12-31,1875940.9521684248
San Diego,CA,"San Diego-Chula Vista-Carlsbad, CA",5,2024-01-31,1881717.330834498
San Diego,CA,"San Diego-Chula Vista-Carlsbad, CA",5,2024-02-29,1895202.8866649217
San Diego,CA,"San Diego-Chula Vista-Carlsbad, CA",5,2024-03-31,1923721.7620628492
San Diego,CA,"San Diego-Chula Vista-Carlsbad, CA",5,2024-04-30,1960731.1890841508
San Diego,CA,"San Diego-Chula Vista-Carlsbad, CA",5,2024-05-31,1995682.4213173245
San Diego,CA,"San Diego-Chula Vista-Carlsbad, CA",5,2024-06-30,2015851.4611793356
San Diego,CA,"San Diego-Chula Vista-Carlsbad, CA",5,2024-07-31,2023127.14156366
San Diego,CA,"San Diego-Chula Vista-Carlsbad, CA",5,2024-08-31,2022764.1366575817
San Diego,CA,"San Diego-Chula Vista-Carlsbad, CA",5,2024-09-30,2022575.67911236
San Diego,CA,"San Diego-Chula Vista-Carlsbad, CA",5,2024-10-31,2022122.825340682
San Diego,CA,"San Diego-Chula Vista-Carlsbad, CA",5,2024-11-30,2022946.5082201113
San Diego,CA,"San Diego-Chula Vista-Carlsbad, CA",5,2024-12-31,2022371.5250849477
San Diego,CA,"San Diego-Chula Vista-Carlsbad, CA",5,2025-01-31,2021961.11121258
San Diego,CA,"San Diego-Chula Vista-Carlsbad, CA",5,2025-02-28,2023591.786671171
San Diego,CA,"San Diego-Chula Vista-Carlsbad, CA",5,2025-03-31,2026349.0912933543
San Diego,CA,"San Diego-Chula Vista-Carlsbad, CA",5,2025-04-30,2027803.907646402
San Diego,CA,"San Diego-Chula Vista-Carlsbad, CA",5,2025-05-31,2020907.3689556613
San Diego,CA,"San Diego-Chula Vista-Carlsbad, CA",5,2025-06-30,2004452.0907648827
San Diego,CA,"San Diego-Chula Vista-Carlsbad, CA",5,2025-07-31,1984277.174467056
San Diego,CA,"San Diego-Chula Vista-Carlsbad, CA",5,2025-08-31,1966001.974137644
San Diego,CA,"San Diego-Chula Vista-Carlsbad, CA",5,2025-09-30,1956586.791641868
San Diego,CA,"San Diego-Chula Vista-Carlsbad, CA",5,2025-10-31,1954949.3240810595
San Diego,CA,"San Diego-Chula Vista-Carlsbad, CA",5,2025-11-30,1957885.2700045265
San Diego,CA,"San Diego-Chula Vista-Carlsbad, CA",5,2025-12-31,1962330.1128729044
San Diego,CA,"San Diego-Chula Vista-Carlsbad, CA",5,2026-01-31,1965746.7893332215
San Diego,CA,"San Diego-Chula Vista-Carlsbad, CA",5,2026-02-28,1971234.8615879428
San Diego,CA,"San Diego-Chula Vista-Carlsbad, CA",5,2026-03-31,1977718.3121110615
San Diego,CA,"San Diego-Chula Vista-Carlsbad, CA",5,2026-04-30,1982724.681186229
San Diego,CA,"San Diego-Chula Vista-Carlsbad, CA",5,2026-05-31,1984704.6397364768
San Diego,CA,"San Diego-Chula Vista-Carlsbad, CA",5,2026-06-30,1982715.3573341405
San Francisco,CA,"San Francisco-Oakland-Berkeley, CA",1,2020-01-31,884772.2529319165
San Francisco,CA,"San Francisco-Oakland-Berkeley, CA",1,2020-02-29,884881.5695145711
San Francisco,CA,"San Francisco-Oakland-Berkeley, CA",1,2020-03-31,883260.0907934221
San Francisco,CA,"San Francisco-Oakland-Berkeley, CA",1,2020-04-30,881262.6057886392
San Francisco,CA,"San Francisco-Oakland-Berkeley, CA",1,2020-05-31,878310.1982108589
San Francisco,CA,"San Francisco-Oakland-Berkeley, CA",1,2020-06-30,873463.4631749969
San Francisco,CA,"San Francisco-Oakland-Berkeley, CA",1,2020-07-31,867968.8977469102
San Francisco,CA,"San Francisco-Oakland-Berkeley, CA",1,2020-08-31,864251.4463334793
San Francisco,CA,"San Francisco-Oakland-Berkeley, CA",1,2020-09-30,861758.7107148251
San Francisco,CA,"San Francisco-Oakland-Berkeley, CA",1,2020-10-31,859125.956376961
San Francisco,CA,"San Francisco-Oakland-Berkeley, CA",1,2020-11-30,856282.3991083015
San Francisco,CA,"San Francisco-Oakland-Berkeley, CA",1,2020-12-31,852708.8437844921
San Francisco,CA,"San Francisco-Oakland-Berkeley, CA",1,2021-01-31,848740.1487038444
San Francisco,CA,"San Francisco-Oakland-Berkeley, CA",1,2021-02-28,843036.057378713
San Francisco,CA,"San Francisco-Oakland-Berkeley, CA",1,2021-03-31,837831.9748361179
San Francisco,CA,"San Francisco-Oakland-Berkeley, CA",1,2021-04-30,833390.0049838395
San Francisco,CA,"San Francisco-Oakland-Berkeley, CA",1,2021-05-31,832892.9401962954
San Francisco,CA,"San Francisco-Oakland-Berkeley, CA",1,2021-06-30,834539.2844758001
San Francisco,CA,"San Francisco-Oakland-Berkeley, CA",1,2021-07-31,839081.2747566067
San Francisco,CA,"San Francisco-Oakland-Berkeley, CA",1,2021-08-31,843199.4382918692
San Francisco,CA,"San Francisco-Oakland-Berkeley, CA",1,2021-09-30,847029.7635176285
San Francisco,CA,"San Francisco-Oakland-Berkeley, CA",1,2021-10-31,850873.92000929
San Francisco,CA,"San Francisco-Oakland-Berkeley, CA",1,2021-11-30,857497.8606603253
San Francisco,CA,"San Francisco-Oakland-Berkeley, CA",1,2021-12-31,864656.5376248793
San Francisco,CA,"San Francisco-Oakland-Berkeley, CA",1,2022-01-31,869629.9812967431
San Francisco,CA,"San Francisco-Oakland-Berkeley, CA",1,2022-02-28,871991.0494299935
San Francisco,CA,"San Francisco-Oakland-Berkeley, CA",1,2022-03-31,873916.7314796551
San Francisco,CA,"San Francisco-Oakland-Berkeley, CA",1,2022-04-30,874666.5500098439
San Francisco,CA,"San Francisco-Oakland-Berkeley, CA",1,2022-05-31,872663.6467409938
San Francisco,CA,"San Francisco-Oakland-Berkeley, CA",1,2022-06-30,866254.8576323102
San Francisco,CA,"San Francisco-Oakland-Berkeley, CA",1,2022-07-31,856438.0010198232
San Francisco,CA,"San Francisco-Oakland-Berkeley, CA",1,2022-08-31,843043.6955740765
San Francisco,CA,"San Francisco-Oakland-Berkeley, CA",1,2022-09-30,827410.4958338216
San Francisco,CA,"San Francisco-Oakland-Berkeley, CA",1,2022-10-31,813110.5748081937
San Francisco,CA,"San Francisco-Oakland-Berkeley, CA",1,2022-11-30,801421.4875013287
San Francisco,CA,"San Francisco-Oakland-Berkeley, CA",1,2022-12-31,791376.6090307044
San Francisco,CA,"San Francisco-Oakland-Berkeley, CA",1,2023-01-31,781301.288947736
San Francisco,CA,"San Francisco-Oakland-Berkeley, CA",1,2023-02-28,772256.3370108245
San Francisco,CA,"San Francisco-Oakland-Berkeley, CA",1,2023-03-31,766067.9986046028
San Francisco,CA,"San Francisco-Oakland-Berkeley, CA",1,2023-04-30,762518.7259834037
San Francisco,CA,"San Francisco-Oakland-Berkeley, CA",1,2023-05-31,760315.8096968763
San Francisco,CA,"San Francisco-Oakland-Berkeley, CA",1,2023-06-30,759458.8992500231
San Francisco,CA,"San Francisco-Oakland-Berkeley, CA",1,2023-07-31,759687.522363816
San Francisco,CA,"San Francisco-Oakland-Berkeley, CA",1,2023-08-31,760378.3813808308
San Francisco,CA,"San Francisco-Oakland-Berkeley, CA",1,2023-09-30,760164.3063630261
San Francisco,CA,"San Francisco-Oakland-Berkeley, CA",1,2023-10-31,757104.3500436809
San Francisco,CA,"San Francisco-Oakland-Berkeley, CA",1,2023-11-30,752425.8015735028
San Francisco,CA,"San Francisco-Oakland-Berkeley, CA",1,2023-12-31,745715.7951483506
San Francisco,CA,"San Francisco-Oakland-Berkeley, CA",1,2024-01-31,740493.1818837739
San Francisco,CA,"San Francisco-Oakland-Berkeley, CA",1,2024-02-29,736373.2021321697
San Francisco,CA,"San Francisco-Oakland-Berkeley, CA",1,2024-03-31,737165.6722803056
San Francisco,CA,"San Francisco-Oakland-Berkeley, CA",1,2024-04-30,739847.1835421395
San Francisco,CA,"San Francisco-Oakland-Berkeley, CA",1,2024-05-31,742829.2896034037
San Francisco,CA,"San Francisco-Oakland-Berkeley, CA",1,2024-06-30,740966.4722349573
San Francisco,CA,"San Francisco-Oakland-Berkeley, CA",1,2024-07-31,738677.0375272065
San Francisco,CA,"San Francisco-Oakland-Berkeley, CA",1,2024-08-31,734371.8096623287
San Francisco,CA,"San Francisco-Oakland-Berkeley, CA",1,2024-09-30,732624.1891558043
San Francisco,CA,"San Francisco-Oakland-Berkeley, CA",1,2024-10-31,730249.5157725146
San Francisco,CA,"San Francisco-Oakland-Berkeley, CA",1,2024-11-30,730391.7853424781
San Francisco,CA,"San Francisco-Oakland-Berkeley, CA",1,2024-12-31,731310.4926154095
San Francisco,CA,"San Francisco-Oakland-Berkeley, CA",1,2025-01-31,732951.6404887844
San Francisco,CA,"San Francisco-Oakland-Berkeley, CA",1,2025-02-28,734733.1876785042
San Francisco,CA,"San Francisco-Oakland-Berkeley, CA",1,2025-03-31,734115.6644209424
San Francisco,CA,"San Francisco-Oakland-Berkeley, CA",1,2025-04-30,732038.3312732484
San Francisco,CA,"San Francisco-Oakland-Berkeley, CA",1,2025-05-31,727158.2635901356
San Francisco,CA,"San Francisco-Oakland-Berkeley, CA",1,2025-06-30,722233.7898513746
San Francisco,CA,"San Francisco-Oakland-Berkeley, CA",1,2025-07-31,716644.6883812137
San Francisco,CA,"San Francisco-Oakland-Berkeley, CA",1,2025-08-31,712222.3082812479
San Francisco,CA,"San Francisco-Oakland-Berkeley, CA",1,2025-09-30,709763.351632718
San Francisco,CA,"San Francisco-Oakland-Berkeley, CA",1,2025-10-31,711296.9217569212
San Francisco,CA,"San Francisco-Oakland-Berkeley, CA",1,2025-11-30,714550.3229907309
San Francisco,CA,"San Francisco-Oakland-Berkeley, CA",1,2025-12-31,720019.3781967163
San Francisco,CA,"San Francisco-Oakland-Berkeley, CA",1,2026-01-31,726044.4909593681
San Francisco,CA,"San Francisco-Oakland-Berkeley, CA",1,2026-02-28,733024.3364505171
San Francisco,CA,"San Francisco-Oakland-Berkeley, CA",1,2026-03-31,738556.3113772306
San Francisco,CA,"San Francisco-Oakland-Berkeley, CA",1,2026-04-30,742528.928712184
San Francisco,CA,"San Francisco-Oakland-Berkeley, CA",1,2026-05-31,748138.4381420221
San Francisco,CA,"San Francisco-Oakland-Berkeley, CA",1,2026-06-30,755665.9099507398
San Francisco,CA,"San Francisco-Oakland-Berkeley, CA",2,2020-01-31,1230067.6507118377
San Francisco,CA,"San Francisco-Oakland-Berkeley, CA",2,2020-02-29,1233079.040681074
San Francisco,CA,"San Francisco-Oakland-Berkeley, CA",2,2020-03-31,1237234.919004108
San Francisco,CA,"San Francisco-Oakland-Berkeley, CA",2,2020-04-30,1240340.256420068
San Francisco,CA,"San Francisco-Oakland-Berkeley, CA",2,2020-05-31,1238114.3718565542
San Francisco,CA,"San Francisco-Oakland-Berkeley, CA",2,2020-06-30,1228964.1089672365
San Francisco,CA,"San Francisco-Oakland-Berkeley, CA",2,2020-07-31,1221148.3153955955
San Francisco,CA,"San Francisco-Oakland-Berkeley, CA",2,2020-08-31,1220575.8033613537
San Francisco,CA,"San Francisco-Oakland-Berkeley, CA",2,2020-09-30,1224959.736349073
San Francisco,CA,"San Francisco-Oakland-Berkeley, CA",2,2020-10-31,1228461.3699512484
San Francisco,CA,"San Francisco-Oakland-Berkeley, CA",2,2020-11-30,1230422.840085996
San Francisco,CA,"San Francisco-Oakland-Berkeley, CA",2,2020-12-31,1230923.2942836378
San Francisco,CA,"San Francisco-Oakland-Berkeley, CA",2,2021-01-31,1229936.0422299386
San Francisco,CA,"San Francisco-Oakland-Berkeley, CA",2,2021-02-28,1228129.8863482594
San Francisco,CA,"San Francisco-Oakland-Berkeley, CA",2,2021-03-31,1227997.7838865614
San Francisco,CA,"San Francisco-Oakland-Berkeley, CA",2,2021-04-30,1231005.1255167513
San Francisco,CA,"San Francisco-Oakland-Berkeley, CA",2,2021-05-31,1239385.905992196
San Francisco,CA,"San Francisco-Oakland-Berkeley, CA",2,2021-06-30,1250498.448244328
San Francisco,CA,"San Francisco-Oakland-Berkeley, CA",2,2021-07-31,1263812.565390612
San Francisco,CA,"San Francisco-Oakland-Berkeley, CA",2,2021-08-31,1273252.8256333058
San Francisco,CA,"San Francisco-Oakland-Berkeley, CA",2,2021-09-30,1279652.2864890103
San Francisco,CA,"San Francisco-Oakland-Berkeley, CA",2,2021-10-31,1284699.869909621
San Francisco,CA,"San Francisco-Oakland-Berkeley, CA",2,2021-11-30,1293401.2088289752
San Francisco,CA,"San Francisco-Oakland-Berkeley, CA",2,2021-12-31,1302460.8454772886
San Francisco,CA,"San Francisco-Oakland-Berkeley, CA",2,2022-01-31,1312675.2480309342
San Francisco,CA,"San Francisco-Oakland-Berkeley, CA",2,2022-02-28,1326410.09652164
San Francisco,CA,"San Francisco-Oakland-Berkeley, CA",2,2022-03-31,1343962.571297465
San Francisco,CA,"San Francisco-Oakland-Berkeley, CA",2,2022-04-30,1358775.7829357383
San Francisco,CA,"San Francisco-Oakland-Berkeley, CA",2,2022-05-31,1364743.044012586
San Francisco,CA,"San Francisco-Oakland-Berkeley, CA",2,2022-06-30,1359389.4858051543
San Francisco,CA,"San Francisco-Oakland-Berkeley, CA",2,2022-07-31,1343657.7907913818
San Francisco,CA,"San Francisco-Oakland-Berkeley, CA",2,2022-08-31,1318190.6180662557
San Francisco,CA,"San Francisco-Oakland-Berkeley, CA",2,2022-09-30,1288367.0204213818
San Francisco,CA,"San Francisco-Oakland-Berkeley, CA",2,2022-10-31,1262393.7985483513
San Francisco,CA,"San Francisco-Oakland-Berkeley, CA",2,2022-11-30,1242184.6404434138
San Francisco,CA,"San Francisco-Oakland-Berkeley, CA",2,2022-12-31,1226701.2716338346
San Francisco,CA,"San Francisco-Oakland-Berkeley, CA",2,2023-01-31,1209286.9003742924
San Francisco,CA,"San Francisco-Oakland-Berkeley, CA",2,2023-02-28,1193534.117399601
San Francisco,CA,"San Francisco-Oakland-Berkeley, CA",2,2023-03-31,1181060.0900660164
San Francisco,CA,"San Francisco-Oakland-Berkeley, CA",2,2023-04-30,1176278.881042153
San Francisco,CA,"San Francisco-Oakland-Berkeley, CA",2,2023-05-31,1174222.7683991818
San Francisco,CA,"San Francisco-Oakland-Berkeley, CA",2,2023-06-30,1174353.1259519337
San Francisco,CA,"San Francisco-Oakland-Berkeley, CA",2,2023-07-31,1175127.6626579172
San Francisco,CA,"San Francisco-Oakland-Berkeley, CA",2,2023-08-31,1177186.1696539398
San Francisco,CA,"San Francisco-Oakland-Berkeley, CA",2,2023-09-30,1178756.1940200562
San Francisco,CA,"San Francisco-Oakland-Berkeley, CA",2,2023-10-31,1177283.1649751728
San Francisco,CA,"San Francisco-Oakland-Berkeley, CA",2,2023-11-30,1172590.3563542587
San Francisco,CA,"San Francisco-Oakland-Berkeley, CA",2,2023-12-31,1165067.3562975393
San Francisco,CA,"San Francisco-Oakland-Berkeley, CA",2,2024-01-31,1156488.74816811
San Francisco,CA,"San Francisco-Oakland-Berkeley, CA",2,2024-02-29,1149500.557660297
San Francisco,CA,"San Francisco-Oakland-Berkeley, CA",2,2024-03-31,1150392.644353077
San Francisco,CA,"San Francisco-Oakland-Berkeley, CA",2,2024-04-30,1157915.6398259485
San Francisco,CA,"San Francisco-Oakland-Berkeley, CA",2,2024-05-31,1167848.701520541
San Francisco,CA,"San Francisco-Oakland-Berkeley, CA",2,2024-06-30,1171412.1352976563
San Francisco,CA,"San Francisco-Oakland-Berkeley, CA",2,2024-07-31,1173226.4635475073
San Francisco,CA,"San Francisco-Oakland-Berkeley, CA",2,2024-08-31,1172194.8244107764
San Francisco,CA,"San Francisco-Oakland-Berkeley, CA",2,2024-09-30,1172736.717438792
San Francisco,CA,"San Francisco-Oakland-Berkeley, CA",2,2024-10-31,1171107.6310113796
San Francisco,CA,"San Francisco-Oakland-Berkeley, CA",2,2024-11-30,1171753.2076837628
San Francisco,CA,"San Francisco-Oakland-Berkeley, CA",2,2024-12-31,1173417.2125132508
San Francisco,CA,"San Francisco-Oakland-Berkeley, CA",2,2025-01-31,1175270.2791642472
San Francisco,CA,"San Francisco-Oakland-Berkeley, CA",2,2025-02-28,1175916.237322442
San Francisco,CA,"San Francisco-Oakland-Berkeley, CA",2,2025-03-31,1174517.5304779336
San Francisco,CA,"San Francisco-Oakland-Berkeley, CA",2,2025-04-30,1172997.9960439552
San Francisco,CA,"San Francisco-Oakland-Berkeley, CA",2,2025-05-31,1169056.4499292346
San Francisco,CA,"San Francisco-Oakland-Berkeley, CA",2,2025-06-30,1164010.737578456
San Francisco,CA,"San Francisco-Oakland-Berkeley, CA",2,2025-07-31,1159708.940345536
San Francisco,CA,"San Francisco-Oakland-Berkeley, CA",2,2025-08-31,1157828.0975200876
San Francisco,CA,"San Francisco-Oakland-Berkeley, CA",2,2025-09-30,1160637.166171963
San Francisco,CA,"San Francisco-Oakland-Berkeley, CA",2,2025-10-31,1168360.5528070885
San Francisco,CA,"San Francisco-Oakland-Berkeley, CA",2,2025-11-30,1179368.9785259694
San Francisco,CA,"San Francisco-Oakland-Berkeley, CA",2,2025-12-31,1194153.1555799106
San Francisco,CA,"San Francisco-Oakland-Berkeley, CA",2,2026-01-31,1207089.4529112205
San Francisco,CA,"San Francisco-Oakland-Berkeley, CA",2,2026-02-28,1218898.677960247
San Francisco,CA,"San Francisco-Oakland-Berkeley, CA",2,2026-03-31,1228890.3916537792
San Francisco,CA,"San Francisco-Oakland-Berkeley, CA",2,2026-04-30,1239280.4246938897
San Francisco,CA,"San Francisco-Oakland-Berkeley, CA",2,2026-05-31,1253754.249531084
San Francisco,CA,"San Francisco-Oakland-Berkeley, CA",2,2026-06-30,1269751.756095158
San Francisco,CA,"San Francisco-Oakland-Berkeley, CA",3,2020-01-31,1553601.72269967
San Francisco,CA,"San Francisco-Oakland-Berkeley, CA",3,2020-02-29,1558393.10732429
San Francisco,CA,"San Francisco-Oakland-Berkeley, CA",3,2020-03-31,1567601.5702932382
San Francisco,CA,"San Francisco-Oakland-Berkeley, CA",3,2020-04-30,1575453.0180547424
San Francisco,CA,"San Francisco-Oakland-Berkeley, CA",3,2020-05-31,1574610.8083037212
San Francisco,CA,"San Francisco-Oakland-Berkeley, CA",3,2020-06-30,1562039.4592001075
San Francisco,CA,"San Francisco-Oakland-Berkeley, CA",3,2020-07-31,1551609.8811155008
San Francisco,CA,"San Francisco-Oakland-Berkeley, CA",3,2020-08-31,1552681.0620949983
San Francisco,CA,"San Francisco-Oakland-Berkeley, CA",3,2020-09-30,1562460.8989592437
San Francisco,CA,"San Francisco-Oakland-Berkeley, CA",3,2020-10-31,1571224.1265142437
San Francisco,CA,"San Francisco-Oakland-Berkeley, CA",3,2020-11-30,1579078.1526284732
San Francisco,CA,"San Francisco-Oakland-Berkeley, CA",3,2020-12-31,1584970.516376424
San Francisco,CA,"San Francisco-Oakland-Berkeley, CA",3,2021-01-31,1588381.050431542
San Francisco,CA,"San Francisco-Oakland-Berkeley, CA",3,2021-02-28,1589888.2503572423
San Francisco,CA,"San Francisco-Oakland-Berkeley, CA",3,2021-03-31,1593911.387654466
San Francisco,CA,"San Francisco-Oakland-Berkeley, CA",3,2021-04-30,1603242.638012158
San Francisco,CA,"San Francisco-Oakland-Berkeley, CA",3,2021-05-31,1619039.1653904456
San Francisco,CA,"San Francisco-Oakland-Berkeley, CA",3,2021-06-30,1638095.4339615975
San Francisco,CA,"San Francisco-Oakland-Berkeley, CA",3,2021-07-31,1656573.446066621
San Francisco,CA,"San Francisco-Oakland-Berkeley, CA",3,2021-08-31,1667953.6587173746
San Francisco,CA,"San Francisco-Oakland-Berkeley, CA",3,2021-09-30,1672845.7956911975
San Francisco,CA,"San Francisco-Oakland-Berkeley, CA",3,2021-10-31,1677224.8289536957
San Francisco,CA,"San Francisco-Oakland-Berkeley, CA",3,2021-11-30,1687369.7695149817
San Francisco,CA,"San Francisco-Oakland-Berkeley, CA",3,2021-12-31,1699549.8518068772
San Francisco,CA,"San Francisco-Oakland-Berkeley, CA",3,2022-01-31,1716230.2304942375
San Francisco,CA,"San Francisco-Oakland-Berkeley, CA",3,2022-02-28,1740615.166151452
San Francisco,CA,"San Francisco-Oakland-Berkeley, CA",3,2022-03-31,1771715.370971843
San Francisco,CA,"San Francisco-Oakland-Berkeley, CA",3,2022-04-30,1797016.7080629517
San Francisco,CA,"San Francisco-Oakland-Berkeley, CA",3,2022-05-31,1808984.6279196804
San Francisco,CA,"San Francisco-Oakland-Berkeley, CA",3,2022-06-30,1804590.5086520792
San Francisco,CA,"San Francisco-Oakland-Berkeley, CA",3,2022-07-31,1783862.34530833
San Francisco,CA,"San Francisco-Oakland-Berkeley, CA",3,2022-08-31,1746887.3853074603
San Francisco,CA,"San Francisco-Oakland-Berkeley, CA",3,2022-09-30,1702248.7103598118
San Francisco,CA,"San Francisco-Oakland-Berkeley, CA",3,2022-10-31,1665350.5435643513
San Francisco,CA,"San Francisco-Oakland-Berkeley, CA",3,2022-11-30,1637098.0101662136
San Francisco,CA,"San Francisco-Oakland-Berkeley, CA",3,2022-12-31,1615902.5182976918
San Francisco,CA,"San Francisco-Oakland-Berkeley, CA",3,2023-01-31,1590018.4726893331
San Francisco,CA,"San Francisco-Oakland-Berkeley, CA",3,2023-02-28,1567629.039043714
San Francisco,CA,"San Francisco-Oakland-Berkeley, CA",3,2023-03-31,1549359.9307451693
San Francisco,CA,"San Francisco-Oakland-Berkeley, CA",3,2023-04-30,1543340.272639654
San Francisco,CA,"San Francisco-Oakland-Berkeley, CA",3,2023-05-31,1540174.465359992
San Francisco,CA,"San Francisco-Oakland-Berkeley, CA",3,2023-06-30,1539793.410759122
San Francisco,CA,"San Francisco-Oakland-Berkeley, CA",3,2023-07-31,1539834.911654098
San Francisco,CA,"San Francisco-Oakland-Berkeley, CA",3,2023-08-31,1542411.963851967
San Francisco,CA,"San Francisco-Oakland-Berkeley, CA",3,2023-09-30,1544295.2141988848
San Francisco,CA,"San Francisco-Oakland-Berkeley, CA",3,2023-10-31,1542911.5166860756
San Francisco,CA,"San Francisco-Oakland-Berkeley, CA",3,2023-11-30,1536229.0319393445
San Francisco,CA,"San Francisco-Oakland-Berkeley, CA",3,2023-12-31,1525958.8772422671
San Francisco,CA,"San Francisco-Oakland-Berkeley, CA",3,2024-01-31,1512746.324126184
San Francisco,CA,"San Francisco-Oakland-Berkeley, CA",3,2024-02-29,1501664.8322805492
San Francisco,CA,"San Francisco-Oakland-Berkeley, CA",3,2024-03-31,1503194.2660573646
San Francisco,CA,"San Francisco-Oakland-Berkeley, CA",3,2024-04-30,1516071.8108143182
San Francisco,CA,"San Francisco-Oakland-Berkeley, CA",3,2024-05-31,1534307.0929968369
San Francisco,CA,"San Francisco-Oakland-Berkeley, CA",3,2024-06-30,1543344.6054246891
San Francisco,CA,"San Francisco-Oakland-Berkeley, CA",3,2024-07-31,1547466.507042966
San Francisco,CA,"San Francisco-Oakland-Berkeley, CA",3,2024-08-31,1547441.994722801
San Francisco,CA,"San Francisco-Oakland-Berkeley, CA",3,2024-09-30,1547916.7347604774
San Francisco,CA,"San Francisco-Oakland-Berkeley, CA",3,2024-10-31,1546406.4114793974
San Francisco,CA,"San Francisco-Oakland-Berkeley, CA",3,2024-11-30,1547343.3229209797
San Francisco,CA,"San Francisco-Oakland-Berkeley, CA",3,2024-12-31,1550496.752798072
San Francisco,CA,"San Francisco-Oakland-Berkeley, CA",3,2025-01-31,1553392.7349459007
San Francisco,CA,"San Francisco-Oakland-Berkeley, CA",3,2025-02-28,1554968.21235969
San Francisco,CA,"San Francisco-Oakland-Berkeley, CA",3,2025-03-31,1554736.8414532924
San Francisco,CA,"San Francisco-Oakland-Berkeley, CA",3,2025-04-30,1554402.907739099
San Francisco,CA,"San Francisco-Oakland-Berkeley, CA",3,2025-05-31,1549467.1507745804
San Francisco,CA,"San Francisco-Oakland-Berkeley, CA",3,2025-06-30,1541401.6946491392
San Francisco,CA,"San Francisco-Oakland-Berkeley, CA",3,2025-07-31,1536051.502657907
San Francisco,CA,"San Francisco-Oakland-Berkeley, CA",3,2025-08-31,1535912.6846807247
San Francisco,CA,"San Francisco-Oakland-Berkeley, CA",3,2025-09-30,1543475.132326652
San Francisco,CA,"San Francisco-Oakland-Berkeley, CA",3,2025-10-31,1557412.3313279878
San Francisco,CA,"San Francisco-Oakland-Berkeley, CA",3,2025-11-30,1575626.315644122
San Francisco,CA,"San Francisco-Oakland-Berkeley, CA",3,2025-12-31,1599509.9432028402
San Francisco,CA,"San Francisco-Oakland-Berkeley, CA",3,2026-01-31,1619202.8583384964
San Francisco,CA,"San Francisco-Oakland-Berkeley, CA",3,2026-02-28,1636428.5309210804
San Francisco,CA,"San Francisco-Oakland-Berkeley, CA",3,2026-03-31,1650636.2970408788
San Francisco,CA,"San Francisco-Oakland-Berkeley, CA",3,2026-04-30,1666272.0881774782
San Francisco,CA,"San Francisco-Oakland-Berkeley, CA",3,2026-05-31,1688175.764777736
San Francisco,CA,"San Francisco-Oakland-Berkeley, CA",3,2026-06-30,1711721.2851024223
San Francisco,CA,"San Francisco-Oakland-Berkeley, CA",4,2020-01-31,1929189.6133292087
San Francisco,CA,"San Francisco-Oakland-Berkeley, CA",4,2020-02-29,1935877.6486038044
San Francisco,CA,"San Francisco-Oakland-Berkeley, CA",4,2020-03-31,1949123.602532716
San Francisco,CA,"San Francisco-Oakland-Berkeley, CA",4,2020-04-30,1959853.3332332943
San Francisco,CA,"San Francisco-Oakland-Berkeley, CA",4,2020-05-31,1958560.617529956
San Francisco,CA,"San Francisco-Oakland-Berkeley, CA",4,2020-06-30,1940374.392004768
San Francisco,CA,"San Francisco-Oakland-Berkeley, CA",4,2020-07-31,1926117.788835788
San Francisco,CA,"San Francisco-Oakland-Berkeley, CA",4,2020-08-31,1928120.3534974563
San Francisco,CA,"San Francisco-Oakland-Berkeley, CA",4,2020-09-30,1944205.2187023629
San Francisco,CA,"San Francisco-Oakland-Berkeley, CA",4,2020-10-31,1959033.515194595
San Francisco,CA,"San Francisco-Oakland-Berkeley, CA",4,2020-11-30,1973299.4716217185
San Francisco,CA,"San Francisco-Oakland-Berkeley, CA",4,2020-12-31,1985172.536500906
San Francisco,CA,"San Francisco-Oakland-Berkeley, CA",4,2021-01-31,1993901.0216641063
San Francisco,CA,"San Francisco-Oakland-Berkeley, CA",4,2021-02-28,1998373.8858317256
San Francisco,CA,"San Francisco-Oakland-Berkeley, CA",4,2021-03-31,2004857.6443961144
San Francisco,CA,"San Francisco-Oakland-Berkeley, CA",4,2021-04-30,2017999.4836338267
San Francisco,CA,"San Francisco-Oakland-Berkeley, CA",4,2021-05-31,2040584.273186256
San Francisco,CA,"San Francisco-Oakland-Berkeley, CA",4,2021-06-30,2067678.6713403405
San Francisco,CA,"San Francisco-Oakland-Berkeley, CA",4,2021-07-31,2092014.4054060385
San Francisco,CA,"San Francisco-Oakland-Berkeley, CA",4,2021-08-31,2105872.108598054
San Francisco,CA,"San Francisco-Oakland-Berkeley, CA",4,2021-09-30,2110505.23137261
San Francisco,CA,"San Francisco-Oakland-Berkeley, CA",4,2021-10-31,2115597.418752277
San Francisco,CA,"San Francisco-Oakland-Berkeley, CA",4,2021-11-30,2128342.788002134
San Francisco,CA,"San Francisco-Oakland-Berkeley, CA",4,2021-12-31,2143756.551192461
San Francisco,CA,"San Francisco-Oakland-Berkeley, CA",4,2022-01-31,2166110.7481671055
San Francisco,CA,"San Francisco-Oakland-Berkeley, CA",4,2022-02-28,2200501.4450169946
San Francisco,CA,"San Francisco-Oakland-Berkeley, CA",4,2022-03-31,2245317.103326317
San Francisco,CA,"San Francisco-Oakland-Berkeley, CA",4,2022-04-30,2281718.882403705
San Francisco,CA,"San Francisco-Oakland-Berkeley, CA",4,2022-05-31,2300580.292355799
San Francisco,CA,"San Francisco-Oakland-Berkeley, CA",4,2022-06-30,2298552.605994987
San Francisco,CA,"San Francisco-Oakland-Berkeley, CA",4,2022-07-31,2273176.3560527056
San Francisco,CA,"San Francisco-Oakland-Berkeley, CA",4,2022-08-31,2223217.583531723
San Francisco,CA,"San Francisco-Oakland-Berkeley, CA",4,2022-09-30,2161370.9254183914
San Francisco,CA,"San Francisco-Oakland-Berkeley, CA",4,2022-10-31,2112062.161543513
San Francisco,CA,"San Francisco-Oakland-Berkeley, CA",4,2022-11-30,2075990.1753208153
San Francisco,CA,"San Francisco-Oakland-Berkeley, CA",4,2022-12-31,2049146.1620802744
San Francisco,CA,"San Francisco-Oakland-Berkeley, CA",4,2023-01-31,2016438.9856545075
San Francisco,CA,"San Francisco-Oakland-Berkeley, CA",4,2023-02-28,1989356.0595724415
San Francisco,CA,"San Francisco-Oakland-Berkeley, CA",4,2023-03-31,1966616.149172665
San Francisco,CA,"San Francisco-Oakland-Berkeley, CA",4,2023-04-30,1958237.52993936
San Francisco,CA,"San Francisco-Oakland-Berkeley, CA",4,2023-05-31,1950663.7537205413
San Francisco,CA,"San Francisco-Oakland-Berkeley, CA",4,2023-06-30,1946792.1375911832
San Francisco,CA,"San Francisco-Oakland-Berkeley, CA",4,2023-07-31,1943807.5442622108
San Francisco,CA,"San Francisco-Oakland-Berkeley, CA",4,2023-08-31,1944100.4107350197
San Francisco,CA,"San Francisco-Oakland-Berkeley, CA",4,2023-09-30,1943228.440517404
San Francisco,CA,"San Francisco-Oakland-Berkeley, CA",4,2023-10-31,1938290.8251124872
San Francisco,CA,"San Francisco-Oakland-Berkeley, CA",4,2023-11-30,1927780.3010198527
San Francisco,CA,"San Francisco-Oakland-Berkeley, CA",4,2023-12-31,1913373.0665387567
San Francisco,CA,"San Francisco-Oakland-Berkeley, CA",4,2024-01-31,1895066.3210305965
San Francisco,CA,"San Francisco-Oakland-Berkeley, CA",4,2024-02-29,1879261.6453690976
San Francisco,CA,"San Francisco-Oakland-Berkeley, CA",4,2024-03-31,1880834.285373842
San Francisco,CA,"San Francisco-Oakland-Berkeley, CA",4,2024-04-30,1898517.9709734789
San Francisco,CA,"San Francisco-Oakland-Berkeley, CA",4,2024-05-31,1924281.9878441885
San Francisco,CA,"San Francisco-Oakland-Berkeley, CA",4,2024-06-30,1937795.7602819847
San Francisco,CA,"San Francisco-Oakland-Berkeley, CA",4,2024-07-31,1942372.7784711013
San Francisco,CA,"San Francisco-Oakland-Berkeley, CA",4,2024-08-31,1941375.4713581863
San Francisco,CA,"San Francisco-Oakland-Berkeley, CA",4,2024-09-30,1940186.5359976655
San Francisco,CA,"San Francisco-Oakland-Berkeley, CA",4,2024-10-31,1938695.4467085844
San Francisco,CA,"San Francisco-Oakland-Berkeley, CA",4,2024-11-30,1940243.1727883453
San Francisco,CA,"San Francisco-Oakland-Berkeley, CA",4,2024-12-31,1945400.0402193528
San Francisco,CA,"San Francisco-Oakland-Berkeley, CA",4,2025-01-31,1949500.8383044023
San Francisco,CA,"San Francisco-Oakland-Berkeley, CA",4,2025-02-28,1952351.043267242
San Francisco,CA,"San Francisco-Oakland-Berkeley, CA",4,2025-03-31,1953710.776898539
San Francisco,CA,"San Francisco-Oakland-Berkeley, CA",4,2025-04-30,1955221.4277165404
San Francisco,CA,"San Francisco-Oakland-Berkeley, CA",4,2025-05-31,1949755.1664583392
San Francisco,CA,"San Francisco-Oakland-Berkeley, CA",4,2025-06-30,1938547.2444577597
San Francisco,CA,"San Francisco-Oakland-Berkeley, CA",4,2025-07-31,1931062.5081237955
San Francisco,CA,"San Francisco-Oakland-Berkeley, CA",4,2025-08-31,1930945.182028833
San Francisco,CA,"San Francisco-Oakland-Berkeley, CA",4,2025-09-30,1940885.8108576832
San Francisco,CA,"San Francisco-Oakland-Berkeley, CA",4,2025-10-31,1958607.2454274923
San Francisco,CA,"San Francisco-Oakland-Berkeley, CA",4,2025-11-30,1981523.3569878663
San Francisco,CA,"San Francisco-Oakland-Berkeley, CA",4,2025-12-31,2012484.8417738825
San Francisco,CA,"San Francisco-Oakland-Berkeley, CA",4,2026-01-31,2038431.6777176184
San Francisco,CA,"San Francisco-Oakland-Berkeley, CA",4,2026-02-28,2061292.790549428
San Francisco,CA,"San Francisco-Oakland-Berkeley, CA",4,2026-03-31,2081033.6905558328
San Francisco,CA,"San Francisco-Oakland-Berkeley, CA",4,2026-04-30,2103212.7395830546
San Francisco,CA,"San Francisco-Oakland-Berkeley, CA",4,2026-05-31,2134016.512438561
San Francisco,CA,"San Francisco-Oakland-Berkeley, CA",4,2026-06-30,2166344.690615706
San Francisco,CA,"San Francisco-Oakland-Berkeley, CA",5,2020-01-31,2438597.542683369
San Francisco,CA,"San Francisco-Oakland-Berkeley, CA",5,2020-02-29,2448672.4266979746
San Francisco,CA,"San Francisco-Oakland-Berkeley, CA",5,2020-03-31,2465441.4621150363
San Francisco,CA,"San Francisco-Oakland-Berkeley, CA",5,2020-04-30,2477789.878926053
San Francisco,CA,"San Francisco-Oakland-Berkeley, CA",5,2020-05-31,2473656.4412962673
San Francisco,CA,"San Francisco-Oakland-Berkeley, CA",5,2020-06-30,2448861.224878439
San Francisco,CA,"San Francisco-Oakland-Berkeley, CA",5,2020-07-31,2430052.012786441
San Francisco,CA,"San Francisco-Oakland-Berkeley, CA",5,2020-08-31,2433128.431896553
San Francisco,CA,"San Francisco-Oakland-Berkeley, CA",5,2020-09-30,2455732.603184127
San Francisco,CA,"San Francisco-Oakland-Berkeley, CA",5,2020-10-31,2474314.9547644677
San Francisco,CA,"San Francisco-Oakland-Berkeley, CA",5,2020-11-30,2489736.192432835
San Francisco,CA,"San Francisco-Oakland-Berkeley, CA",5,2020-12-31,2500964.204288912
San Francisco,CA,"San Francisco-Oakland-Berkeley, CA",5,2021-01-31,2511595.913492607
San Francisco,CA,"San Francisco-Oakland-Berkeley, CA",5,2021-02-28,2516376.020963752
San Francisco,CA,"San Francisco-Oakland-Berkeley, CA",5,2021-03-31,2522947.981052328
San Francisco,CA,"San Francisco-Oakland-Berkeley, CA",5,2021-04-30,2535591.413950917
San Francisco,CA,"San Francisco-Oakland-Berkeley, CA",5,2021-05-31,2562729.9343401925
San Francisco,CA,"San Francisco-Oakland-Berkeley, CA",5,2021-06-30,2595599.742606229
San Francisco,CA,"San Francisco-Oakland-Berkeley, CA",5,2021-07-31,2625946.260285094
San Francisco,CA,"San Francisco-Oakland-Berkeley, CA",5,2021-08-31,2644367.439036056
San Francisco,CA,"San Francisco-Oakland-Berkeley, CA",5,2021-09-30,2654397.171957093
San Francisco,CA,"San Francisco-Oakland-Berkeley, CA",5,2021-10-31,2664451.367333271
San Francisco,CA,"San Francisco-Oakland-Berkeley, CA",5,2021-11-30,2683605.54687749
San Francisco,CA,"San Francisco-Oakland-Berkeley, CA",5,2021-12-31,2705022.9408829412
San Francisco,CA,"San Francisco-Oakland-Berkeley, CA",5,2022-01-31,2732832.7299189083
San Francisco,CA,"San Francisco-Oakland-Berkeley, CA",5,2022-02-28,2772121.0224806084
San Francisco,CA,"San Francisco-Oakland-Berkeley, CA",5,2022-03-31,2823775.6580350804
San Francisco,CA,"San Francisco-Oakland-Berkeley, CA",5,2022-04-30,2865663.923848312
San Francisco,CA,"San Francisco-Oakland-Berkeley, CA",5,2022-05-31,2886281.0050716996
San Francisco,CA,"San Francisco-Oakland-Berkeley, CA",5,2022-06-30,2881205.3471137933
San Francisco,CA,"San Francisco-Oakland-Berkeley, CA",5,2022-07-31,2849017.992344217
San Francisco,CA,"San Francisco-Oakland-Berkeley, CA",5,2022-08-31,2787238.867747555
San Francisco,CA,"San Francisco-Oakland-Berkeley, CA",5,2022-09-30,2710257.374431994
San Francisco,CA,"San Francisco-Oakland-Berkeley, CA",5,2022-10-31,2649500.206029197
San Francisco,CA,"San Francisco-Oakland-Berkeley, CA",5,2022-11-30,2605087.29505058
San Francisco,CA,"San Francisco-Oakland-Berkeley, CA",5,2022-12-31,2570014.1238381187
San Francisco,CA,"San Francisco-Oakland-Berkeley, CA",5,2023-01-31,2527259.5630633733
San Francisco,CA,"San Francisco-Oakland-Berkeley, CA",5,2023-02-28,2492941.0204616636
San Francisco,CA,"San Francisco-Oakland-Berkeley, CA",5,2023-03-31,2467009.9210624127
San Francisco,CA,"San Francisco-Oakland-Berkeley, CA",5,2023-04-30,2457813.7553229085
San Francisco,CA,"San Francisco-Oakland-Berkeley, CA",5,2023-05-31,2445948.0761857806
San Francisco,CA,"San Francisco-Oakland-Berkeley, CA",5,2023-06-30,2437238.545117132
San Francisco,CA,"San Francisco-Oakland-Berkeley, CA",5,2023-07-31,2430131.601353817
San Francisco,CA,"San Francisco-Oakland-Berkeley, CA",5,2023-08-31,2428736.6845350116
San Francisco,CA,"San Francisco-Oakland-Berkeley, CA",5,2023-09-30,2424519.1489031436
San Francisco,CA,"San Francisco-Oakland-Berkeley, CA",5,2023-10-31,2413738.250417458
San Francisco,CA,"San Francisco-Oakland-Berkeley, CA",5,2023-11-30,2397982.0433298782
San Francisco,CA,"San Francisco-Oakland-Berkeley, CA",5,2023-12-31,2378788.335225389
San Francisco,CA,"San Francisco-Oakland-Berkeley, CA",5,2024-01-31,2356084.435900106
San Francisco,CA,"San Francisco-Oakland-Berkeley, CA",5,2024-02-29,2333770.886729502
San Francisco,CA,"San Francisco-Oakland-Berkeley, CA",5,2024-03-31,2333185.395896623
San Francisco,CA,"San Francisco-Oakland-Berkeley, CA",5,2024-04-30,2352879.666871025
San Francisco,CA,"San Francisco-Oakland-Berkeley, CA",5,2024-05-31,2383597.01004997
San Francisco,CA,"San Francisco-Oakland-Berkeley, CA",5,2024-06-30,2399174.403239858
San Francisco,CA,"San Francisco-Oakland-Berkeley, CA",5,2024-07-31,2404311.7786332364
San Francisco,CA,"San Francisco-Oakland-Berkeley, CA",5,2024-08-31,2403648.9951961488
San Francisco,CA,"San Francisco-Oakland-Berkeley, CA",5,2024-09-30,2403166.5476271897
San Francisco,CA,"San Francisco-Oakland-Berkeley, CA",5,2024-10-31,2401637.534328298
San Francisco,CA,"San Francisco-Oakland-Berkeley, CA",5,2024-11-30,2402323.7036253847
San Francisco,CA,"San Francisco-Oakland-Berkeley, CA",5,2024-12-31,2406302.3236223403
San Francisco,CA,"San Francisco-Oakland-Berkeley, CA",5,2025-01-31,2409720.168190523
San Francisco,CA,"San Francisco-Oakland-Berkeley, CA",5,2025-02-28,2413023.8010033127
San Francisco,CA,"San Francisco-Oakland-Berkeley, CA",5,2025-03-31,2416643.8875637976
San Francisco,CA,"San Francisco-Oakland-Berkeley, CA",5,2025-04-30,2419781.2457109806
San Francisco,CA,"San Francisco-Oakland-Berkeley, CA",5,2025-05-31,2413907.884601083
San Francisco,CA,"San Francisco-Oakland-Berkeley, CA",5,2025-06-30,2399703.2493004776
San Francisco,CA,"San Francisco-Oakland-Berkeley, CA",5,2025-07-31,2391402.379433881
San Francisco,CA,"San Francisco-Oakland-Berkeley, CA",5,2025-08-31,2392370.745865328
San Francisco,CA,"San Francisco-Oakland-Berkeley, CA",5,2025-09-30,2404834.712059347
San Francisco,CA,"San Francisco-Oakland-Berkeley, CA",5,2025-10-31,2426399.778621299
San Francisco,CA,"San Francisco-Oakland-Berkeley, CA",5,2025-11-30,2454538.0813004267
San Francisco,CA,"San Francisco-Oakland-Berkeley, CA",5,2025-12-31,2494423.068089983
San Francisco,CA,"San Francisco-Oakland-Berkeley, CA",5,2026-01-31,2529038.944212058
San Francisco,CA,"San Francisco-Oakland-Berkeley, CA",5,2026-02-28,2560514.8305027154
San Francisco,CA,"San Francisco-Oakland-Berkeley, CA",5,2026-03-31,2587897.568641085
San Francisco,CA,"San Francisco-Oakland-Berkeley, CA",5,2026-04-30,2617948.090554848
San Francisco,CA,"San Francisco-Oakland-Berkeley, CA",5,2026-05-31,2659835.1069300394
San Francisco,CA,"San Francisco-Oakland-Berkeley, CA",5,2026-06-30,2706287.298380466
Seattle,WA,"Seattle-Tacoma-Bellevue, WA",1,2020-01-31,450593.9309644227
Seattle,WA,"Seattle-Tacoma-Bellevue, WA",1,2020-02-29,452213.159433006
Seattle,WA,"Seattle-Tacoma-Bellevue, WA",1,2020-03-31,454505.6597605257
Seattle,WA,"Seattle-Tacoma-Bellevue, WA",1,2020-04-30,456865.28111043107
Seattle,WA,"Seattle-Tacoma-Bellevue, WA",1,2020-05-31,457689.1206507312
Seattle,WA,"Seattle-Tacoma-Bellevue, WA",1,2020-06-30,456889.3846132684
Seattle,WA,"Seattle-Tacoma-Bellevue, WA",1,2020-07-31,455656.57749484805
Seattle,WA,"Seattle-Tacoma-Bellevue, WA",1,2020-08-31,455389.6306981095
Seattle,WA,"Seattle-Tacoma-Bellevue, WA",1,2020-09-30,456350.39236370503
Seattle,WA,"Seattle-Tacoma-Bellevue, WA",1,2020-10-31,457262.2376462692
Seattle,WA,"Seattle-Tacoma-Bellevue, WA",1,2020-11-30,458545.5687448696
Seattle,WA,"Seattle-Tacoma-Bellevue, WA",1,2020-12-31,459064.07270139875
Seattle,WA,"Seattle-Tacoma-Bellevue, WA",1,2021-01-31,458850.06841606693
Seattle,WA,"Seattle-Tacoma-Bellevue, WA",1,2021-02-28,457853.6738641639
Seattle,WA,"Seattle-Tacoma-Bellevue, WA",1,2021-03-31,456610.4986822645
Seattle,WA,"Seattle-Tacoma-Bellevue, WA",1,2021-04-30,456056.0003836467
Seattle,WA,"Seattle-Tacoma-Bellevue, WA",1,2021-05-31,455520.8377038094
Seattle,WA,"Seattle-Tacoma-Bellevue, WA",1,2021-06-30,455055.0062044145
Seattle,WA,"Seattle-Tacoma-Bellevue, WA",1,2021-07-31,455192.47960703407
Seattle,WA,"Seattle-Tacoma-Bellevue, WA",1,2021-08-31,455710.2501268624
Seattle,WA,"Seattle-Tacoma-Bellevue, WA",1,2021-09-30,456786.3421049773
Seattle,WA,"Seattle-Tacoma-Bellevue, WA",1,2021-10-31,458944.95681984583
Seattle,WA,"Seattle-Tacoma-Bellevue, WA",1,2021-11-30,462614.4973715562
Seattle,WA,"Seattle-Tacoma-Bellevue, WA",1,2021-12-31,467650.1126543707
Seattle,WA,"Seattle-Tacoma-Bellevue, WA",1,2022-01-31,473049.62568874704
Seattle,WA,"Seattle-Tacoma-Bellevue, WA",1,2022-02-28,478541.47449671145
Seattle,WA,"Seattle-Tacoma-Bellevue, WA",1,2022-03-31,484913.05027688545
Seattle,WA,"Seattle-Tacoma-Bellevue, WA",1,2022-04-30,491533.98461104115
Seattle,WA,"Seattle-Tacoma-Bellevue, WA",1,2022-05-31,496770.727470286
Seattle,WA,"Seattle-Tacoma-Bellevue, WA",1,2022-06-30,498258.7269679336
Seattle,WA,"Seattle-Tacoma-Bellevue, WA",1,2022-07-31,495399.76892707223
Seattle,WA,"Seattle-Tacoma-Bellevue, WA",1,2022-08-31,490009.1467244664
Seattle,WA,"Seattle-Tacoma-Bellevue, WA",1,2022-09-30,484173.65423777606
Seattle,WA,"Seattle-Tacoma-Bellevue, WA",1,2022-10-31,480264.66694171337
Seattle,WA,"Seattle-Tacoma-Bellevue, WA",1,2022-11-30,478317.436270809
Seattle,WA,"Seattle-Tacoma-Bellevue, WA",1,2022-12-31,476683.3892656935
Seattle,WA,"Seattle-Tacoma-Bellevue, WA",1,2023-01-31,474840.2115137642
Seattle,WA,"Seattle-Tacoma-Bellevue, WA",1,2023-02-28,472490.244932642
Seattle,WA,"Seattle-Tacoma-Bellevue, WA",1,2023-03-31,470043.597837495
Seattle,WA,"Seattle-Tacoma-Bellevue, WA",1,2023-04-30,467305.6110485323
Seattle,WA,"Seattle-Tacoma-Bellevue, WA",1,2023-05-31,464841.1225141326
Seattle,WA,"Seattle-Tacoma-Bellevue, WA",1,2023-06-30,463093.76139403647
Seattle,WA,"Seattle-Tacoma-Bellevue, WA",1,2023-07-31,461589.69059027545
Seattle,WA,"Seattle-Tacoma-Bellevue, WA",1,2023-08-31,460866.9508788679
Seattle,WA,"Seattle-Tacoma-Bellevue, WA",1,2023-09-30,460724.5294786902
Seattle,WA,"Seattle-Tacoma-Bellevue, WA",1,2023-10-31,460601.3959777608
Seattle,WA,"Seattle-Tacoma-Bellevue, WA",1,2023-11-30,460030.6237950408
Seattle,WA,"Seattle-Tacoma-Bellevue, WA",1,2023-12-31,458608.8838382454
Seattle,WA,"Seattle-Tacoma-Bellevue, WA",1,2024-01-31,458061.7201647372
Seattle,WA,"Seattle-Tacoma-Bellevue, WA",1,2024-02-29,457866.2446605947
Seattle,WA,"Seattle-Tacoma-Bellevue, WA",1,2024-03-31,458896.73661331664
Seattle,WA,"Seattle-Tacoma-Bellevue, WA",1,2024-04-30,459151.91999683133
Seattle,WA,"Seattle-Tacoma-Bellevue, WA",1,2024-05-31,458523.2224916155
Seattle,WA,"Seattle-Tacoma-Bellevue, WA",1,2024-06-30,456421.3064099333
Seattle,WA,"Seattle-Tacoma-Bellevue, WA",1,2024-07-31,454675.181153253
Seattle,WA,"Seattle-Tacoma-Bellevue, WA",1,2024-08-31,453174.4669238824
Seattle,WA,"Seattle-Tacoma-Bellevue, WA",1,2024-09-30,452764.692166822
Seattle,WA,"Seattle-Tacoma-Bellevue, WA",1,2024-10-31,452307.8526981839
Seattle,WA,"Seattle-Tacoma-Bellevue, WA",1,2024-11-30,451330.29719251534
Seattle,WA,"Seattle-Tacoma-Bellevue, WA",1,2024-12-31,450715.2433666792
Seattle,WA,"Seattle-Tacoma-Bellevue, WA",1,2025-01-31,450401.9167944992
Seattle,WA,"Seattle-Tacoma-Bellevue, WA",1,2025-02-28,450432.0738724183
Seattle,WA,"Seattle-Tacoma-Bellevue, WA",1,2025-03-31,448461.99625222414
Seattle,WA,"Seattle-Tacoma-Bellevue, WA",1,2025-04-30,444573.33749441226
Seattle,WA,"Seattle-Tacoma-Bellevue, WA",1,2025-05-31,439555.1663063119
Seattle,WA,"Seattle-Tacoma-Bellevue, WA",1,2025-06-30,435090.1355192068
Seattle,WA,"Seattle-Tacoma-Bellevue, WA",1,2025-07-31,431345.10587389354
Seattle,WA,"Seattle-Tacoma-Bellevue, WA",1,2025-08-31,428956.8039566553
Seattle,WA,"Seattle-Tacoma-Bellevue, WA",1,2025-09-30,427637.2272662569
Seattle,WA,"Seattle-Tacoma-Bellevue, WA",1,2025-10-31,427711.9932949434
Seattle,WA,"Seattle-Tacoma-Bellevue, WA",1,2025-11-30,427848.9007224799
Seattle,WA,"Seattle-Tacoma-Bellevue, WA",1,2025-12-31,427605.9735084819
Seattle,WA,"Seattle-Tacoma-Bellevue, WA",1,2026-01-31,427276.92654019175
Seattle,WA,"Seattle-Tacoma-Bellevue, WA",1,2026-02-28,426604.6457439124
Seattle,WA,"Seattle-Tacoma-Bellevue, WA",1,2026-03-31,424666.1587161657
Seattle,WA,"Seattle-Tacoma-Bellevue, WA",1,2026-04-30,420332.5650144112
Seattle,WA,"Seattle-Tacoma-Bellevue, WA",1,2026-05-31,415589.0181523576
Seattle,WA,"Seattle-Tacoma-Bellevue, WA",1,2026-06-30,411785.5894948941
Seattle,WA,"Seattle-Tacoma-Bellevue, WA",2,2020-01-31,614873.6497009357
Seattle,WA,"Seattle-Tacoma-Bellevue, WA",2,2020-02-29,616942.9310456485
Seattle,WA,"Seattle-Tacoma-Bellevue, WA",2,2020-03-31,620109.3177806984
Seattle,WA,"Seattle-Tacoma-Bellevue, WA",2,2020-04-30,624857.9399806074
Seattle,WA,"Seattle-Tacoma-Bellevue, WA",2,2020-05-31,627814.4210792445
Seattle,WA,"Seattle-Tacoma-Bellevue, WA",2,2020-06-30,628615.9927409679
Seattle,WA,"Seattle-Tacoma-Bellevue, WA",2,2020-07-31,629308.9801607308
Seattle,WA,"Seattle-Tacoma-Bellevue, WA",2,2020-08-31,632988.9113282877
Seattle,WA,"Seattle-Tacoma-Bellevue, WA",2,2020-09-30,640003.6214748537
Seattle,WA,"Seattle-Tacoma-Bellevue, WA",2,2020-10-31,646626.7107847888
Seattle,WA,"Seattle-Tacoma-Bellevue, WA",2,2020-11-30,652530.214057287
Seattle,WA,"Seattle-Tacoma-Bellevue, WA",2,2020-12-31,655838.8072078255
Seattle,WA,"Seattle-Tacoma-Bellevue, WA",2,2021-01-31,658181.5969170226
Seattle,WA,"Seattle-Tacoma-Bellevue, WA",2,2021-02-28,660360.890864655
Seattle,WA,"Seattle-Tacoma-Bellevue, WA",2,2021-03-31,663772.4295058167
Seattle,WA,"Seattle-Tacoma-Bellevue, WA",2,2021-04-30,669324.5074683442
Seattle,WA,"Seattle-Tacoma-Bellevue, WA",2,2021-05-31,675271.6213532407
Seattle,WA,"Seattle-Tacoma-Bellevue, WA",2,2021-06-30,680766.6185192369
Seattle,WA,"Seattle-Tacoma-Bellevue, WA",2,2021-07-31,684773.7651606911
Seattle,WA,"Seattle-Tacoma-Bellevue, WA",2,2021-08-31,686671.4976157658
Seattle,WA,"Seattle-Tacoma-Bellevue, WA",2,2021-09-30,687536.9703136993
Seattle,WA,"Seattle-Tacoma-Bellevue, WA",2,2021-10-31,689664.8019023353
Seattle,WA,"Seattle-Tacoma-Bellevue, WA",2,2021-11-30,694535.207989881
Seattle,WA,"Seattle-Tacoma-Bellevue, WA",2,2021-12-31,701801.863178636
Seattle,WA,"Seattle-Tacoma-Bellevue, WA",2,2022-01-31,712120.2288395176
Seattle,WA,"Seattle-Tacoma-Bellevue, WA",2,2022-02-28,725131.4334005505
Seattle,WA,"Seattle-Tacoma-Bellevue, WA",2,2022-03-31,741623.0134755592
Seattle,WA,"Seattle-Tacoma-Bellevue, WA",2,2022-04-30,757838.2071103562
Seattle,WA,"Seattle-Tacoma-Bellevue, WA",2,2022-05-31,770022.9799055889
Seattle,WA,"Seattle-Tacoma-Bellevue, WA",2,2022-06-30,773899.0439545132
Seattle,WA,"Seattle-Tacoma-Bellevue, WA",2,2022-07-31,767812.535764854
Seattle,WA,"Seattle-Tacoma-Bellevue, WA",2,2022-08-31,755460.7366905039
Seattle,WA,"Seattle-Tacoma-Bellevue, WA",2,2022-09-30,741194.694332777
Seattle,WA,"Seattle-Tacoma-Bellevue, WA",2,2022-10-31,731474.6042338476
Seattle,WA,"Seattle-Tacoma-Bellevue, WA",2,2022-11-30,726251.2687664237
Seattle,WA,"Seattle-Tacoma-Bellevue, WA",2,2022-12-31,722838.6902067767
Seattle,WA,"Seattle-Tacoma-Bellevue, WA",2,2023-01-31,717767.1717893834
Seattle,WA,"Seattle-Tacoma-Bellevue, WA",2,2023-02-28,711645.8573866795
Seattle,WA,"Seattle-Tacoma-Bellevue, WA",2,2023-03-31,705329.8486101371
Seattle,WA,"Seattle-Tacoma-Bellevue, WA",2,2023-04-30,700641.8289511999
Seattle,WA,"Seattle-Tacoma-Bellevue, WA",2,2023-05-31,697777.3870892689
Seattle,WA,"Seattle-Tacoma-Bellevue, WA",2,2023-06-30,697390.6658516809
Seattle,WA,"Seattle-Tacoma-Bellevue, WA",2,2023-07-31,697846.8424481343
Seattle,WA,"Seattle-Tacoma-Bellevue, WA",2,2023-08-31,699490.9987638002
Seattle,WA,"Seattle-Tacoma-Bellevue, WA",2,2023-09-30,701143.0946701438
Seattle,WA,"Seattle-Tacoma-Bellevue, WA",2,2023-10-31,703125.0899035219
Seattle,WA,"Seattle-Tacoma-Bellevue, WA",2,2023-11-30,704371.7159019549
Seattle,WA,"Seattle-Tacoma-Bellevue, WA",2,2023-12-31,705293.0388282755
Seattle,WA,"Seattle-Tacoma-Bellevue, WA",2,2024-01-31,705930.3131831964
Seattle,WA,"Seattle-Tacoma-Bellevue, WA",2,2024-02-29,707598.7540015654
Seattle,WA,"Seattle-Tacoma-Bellevue, WA",2,2024-03-31,710988.4926111164
Seattle,WA,"Seattle-Tacoma-Bellevue, WA",2,2024-04-30,714213.2742806617
Seattle,WA,"Seattle-Tacoma-Bellevue, WA",2,2024-05-31,715725.3043566608
Seattle,WA,"Seattle-Tacoma-Bellevue, WA",2,2024-06-30,714464.1249508698
Seattle,WA,"Seattle-Tacoma-Bellevue, WA",2,2024-07-31,713273.9914716285
Seattle,WA,"Seattle-Tacoma-Bellevue, WA",2,2024-08-31,712814.0216042536
Seattle,WA,"Seattle-Tacoma-Bellevue, WA",2,2024-09-30,714557.7447253262
Seattle,WA,"Seattle-Tacoma-Bellevue, WA",2,2024-10-31,717307.7723630901
Seattle,WA,"Seattle-Tacoma-Bellevue, WA",2,2024-11-30,719947.2278709845
Seattle,WA,"Seattle-Tacoma-Bellevue, WA",2,2024-12-31,722433.1930093559
Seattle,WA,"Seattle-Tacoma-Bellevue, WA",2,2025-01-31,724144.0912919951
Seattle,WA,"Seattle-Tacoma-Bellevue, WA",2,2025-02-28,725048.4712094595
Seattle,WA,"Seattle-Tacoma-Bellevue, WA",2,2025-03-31,722633.4067194151
Seattle,WA,"Seattle-Tacoma-Bellevue, WA",2,2025-04-30,717552.096732509
Seattle,WA,"Seattle-Tacoma-Bellevue, WA",2,2025-05-31,710695.4859197992
Seattle,WA,"Seattle-Tacoma-Bellevue, WA",2,2025-06-30,704759.0893146284
Seattle,WA,"Seattle-Tacoma-Bellevue, WA",2,2025-07-31,700415.7256148314
Seattle,WA,"Seattle-Tacoma-Bellevue, WA",2,2025-08-31,698506.0642676811
Seattle,WA,"Seattle-Tacoma-Bellevue, WA",2,2025-09-30,698798.5252312013
Seattle,WA,"Seattle-Tacoma-Bellevue, WA",2,2025-10-31,701462.5177546712
Seattle,WA,"Seattle-Tacoma-Bellevue, WA",2,2025-11-30,704757.0243524616
Seattle,WA,"Seattle-Tacoma-Bellevue, WA",2,2025-12-31,707527.8698745746
Seattle,WA,"Seattle-Tacoma-Bellevue, WA",2,2026-01-31,709766.6624644141
Seattle,WA,"Seattle-Tacoma-Bellevue, WA",2,2026-02-28,710068.2553369529
Seattle,WA,"Seattle-Tacoma-Bellevue, WA",2,2026-03-31,707663.3177097919
Seattle,WA,"Seattle-Tacoma-Bellevue, WA",2,2026-04-30,701320.976748929
Seattle,WA,"Seattle-Tacoma-Bellevue, WA",2,2026-05-31,694742.8954703511
Seattle,WA,"Seattle-Tacoma-Bellevue, WA",2,2026-06-30,689856.0271133342
Seattle,WA,"Seattle-Tacoma-Bellevue, WA",3,2020-01-31,760128.5110436414
Seattle,WA,"Seattle-Tacoma-Bellevue, WA",3,2020-02-29,762755.2769493773
Seattle,WA,"Seattle-Tacoma-Bellevue, WA",3,2020-03-31,767062.9387857415
Seattle,WA,"Seattle-Tacoma-Bellevue, WA",3,2020-04-30,773182.9779877117
Seattle,WA,"Seattle-Tacoma-Bellevue, WA",3,2020-05-31,776996.7290237852
Seattle,WA,"Seattle-Tacoma-Bellevue, WA",3,2020-06-30,778114.4001478615
Seattle,WA,"Seattle-Tacoma-Bellevue, WA",3,2020-07-31,779699.8115402159
Seattle,WA,"Seattle-Tacoma-Bellevue, WA",3,2020-08-31,785415.0216003637
Seattle,WA,"Seattle-Tacoma-Bellevue, WA",3,2020-09-30,795609.2237491993
Seattle,WA,"Seattle-Tacoma-Bellevue, WA",3,2020-10-31,806401.7281566233
Seattle,WA,"Seattle-Tacoma-Bellevue, WA",3,2020-11-30,816948.6935800718
Seattle,WA,"Seattle-Tacoma-Bellevue, WA",3,2020-12-31,824629.7156088339
Seattle,WA,"Seattle-Tacoma-Bellevue, WA",3,2021-01-31,830521.9636603124
Seattle,WA,"Seattle-Tacoma-Bellevue, WA",3,2021-02-28,835779.8634635833
Seattle,WA,"Seattle-Tacoma-Bellevue, WA",3,2021-03-31,843140.2079764307
Seattle,WA,"Seattle-Tacoma-Bellevue, WA",3,2021-04-30,853734.6810265522
Seattle,WA,"Seattle-Tacoma-Bellevue, WA",3,2021-05-31,865346.9159770529
Seattle,WA,"Seattle-Tacoma-Bellevue, WA",3,2021-06-30,875649.5700858943
Seattle,WA,"Seattle-Tacoma-Bellevue, WA",3,2021-07-31,881651.5070529911
Seattle,WA,"Seattle-Tacoma-Bellevue, WA",3,2021-08-31,883138.9948750678
Seattle,WA,"Seattle-Tacoma-Bellevue, WA",3,2021-09-30,882032.7431614207
Seattle,WA,"Seattle-Tacoma-Bellevue, WA",3,2021-10-31,882798.8743403134
Seattle,WA,"Seattle-Tacoma-Bellevue, WA",3,2021-11-30,887384.7374255877
Seattle,WA,"Seattle-Tacoma-Bellevue, WA",3,2021-12-31,896572.4076426885
Seattle,WA,"Seattle-Tacoma-Bellevue, WA",3,2022-01-31,911979.3990022652
Seattle,WA,"Seattle-Tacoma-Bellevue, WA",3,2022-02-28,933122.8336519658
Seattle,WA,"Seattle-Tacoma-Bellevue, WA",3,2022-03-31,959619.3916274456
Seattle,WA,"Seattle-Tacoma-Bellevue, WA",3,2022-04-30,985039.7860976016
Seattle,WA,"Seattle-Tacoma-Bellevue, WA",3,2022-05-31,1004118.6231389862
Seattle,WA,"Seattle-Tacoma-Bellevue, WA",3,2022-06-30,1010573.9942918236
Seattle,WA,"Seattle-Tacoma-Bellevue, WA",3,2022-07-31,1002266.644162118
Seattle,WA,"Seattle-Tacoma-Bellevue, WA",3,2022-08-31,983373.886640016
Seattle,WA,"Seattle-Tacoma-Bellevue, WA",3,2022-09-30,961122.30871333
Seattle,WA,"Seattle-Tacoma-Bellevue, WA",3,2022-10-31,945449.7448021524
Seattle,WA,"Seattle-Tacoma-Bellevue, WA",3,2022-11-30,937086.5645413272
Seattle,WA,"Seattle-Tacoma-Bellevue, WA",3,2022-12-31,932562.70525052
Seattle,WA,"Seattle-Tacoma-Bellevue, WA",3,2023-01-31,925070.9568020708
Seattle,WA,"Seattle-Tacoma-Bellevue, WA",3,2023-02-28,916631.297233032
Seattle,WA,"Seattle-Tacoma-Bellevue, WA",3,2023-03-31,908112.8389202052
Seattle,WA,"Seattle-Tacoma-Bellevue, WA",3,2023-04-30,903863.8348247036
Seattle,WA,"Seattle-Tacoma-Bellevue, WA",3,2023-05-31,902619.7331515884
Seattle,WA,"Seattle-Tacoma-Bellevue, WA",3,2023-06-30,904750.1400727244
Seattle,WA,"Seattle-Tacoma-Bellevue, WA",3,2023-07-31,908213.0888893254
Seattle,WA,"Seattle-Tacoma-Bellevue, WA",3,2023-08-31,913083.8878809832
Seattle,WA,"Seattle-Tacoma-Bellevue, WA",3,2023-09-30,917585.339482123
Seattle,WA,"Seattle-Tacoma-Bellevue, WA",3,2023-10-31,921228.3539819068
Seattle,WA,"Seattle-Tacoma-Bellevue, WA",3,2023-11-30,922829.734633188
Seattle,WA,"Seattle-Tacoma-Bellevue, WA",3,2023-12-31,923452.0880933824
Seattle,WA,"Seattle-Tacoma-Bellevue, WA",3,2024-01-31,923361.43148682
Seattle,WA,"Seattle-Tacoma-Bellevue, WA",3,2024-02-29,925546.3683495838
Seattle,WA,"Seattle-Tacoma-Bellevue, WA",3,2024-03-31,931326.191911962
Seattle,WA,"Seattle-Tacoma-Bellevue, WA",3,2024-04-30,938732.8950027428
Seattle,WA,"Seattle-Tacoma-Bellevue, WA",3,2024-05-31,943942.9457448656
Seattle,WA,"Seattle-Tacoma-Bellevue, WA",3,2024-06-30,944815.0978527887
Seattle,WA,"Seattle-Tacoma-Bellevue, WA",3,2024-07-31,944308.3937484996
Seattle,WA,"Seattle-Tacoma-Bellevue, WA",3,2024-08-31,944198.9774613836
Seattle,WA,"Seattle-Tacoma-Bellevue, WA",3,2024-09-30,946765.0521265544
Seattle,WA,"Seattle-Tacoma-Bellevue, WA",3,2024-10-31,950729.546826586
Seattle,WA,"Seattle-Tacoma-Bellevue, WA",3,2024-11-30,954820.5013255702
Seattle,WA,"Seattle-Tacoma-Bellevue, WA",3,2024-12-31,958535.3001368964
Seattle,WA,"Seattle-Tacoma-Bellevue, WA",3,2025-01-31,961351.386769578
Seattle,WA,"Seattle-Tacoma-Bellevue, WA",3,2025-02-28,963190.8908314924
Seattle,WA,"Seattle-Tacoma-Bellevue, WA",3,2025-03-31,961065.3743265476
Seattle,WA,"Seattle-Tacoma-Bellevue, WA",3,2025-04-30,955382.7228149972
Seattle,WA,"Seattle-Tacoma-Bellevue, WA",3,2025-05-31,946454.7881859582
Seattle,WA,"Seattle-Tacoma-Bellevue, WA",3,2025-06-30,938019.5947799286
Seattle,WA,"Seattle-Tacoma-Bellevue, WA",3,2025-07-31,931242.0569451388
Seattle,WA,"Seattle-Tacoma-Bellevue, WA",3,2025-08-31,927869.059663708
Seattle,WA,"Seattle-Tacoma-Bellevue, WA",3,2025-09-30,928010.1175630612
Seattle,WA,"Seattle-Tacoma-Bellevue, WA",3,2025-10-31,930978.8381050444
Seattle,WA,"Seattle-Tacoma-Bellevue, WA",3,2025-11-30,934874.3057127604
Seattle,WA,"Seattle-Tacoma-Bellevue, WA",3,2025-12-31,937738.080378348
Seattle,WA,"Seattle-Tacoma-Bellevue, WA",3,2026-01-31,940540.8141761208
Seattle,WA,"Seattle-Tacoma-Bellevue, WA",3,2026-02-28,940904.4709182548
Seattle,WA,"Seattle-Tacoma-Bellevue, WA",3,2026-03-31,937584.652931294
Seattle,WA,"Seattle-Tacoma-Bellevue, WA",3,2026-04-30,929428.7432815074
Seattle,WA,"Seattle-Tacoma-Bellevue, WA",3,2026-05-31,920967.6155353016
Seattle,WA,"Seattle-Tacoma-Bellevue, WA",3,2026-06-30,915254.2344519016
Seattle,WA,"Seattle-Tacoma-Bellevue, WA",4,2020-01-31,937810.3615855476
Seattle,WA,"Seattle-Tacoma-Bellevue, WA",4,2020-02-29,941827.4028256875
Seattle,WA,"Seattle-Tacoma-Bellevue, WA",4,2020-03-31,948463.9924671876
Seattle,WA,"Seattle-Tacoma-Bellevue, WA",4,2020-04-30,957239.0841046892
Seattle,WA,"Seattle-Tacoma-Bellevue, WA",4,2020-05-31,962857.9543772708
Seattle,WA,"Seattle-Tacoma-Bellevue, WA",4,2020-06-30,964499.194498117
Seattle,WA,"Seattle-Tacoma-Bellevue, WA",4,2020-07-31,966708.281237114
Seattle,WA,"Seattle-Tacoma-Bellevue, WA",4,2020-08-31,974480.679727627
Seattle,WA,"Seattle-Tacoma-Bellevue, WA",4,2020-09-30,988524.3016488282
Seattle,WA,"Seattle-Tacoma-Bellevue, WA",4,2020-10-31,1003326.8097535846
Seattle,WA,"Seattle-Tacoma-Bellevue, WA",4,2020-11-30,1017886.6210629428
Seattle,WA,"Seattle-Tacoma-Bellevue, WA",4,2020-12-31,1029070.457467541
Seattle,WA,"Seattle-Tacoma-Bellevue, WA",4,2021-01-31,1038041.0794568704
Seattle,WA,"Seattle-Tacoma-Bellevue, WA",4,2021-02-28,1045901.5943645051
Seattle,WA,"Seattle-Tacoma-Bellevue, WA",4,2021-03-31,1056498.0669434243
Seattle,WA,"Seattle-Tacoma-Bellevue, WA",4,2021-04-30,1072552.3636011884
Seattle,WA,"Seattle-Tacoma-Bellevue, WA",4,2021-05-31,1090934.7803489994
Seattle,WA,"Seattle-Tacoma-Bellevue, WA",4,2021-06-30,1107905.7248545494
Seattle,WA,"Seattle-Tacoma-Bellevue, WA",4,2021-07-31,1117471.0579188208
Seattle,WA,"Seattle-Tacoma-Bellevue, WA",4,2021-08-31,1119562.742276203
Seattle,WA,"Seattle-Tacoma-Bellevue, WA",4,2021-09-30,1117113.5432432678
Seattle,WA,"Seattle-Tacoma-Bellevue, WA",4,2021-10-31,1117547.4383463536
Seattle,WA,"Seattle-Tacoma-Bellevue, WA",4,2021-11-30,1123356.1225446824
Seattle,WA,"Seattle-Tacoma-Bellevue, WA",4,2021-12-31,1136059.1994616196
Seattle,WA,"Seattle-Tacoma-Bellevue, WA",4,2022-01-31,1158974.5354485873
Seattle,WA,"Seattle-Tacoma-Bellevue, WA",4,2022-02-28,1190764.3754616342
Seattle,WA,"Seattle-Tacoma-Bellevue, WA",4,2022-03-31,1230577.3979365698
Seattle,WA,"Seattle-Tacoma-Bellevue, WA",4,2022-04-30,1267891.4052348293
Seattle,WA,"Seattle-Tacoma-Bellevue, WA",4,2022-05-31,1295989.4232573824
Seattle,WA,"Seattle-Tacoma-Bellevue, WA",4,2022-06-30,1306610.3824259427
Seattle,WA,"Seattle-Tacoma-Bellevue, WA",4,2022-07-31,1296357.1349808646
Seattle,WA,"Seattle-Tacoma-Bellevue, WA",4,2022-08-31,1270526.6912067998
Seattle,WA,"Seattle-Tacoma-Bellevue, WA",4,2022-09-30,1238923.3341489928
Seattle,WA,"Seattle-Tacoma-Bellevue, WA",4,2022-10-31,1216301.1165961055
Seattle,WA,"Seattle-Tacoma-Bellevue, WA",4,2022-11-30,1204560.0127648455
Seattle,WA,"Seattle-Tacoma-Bellevue, WA",4,2022-12-31,1199333.9961916816
Seattle,WA,"Seattle-Tacoma-Bellevue, WA",4,2023-01-31,1189845.3005664467
Seattle,WA,"Seattle-Tacoma-Bellevue, WA",4,2023-02-28,1178773.5967359266
Seattle,WA,"Seattle-Tacoma-Bellevue, WA",4,2023-03-31,1166943.2985158386
Seattle,WA,"Seattle-Tacoma-Bellevue, WA",4,2023-04-30,1162034.0794780653
Seattle,WA,"Seattle-Tacoma-Bellevue, WA",4,2023-05-31,1161855.2637236302
Seattle,WA,"Seattle-Tacoma-Bellevue, WA",4,2023-06-30,1166869.0662637588
Seattle,WA,"Seattle-Tacoma-Bellevue, WA",4,2023-07-31,1174394.6086504224
Seattle,WA,"Seattle-Tacoma-Bellevue, WA",4,2023-08-31,1183016.1670792217
Seattle,WA,"Seattle-Tacoma-Bellevue, WA",4,2023-09-30,1190625.157772086
Seattle,WA,"Seattle-Tacoma-Bellevue, WA",4,2023-10-31,1195352.588184269
Seattle,WA,"Seattle-Tacoma-Bellevue, WA",4,2023-11-30,1197104.6178285445
Seattle,WA,"Seattle-Tacoma-Bellevue, WA",4,2023-12-31,1196884.6633323282
Seattle,WA,"Seattle-Tacoma-Bellevue, WA",4,2024-01-31,1195842.9607735488
Seattle,WA,"Seattle-Tacoma-Bellevue, WA",4,2024-02-29,1198788.8329577455
Seattle,WA,"Seattle-Tacoma-Bellevue, WA",4,2024-03-31,1208035.3553414743
Seattle,WA,"Seattle-Tacoma-Bellevue, WA",4,2024-04-30,1221643.2782996632
Seattle,WA,"Seattle-Tacoma-Bellevue, WA",4,2024-05-31,1233117.400030054
Seattle,WA,"Seattle-Tacoma-Bellevue, WA",4,2024-06-30,1237811.4473371746
Seattle,WA,"Seattle-Tacoma-Bellevue, WA",4,2024-07-31,1238489.0308904024
Seattle,WA,"Seattle-Tacoma-Bellevue, WA",4,2024-08-31,1238393.9107273335
Seattle,WA,"Seattle-Tacoma-Bellevue, WA",4,2024-09-30,1241976.7443987466
Seattle,WA,"Seattle-Tacoma-Bellevue, WA",4,2024-10-31,1248091.8509448152
Seattle,WA,"Seattle-Tacoma-Bellevue, WA",4,2024-11-30,1254652.8777098367
Seattle,WA,"Seattle-Tacoma-Bellevue, WA",4,2024-12-31,1260905.646690458
Seattle,WA,"Seattle-Tacoma-Bellevue, WA",4,2025-01-31,1266187.5440629337
Seattle,WA,"Seattle-Tacoma-Bellevue, WA",4,2025-02-28,1270815.4784363972
Seattle,WA,"Seattle-Tacoma-Bellevue, WA",4,2025-03-31,1271173.9583001928
Seattle,WA,"Seattle-Tacoma-Bellevue, WA",4,2025-04-30,1266953.9392226257
Seattle,WA,"Seattle-Tacoma-Bellevue, WA",4,2025-05-31,1257562.7818644785
Seattle,WA,"Seattle-Tacoma-Bellevue, WA",4,2025-06-30,1246893.3447668706
Seattle,WA,"Seattle-Tacoma-Bellevue, WA",4,2025-07-31,1237371.4333197356
Seattle,WA,"Seattle-Tacoma-Bellevue, WA",4,2025-08-31,1231923.5795064208
Seattle,WA,"Seattle-Tacoma-Bellevue, WA",4,2025-09-30,1231457.9799872178
Seattle,WA,"Seattle-Tacoma-Bellevue, WA",4,2025-10-31,1235222.9902146875
Seattle,WA,"Seattle-Tacoma-Bellevue, WA",4,2025-11-30,1240679.6923731142
Seattle,WA,"Seattle-Tacoma-Bellevue, WA",4,2025-12-31,1245045.481360698
Seattle,WA,"Seattle-Tacoma-Bellevue, WA",4,2026-01-31,1249657.9472237353
Seattle,WA,"Seattle-Tacoma-Bellevue, WA",4,2026-02-28,1251572.8584380138
Seattle,WA,"Seattle-Tacoma-Bellevue, WA",4,2026-03-31,1248763.379992053
Seattle,WA,"Seattle-Tacoma-Bellevue, WA",4,2026-04-30,1239768.0268170896
Seattle,WA,"Seattle-Tacoma-Bellevue, WA",4,2026-05-31,1230452.0510365395
Seattle,WA,"Seattle-Tacoma-Bellevue, WA",4,2026-06-30,1225319.659532074
Seattle,WA,"Seattle-Tacoma-Bellevue, WA",5,2020-01-31,1077900.3204017226
Seattle,WA,"Seattle-Tacoma-Bellevue, WA",5,2020-02-29,1082905.536071253
Seattle,WA,"Seattle-Tacoma-Bellevue, WA",5,2020-03-31,1091119.0444334429
Seattle,WA,"Seattle-Tacoma-Bellevue, WA",5,2020-04-30,1101803.143847286
Seattle,WA,"Seattle-Tacoma-Bellevue, WA",5,2020-05-31,1108816.5178521697
Seattle,WA,"Seattle-Tacoma-Bellevue, WA",5,2020-06-30,1111004.595907079
Seattle,WA,"Seattle-Tacoma-Bellevue, WA",5,2020-07-31,1113400.3325679463
Seattle,WA,"Seattle-Tacoma-Bellevue, WA",5,2020-08-31,1121901.9171114136
Seattle,WA,"Seattle-Tacoma-Bellevue, WA",5,2020-09-30,1138046.236336447
Seattle,WA,"Seattle-Tacoma-Bellevue, WA",5,2020-10-31,1155367.3425360403
Seattle,WA,"Seattle-Tacoma-Bellevue, WA",5,2020-11-30,1172670.580695064
Seattle,WA,"Seattle-Tacoma-Bellevue, WA",5,2020-12-31,1186330.4961676176
Seattle,WA,"Seattle-Tacoma-Bellevue, WA",5,2021-01-31,1197528.754798178
Seattle,WA,"Seattle-Tacoma-Bellevue, WA",5,2021-02-28,1207223.8450023942
Seattle,WA,"Seattle-Tacoma-Bellevue, WA",5,2021-03-31,1219402.1865478964
Seattle,WA,"Seattle-Tacoma-Bellevue, WA",5,2021-04-30,1237963.9345863562
Seattle,WA,"Seattle-Tacoma-Bellevue, WA",5,2021-05-31,1259391.7226072054
Seattle,WA,"Seattle-Tacoma-Bellevue, WA",5,2021-06-30,1279331.7276036758
Seattle,WA,"Seattle-Tacoma-Bellevue, WA",5,2021-07-31,1290422.5002579214
Seattle,WA,"Seattle-Tacoma-Bellevue, WA",5,2021-08-31,1293231.4102698332
Seattle,WA,"Seattle-Tacoma-Bellevue, WA",5,2021-09-30,1291492.0758027604
Seattle,WA,"Seattle-Tacoma-Bellevue, WA",5,2021-10-31,1293557.7211439316
Seattle,WA,"Seattle-Tacoma-Bellevue, WA",5,2021-11-30,1301257.160566975
Seattle,WA,"Seattle-Tacoma-Bellevue, WA",5,2021-12-31,1316465.4832154417
Seattle,WA,"Seattle-Tacoma-Bellevue, WA",5,2022-01-31,1343756.3608805486
Seattle,WA,"Seattle-Tacoma-Bellevue, WA",5,2022-02-28,1381916.2032575146
Seattle,WA,"Seattle-Tacoma-Bellevue, WA",5,2022-03-31,1429002.7803867736
Seattle,WA,"Seattle-Tacoma-Bellevue, WA",5,2022-04-30,1472619.3689431995
Seattle,WA,"Seattle-Tacoma-Bellevue, WA",5,2022-05-31,1504561.893984509
Seattle,WA,"Seattle-Tacoma-Bellevue, WA",5,2022-06-30,1516712.4702906327
Seattle,WA,"Seattle-Tacoma-Bellevue, WA",5,2022-07-31,1505201.2030986212
Seattle,WA,"Seattle-Tacoma-Bellevue, WA",5,2022-08-31,1476356.356601566
Seattle,WA,"Seattle-Tacoma-Bellevue, WA",5,2022-09-30,1440524.5666160958
Seattle,WA,"Seattle-Tacoma-Bellevue, WA",5,2022-10-31,1414602.429133555
Seattle,WA,"Seattle-Tacoma-Bellevue, WA",5,2022-11-30,1400838.7646182273
Seattle,WA,"Seattle-Tacoma-Bellevue, WA",5,2022-12-31,1394833.7531901046
Seattle,WA,"Seattle-Tacoma-Bellevue, WA",5,2023-01-31,1383501.6337914723
Seattle,WA,"Seattle-Tacoma-Bellevue, WA",5,2023-02-28,1370321.4081974812
Seattle,WA,"Seattle-Tacoma-Bellevue, WA",5,2023-03-31,1356867.8565067854
Seattle,WA,"Seattle-Tacoma-Bellevue, WA",5,2023-04-30,1352120.7421759686
Seattle,WA,"Seattle-Tacoma-Bellevue, WA",5,2023-05-31,1352498.638763806
Seattle,WA,"Seattle-Tacoma-Bellevue, WA",5,2023-06-30,1358592.1560542427
Seattle,WA,"Seattle-Tacoma-Bellevue, WA",5,2023-07-31,1367110.1357213794
Seattle,WA,"Seattle-Tacoma-Bellevue, WA",5,2023-08-31,1376330.88422348
Seattle,WA,"Seattle-Tacoma-Bellevue, WA",5,2023-09-30,1383381.185872365
Seattle,WA,"Seattle-Tacoma-Bellevue, WA",5,2023-10-31,1386418.3719238464
Seattle,WA,"Seattle-Tacoma-Bellevue, WA",5,2023-11-30,1386899.145089839
Seattle,WA,"Seattle-Tacoma-Bellevue, WA",5,2023-12-31,1385273.6589289391
Seattle,WA,"Seattle-Tacoma-Bellevue, WA",5,2024-01-31,1383617.732256078
Seattle,WA,"Seattle-Tacoma-Bellevue, WA",5,2024-02-29,1386437.2428047576
Seattle,WA,"Seattle-Tacoma-Bellevue, WA",5,2024-03-31,1397362.4569198496
Seattle,WA,"Seattle-Tacoma-Bellevue, WA",5,2024-04-30,1413692.626725517
Seattle,WA,"Seattle-Tacoma-Bellevue, WA",5,2024-05-31,1427528.9883808272
Seattle,WA,"Seattle-Tacoma-Bellevue, WA",5,2024-06-30,1433000.6510940313
Seattle,WA,"Seattle-Tacoma-Bellevue, WA",5,2024-07-31,1433457.5930666232
Seattle,WA,"Seattle-Tacoma-Bellevue, WA",5,2024-08-31,1433329.3198664647
Seattle,WA,"Seattle-Tacoma-Bellevue, WA",5,2024-09-30,1437244.950066664
Seattle,WA,"Seattle-Tacoma-Bellevue, WA",5,2024-10-31,1444053.175549884
Seattle,WA,"Seattle-Tacoma-Bellevue, WA",5,2024-11-30,1451406.943693064
Seattle,WA,"Seattle-Tacoma-Bellevue, WA",5,2024-12-31,1458784.595135194
Seattle,WA,"Seattle-Tacoma-Bellevue, WA",5,2025-01-31,1465386.8455048115
Seattle,WA,"Seattle-Tacoma-Bellevue, WA",5,2025-02-28,1471184.4942451634
Seattle,WA,"Seattle-Tacoma-Bellevue, WA",5,2025-03-31,1472293.9708821364
Seattle,WA,"Seattle-Tacoma-Bellevue, WA",5,2025-04-30,1468000.4980825365
Seattle,WA,"Seattle-Tacoma-Bellevue, WA",5,2025-05-31,1457738.7871964031
Seattle,WA,"Seattle-Tacoma-Bellevue, WA",5,2025-06-30,1445618.5402701667
Seattle,WA,"Seattle-Tacoma-Bellevue, WA",5,2025-07-31,1434896.3120582355
Seattle,WA,"Seattle-Tacoma-Bellevue, WA",5,2025-08-31,1428757.331524289
Seattle,WA,"Seattle-Tacoma-Bellevue, WA",5,2025-09-30,1427753.513545653
Seattle,WA,"Seattle-Tacoma-Bellevue, WA",5,2025-10-31,1431279.3306655728
Seattle,WA,"Seattle-Tacoma-Bellevue, WA",5,2025-11-30,1436700.5321832972
Seattle,WA,"Seattle-Tacoma-Bellevue, WA",5,2025-12-31,1441888.9101269802
Seattle,WA,"Seattle-Tacoma-Bellevue, WA",5,2026-01-31,1447707.5457778575
Seattle,WA,"Seattle-Tacoma-Bellevue, WA",5,2026-02-28,1450854.115289474
Seattle,WA,"Seattle-Tacoma-Bellevue, WA",5,2026-03-31,1448137.3170552198
Seattle,WA,"Seattle-Tacoma-Bellevue, WA",5,2026-04-30,1437846.8948590455
Seattle,WA,"Seattle-Tacoma-Bellevue, WA",5,2026-05-31,1427388.9190964245
Seattle,WA,"Seattle-Tacoma-Bellevue, WA",5,2026-06-30,1422052.2536665692
