order_id,order_date,region,category,product_name,customer_segment,quantity,unit_price,discount,sales,profit
100100,2023-01-01,Latin America,Apparel,Cap,Consumer,5,29.8,0.0,148.99,44.59
100176,2023-01-01,North America,Office Supplies,Whiteboard,Corporate,6,18.36,0.1,99.17,21.83
100171,2023-01-01,North America,Office Supplies,Whiteboard,Consumer,1,14.82,0.0,14.82,3.75
100281,2023-01-01,Europe,Apparel,Jacket,Small Business,5,43.11,0.0,215.53,63.38
102012,2023-01-01,Middle East,Home & Garden,Plant Pot,Corporate,7,21.41,0.0,149.87,65.75
101985,2023-01-01,North America,Electronics,Wireless Mouse,Corporate,7,69.97,0.1,440.84,187.74
100067,2023-01-01,Middle East,Office Supplies,Stapler,Consumer,1,5.0,0.15,4.25,1.61
101587,2023-01-03,Middle East,Electronics,Headphones,Consumer,5,70.77,0.3,247.69,57.67
100387,2023-01-03,Europe,Furniture,Office Chair,Consumer,6,222.8,0.15,1136.3,249.27
100181,2023-01-03,Europe,Furniture,Desk Lamp,Consumer,2,112.38,0.05,213.51,82.5
101783,2023-01-04,Latin America,Furniture,Filing Cabinet,Corporate,4,181.9,0.05,691.2,243.07
100960,2023-01-04,Europe,Furniture,Bookshelf,Consumer,4,343.25,0.1,1235.71,428.12
100633,2023-01-04,Latin America,Home & Garden,Plant Pot,Consumer,2,36.47,0.15,62.0,25.41
102154,2023-01-05,Latin America,Apparel,Jacket,Consumer,7,48.34,0.0,338.39,100.9
101137,2023-01-05,Europe,Apparel,T-Shirt,Small Business,3,28.52,0.15,72.73,20.44
101701,2023-01-05,Asia Pacific,Home & Garden,Plant Pot,Consumer,2,39.5,0.0,79.0,26.0
100337,2023-01-05,Europe,Electronics,Wireless Mouse,Consumer,1,85.97,0.0,85.97,32.23
100391,2023-01-06,Europe,Apparel,T-Shirt,Small Business,2,31.6,0.05,60.03,22.89
102106,2023-01-06,North America,Office Supplies,Pen Set,Consumer,5,26.25,0.1,118.15,44.52
100468,2023-01-06,Asia Pacific,Furniture,Office Chair,Consumer,2,72.4,0.0,144.8,55.18
101466,2023-01-07,North America,Office Supplies,Sticky Notes,Consumer,2,8.61,0.0,17.21,4.4
101223,2023-01-08,Europe,Furniture,Bookshelf,Consumer,1,258.81,0.0,258.81,111.92
101225,2023-01-08,Europe,Electronics,Smartwatch,Consumer,6,124.05,0.1,669.86,275.96
100342,2023-01-08,Asia Pacific,Home & Garden,Plant Pot,Consumer,1,40.23,0.0,40.23,14.43
101303,2023-01-09,Europe,Electronics,Wireless Mouse,Corporate,1,96.42,0.1,86.78,36.7
100158,2023-01-09,Latin America,Electronics,Laptop Sleeve,Small Business,2,88.39,0.1,159.09,43.61
101362,2023-01-10,Asia Pacific,Home & Garden,Plant Pot,Consumer,6,42.7,0.0,256.22,85.14
100554,2023-01-10,Europe,Home & Garden,Throw Blanket,Consumer,4,25.33,0.05,96.24,32.12
100998,2023-01-10,North America,Electronics,Laptop Sleeve,Consumer,6,69.82,0.0,418.9,172.72
101853,2023-01-10,North America,Home & Garden,Throw Blanket,Corporate,7,50.02,0.05,332.63,89.98
100924,2023-01-10,North America,Home & Garden,Candle Set,Small Business,3,35.46,0.2,85.11,22.44
100792,2023-01-11,North America,Apparel,Jacket,Corporate,1,41.41,0.0,41.41,17.09
100331,2023-01-12,North America,Apparel,Cap,Corporate,7,38.74,0.05,257.59,71.5
100061,2023-01-12,Middle East,Home & Garden,Wall Art,Consumer,2,38.11,0.05,72.4,24.55
101127,2023-01-13,Asia Pacific,Home & Garden,Garden Tool Set,Consumer,7,5.0,0.0,35.0,14.81
101086,2023-01-13,Europe,Electronics,Wireless Mouse,Corporate,1,90.89,0.0,90.89,31.94
101052,2023-01-13,Europe,Electronics,Laptop Sleeve,Consumer,7,94.49,0.1,595.31,219.11
101347,2023-01-13,Middle East,Furniture,Desk Lamp,Small Business,4,212.02,0.0,848.07,274.18
100324,2023-01-13,Europe,Office Supplies,Stapler,Small Business,1,21.41,0.1,19.27,6.78
101065,2023-01-13,Europe,Home & Garden,Candle Set,Consumer,6,49.27,0.0,295.61,102.17
100687,2023-01-14,Middle East,Electronics,Headphones,Consumer,3,104.05,0.1,280.94,79.95
100160,2023-01-14,North America,Home & Garden,Wall Art,Consumer,5,55.81,0.1,251.13,97.37
101590,2023-01-14,North America,Home & Garden,Plant Pot,Small Business,2,39.61,0.15,67.33,24.47
101641,2023-01-15,Europe,Home & Garden,Plant Pot,Consumer,1,52.5,0.2,42.0,14.76
101046,2023-01-15,Asia Pacific,Apparel,Jacket,Consumer,4,38.17,0.1,137.42,42.07
101953,2023-01-16,North America,Apparel,Hoodie,Consumer,2,18.6,0.1,33.47,11.62
100124,2023-01-16,Latin America,Furniture,Filing Cabinet,Consumer,7,228.06,0.0,1596.39,519.86
100693,2023-01-16,Asia Pacific,Apparel,T-Shirt,Consumer,1,26.55,0.05,25.22,9.68
102066,2023-01-16,North America,Electronics,Headphones,Small Business,1,92.99,0.05,88.34,27.51
101149,2023-01-16,North America,Office Supplies,Whiteboard,Consumer,2,8.38,0.2,13.42,3.3
102109,2023-01-16,North America,Furniture,Desk Lamp,Consumer,7,205.36,0.0,1437.55,522.08
101327,2023-01-17,Europe,Electronics,Laptop Sleeve,Consumer,5,110.16,0.05,523.24,158.68
100660,2023-01-17,North America,Electronics,Wireless Mouse,Corporate,7,86.96,0.05,578.26,279.33
100328,2023-01-17,Latin America,Home & Garden,Garden Tool Set,Consumer,4,28.07,0.0,112.27,44.97
101946,2023-01-17,Europe,Furniture,Bookshelf,Consumer,1,222.01,0.2,177.61,76.49
100896,2023-01-17,Europe,Apparel,T-Shirt,Corporate,5,22.84,0.1,102.77,24.13
101176,2023-01-17,Asia Pacific,Furniture,Desk Lamp,Consumer,2,197.53,0.1,355.55,97.56
100122,2023-01-17,Middle East,Electronics,Smartwatch,Consumer,3,68.2,0.1,184.13,49.41
101386,2023-01-18,Latin America,Apparel,Hoodie,Small Business,4,40.4,0.05,153.52,41.0
100946,2023-01-18,Latin America,Home & Garden,Garden Tool Set,Consumer,4,49.69,0.15,168.96,35.37
100341,2023-01-19,North America,Furniture,Standing Desk,Consumer,4,248.11,0.15,843.57,349.73
100921,2023-01-20,Middle East,Furniture,Filing Cabinet,Consumer,4,162.48,0.1,584.93,201.72
100373,2023-01-20,North America,Home & Garden,Wall Art,Consumer,3,24.41,0.0,73.22,18.95
101835,2023-01-21,Europe,Apparel,Jacket,Corporate,4,29.58,0.2,94.67,28.39
100942,2023-01-22,Europe,Furniture,Bookshelf,Corporate,3,239.99,0.05,683.97,241.53
102191,2023-01-22,Europe,Furniture,Bookshelf,Small Business,4,204.43,0.05,776.82,297.86
100806,2023-01-23,North America,Electronics,Bluetooth Speaker,Consumer,1,70.43,0.0,70.43,22.39
101257,2023-01-23,Middle East,Apparel,Running Shoes,Consumer,4,46.3,0.15,157.42,50.21
100066,2023-01-23,Asia Pacific,Office Supplies,Pen Set,Small Business,1,28.32,0.0,28.32,12.71
101369,2023-01-24,Latin America,Home & Garden,Wall Art,Consumer,6,39.72,0.0,238.35,112.03
100723,2023-01-24,Europe,Home & Garden,Candle Set,Corporate,6,44.77,0.0,268.65,120.44
101702,2023-01-25,Latin America,Furniture,Office Chair,Consumer,3,197.85,0.0,593.55,153.86
102051,2023-01-25,Asia Pacific,Home & Garden,Plant Pot,Corporate,5,36.46,0.05,173.18,74.06
101431,2023-01-25,North America,Home & Garden,Throw Blanket,Consumer,5,29.94,0.05,142.21,36.01
102159,2023-01-25,Asia Pacific,Office Supplies,Pen Set,Corporate,1,14.22,0.05,13.51,5.13
101076,2023-01-27,North America,Furniture,Filing Cabinet,Consumer,7,175.88,0.0,1231.17,369.88
100167,2023-01-28,North America,Office Supplies,Whiteboard,Consumer,4,9.6,0.0,38.39,17.57
101647,2023-01-28,North America,Apparel,Cap,Consumer,7,39.07,0.05,259.79,107.03
100099,2023-01-29,North America,Electronics,Wireless Mouse,Consumer,6,69.0,0.0,414.0,120.32
101672,2023-01-29,Asia Pacific,Furniture,Bookshelf,Small Business,7,264.04,0.0,1848.31,642.79
100147,2023-01-29,North America,Apparel,Running Shoes,Corporate,2,33.81,0.2,54.1,22.42
101813,2023-01-31,Middle East,Apparel,T-Shirt,Corporate,4,36.06,0.0,144.26,42.27
101864,2023-01-31,North America,Furniture,Standing Desk,Small Business,4,195.64,0.2,626.04,120.09
100729,2023-01-31,Europe,Electronics,Laptop Sleeve,Corporate,3,90.07,0.15,229.67,103.74
101451,2023-02-01,Middle East,Apparel,Jacket,Corporate,5,49.95,0.3,174.83,54.28
101078,2023-02-01,North America,Office Supplies,Notebook Pack,Consumer,7,16.74,0.0,117.21,31.64
101295,2023-02-01,North America,Office Supplies,Whiteboard,Small Business,3,15.92,0.05,45.36,16.2
100851,2023-02-02,Latin America,Electronics,Laptop Sleeve,Consumer,5,58.19,0.0,290.97,143.23
100926,2023-02-02,North America,Electronics,Bluetooth Speaker,Corporate,2,79.38,0.3,111.13,20.92
100930,2023-02-02,Europe,Furniture,Desk Lamp,Consumer,2,207.55,0.2,332.07,83.79
101731,2023-02-02,Asia Pacific,Apparel,Cap,Consumer,4,47.44,0.1,170.8,75.41
101411,2023-02-03,Europe,Apparel,Hoodie,Small Business,2,52.27,0.0,104.53,40.45
101103,2023-02-03,Latin America,Apparel,Hoodie,Small Business,7,25.15,0.2,140.86,36.94
101352,2023-02-03,Asia Pacific,Electronics,Smartwatch,Small Business,6,140.76,0.0,844.54,284.78
102043,2023-02-03,Europe,Furniture,Standing Desk,Corporate,6,287.33,0.1,1551.6,424.67
101811,2023-02-04,Europe,Home & Garden,Garden Tool Set,Consumer,6,17.11,0.05,97.54,29.89
100533,2023-02-04,North America,Office Supplies,Whiteboard,Consumer,7,17.37,0.0,121.6,60.02
102006,2023-02-04,North America,Office Supplies,Stapler,Corporate,2,20.9,0.2,33.43,12.99
101179,2023-02-05,North America,Electronics,Headphones,Corporate,5,125.89,0.05,597.97,203.65
100035,2023-02-05,Asia Pacific,Electronics,Smartwatch,Small Business,7,65.29,0.1,411.35,189.64
102050,2023-02-05,Europe,Furniture,Filing Cabinet,Small Business,5,118.11,0.15,501.98,224.36
101877,2023-02-05,Europe,Home & Garden,Candle Set,Consumer,6,40.44,0.0,242.64,104.52
102000,2023-02-05,Asia Pacific,Apparel,Jacket,Consumer,2,46.83,0.05,88.99,25.72
101847,2023-02-05,North America,Furniture,Office Chair,Consumer,7,289.64,0.05,1926.07,487.47
101375,2023-02-07,Europe,Office Supplies,Sticky Notes,Consumer,6,20.11,0.3,84.44,22.38
101614,2023-02-07,Middle East,Apparel,Running Shoes,Consumer,7,35.15,0.1,221.45,73.15
100355,2023-02-07,Asia Pacific,Home & Garden,Plant Pot,Small Business,7,50.24,0.15,298.96,117.13
100225,2023-02-08,Asia Pacific,Electronics,Laptop Sleeve,Corporate,6,115.95,0.1,626.13,172.74
100500,2023-02-08,Asia Pacific,Electronics,Wireless Mouse,Consumer,6,84.42,0.0,506.55,169.21
100053,2023-02-08,North America,Furniture,Standing Desk,Consumer,7,339.7,0.3,1664.54,396.15
100525,2023-02-08,Europe,Apparel,Hoodie,Corporate,6,20.38,0.0,122.31,40.41
100677,2023-02-08,Middle East,Apparel,Cap,Small Business,1,30.14,0.0,30.14,14.91
101473,2023-02-08,Asia Pacific,Apparel,Running Shoes,Corporate,3,37.2,0.15,94.86,39.37
100352,2023-02-09,North America,Home & Garden,Throw Blanket,Corporate,2,48.52,0.15,82.48,26.9
100404,2023-02-09,North America,Home & Garden,Candle Set,Consumer,3,33.14,0.1,89.49,26.2
100011,2023-02-10,Latin America,Electronics,Smartwatch,Consumer,7,56.79,0.1,357.77,111.13
102151,2023-02-10,North America,Home & Garden,Garden Tool Set,Consumer,6,39.8,0.1,214.89,58.42
101237,2023-02-10,North America,Home & Garden,Plant Pot,Consumer,4,34.48,0.0,137.94,59.04
100062,2023-02-10,North America,Apparel,T-Shirt,Consumer,5,20.77,0.15,88.28,25.06
101313,2023-02-11,Europe,Furniture,Desk Lamp,Corporate,1,219.24,0.0,219.24,99.42
101541,2023-02-11,Europe,Apparel,T-Shirt,Corporate,4,25.66,0.2,82.1,22.8
101841,2023-02-11,Asia Pacific,Furniture,Bookshelf,Small Business,5,232.64,0.15,988.7,354.97
101986,2023-02-11,North America,Home & Garden,Plant Pot,Corporate,4,35.68,0.0,142.73,53.6
100507,2023-02-12,North America,Apparel,T-Shirt,Corporate,6,35.26,0.15,179.83,38.77
102114,2023-02-12,Europe,Furniture,Office Chair,Consumer,6,296.48,0.0,1778.87,789.2
100253,2023-02-13,Europe,Home & Garden,Candle Set,Consumer,4,13.55,0.0,54.21,21.13
101870,2023-02-13,North America,Apparel,Jacket,Corporate,6,34.85,0.0,209.09,72.75
101796,2023-02-13,North America,Furniture,Standing Desk,Consumer,1,387.84,0.1,349.06,107.45
100787,2023-02-13,Asia Pacific,Electronics,Wireless Mouse,Consumer,4,105.18,0.05,399.69,167.73
101667,2023-02-14,Asia Pacific,Furniture,Filing Cabinet,Small Business,5,188.47,0.05,895.21,430.2
100641,2023-02-14,North America,Home & Garden,Wall Art,Corporate,3,21.49,0.0,64.46,26.87
101379,2023-02-14,Europe,Apparel,Jacket,Small Business,6,41.85,0.1,225.98,93.65
100589,2023-02-14,North America,Furniture,Filing Cabinet,Small Business,4,272.6,0.0,1090.41,352.76
101104,2023-02-15,North America,Office Supplies,Stapler,Corporate,7,10.62,0.15,63.16,24.38
101448,2023-02-15,North America,Electronics,Laptop Sleeve,Corporate,6,106.11,0.05,604.81,213.69
101682,2023-02-16,Europe,Furniture,Bookshelf,Consumer,5,278.35,0.05,1322.17,416.46
102070,2023-02-16,Latin America,Apparel,Jacket,Corporate,1,37.39,0.05,35.52,13.43
101132,2023-02-17,Asia Pacific,Home & Garden,Garden Tool Set,Corporate,4,51.74,0.05,196.61,64.56
101517,2023-02-17,Asia Pacific,Apparel,T-Shirt,Consumer,2,43.64,0.0,87.28,22.43
101659,2023-02-17,Europe,Apparel,Running Shoes,Consumer,5,49.23,0.0,246.17,73.67
101144,2023-02-18,North America,Electronics,Headphones,Corporate,7,58.01,0.2,324.84,68.83
100241,2023-02-18,Europe,Office Supplies,Stapler,Consumer,4,18.54,0.0,74.16,36.02
100403,2023-02-18,North America,Furniture,Filing Cabinet,Small Business,7,215.58,0.0,1509.04,479.41
102185,2023-02-18,North America,Office Supplies,Sticky Notes,Corporate,5,30.22,0.15,128.43,51.06
100278,2023-02-18,North America,Apparel,Jacket,Consumer,2,42.98,0.05,81.66,30.65
100966,2023-02-20,North America,Apparel,T-Shirt,Consumer,5,44.75,0.15,190.2,78.51
102064,2023-02-21,North America,Furniture,Desk Lamp,Small Business,3,221.43,0.15,564.65,154.95
100672,2023-02-21,North America,Furniture,Filing Cabinet,Consumer,6,165.58,0.0,993.45,281.6
100513,2023-02-21,Europe,Office Supplies,Sticky Notes,Consumer,4,24.69,0.0,98.76,42.02
100779,2023-02-21,Asia Pacific,Electronics,Laptop Sleeve,Consumer,6,32.1,0.05,182.97,49.54
102052,2023-02-21,Europe,Office Supplies,Pen Set,Small Business,2,21.55,0.05,40.95,9.67
101292,2023-02-21,Europe,Furniture,Desk Lamp,Consumer,6,143.07,0.0,858.39,240.81
101384,2023-02-22,Asia Pacific,Furniture,Office Chair,Corporate,5,207.94,0.1,935.72,435.32
101866,2023-02-22,Europe,Home & Garden,Throw Blanket,Small Business,5,34.34,0.1,154.53,55.68
100314,2023-02-22,Europe,Electronics,Headphones,Corporate,6,53.4,0.05,304.37,85.11
102174,2023-02-22,Europe,Apparel,Hoodie,Consumer,6,45.23,0.0,271.37,101.15
100439,2023-02-22,North America,Home & Garden,Candle Set,Consumer,2,42.56,0.1,76.61,25.3
100135,2023-02-23,Middle East,Electronics,Headphones,Small Business,2,41.68,0.05,79.18,28.68
100482,2023-02-23,North America,Electronics,Wireless Mouse,Consumer,5,72.06,0.1,324.29,75.66
100037,2023-02-23,Europe,Office Supplies,Notebook Pack,Small Business,4,20.97,0.0,83.87,40.85
101067,2023-02-23,Latin America,Home & Garden,Plant Pot,Consumer,7,51.36,0.0,359.53,107.49
100068,2023-02-23,Middle East,Apparel,T-Shirt,Corporate,7,32.18,0.0,225.28,70.11
102039,2023-02-23,Asia Pacific,Furniture,Desk Lamp,Consumer,7,254.84,0.0,1783.86,679.44
100107,2023-02-24,Latin America,Furniture,Standing Desk,Small Business,2,196.12,0.0,392.23,125.91
101527,2023-02-24,Europe,Furniture,Office Chair,Corporate,2,182.42,0.0,364.85,170.18
100648,2023-02-24,North America,Home & Garden,Garden Tool Set,Small Business,7,41.79,0.1,263.29,97.88
100944,2023-02-25,Asia Pacific,Apparel,Hoodie,Corporate,1,51.94,0.0,51.94,25.79
102198,2023-02-25,North America,Apparel,T-Shirt,Corporate,3,53.41,0.05,152.23,44.07
100538,2023-02-25,Europe,Electronics,Smartwatch,Corporate,4,54.27,0.0,217.1,103.21
100076,2023-02-25,Europe,Furniture,Desk Lamp,Consumer,2,168.83,0.1,303.9,140.05
100414,2023-02-25,North America,Office Supplies,Whiteboard,Small Business,2,18.36,0.1,33.05,8.82
100618,2023-02-26,North America,Electronics,Wireless Mouse,Corporate,4,84.2,0.0,336.82,97.89
100805,2023-02-26,Latin America,Apparel,T-Shirt,Consumer,2,42.91,0.2,68.66,16.79
101735,2023-02-27,North America,Home & Garden,Throw Blanket,Small Business,3,45.87,0.1,123.86,36.53
100685,2023-02-27,Europe,Furniture,Office Chair,Consumer,1,233.23,0.1,209.91,88.87
100867,2023-02-27,Asia Pacific,Furniture,Filing Cabinet,Consumer,6,203.9,0.1,1101.07,473.89
101872,2023-02-27,Europe,Office Supplies,Sticky Notes,Consumer,1,12.22,0.05,11.61,3.48
100316,2023-02-28,Asia Pacific,Furniture,Desk Lamp,Consumer,6,152.93,0.2,734.05,171.81
101003,2023-02-28,North America,Apparel,Jacket,Consumer,5,13.89,0.0,69.44,27.03
102130,2023-03-01,North America,Office Supplies,Notebook Pack,Consumer,5,17.91,0.0,89.56,40.22
101360,2023-03-01,North America,Apparel,Cap,Small Business,1,30.85,0.2,24.68,7.72
102015,2023-03-01,Asia Pacific,Office Supplies,Stapler,Consumer,2,20.59,0.0,41.17,10.93
101598,2023-03-01,North America,Home & Garden,Garden Tool Set,Consumer,2,35.09,0.0,70.18,31.68
102173,2023-03-01,North America,Office Supplies,Whiteboard,Small Business,4,20.12,0.0,80.47,37.04
100979,2023-03-02,Asia Pacific,Apparel,Jacket,Corporate,2,38.66,0.15,65.73,17.14
100911,2023-03-02,North America,Electronics,Headphones,Small Business,6,88.3,0.15,450.36,110.97
101111,2023-03-03,Europe,Apparel,Jacket,Consumer,5,56.92,0.2,227.69,77.82
100705,2023-03-03,North America,Office Supplies,Pen Set,Small Business,7,27.35,0.0,191.43,91.7
102124,2023-03-03,Europe,Furniture,Desk Lamp,Consumer,6,251.41,0.05,1433.03,557.05
101746,2023-03-03,Europe,Electronics,Smartwatch,Consumer,7,79.28,0.05,527.19,185.34
102042,2023-03-04,Asia Pacific,Furniture,Standing Desk,Small Business,6,159.44,0.1,860.99,292.15
100010,2023-03-04,Asia Pacific,Electronics,Wireless Mouse,Corporate,3,77.98,0.0,233.94,96.01
101652,2023-03-04,Asia Pacific,Electronics,Smartwatch,Consumer,4,104.46,0.15,355.16,89.25
101283,2023-03-04,North America,Electronics,Laptop Sleeve,Consumer,5,136.0,0.05,646.01,213.14
100422,2023-03-05,Asia Pacific,Electronics,Smartwatch,Consumer,2,72.6,0.1,130.68,34.06
100888,2023-03-05,North America,Furniture,Standing Desk,Corporate,5,211.48,0.0,1057.41,328.22
101687,2023-03-06,Latin America,Furniture,Filing Cabinet,Consumer,4,264.04,0.3,739.3,300.59
101752,2023-03-06,North America,Electronics,Laptop Sleeve,Corporate,3,51.29,0.05,146.18,66.43
100885,2023-03-06,Asia Pacific,Office Supplies,Notebook Pack,Small Business,2,19.02,0.05,36.14,15.23
102097,2023-03-07,North America,Electronics,Bluetooth Speaker,Corporate,3,101.83,0.05,290.2,137.93
102002,2023-03-07,North America,Office Supplies,Sticky Notes,Corporate,4,18.61,0.0,74.46,18.88
101471,2023-03-07,Europe,Apparel,Running Shoes,Consumer,1,47.57,0.05,45.19,12.01
101175,2023-03-07,Asia Pacific,Furniture,Bookshelf,Small Business,6,217.1,0.0,1302.57,493.81
101381,2023-03-07,Europe,Apparel,Hoodie,Consumer,7,23.58,0.1,148.55,61.87
101145,2023-03-08,Asia Pacific,Furniture,Filing Cabinet,Small Business,5,187.11,0.1,841.98,335.45
101264,2023-03-09,North America,Home & Garden,Candle Set,Corporate,1,45.41,0.05,43.14,20.14
102117,2023-03-09,Asia Pacific,Apparel,Hoodie,Small Business,7,28.97,0.0,202.77,51.23
101867,2023-03-10,Latin America,Apparel,Hoodie,Corporate,1,40.4,0.0,40.4,12.13
100733,2023-03-10,Europe,Electronics,Laptop Sleeve,Corporate,2,62.48,0.0,124.97,32.4
100052,2023-03-10,North America,Electronics,Smartwatch,Corporate,4,136.63,0.2,437.22,106.98
102090,2023-03-10,Europe,Apparel,Cap,Consumer,3,38.67,0.0,116.0,55.36
100232,2023-03-11,Latin America,Office Supplies,Pen Set,Consumer,5,20.27,0.1,91.19,25.07
100460,2023-03-11,Latin America,Home & Garden,Wall Art,Corporate,5,32.27,0.15,137.15,42.98
102088,2023-03-11,Asia Pacific,Furniture,Filing Cabinet,Small Business,5,144.92,0.1,652.12,253.53
101450,2023-03-11,North America,Electronics,Bluetooth Speaker,Small Business,2,124.41,0.15,211.5,46.61
101203,2023-03-12,Asia Pacific,Office Supplies,Pen Set,Corporate,5,16.28,0.05,77.34,26.69
100486,2023-03-12,North America,Home & Garden,Garden Tool Set,Consumer,3,33.95,0.05,96.77,30.15
100811,2023-03-12,North America,Furniture,Desk Lamp,Consumer,2,189.19,0.0,378.39,158.87
101865,2023-03-12,Europe,Home & Garden,Wall Art,Consumer,6,52.35,0.2,251.29,98.83
101758,2023-03-12,Asia Pacific,Apparel,Running Shoes,Consumer,1,31.71,0.0,31.71,11.24
100448,2023-03-13,Latin America,Home & Garden,Plant Pot,Corporate,2,26.52,0.05,50.38,14.98
100484,2023-03-13,Latin America,Home & Garden,Wall Art,Consumer,3,45.32,0.15,115.56,46.1
102142,2023-03-14,North America,Home & Garden,Candle Set,Corporate,3,32.39,0.3,68.03,22.35
100400,2023-03-14,Europe,Electronics,Bluetooth Speaker,Small Business,1,61.01,0.05,57.96,23.28
100739,2023-03-14,North America,Office Supplies,Notebook Pack,Small Business,6,17.64,0.0,105.83,50.09
100075,2023-03-14,North America,Electronics,Wireless Mouse,Small Business,5,89.63,0.3,313.7,86.53
100882,2023-03-14,Europe,Electronics,Laptop Sleeve,Corporate,1,66.0,0.05,62.7,29.69
101170,2023-03-15,Europe,Furniture,Office Chair,Corporate,7,139.15,0.05,925.35,333.64
101896,2023-03-15,Europe,Furniture,Bookshelf,Corporate,4,312.87,0.05,1188.9,376.76
100895,2023-03-15,Asia Pacific,Apparel,Jacket,Corporate,1,35.31,0.15,30.01,11.03
101516,2023-03-15,Latin America,Office Supplies,Stapler,Corporate,1,22.06,0.0,22.06,9.59
100294,2023-03-16,North America,Furniture,Bookshelf,Consumer,3,144.32,0.05,411.31,183.03
101217,2023-03-16,Europe,Apparel,Hoodie,Small Business,1,21.14,0.05,20.08,5.57
100290,2023-03-16,Europe,Furniture,Bookshelf,Corporate,4,129.02,0.05,490.26,173.33
100115,2023-03-16,Asia Pacific,Office Supplies,Pen Set,Corporate,6,17.2,0.05,98.02,29.89
100954,2023-03-17,Latin America,Office Supplies,Stapler,Corporate,1,8.43,0.05,8.01,3.63
100542,2023-03-17,Asia Pacific,Home & Garden,Wall Art,Corporate,3,39.27,0.05,111.91,52.37
100236,2023-03-17,Asia Pacific,Office Supplies,Stapler,Consumer,5,10.33,0.0,51.63,21.58
100844,2023-03-18,Asia Pacific,Furniture,Standing Desk,Consumer,4,288.22,0.0,1152.86,561.02
101963,2023-03-18,Middle East,Furniture,Standing Desk,Corporate,6,221.58,0.1,1196.53,339.29
100845,2023-03-18,North America,Home & Garden,Garden Tool Set,Consumer,6,51.49,0.15,262.58,75.29
100514,2023-03-18,Europe,Home & Garden,Candle Set,Small Business,3,72.21,0.1,194.97,65.1
102011,2023-03-18,North America,Electronics,Headphones,Consumer,5,105.65,0.05,501.86,179.94
101074,2023-03-19,Europe,Electronics,Smartwatch,Consumer,7,76.9,0.05,511.36,174.24
100501,2023-03-19,Europe,Home & Garden,Garden Tool Set,Corporate,5,39.31,0.05,186.75,51.36
101871,2023-03-20,Latin America,Furniture,Office Chair,Corporate,1,334.49,0.05,317.77,77.55
100737,2023-03-20,Europe,Electronics,Bluetooth Speaker,Small Business,1,49.94,0.05,47.44,16.08
101001,2023-03-21,North America,Home & Garden,Wall Art,Consumer,4,43.81,0.3,122.68,28.01
102101,2023-03-21,Asia Pacific,Electronics,Bluetooth Speaker,Small Business,6,82.77,0.0,496.62,145.26
100287,2023-03-22,Asia Pacific,Home & Garden,Candle Set,Consumer,7,33.42,0.0,233.91,84.29
101335,2023-03-23,North America,Office Supplies,Stapler,Consumer,3,13.92,0.0,41.75,17.78
100347,2023-03-23,Asia Pacific,Furniture,Office Chair,Consumer,5,252.15,0.0,1260.76,328.96
101309,2023-03-23,Asia Pacific,Electronics,Laptop Sleeve,Consumer,2,102.64,0.0,205.28,65.11
102140,2023-03-23,Asia Pacific,Home & Garden,Plant Pot,Consumer,7,43.72,0.0,306.07,111.65
101540,2023-03-23,North America,Home & Garden,Plant Pot,Consumer,3,20.98,0.05,59.78,23.19
101507,2023-03-23,Europe,Office Supplies,Pen Set,Consumer,7,21.21,0.15,126.21,53.87
100371,2023-03-23,Asia Pacific,Electronics,Headphones,Consumer,4,89.43,0.05,339.83,101.94
101518,2023-03-23,North America,Apparel,Hoodie,Corporate,1,38.52,0.1,34.67,11.56
101536,2023-03-24,Asia Pacific,Office Supplies,Whiteboard,Corporate,3,27.94,0.05,79.64,23.11
100286,2023-03-25,Asia Pacific,Office Supplies,Pen Set,Consumer,3,19.26,0.05,54.89,24.67
100369,2023-03-25,Asia Pacific,Apparel,Cap,Consumer,5,39.46,0.2,157.83,68.99
100199,2023-03-25,Europe,Furniture,Office Chair,Corporate,4,266.74,0.0,1066.94,452.62
100846,2023-03-25,North America,Electronics,Headphones,Small Business,6,70.14,0.0,420.82,117.57
100284,2023-03-25,Latin America,Home & Garden,Throw Blanket,Consumer,1,53.03,0.2,42.42,11.57
100686,2023-03-25,North America,Office Supplies,Notebook Pack,Small Business,6,16.28,0.0,97.66,34.85
100545,2023-03-26,Middle East,Electronics,Wireless Mouse,Corporate,3,103.76,0.2,249.01,87.79
101465,2023-03-26,North America,Office Supplies,Stapler,Corporate,6,25.74,0.0,154.47,70.47
100015,2023-03-27,Latin America,Furniture,Filing Cabinet,Consumer,5,236.97,0.0,1184.85,328.04
102190,2023-03-27,Asia Pacific,Office Supplies,Stapler,Consumer,6,15.71,0.0,94.28,35.43
101061,2023-03-27,North America,Office Supplies,Pen Set,Consumer,2,13.54,0.2,21.66,4.95
100617,2023-03-27,North America,Furniture,Office Chair,Corporate,6,163.01,0.3,684.64,192.04
101165,2023-03-27,Europe,Home & Garden,Candle Set,Consumer,3,24.79,0.2,59.48,22.48
100250,2023-03-27,North America,Home & Garden,Candle Set,Consumer,3,64.12,0.15,163.51,66.17
101843,2023-03-27,Asia Pacific,Electronics,Laptop Sleeve,Consumer,4,78.15,0.1,281.34,94.28
101087,2023-03-28,Europe,Electronics,Smartwatch,Consumer,5,69.4,0.1,312.32,99.2
101525,2023-03-28,Asia Pacific,Apparel,Cap,Consumer,2,40.27,0.05,76.51,28.87
101717,2023-03-28,Europe,Electronics,Smartwatch,Small Business,5,88.04,0.1,396.19,152.85
100767,2023-03-28,Europe,Office Supplies,Stapler,Corporate,3,14.46,0.1,39.04,15.31
100813,2023-03-29,North America,Home & Garden,Wall Art,Consumer,6,50.57,0.2,242.71,104.27
102134,2023-03-29,North America,Home & Garden,Plant Pot,Small Business,2,39.38,0.0,78.75,24.35
101520,2023-03-29,North America,Office Supplies,Stapler,Consumer,1,12.52,0.0,12.52,3.27
100494,2023-03-29,Asia Pacific,Office Supplies,Stapler,Corporate,7,18.06,0.15,107.45,47.81
101765,2023-03-30,North America,Home & Garden,Plant Pot,Corporate,7,31.92,0.05,212.29,98.57
101962,2023-03-30,Europe,Office Supplies,Notebook Pack,Consumer,5,23.68,0.15,100.66,30.15
101050,2023-03-30,Latin America,Apparel,Hoodie,Consumer,1,35.09,0.05,33.34,8.01
100592,2023-03-31,Europe,Home & Garden,Garden Tool Set,Consumer,1,48.19,0.05,45.78,11.13
101447,2023-03-31,North America,Furniture,Standing Desk,Consumer,2,224.32,0.0,448.65,158.3
101712,2023-04-01,Asia Pacific,Furniture,Desk Lamp,Small Business,6,280.88,0.15,1432.51,331.03
102096,2023-04-02,North America,Furniture,Standing Desk,Small Business,2,222.37,0.1,400.26,138.1
101011,2023-04-02,North America,Office Supplies,Whiteboard,Small Business,2,26.32,0.0,52.64,15.42
101266,2023-04-02,Middle East,Electronics,Smartwatch,Small Business,7,113.59,0.1,715.62,326.85
100073,2023-04-03,Middle East,Office Supplies,Pen Set,Consumer,5,15.14,0.0,75.68,36.16
100343,2023-04-03,Europe,Electronics,Bluetooth Speaker,Consumer,5,107.81,0.15,458.2,203.21
100397,2023-04-03,Europe,Office Supplies,Notebook Pack,Consumer,5,13.17,0.1,59.24,24.79
100339,2023-04-03,Europe,Office Supplies,Sticky Notes,Corporate,1,15.68,0.3,10.98,3.96
101789,2023-04-03,North America,Apparel,T-Shirt,Consumer,1,44.47,0.15,37.8,9.84
100970,2023-04-05,Asia Pacific,Apparel,Hoodie,Corporate,4,42.21,0.0,168.84,78.98
101244,2023-04-05,Europe,Office Supplies,Pen Set,Consumer,1,30.17,0.0,30.17,8.38
100557,2023-04-05,North America,Apparel,T-Shirt,Consumer,3,30.02,0.15,76.56,25.26
100996,2023-04-05,Asia Pacific,Electronics,Wireless Mouse,Consumer,5,73.1,0.0,365.51,108.19
100934,2023-04-05,Europe,Apparel,Cap,Consumer,6,42.65,0.05,243.09,101.04
101501,2023-04-05,Asia Pacific,Apparel,T-Shirt,Small Business,1,24.22,0.05,23.01,5.47
100365,2023-04-05,North America,Furniture,Bookshelf,Consumer,7,248.12,0.15,1476.34,309.33
101231,2023-04-05,North America,Electronics,Laptop Sleeve,Consumer,6,66.85,0.0,401.12,163.26
101511,2023-04-07,North America,Electronics,Laptop Sleeve,Small Business,7,100.16,0.15,595.94,249.51
102138,2023-04-08,Asia Pacific,Furniture,Office Chair,Corporate,6,87.54,0.3,367.69,127.37
100706,2023-04-08,Asia Pacific,Office Supplies,Whiteboard,Small Business,1,13.49,0.0,13.49,6.41
100778,2023-04-09,Latin America,Apparel,Cap,Consumer,7,44.47,0.1,280.13,125.49
100209,2023-04-09,North America,Home & Garden,Candle Set,Consumer,4,58.25,0.0,233.02,102.96
101446,2023-04-10,North America,Home & Garden,Candle Set,Consumer,7,47.29,0.0,331.02,98.81
100325,2023-04-10,Asia Pacific,Office Supplies,Whiteboard,Consumer,7,20.01,0.3,98.05,38.92
101708,2023-04-10,Europe,Furniture,Filing Cabinet,Consumer,3,194.74,0.2,467.38,163.92
100703,2023-04-10,Latin America,Electronics,Bluetooth Speaker,Corporate,6,50.96,0.15,259.88,74.03
100868,2023-04-11,Latin America,Home & Garden,Plant Pot,Consumer,5,37.87,0.1,170.4,41.43
100527,2023-04-11,Europe,Office Supplies,Notebook Pack,Small Business,2,14.36,0.05,27.28,8.84
101999,2023-04-11,Asia Pacific,Home & Garden,Candle Set,Consumer,6,23.96,0.0,143.78,54.07
100258,2023-04-12,Middle East,Apparel,Running Shoes,Corporate,3,34.57,0.05,98.52,30.06
101584,2023-04-12,North America,Home & Garden,Plant Pot,Small Business,2,30.17,0.0,60.34,16.83
101265,2023-04-12,Asia Pacific,Home & Garden,Candle Set,Small Business,1,34.35,0.1,30.92,9.85
100193,2023-04-12,Europe,Office Supplies,Stapler,Consumer,1,9.19,0.05,8.73,3.48
100178,2023-04-12,North America,Apparel,Hoodie,Corporate,1,29.67,0.0,29.67,8.39
100001,2023-04-13,Asia Pacific,Apparel,Cap,Corporate,2,37.93,0.1,68.27,31.74
100282,2023-04-13,Middle East,Office Supplies,Notebook Pack,Corporate,7,26.27,0.1,165.5,43.46
101880,2023-04-13,North America,Furniture,Bookshelf,Corporate,7,173.57,0.0,1214.97,459.06
101206,2023-04-14,Europe,Office Supplies,Sticky Notes,Corporate,2,15.76,0.0,31.52,14.34
100451,2023-04-14,Latin America,Home & Garden,Candle Set,Corporate,3,32.69,0.1,88.27,28.25
100719,2023-04-14,North America,Office Supplies,Whiteboard,Consumer,5,16.65,0.05,79.08,21.49
100285,2023-04-15,Asia Pacific,Apparel,Running Shoes,Corporate,6,42.44,0.1,229.16,57.65
101557,2023-04-15,North America,Home & Garden,Candle Set,Consumer,5,41.68,0.1,187.55,60.83
101194,2023-04-15,North America,Apparel,T-Shirt,Consumer,1,29.31,0.15,24.91,7.69
100453,2023-04-15,North America,Home & Garden,Candle Set,Consumer,3,34.86,0.15,88.89,38.47
101677,2023-04-16,Europe,Electronics,Bluetooth Speaker,Consumer,7,82.1,0.15,488.5,169.73
101143,2023-04-16,Europe,Furniture,Filing Cabinet,Corporate,7,273.87,0.05,1821.24,484.31
101156,2023-04-17,Asia Pacific,Apparel,T-Shirt,Consumer,5,38.81,0.1,174.63,52.78
101608,2023-04-17,North America,Office Supplies,Notebook Pack,Consumer,6,24.37,0.1,131.58,44.11
100190,2023-04-18,Latin America,Office Supplies,Notebook Pack,Consumer,5,11.91,0.1,53.6,17.06
101260,2023-04-18,North America,Electronics,Bluetooth Speaker,Corporate,1,79.54,0.0,79.54,31.37
100587,2023-04-18,North America,Office Supplies,Stapler,Corporate,7,26.87,0.0,188.07,73.01
101457,2023-04-18,North America,Office Supplies,Stapler,Consumer,6,15.12,0.0,90.73,23.15
101396,2023-04-19,North America,Electronics,Wireless Mouse,Corporate,4,87.9,0.05,334.02,103.21
101519,2023-04-19,Latin America,Office Supplies,Sticky Notes,Corporate,2,30.45,0.0,60.9,20.62
101276,2023-04-19,Latin America,Furniture,Standing Desk,Consumer,5,219.32,0.0,1096.58,388.87
102183,2023-04-19,Europe,Furniture,Bookshelf,Corporate,7,249.59,0.0,1747.12,658.97
102001,2023-04-20,Asia Pacific,Electronics,Laptop Sleeve,Consumer,2,90.03,0.1,162.06,36.86
101409,2023-04-20,Europe,Home & Garden,Garden Tool Set,Corporate,1,59.18,0.05,56.22,15.97
101365,2023-04-20,Asia Pacific,Furniture,Office Chair,Consumer,7,232.68,0.1,1465.88,344.33
100072,2023-04-21,North America,Apparel,Jacket,Consumer,1,47.66,0.2,38.13,12.26
101855,2023-04-21,North America,Furniture,Bookshelf,Corporate,5,332.14,0.3,1162.5,270.24
100159,2023-04-21,Asia Pacific,Apparel,Jacket,Corporate,6,32.92,0.1,177.78,60.16
101486,2023-04-21,Asia Pacific,Apparel,T-Shirt,Consumer,2,46.56,0.0,93.12,37.44
100229,2023-04-21,North America,Furniture,Office Chair,Corporate,3,305.01,0.0,915.02,330.53
100913,2023-04-22,Europe,Office Supplies,Stapler,Corporate,2,16.82,0.0,33.63,16.36
101830,2023-04-22,North America,Home & Garden,Plant Pot,Consumer,6,31.56,0.1,170.44,62.26
101889,2023-04-22,North America,Apparel,T-Shirt,Consumer,5,37.37,0.0,186.84,89.84
101138,2023-04-22,Latin America,Apparel,Cap,Consumer,5,23.34,0.0,116.72,39.9
100511,2023-04-22,North America,Apparel,Jacket,Consumer,3,36.99,0.0,110.97,33.18
100548,2023-04-22,North America,Electronics,Smartwatch,Consumer,5,130.36,0.0,651.78,212.8
101915,2023-04-22,North America,Apparel,Hoodie,Small Business,4,10.83,0.2,34.65,14.27
101326,2023-04-23,Asia Pacific,Home & Garden,Candle Set,Corporate,2,46.33,0.05,88.03,40.14
101211,2023-04-23,Europe,Office Supplies,Notebook Pack,Consumer,3,27.97,0.1,75.51,20.83
101510,2023-04-24,Asia Pacific,Apparel,Jacket,Consumer,4,30.56,0.0,122.24,41.07
101133,2023-04-24,Europe,Furniture,Office Chair,Corporate,7,294.51,0.0,2061.55,751.87
102014,2023-04-24,Asia Pacific,Home & Garden,Garden Tool Set,Consumer,3,65.41,0.2,156.98,40.6
102084,2023-04-24,North America,Electronics,Smartwatch,Small Business,2,76.66,0.1,137.98,40.58
100200,2023-04-24,North America,Electronics,Bluetooth Speaker,Consumer,1,109.4,0.1,98.46,38.76
101760,2023-04-25,Middle East,Apparel,Jacket,Consumer,6,60.21,0.2,289.0,126.26
101509,2023-04-25,North America,Furniture,Bookshelf,Consumer,1,284.35,0.2,227.48,50.91
100834,2023-04-25,Asia Pacific,Home & Garden,Garden Tool Set,Corporate,6,47.97,0.15,244.63,84.89
101839,2023-04-25,North America,Apparel,Jacket,Consumer,1,43.75,0.1,39.37,9.6
100196,2023-04-26,North America,Home & Garden,Throw Blanket,Small Business,5,24.04,0.1,108.2,30.44
100569,2023-04-26,Europe,Office Supplies,Whiteboard,Consumer,1,13.78,0.1,12.4,4.88
100032,2023-04-26,North America,Office Supplies,Notebook Pack,Consumer,2,22.0,0.1,39.6,9.34
101233,2023-04-26,Europe,Office Supplies,Notebook Pack,Consumer,4,14.06,0.05,53.45,21.65
101757,2023-04-26,Europe,Furniture,Desk Lamp,Small Business,3,135.18,0.05,385.27,174.42
100101,2023-04-27,Europe,Apparel,Jacket,Consumer,3,34.31,0.05,97.79,24.97
101139,2023-04-27,Europe,Apparel,Jacket,Corporate,3,39.87,0.0,119.62,29.95
101665,2023-04-28,Asia Pacific,Apparel,Jacket,Consumer,2,33.65,0.05,63.93,30.71
101694,2023-04-28,Latin America,Home & Garden,Plant Pot,Consumer,1,46.6,0.3,32.62,10.15
102060,2023-04-28,Europe,Apparel,T-Shirt,Small Business,4,24.42,0.05,92.8,32.55
100327,2023-04-28,Asia Pacific,Office Supplies,Stapler,Consumer,2,16.77,0.05,31.85,12.23
101425,2023-04-28,Europe,Apparel,Hoodie,Consumer,7,55.98,0.0,391.86,171.23
100329,2023-04-29,Asia Pacific,Electronics,Smartwatch,Small Business,3,65.54,0.05,186.79,73.42
101120,2023-04-30,Asia Pacific,Office Supplies,Notebook Pack,Small Business,1,15.77,0.15,13.41,4.53
101239,2023-04-30,Latin America,Home & Garden,Garden Tool Set,Small Business,7,30.18,0.05,200.72,70.31
101579,2023-04-30,Latin America,Office Supplies,Notebook Pack,Corporate,1,27.61,0.0,27.61,9.84
101635,2023-05-01,Asia Pacific,Office Supplies,Pen Set,Small Business,2,14.28,0.05,27.13,10.63
100916,2023-05-01,North America,Furniture,Standing Desk,Small Business,4,147.46,0.0,589.85,164.61
101749,2023-05-01,Europe,Office Supplies,Whiteboard,Small Business,1,15.01,0.0,15.01,5.67
101935,2023-05-03,Asia Pacific,Office Supplies,Sticky Notes,Corporate,2,17.91,0.0,35.82,12.82
100877,2023-05-03,Asia Pacific,Furniture,Office Chair,Small Business,7,200.72,0.0,1405.05,381.29
100504,2023-05-03,North America,Office Supplies,Stapler,Consumer,3,23.95,0.1,64.67,30.13
101482,2023-05-03,Latin America,Apparel,Cap,Corporate,3,38.93,0.0,116.8,43.28
101524,2023-05-03,Middle East,Apparel,Hoodie,Consumer,3,39.07,0.0,117.22,36.44
101561,2023-05-04,North America,Apparel,Jacket,Consumer,7,24.83,0.1,156.43,49.62
100543,2023-05-06,North America,Furniture,Bookshelf,Consumer,3,349.92,0.1,944.78,309.76
101323,2023-05-07,North America,Apparel,Cap,Consumer,6,14.15,0.15,72.17,32.14
100310,2023-05-07,Latin America,Apparel,Hoodie,Consumer,7,28.76,0.05,191.29,89.06
101710,2023-05-07,Middle East,Electronics,Headphones,Corporate,1,105.24,0.1,94.72,36.21
101653,2023-05-08,Asia Pacific,Electronics,Wireless Mouse,Consumer,2,134.63,0.2,215.41,57.77
101597,2023-05-08,Europe,Furniture,Filing Cabinet,Consumer,3,163.08,0.05,464.79,143.5
100791,2023-05-09,Europe,Office Supplies,Whiteboard,Small Business,7,14.49,0.0,101.42,38.68
100722,2023-05-09,Asia Pacific,Office Supplies,Pen Set,Consumer,1,12.3,0.0,12.3,5.39
100689,2023-05-09,North America,Furniture,Desk Lamp,Consumer,5,241.33,0.1,1085.99,298.25
100594,2023-05-10,Europe,Furniture,Filing Cabinet,Consumer,7,255.22,0.05,1697.22,792.48
100709,2023-05-10,North America,Office Supplies,Whiteboard,Consumer,4,18.9,0.05,71.83,21.32
100590,2023-05-10,Asia Pacific,Electronics,Bluetooth Speaker,Consumer,7,96.49,0.1,607.91,189.48
100574,2023-05-10,Latin America,Furniture,Office Chair,Small Business,5,340.6,0.0,1703.0,850.8
101898,2023-05-11,Europe,Electronics,Headphones,Corporate,6,59.3,0.05,338.02,95.51
101933,2023-05-11,Latin America,Office Supplies,Pen Set,Consumer,2,14.6,0.1,26.28,9.48
101890,2023-05-12,Latin America,Electronics,Headphones,Small Business,7,65.29,0.0,457.05,129.4
101382,2023-05-12,North America,Home & Garden,Throw Blanket,Corporate,3,38.51,0.0,115.54,56.29
101405,2023-05-12,Europe,Home & Garden,Candle Set,Consumer,5,40.95,0.1,184.28,42.01
100812,2023-05-13,North America,Furniture,Office Chair,Small Business,5,122.12,0.1,549.55,135.53
101488,2023-05-13,Europe,Furniture,Office Chair,Corporate,5,141.33,0.05,671.29,259.8
101918,2023-05-13,Asia Pacific,Apparel,Hoodie,Consumer,1,39.95,0.05,37.96,9.08
100564,2023-05-14,Asia Pacific,Electronics,Headphones,Corporate,3,107.51,0.05,306.4,139.42
101325,2023-05-15,Latin America,Furniture,Standing Desk,Consumer,6,301.21,0.0,1807.26,652.06
100659,2023-05-15,North America,Home & Garden,Throw Blanket,Consumer,2,58.27,0.05,110.71,35.95
100534,2023-05-16,Europe,Office Supplies,Sticky Notes,Small Business,4,10.48,0.0,41.92,19.77
100473,2023-05-16,Europe,Apparel,T-Shirt,Consumer,2,37.37,0.1,67.26,24.83
101238,2023-05-16,Latin America,Home & Garden,Garden Tool Set,Corporate,6,42.27,0.2,202.88,44.22
101805,2023-05-16,Europe,Furniture,Standing Desk,Small Business,5,258.97,0.0,1294.85,370.58
101630,2023-05-17,Europe,Office Supplies,Pen Set,Corporate,1,11.89,0.0,11.89,3.94
102155,2023-05-17,Asia Pacific,Apparel,Jacket,Consumer,1,33.93,0.15,28.84,12.92
100125,2023-05-17,North America,Furniture,Bookshelf,Small Business,2,309.54,0.1,557.17,171.31
101879,2023-05-17,North America,Electronics,Bluetooth Speaker,Consumer,2,46.65,0.0,93.29,29.86
101912,2023-05-18,North America,Office Supplies,Pen Set,Consumer,2,8.62,0.1,15.51,4.65
102126,2023-05-18,North America,Office Supplies,Stapler,Consumer,6,19.98,0.0,119.9,52.05
100418,2023-05-18,Europe,Home & Garden,Garden Tool Set,Corporate,3,64.24,0.05,183.09,56.42
101787,2023-05-19,Asia Pacific,Office Supplies,Stapler,Consumer,6,19.89,0.0,119.37,37.78
100299,2023-05-19,Europe,Apparel,T-Shirt,Corporate,5,56.78,0.05,269.69,103.71
101496,2023-05-19,Middle East,Office Supplies,Notebook Pack,Corporate,4,15.15,0.0,60.62,29.51
101607,2023-05-20,North America,Furniture,Standing Desk,Consumer,7,285.84,0.05,1900.81,537.64
100367,2023-05-20,Europe,Electronics,Bluetooth Speaker,Corporate,6,48.5,0.05,276.43,128.27
101085,2023-05-20,Europe,Furniture,Standing Desk,Corporate,6,203.6,0.3,855.1,221.5
101359,2023-05-20,Europe,Office Supplies,Stapler,Consumer,5,26.64,0.0,133.22,54.25
102148,2023-05-21,North America,Electronics,Laptop Sleeve,Consumer,6,104.17,0.1,562.54,206.74
100809,2023-05-21,Europe,Furniture,Office Chair,Small Business,7,182.16,0.1,1147.63,474.33
101799,2023-05-22,Latin America,Apparel,Jacket,Corporate,2,46.45,0.15,78.97,23.6
100967,2023-05-22,Asia Pacific,Office Supplies,Stapler,Consumer,6,12.69,0.05,72.34,17.03
101029,2023-05-22,Latin America,Electronics,Laptop Sleeve,Corporate,1,71.1,0.2,56.88,23.01
101666,2023-05-23,Latin America,Office Supplies,Sticky Notes,Consumer,3,10.38,0.05,29.6,10.23
102085,2023-05-23,Europe,Apparel,Hoodie,Corporate,1,45.0,0.15,38.25,13.21
101973,2023-05-24,Europe,Office Supplies,Notebook Pack,Consumer,5,16.21,0.15,68.91,30.55
100426,2023-05-24,Asia Pacific,Apparel,Cap,Small Business,3,33.44,0.1,90.28,35.96
100136,2023-05-25,North America,Apparel,Cap,Consumer,7,36.86,0.0,258.04,71.29
100079,2023-05-25,North America,Electronics,Smartwatch,Consumer,1,62.71,0.05,59.58,20.16
100644,2023-05-25,Asia Pacific,Electronics,Smartwatch,Corporate,6,94.63,0.05,539.36,222.45
100655,2023-05-26,Asia Pacific,Apparel,Jacket,Small Business,7,31.22,0.05,207.61,52.64
100652,2023-05-26,North America,Apparel,Jacket,Consumer,6,40.46,0.15,206.34,85.09
101287,2023-05-26,Europe,Office Supplies,Stapler,Consumer,3,11.99,0.1,32.39,10.18
100306,2023-05-27,North America,Apparel,Running Shoes,Consumer,7,33.41,0.1,210.49,50.18
102099,2023-05-27,Europe,Furniture,Standing Desk,Consumer,3,242.25,0.0,726.75,182.72
101394,2023-05-28,Europe,Electronics,Laptop Sleeve,Small Business,3,63.5,0.15,161.94,49.79
101421,2023-05-29,Asia Pacific,Home & Garden,Throw Blanket,Consumer,1,25.3,0.2,20.24,7.35
100611,2023-05-29,Asia Pacific,Furniture,Filing Cabinet,Consumer,6,279.28,0.0,1675.66,798.99
101039,2023-05-29,Asia Pacific,Office Supplies,Sticky Notes,Corporate,1,11.86,0.0,11.86,5.08
101053,2023-05-29,North America,Apparel,Hoodie,Consumer,6,33.44,0.05,190.61,49.7
100478,2023-05-30,Asia Pacific,Apparel,Cap,Small Business,3,38.17,0.3,80.16,29.04
101989,2023-05-30,North America,Electronics,Smartwatch,Corporate,4,98.07,0.1,353.06,88.36
102069,2023-05-31,North America,Home & Garden,Candle Set,Corporate,3,30.81,0.05,87.81,37.6
100640,2023-05-31,Middle East,Office Supplies,Whiteboard,Consumer,2,20.27,0.15,34.46,10.07
101400,2023-06-01,Asia Pacific,Electronics,Wireless Mouse,Consumer,2,67.77,0.0,155.86,53.7
100126,2023-06-01,North America,Home & Garden,Garden Tool Set,Consumer,5,7.45,0.05,40.7,15.25
101196,2023-06-01,North America,Electronics,Smartwatch,Consumer,3,74.86,0.1,232.43,72.91
102167,2023-06-02,Europe,Electronics,Bluetooth Speaker,Consumer,4,110.79,0.0,509.66,192.94
101628,2023-06-02,North America,Electronics,Bluetooth Speaker,Consumer,6,75.14,0.1,466.63,156.2
100600,2023-06-03,North America,Home & Garden,Plant Pot,Consumer,5,36.27,0.0,208.57,56.46
101315,2023-06-03,North America,Electronics,Bluetooth Speaker,Consumer,4,76.72,0.1,317.63,85.26
100976,2023-06-03,North America,Home & Garden,Wall Art,Consumer,7,33.39,0.0,268.8,77.99
101272,2023-06-03,North America,Home & Garden,Candle Set,Consumer,7,38.26,0.05,292.61,97.95
101893,2023-06-04,Europe,Furniture,Office Chair,Corporate,1,213.1,0.15,208.3,93.64
101372,2023-06-05,Europe,Furniture,Filing Cabinet,Small Business,6,213.58,0.0,1473.73,574.7
101650,2023-06-05,Asia Pacific,Furniture,Bookshelf,Corporate,7,120.76,0.0,972.15,336.19
100424,2023-06-05,Europe,Office Supplies,Whiteboard,Corporate,1,6.93,0.0,7.97,2.15
101059,2023-06-05,Europe,Electronics,Laptop Sleeve,Small Business,4,80.8,0.05,353.11,140.37
101484,2023-06-05,Europe,Electronics,Laptop Sleeve,Small Business,5,76.44,0.1,395.56,141.2
100850,2023-06-06,Asia Pacific,Electronics,Smartwatch,Corporate,1,110.73,0.1,114.6,39.29
100031,2023-06-07,Middle East,Office Supplies,Sticky Notes,Corporate,5,17.33,0.3,69.75,11.79
102068,2023-06-07,Europe,Electronics,Wireless Mouse,Corporate,7,77.77,0.0,626.03,208.64
100969,2023-06-07,Middle East,Furniture,Bookshelf,Consumer,4,286.75,0.15,1121.19,254.02
101167,2023-06-08,North America,Apparel,Jacket,Consumer,2,34.9,0.15,68.23,24.18
100492,2023-06-08,Asia Pacific,Electronics,Bluetooth Speaker,Small Business,3,9.7,0.3,23.42,5.11
100191,2023-06-09,Asia Pacific,Electronics,Bluetooth Speaker,Corporate,6,73.91,0.1,458.99,138.17
100929,2023-06-09,Europe,Apparel,Jacket,Corporate,4,46.54,0.1,192.69,82.99
101478,2023-06-10,Europe,Furniture,Filing Cabinet,Consumer,1,181.91,0.1,188.27,52.13
101842,2023-06-10,Latin America,Apparel,Hoodie,Consumer,3,42.72,0.0,147.38,50.05
100103,2023-06-10,Europe,Apparel,Hoodie,Consumer,5,39.68,0.05,216.73,74.92
100917,2023-06-10,Latin America,Home & Garden,Garden Tool Set,Consumer,7,39.18,0.0,315.43,114.4
101434,2023-06-11,Europe,Electronics,Bluetooth Speaker,Consumer,7,69.0,0.0,555.41,205.69
101420,2023-06-11,Asia Pacific,Home & Garden,Candle Set,Corporate,3,58.81,0.0,202.9,99.76
100656,2023-06-11,Europe,Furniture,Desk Lamp,Consumer,7,254.6,0.1,1844.56,535.77
101979,2023-06-11,Middle East,Apparel,Hoodie,Small Business,4,19.7,0.0,90.61,43.78
101550,2023-06-12,Asia Pacific,Office Supplies,Notebook Pack,Small Business,3,23.48,0.0,81.0,26.67
100783,2023-06-12,North America,Electronics,Bluetooth Speaker,Small Business,1,100.54,0.1,104.06,24.42
100815,2023-06-12,North America,Office Supplies,Notebook Pack,Consumer,7,23.62,0.0,190.17,57.1
101743,2023-06-12,Asia Pacific,Electronics,Wireless Mouse,Consumer,2,113.76,0.0,261.65,93.17
102160,2023-06-12,North America,Apparel,T-Shirt,Consumer,2,33.12,0.1,68.57,25.89
100622,2023-06-13,Europe,Office Supplies,Notebook Pack,Consumer,3,16.24,0.1,50.41,20.04
100678,2023-06-13,Asia Pacific,Furniture,Bookshelf,Corporate,3,128.11,0.05,419.88,176.86
100377,2023-06-13,Latin America,Furniture,Desk Lamp,Corporate,6,257.26,0.3,1242.59,477.81
100568,2023-06-14,Europe,Electronics,Wireless Mouse,Corporate,3,109.95,0.1,341.39,151.46
100055,2023-06-14,North America,Office Supplies,Notebook Pack,Small Business,1,14.41,0.0,16.58,5.07
102163,2023-06-14,Europe,Furniture,Bookshelf,Consumer,2,242.97,0.0,558.82,242.73
100833,2023-06-15,Europe,Office Supplies,Sticky Notes,Small Business,5,26.6,0.1,137.67,47.0
100781,2023-06-15,Europe,Office Supplies,Notebook Pack,Corporate,7,23.08,0.05,176.47,76.8
100899,2023-06-15,North America,Electronics,Bluetooth Speaker,Consumer,3,113.13,0.0,390.31,136.2
101856,2023-06-15,North America,Furniture,Filing Cabinet,Corporate,7,173.92,0.1,1260.03,474.57
100855,2023-06-16,Europe,Apparel,Cap,Consumer,5,32.69,0.1,169.19,56.23
101998,2023-06-16,North America,Home & Garden,Garden Tool Set,Corporate,6,53.42,0.0,368.57,121.43
101438,2023-06-17,North America,Furniture,Office Chair,Consumer,5,314.02,0.05,1715.32,508.39
101124,2023-06-17,Asia Pacific,Home & Garden,Throw Blanket,Corporate,1,60.48,0.0,69.55,20.47
100818,2023-06-17,North America,Electronics,Headphones,Consumer,2,96.08,0.15,187.84,45.22
102092,2023-06-17,Europe,Office Supplies,Stapler,Corporate,1,18.15,0.0,20.87,5.61
101096,2023-06-17,North America,Furniture,Filing Cabinet,Consumer,4,205.78,0.1,851.94,307.54
101603,2023-06-17,Middle East,Office Supplies,Sticky Notes,Consumer,2,12.82,0.15,25.07,6.94
102086,2023-06-18,North America,Apparel,T-Shirt,Consumer,1,33.71,0.1,34.89,15.39
101332,2023-06-18,Europe,Home & Garden,Wall Art,Consumer,4,36.27,0.05,158.48,58.09
100344,2023-06-19,North America,Furniture,Bookshelf,Consumer,3,80.3,0.0,277.04,105.21
101620,2023-06-19,Europe,Electronics,Headphones,Corporate,2,112.45,0.1,232.77,54.82
100399,2023-06-20,North America,Office Supplies,Sticky Notes,Corporate,5,21.92,0.2,100.83,25.93
100528,2023-06-21,North America,Apparel,Running Shoes,Consumer,6,30.77,0.0,212.3,82.66
100059,2023-06-22,North America,Office Supplies,Whiteboard,Small Business,5,22.56,0.0,129.69,59.46
100475,2023-06-22,Asia Pacific,Furniture,Filing Cabinet,Consumer,4,220.19,0.05,962.21,406.65
101116,2023-06-22,North America,Office Supplies,Pen Set,Consumer,1,34.84,0.1,36.05,13.32
101919,2023-06-22,North America,Furniture,Office Chair,Corporate,4,143.2,0.1,592.87,210.14
102010,2023-06-23,Asia Pacific,Office Supplies,Stapler,Consumer,3,16.59,0.15,48.66,15.7
101182,2023-06-24,Europe,Furniture,Office Chair,Consumer,3,305.62,0.05,1001.66,273.82
101056,2023-06-24,Europe,Furniture,Bookshelf,Consumer,7,221.98,0.0,1786.93,576.31
100700,2023-06-25,Asia Pacific,Apparel,T-Shirt,Small Business,7,37.67,0.0,303.27,84.38
102200,2023-06-25,Asia Pacific,Home & Garden,Garden Tool Set,Consumer,1,12.27,0.05,13.4,4.43
100034,2023-06-25,Europe,Furniture,Standing Desk,Small Business,1,257.01,0.1,266.01,119.6
100848,2023-06-26,Asia Pacific,Apparel,T-Shirt,Consumer,1,34.14,0.3,27.48,4.86
100249,2023-06-26,Europe,Furniture,Office Chair,Consumer,5,190.41,0.05,1040.1,335.18
100788,2023-06-26,Asia Pacific,Furniture,Bookshelf,Corporate,3,250.02,0.05,819.46,264.29
100320,2023-06-26,Europe,Home & Garden,Candle Set,Consumer,2,32.04,0.0,73.68,26.44
101307,2023-06-27,North America,Electronics,Bluetooth Speaker,Small Business,6,137.05,0.0,945.65,341.61
101523,2023-06-27,North America,Home & Garden,Wall Art,Consumer,7,47.51,0.3,267.74,47.75
101346,2023-06-27,Europe,Furniture,Filing Cabinet,Small Business,4,311.09,0.0,1431.01,396.38
100893,2023-06-27,North America,Furniture,Office Chair,Consumer,7,225.16,0.0,1812.51,760.92
100366,2023-06-28,North America,Home & Garden,Plant Pot,Consumer,6,37.8,0.05,247.79,108.32
100566,2023-06-28,Latin America,Apparel,T-Shirt,Small Business,5,29.03,0.1,150.25,45.16
100201,2023-06-29,North America,Furniture,Desk Lamp,Small Business,6,219.6,0.3,1060.66,209.1
100992,2023-06-29,Asia Pacific,Office Supplies,Sticky Notes,Consumer,1,22.36,0.1,23.14,8.54
101868,2023-06-29,North America,Office Supplies,Whiteboard,Corporate,5,15.2,0.3,61.17,14.82
101874,2023-06-29,North America,Office Supplies,Sticky Notes,Small Business,4,22.7,0.0,104.4,42.23
100773,2023-06-29,Asia Pacific,Apparel,Jacket,Small Business,7,51.78,0.0,416.85,154.42
100520,2023-06-30,Europe,Home & Garden,Throw Blanket,Consumer,7,39.64,0.05,303.11,91.65
101043,2023-06-30,Asia Pacific,Home & Garden,Candle Set,Consumer,5,19.47,0.05,106.37,41.28
100056,2023-07-01,Asia Pacific,Furniture,Standing Desk,Consumer,6,309.77,0.05,2030.52,979.04
100110,2023-07-01,North America,Furniture,Standing Desk,Consumer,7,247.74,0.15,1695.17,719.27
101539,2023-07-01,North America,Office Supplies,Sticky Notes,Small Business,3,17.67,0.05,57.9,26.78
100280,2023-07-02,Latin America,Office Supplies,Sticky Notes,Consumer,3,14.89,0.0,51.38,22.16
101906,2023-07-02,Asia Pacific,Office Supplies,Whiteboard,Consumer,2,15.92,0.15,31.12,12.5
100212,2023-07-02,Europe,Apparel,Cap,Consumer,7,34.21,0.1,247.88,74.3
100765,2023-07-02,Asia Pacific,Home & Garden,Plant Pot,Small Business,4,56.63,0.05,247.47,116.16
100237,2023-07-02,North America,Home & Garden,Plant Pot,Corporate,3,49.28,0.0,170.01,77.63
100669,2023-07-03,Europe,Home & Garden,Throw Blanket,Consumer,7,39.43,0.0,317.42,144.29
100440,2023-07-04,Asia Pacific,Apparel,Hoodie,Consumer,3,43.7,0.0,150.77,47.89
101209,2023-07-04,North America,Apparel,Hoodie,Small Business,4,41.74,0.0,192.01,66.9
101280,2023-07-05,Asia Pacific,Home & Garden,Throw Blanket,Consumer,2,48.98,0.0,112.65,56.07
100875,2023-07-05,North America,Office Supplies,Sticky Notes,Small Business,3,15.16,0.0,52.3,13.57
101036,2023-07-06,Asia Pacific,Electronics,Bluetooth Speaker,Consumer,5,60.36,0.2,277.64,60.8
100994,2023-07-06,North America,Electronics,Wireless Mouse,Consumer,5,96.16,0.0,552.9,152.65
100472,2023-07-06,North America,Home & Garden,Garden Tool Set,Consumer,5,29.72,0.1,153.79,68.6
100437,2023-07-06,Asia Pacific,Office Supplies,Whiteboard,Small Business,5,27.34,0.05,149.33,39.96
100493,2023-07-06,Europe,Furniture,Standing Desk,Consumer,1,366.92,0.0,421.95,165.66
100022,2023-07-06,North America,Office Supplies,Sticky Notes,Corporate,3,15.9,0.0,54.84,17.67
100009,2023-07-07,Europe,Electronics,Bluetooth Speaker,Small Business,1,83.89,0.05,91.65,37.73
100626,2023-07-07,Asia Pacific,Office Supplies,Whiteboard,Corporate,2,21.83,0.1,45.19,18.17
100711,2023-07-07,Europe,Furniture,Desk Lamp,Consumer,2,242.14,0.0,556.93,191.2
100421,2023-07-08,Asia Pacific,Furniture,Bookshelf,Consumer,5,230.39,0.3,927.33,364.02
100675,2023-07-08,North America,Furniture,Filing Cabinet,Consumer,7,193.19,0.05,1477.41,368.25
101792,2023-07-09,Asia Pacific,Apparel,Cap,Consumer,6,39.4,0.15,231.05,94.11
101971,2023-07-10,Asia Pacific,Office Supplies,Pen Set,Small Business,5,20.83,0.15,101.79,24.2
101345,2023-07-10,North America,Furniture,Bookshelf,Small Business,6,146.01,0.05,957.06,302.49
100058,2023-07-10,Europe,Electronics,Headphones,Consumer,6,104.66,0.15,613.81,129.22
101463,2023-07-11,Asia Pacific,Home & Garden,Wall Art,Consumer,1,21.05,0.1,21.79,5.48
100873,2023-07-11,Europe,Apparel,Running Shoes,Consumer,6,42.99,0.1,266.94,98.04
100561,2023-07-11,Asia Pacific,Apparel,Jacket,Consumer,7,40.08,0.0,322.68,99.61
101310,2023-07-12,North America,Home & Garden,Plant Pot,Consumer,2,34.51,0.15,67.47,20.4
100510,2023-07-12,North America,Office Supplies,Notebook Pack,Consumer,5,17.01,0.15,83.12,25.51
101173,2023-07-12,Latin America,Office Supplies,Pen Set,Corporate,7,9.12,0.05,69.72,17.82
101320,2023-07-13,Asia Pacific,Apparel,Hoodie,Consumer,3,36.96,0.15,108.39,30.2
100106,2023-07-13,Europe,Electronics,Laptop Sleeve,Consumer,3,114.75,0.0,395.87,179.93
100975,2023-07-13,North America,Apparel,Jacket,Consumer,2,38.22,0.1,79.12,35.29
100658,2023-07-13,Europe,Home & Garden,Garden Tool Set,Consumer,4,45.95,0.15,179.68,75.51
102113,2023-07-13,North America,Office Supplies,Sticky Notes,Corporate,1,21.78,0.0,25.04,9.99
101498,2023-07-14,Asia Pacific,Office Supplies,Whiteboard,Consumer,1,14.08,0.1,14.57,5.7
101444,2023-07-15,Asia Pacific,Home & Garden,Garden Tool Set,Small Business,7,38.97,0.05,297.99,132.58
101778,2023-07-15,North America,Electronics,Wireless Mouse,Consumer,5,94.46,0.2,434.52,189.83
102172,2023-07-15,North America,Office Supplies,Notebook Pack,Small Business,2,20.2,0.0,46.46,21.64
101709,2023-07-16,Asia Pacific,Office Supplies,Pen Set,Consumer,1,20.48,0.0,23.55,11.09
101925,2023-07-16,North America,Office Supplies,Stapler,Small Business,4,25.21,0.05,110.17,51.48
100238,2023-07-17,Asia Pacific,Apparel,Jacket,Consumer,1,44.26,0.3,35.63,12.8
100581,2023-07-17,North America,Apparel,T-Shirt,Small Business,1,37.47,0.0,43.09,17.05
100637,2023-07-18,North America,Electronics,Wireless Mouse,Consumer,7,91.53,0.1,663.16,179.42
100401,2023-07-18,Europe,Apparel,Running Shoes,Small Business,5,31.58,0.05,172.49,55.72
100604,2023-07-18,Europe,Electronics,Bluetooth Speaker,Consumer,3,66.21,0.3,159.9,36.97
101854,2023-07-19,Asia Pacific,Electronics,Laptop Sleeve,Consumer,2,50.61,0.1,104.77,31.9
100657,2023-07-19,Middle East,Apparel,Hoodie,Consumer,4,44.25,0.0,203.53,56.53
100790,2023-07-19,North America,Home & Garden,Candle Set,Consumer,1,35.99,0.0,41.39,20.01
100218,2023-07-19,North America,Apparel,T-Shirt,Consumer,3,27.88,0.0,96.2,25.1
100296,2023-07-20,Middle East,Office Supplies,Sticky Notes,Small Business,4,10.15,0.0,46.7,12.02
100446,2023-07-20,Europe,Home & Garden,Garden Tool Set,Consumer,4,26.68,0.0,122.73,35.19
102077,2023-07-20,North America,Furniture,Desk Lamp,Consumer,2,257.46,0.05,562.55,170.28
101117,2023-07-20,North America,Apparel,T-Shirt,Small Business,5,37.9,0.0,217.9,101.76
102065,2023-07-20,Europe,Home & Garden,Garden Tool Set,Consumer,1,43.48,0.1,45.01,14.03
101554,2023-07-21,Europe,Office Supplies,Pen Set,Small Business,3,15.33,0.0,52.87,16.6
100740,2023-07-21,Asia Pacific,Apparel,Running Shoes,Corporate,5,50.27,0.05,274.62,112.11
101888,2023-07-21,Latin America,Apparel,Running Shoes,Consumer,4,22.87,0.05,99.95,45.22
102156,2023-07-21,Asia Pacific,Electronics,Laptop Sleeve,Consumer,1,60.14,0.15,58.79,15.98
101318,2023-07-22,Asia Pacific,Furniture,Office Chair,Corporate,6,178.85,0.0,1234.03,381.42
101285,2023-07-22,North America,Furniture,Bookshelf,Corporate,4,265.87,0.0,1222.98,436.01
100881,2023-07-22,North America,Electronics,Smartwatch,Consumer,7,74.8,0.2,481.73,94.89
101995,2023-07-22,Latin America,Office Supplies,Stapler,Corporate,7,10.86,0.1,78.7,17.46
100021,2023-07-22,Europe,Electronics,Bluetooth Speaker,Corporate,6,116.06,0.15,680.69,284.07
102044,2023-07-23,Europe,Furniture,Standing Desk,Corporate,6,319.93,0.15,1876.38,595.01
101189,2023-07-23,Latin America,Electronics,Bluetooth Speaker,Consumer,2,118.88,0.1,246.08,58.38
101740,2023-07-23,North America,Electronics,Bluetooth Speaker,Corporate,7,76.91,0.0,619.11,220.85
100707,2023-07-23,Asia Pacific,Furniture,Office Chair,Consumer,1,142.32,0.0,163.67,41.48
101759,2023-07-23,Latin America,Furniture,Bookshelf,Small Business,3,255.09,0.2,704.04,279.31
100770,2023-07-24,Europe,Office Supplies,Whiteboard,Consumer,3,22.79,0.05,74.69,26.03
102153,2023-07-24,Latin America,Home & Garden,Candle Set,Consumer,2,41.9,0.05,91.55,28.28
101112,2023-07-24,Asia Pacific,Apparel,Hoodie,Corporate,4,30.52,0.0,140.41,51.42
100887,2023-07-24,North America,Office Supplies,Sticky Notes,Consumer,6,23.07,0.0,159.2,74.69
100244,2023-07-24,North America,Electronics,Bluetooth Speaker,Small Business,3,61.47,0.0,212.06,57.98
100386,2023-07-24,North America,Office Supplies,Sticky Notes,Consumer,4,5.0,0.0,23.0,9.88
100503,2023-07-25,Asia Pacific,Office Supplies,Stapler,Corporate,1,20.02,0.1,20.72,8.42
100356,2023-07-25,North America,Apparel,Jacket,Small Business,6,37.48,0.05,245.69,82.88
100153,2023-07-25,Europe,Home & Garden,Wall Art,Consumer,6,33.11,0.1,205.63,79.89
101570,2023-07-25,Europe,Apparel,Cap,Consumer,2,54.88,0.0,126.23,34.97
100006,2023-07-25,Europe,Furniture,Desk Lamp,Consumer,6,209.32,0.0,1444.34,517.18
101673,2023-07-25,North America,Furniture,Bookshelf,Consumer,2,257.39,0.15,503.2,208.32
101355,2023-07-26,Europe,Electronics,Bluetooth Speaker,Corporate,4,124.66,0.0,573.45,176.49
101028,2023-07-26,North America,Office Supplies,Whiteboard,Corporate,1,9.38,0.0,10.79,3.81
100635,2023-07-26,North America,Home & Garden,Wall Art,Consumer,2,57.5,0.0,132.25,34.59
100935,2023-07-27,Asia Pacific,Furniture,Filing Cabinet,Consumer,5,185.4,0.3,746.22,121.95
100993,2023-07-27,North America,Furniture,Filing Cabinet,Corporate,6,337.83,0.0,2331.01,987.51
101027,2023-07-27,North America,Apparel,Cap,Consumer,4,31.7,0.0,145.81,49.55
100318,2023-07-28,North America,Furniture,Office Chair,Consumer,4,179.37,0.1,742.59,290.3
100653,2023-07-28,Latin America,Home & Garden,Plant Pot,Corporate,4,44.27,0.0,203.62,60.58
102111,2023-07-28,Europe,Apparel,Running Shoes,Consumer,7,38.31,0.05,292.98,139.84
102013,2023-07-29,North America,Home & Garden,Plant Pot,Consumer,1,25.57,0.1,26.46,10.51
101785,2023-07-29,Middle East,Electronics,Headphones,Consumer,6,96.01,0.1,596.2,229.3
100880,2023-07-30,Europe,Furniture,Standing Desk,Consumer,5,252.45,0.05,1379.01,617.98
101416,2023-07-30,North America,Apparel,Running Shoes,Consumer,5,36.54,0.2,168.08,45.39
102072,2023-07-31,Europe,Furniture,Office Chair,Corporate,5,377.38,0.15,1844.46,707.56
102098,2023-07-31,Asia Pacific,Furniture,Desk Lamp,Consumer,3,126.74,0.05,415.39,143.78
100380,2023-07-31,North America,Electronics,Bluetooth Speaker,Small Business,4,120.23,0.0,553.04,242.18
101387,2023-07-31,Europe,Apparel,Running Shoes,Consumer,1,37.7,0.05,41.18,19.93
101314,2023-08-01,Europe,Office Supplies,Notebook Pack,Corporate,7,8.12,0.1,51.19,22.55
101767,2023-08-01,North America,Home & Garden,Wall Art,Consumer,6,29.66,0.3,124.58,23.13
100227,2023-08-01,Asia Pacific,Apparel,Hoodie,Consumer,3,30.55,0.05,87.06,25.72
100276,2023-08-02,North America,Electronics,Bluetooth Speaker,Consumer,2,84.5,0.2,135.19,51.41
101763,2023-08-02,Asia Pacific,Home & Garden,Wall Art,Corporate,1,42.37,0.0,42.37,14.34
101828,2023-08-02,North America,Home & Garden,Candle Set,Consumer,1,76.81,0.2,61.45,21.11
101566,2023-08-03,Europe,Office Supplies,Sticky Notes,Consumer,6,5.0,0.15,25.5,7.7
101939,2023-08-04,Europe,Office Supplies,Stapler,Corporate,2,9.11,0.1,16.41,4.05
100172,2023-08-04,Asia Pacific,Furniture,Office Chair,Corporate,1,220.61,0.1,198.55,80.7
100904,2023-08-04,North America,Electronics,Laptop Sleeve,Consumer,5,5.0,0.0,25.0,7.34
100304,2023-08-04,Europe,Apparel,Running Shoes,Small Business,3,48.25,0.1,130.28,33.04
100121,2023-08-05,Asia Pacific,Furniture,Office Chair,Consumer,3,199.69,0.15,509.2,109.21
102132,2023-08-05,Europe,Office Supplies,Notebook Pack,Consumer,4,15.82,0.05,60.13,17.45
102166,2023-08-05,Middle East,Electronics,Bluetooth Speaker,Consumer,1,82.19,0.0,82.19,25.44
101655,2023-08-05,Europe,Furniture,Bookshelf,Small Business,4,180.12,0.0,720.47,336.97
101616,2023-08-06,North America,Apparel,Jacket,Consumer,3,32.96,0.0,98.87,28.29
100175,2023-08-06,Europe,Furniture,Standing Desk,Corporate,7,190.37,0.2,1066.08,285.3
102082,2023-08-07,Asia Pacific,Apparel,Running Shoes,Corporate,2,45.07,0.0,90.14,41.45
101504,2023-08-07,Europe,Apparel,Jacket,Consumer,3,37.89,0.1,102.3,39.27
100646,2023-08-07,Europe,Home & Garden,Wall Art,Consumer,1,34.05,0.3,23.83,8.92
101258,2023-08-08,North America,Apparel,Running Shoes,Consumer,2,29.86,0.0,59.72,19.05
101823,2023-08-08,Latin America,Home & Garden,Candle Set,Consumer,1,30.84,0.05,29.3,7.65
100531,2023-08-08,North America,Electronics,Headphones,Consumer,6,88.71,0.15,452.43,146.66
100057,2023-08-08,Europe,Home & Garden,Wall Art,Corporate,7,55.25,0.1,348.1,79.87
100764,2023-08-09,Latin America,Furniture,Office Chair,Corporate,5,301.18,0.05,1430.6,482.52
101629,2023-08-09,Latin America,Home & Garden,Garden Tool Set,Consumer,5,45.9,0.05,218.04,100.12
101164,2023-08-09,North America,Home & Garden,Wall Art,Consumer,4,51.96,0.0,207.86,96.36
100489,2023-08-09,North America,Home & Garden,Wall Art,Consumer,1,34.37,0.0,34.37,11.41
100288,2023-08-11,Europe,Electronics,Smartwatch,Consumer,3,87.37,0.05,249.0,78.87
100143,2023-08-12,North America,Apparel,T-Shirt,Corporate,7,32.68,0.0,228.74,113.32
100488,2023-08-12,Asia Pacific,Office Supplies,Stapler,Corporate,3,22.68,0.1,61.22,25.81
101818,2023-08-13,Asia Pacific,Office Supplies,Whiteboard,Consumer,3,11.34,0.05,32.33,8.93
100495,2023-08-13,Europe,Electronics,Smartwatch,Corporate,7,99.95,0.0,699.66,327.8
100020,2023-08-13,Asia Pacific,Furniture,Filing Cabinet,Consumer,6,382.57,0.0,2295.44,762.01
101619,2023-08-13,Europe,Apparel,Hoodie,Consumer,7,38.33,0.0,268.32,85.43
101513,2023-08-14,Asia Pacific,Electronics,Headphones,Consumer,3,81.77,0.05,233.04,96.43
100333,2023-08-14,Europe,Home & Garden,Wall Art,Consumer,2,65.52,0.1,117.93,38.88
100138,2023-08-14,Europe,Apparel,Cap,Consumer,2,38.51,0.0,77.02,34.27
100720,2023-08-14,Asia Pacific,Furniture,Bookshelf,Consumer,7,212.73,0.0,1489.13,426.2
100910,2023-08-15,Asia Pacific,Apparel,T-Shirt,Consumer,7,38.37,0.1,241.75,89.16
100667,2023-08-15,Asia Pacific,Home & Garden,Garden Tool Set,Corporate,7,53.68,0.05,357.0,137.73
100215,2023-08-15,Europe,Home & Garden,Garden Tool Set,Consumer,5,43.5,0.2,173.99,41.37
102025,2023-08-15,Europe,Electronics,Laptop Sleeve,Consumer,5,55.37,0.05,263.02,64.31
100119,2023-08-15,Latin America,Office Supplies,Notebook Pack,Consumer,7,21.28,0.0,148.97,56.0
100233,2023-08-15,North America,Office Supplies,Whiteboard,Consumer,6,24.3,0.0,145.8,51.46
101543,2023-08-15,Europe,Home & Garden,Plant Pot,Consumer,5,59.07,0.05,280.58,134.06
100095,2023-08-16,Europe,Home & Garden,Garden Tool Set,Consumer,5,49.08,0.1,220.88,68.41
100715,2023-08-17,Asia Pacific,Furniture,Desk Lamp,Consumer,2,292.34,0.05,555.45,233.53
101766,2023-08-17,Middle East,Furniture,Office Chair,Consumer,7,214.3,0.1,1350.1,600.98
101398,2023-08-17,Europe,Home & Garden,Wall Art,Small Business,5,36.84,0.05,174.98,49.1
102018,2023-08-17,Asia Pacific,Office Supplies,Stapler,Corporate,6,22.5,0.15,114.75,27.12
100793,2023-08-17,North America,Electronics,Smartwatch,Consumer,3,44.65,0.15,113.87,31.11
100444,2023-08-17,Europe,Electronics,Bluetooth Speaker,Consumer,2,89.63,0.15,152.37,49.79
100195,2023-08-18,Europe,Apparel,Jacket,Consumer,3,19.25,0.3,40.43,12.06
101595,2023-08-19,North America,Electronics,Wireless Mouse,Consumer,4,76.45,0.05,290.52,101.44
101545,2023-08-19,Asia Pacific,Electronics,Laptop Sleeve,Small Business,4,59.18,0.0,236.71,106.28
101927,2023-08-20,Europe,Furniture,Standing Desk,Consumer,7,227.86,0.05,1515.26,637.51
100274,2023-08-20,Latin America,Home & Garden,Plant Pot,Corporate,4,56.48,0.1,203.34,88.88
101041,2023-08-20,Europe,Home & Garden,Wall Art,Consumer,7,38.61,0.0,270.26,123.84
100516,2023-08-20,Europe,Home & Garden,Candle Set,Small Business,4,27.05,0.0,108.19,35.11
100725,2023-08-20,North America,Apparel,Hoodie,Corporate,1,43.28,0.1,38.95,17.0
100958,2023-08-20,North America,Apparel,Hoodie,Consumer,2,15.14,0.0,30.27,10.39
100144,2023-08-21,Middle East,Home & Garden,Wall Art,Consumer,5,42.28,0.0,211.38,56.16
101713,2023-08-21,Asia Pacific,Furniture,Office Chair,Consumer,6,204.69,0.15,1043.93,407.52
101599,2023-08-21,Europe,Furniture,Bookshelf,Consumer,5,234.63,0.2,938.51,191.35
101008,2023-08-21,Asia Pacific,Furniture,Bookshelf,Consumer,2,110.0,0.2,176.0,48.87
102079,2023-08-21,Middle East,Furniture,Desk Lamp,Corporate,4,218.36,0.0,873.44,392.59
101976,2023-08-21,Europe,Office Supplies,Pen Set,Consumer,2,19.3,0.1,34.75,13.81
101920,2023-08-22,Europe,Apparel,T-Shirt,Consumer,1,35.58,0.05,33.81,13.23
100395,2023-08-22,Europe,Apparel,Jacket,Corporate,3,13.03,0.05,37.14,12.99
100231,2023-08-22,Asia Pacific,Home & Garden,Plant Pot,Consumer,1,38.55,0.0,38.55,17.84
100978,2023-08-22,Europe,Apparel,Jacket,Corporate,1,28.47,0.0,28.47,11.34
101479,2023-08-22,Asia Pacific,Furniture,Filing Cabinet,Consumer,1,267.3,0.0,267.3,110.25
101338,2023-08-23,Middle East,Home & Garden,Wall Art,Consumer,4,26.37,0.0,105.49,29.67
100394,2023-08-23,Asia Pacific,Apparel,Hoodie,Consumer,4,35.58,0.1,128.08,56.41
100964,2023-08-23,Asia Pacific,Apparel,Running Shoes,Consumer,7,31.18,0.0,218.28,95.78
102146,2023-08-23,Europe,Office Supplies,Notebook Pack,Consumer,2,8.63,0.15,14.67,6.0
100226,2023-08-24,North America,Apparel,T-Shirt,Small Business,5,33.53,0.1,150.88,66.84
101284,2023-08-24,Latin America,Office Supplies,Pen Set,Small Business,7,13.77,0.1,86.77,21.83
101334,2023-08-24,North America,Home & Garden,Throw Blanket,Corporate,7,46.92,0.1,295.57,94.96
100480,2023-08-25,Europe,Electronics,Laptop Sleeve,Small Business,1,16.06,0.1,14.46,5.57
100165,2023-08-25,Europe,Office Supplies,Notebook Pack,Consumer,4,19.75,0.05,75.04,31.76
100876,2023-08-26,Asia Pacific,Home & Garden,Wall Art,Consumer,1,53.53,0.3,37.47,14.1
100109,2023-08-27,Europe,Apparel,T-Shirt,Corporate,2,48.12,0.3,67.37,11.72
100889,2023-08-27,Asia Pacific,Electronics,Laptop Sleeve,Consumer,4,53.23,0.05,202.29,70.55
100771,2023-08-27,North America,Furniture,Office Chair,Small Business,3,271.49,0.0,814.46,207.91
100840,2023-08-27,Asia Pacific,Electronics,Laptop Sleeve,Consumer,2,104.84,0.0,209.68,82.73
101938,2023-08-28,North America,Furniture,Desk Lamp,Corporate,5,318.2,0.15,1352.34,340.51
101689,2023-08-29,North America,Home & Garden,Plant Pot,Corporate,2,43.44,0.0,86.87,37.73
102150,2023-08-29,Asia Pacific,Home & Garden,Plant Pot,Consumer,7,41.63,0.15,247.72,53.98
100977,2023-08-29,Asia Pacific,Apparel,Jacket,Corporate,7,44.93,0.0,314.49,100.41
101356,2023-08-29,Middle East,Electronics,Smartwatch,Consumer,6,80.62,0.0,483.71,176.96
101487,2023-08-30,Europe,Furniture,Office Chair,Small Business,6,174.29,0.1,941.18,239.8
100786,2023-08-30,Middle East,Electronics,Headphones,Corporate,3,135.05,0.0,405.15,167.4
100005,2023-08-30,Europe,Furniture,Filing Cabinet,Consumer,4,152.58,0.05,579.79,276.21
100388,2023-08-30,Latin America,Office Supplies,Stapler,Consumer,4,12.58,0.0,50.32,21.26
101521,2023-08-30,North America,Office Supplies,Pen Set,Consumer,4,17.28,0.0,69.12,34.45
102054,2023-08-31,North America,Furniture,Filing Cabinet,Corporate,5,203.52,0.3,712.33,265.16
100512,2023-08-31,Europe,Apparel,Cap,Corporate,5,24.58,0.0,122.88,52.7
101055,2023-08-31,Europe,Furniture,Bookshelf,Corporate,7,213.89,0.0,1497.24,665.87
100452,2023-09-01,Asia Pacific,Furniture,Office Chair,Consumer,2,159.49,0.05,303.03,95.6
101615,2023-09-01,Middle East,Electronics,Wireless Mouse,Corporate,1,85.09,0.1,76.58,20.2
101204,2023-09-01,Middle East,Electronics,Bluetooth Speaker,Consumer,7,56.87,0.2,318.45,126.22
101366,2023-09-01,Europe,Apparel,Cap,Consumer,6,35.99,0.1,194.35,47.35
101006,2023-09-01,North America,Furniture,Office Chair,Small Business,1,189.29,0.0,189.29,84.7
100989,2023-09-02,Asia Pacific,Furniture,Bookshelf,Consumer,6,115.05,0.1,621.27,254.38
101804,2023-09-02,North America,Office Supplies,Whiteboard,Corporate,1,32.05,0.05,30.45,14.63
101954,2023-09-02,Latin America,Home & Garden,Garden Tool Set,Consumer,4,43.3,0.0,173.21,51.52
101643,2023-09-02,Europe,Office Supplies,Pen Set,Consumer,5,20.7,0.15,87.96,22.5
101077,2023-09-02,North America,Home & Garden,Garden Tool Set,Small Business,6,37.65,0.05,214.61,50.85
101680,2023-09-02,North America,Home & Garden,Wall Art,Consumer,7,52.42,0.0,366.97,117.36
100609,2023-09-03,Europe,Apparel,Running Shoes,Consumer,3,49.44,0.0,148.31,43.47
101399,2023-09-03,Latin America,Furniture,Desk Lamp,Small Business,3,196.63,0.3,412.92,103.95
101542,2023-09-03,Asia Pacific,Office Supplies,Notebook Pack,Corporate,6,12.81,0.15,65.34,14.36
102027,2023-09-03,Asia Pacific,Apparel,Hoodie,Consumer,7,50.44,0.15,300.09,134.57
101199,2023-09-03,North America,Apparel,Cap,Corporate,2,15.16,0.05,28.8,13.88
100041,2023-09-04,North America,Furniture,Bookshelf,Corporate,1,175.12,0.0,175.12,73.93
101610,2023-09-05,North America,Home & Garden,Plant Pot,Consumer,7,31.38,0.0,219.66,79.94
101214,2023-09-06,Europe,Furniture,Bookshelf,Consumer,4,206.03,0.15,700.49,241.17
101210,2023-09-06,North America,Home & Garden,Plant Pot,Consumer,7,36.76,0.05,244.43,101.57
100070,2023-09-06,Europe,Home & Garden,Throw Blanket,Small Business,5,64.63,0.15,274.68,93.44
101301,2023-09-06,Europe,Office Supplies,Stapler,Consumer,7,5.55,0.1,34.96,12.32
100760,2023-09-07,Asia Pacific,Home & Garden,Candle Set,Consumer,7,39.97,0.2,223.84,47.02
101601,2023-09-07,North America,Home & Garden,Garden Tool Set,Consumer,3,42.83,0.1,115.64,46.42
101803,2023-09-07,Europe,Electronics,Bluetooth Speaker,Consumer,4,101.91,0.2,326.12,67.47
102057,2023-09-08,Asia Pacific,Furniture,Desk Lamp,Small Business,1,142.99,0.0,142.99,53.68
100340,2023-09-09,Middle East,Apparel,Hoodie,Consumer,4,41.18,0.0,164.72,64.36
101671,2023-09-09,Europe,Home & Garden,Candle Set,Consumer,6,35.37,0.1,190.98,63.66
102058,2023-09-09,North America,Office Supplies,Notebook Pack,Consumer,1,7.12,0.3,4.98,1.32
100008,2023-09-09,North America,Office Supplies,Whiteboard,Consumer,5,19.75,0.1,88.88,20.33
100841,2023-09-10,North America,Home & Garden,Candle Set,Consumer,7,24.0,0.15,142.79,51.51
102192,2023-09-10,Europe,Furniture,Office Chair,Consumer,4,187.66,0.1,675.59,219.81
101088,2023-09-11,Asia Pacific,Office Supplies,Notebook Pack,Consumer,7,15.26,0.3,74.78,28.52
101882,2023-09-11,Middle East,Apparel,T-Shirt,Small Business,6,47.41,0.0,284.45,86.59
100607,2023-09-11,North America,Furniture,Desk Lamp,Small Business,6,320.24,0.15,1633.2,344.85
101553,2023-09-11,North America,Apparel,Hoodie,Consumer,3,14.24,0.0,42.73,19.57
100849,2023-09-12,Europe,Electronics,Bluetooth Speaker,Corporate,7,132.62,0.15,789.08,301.33
101044,2023-09-12,North America,Apparel,Hoodie,Consumer,3,30.87,0.0,92.62,31.04
101786,2023-09-13,North America,Electronics,Bluetooth Speaker,Consumer,2,92.62,0.05,175.97,83.48
100734,2023-09-13,North America,Home & Garden,Plant Pot,Consumer,7,27.51,0.0,192.6,66.3
102131,2023-09-14,Asia Pacific,Home & Garden,Throw Blanket,Small Business,5,29.43,0.0,147.16,71.63
102197,2023-09-14,Europe,Office Supplies,Whiteboard,Corporate,7,14.38,0.05,95.63,24.45
101068,2023-09-14,North America,Office Supplies,Notebook Pack,Consumer,5,18.3,0.15,77.76,25.85
101429,2023-09-14,Middle East,Furniture,Standing Desk,Consumer,7,233.06,0.05,1549.86,720.56
100680,2023-09-15,Europe,Office Supplies,Pen Set,Consumer,4,22.73,0.05,86.38,40.47
101294,2023-09-15,North America,Office Supplies,Pen Set,Consumer,6,17.98,0.0,107.89,45.17
102168,2023-09-16,Europe,Apparel,Cap,Corporate,7,37.58,0.1,236.74,53.91
102145,2023-09-16,Europe,Electronics,Headphones,Consumer,6,87.83,0.05,500.64,167.12
100743,2023-09-16,Europe,Electronics,Headphones,Small Business,5,75.94,0.2,303.78,106.89
102189,2023-09-16,Middle East,Apparel,Jacket,Corporate,1,45.55,0.1,41.0,9.1
100624,2023-09-16,Latin America,Apparel,Hoodie,Consumer,4,36.83,0.2,117.86,29.95
100086,2023-09-16,North America,Furniture,Standing Desk,Consumer,2,229.14,0.3,320.8,105.68
101083,2023-09-17,North America,Home & Garden,Throw Blanket,Consumer,4,49.42,0.0,197.69,52.22
100704,2023-09-17,Europe,Electronics,Headphones,Small Business,3,57.2,0.1,154.44,56.94
101649,2023-09-17,North America,Home & Garden,Candle Set,Corporate,4,21.67,0.05,82.35,36.02
100556,2023-09-18,Europe,Furniture,Standing Desk,Small Business,4,140.14,0.3,392.38,90.23
101395,2023-09-18,Europe,Electronics,Headphones,Consumer,6,81.01,0.15,413.18,118.23
100140,2023-09-19,Europe,Home & Garden,Plant Pot,Consumer,1,26.42,0.0,26.42,11.63
100295,2023-09-19,Asia Pacific,Office Supplies,Pen Set,Small Business,5,10.42,0.05,49.49,18.51
101413,2023-09-19,Latin America,Electronics,Bluetooth Speaker,Consumer,7,46.12,0.0,322.84,121.84
101784,2023-09-19,Europe,Office Supplies,Pen Set,Corporate,2,9.85,0.15,16.74,5.73
101230,2023-09-20,North America,Electronics,Laptop Sleeve,Corporate,1,75.6,0.0,75.6,24.21
101738,2023-09-20,North America,Home & Garden,Wall Art,Consumer,6,35.58,0.05,202.79,75.13
100922,2023-09-21,Europe,Office Supplies,Whiteboard,Corporate,3,19.24,0.05,54.83,19.35
100713,2023-09-21,Latin America,Electronics,Wireless Mouse,Small Business,1,53.74,0.0,53.74,17.6
101596,2023-09-22,Middle East,Office Supplies,Stapler,Corporate,7,27.33,0.15,162.6,67.88
102128,2023-09-22,Europe,Furniture,Desk Lamp,Consumer,4,112.74,0.0,450.97,195.27
101624,2023-09-23,Middle East,Home & Garden,Throw Blanket,Consumer,1,29.99,0.0,29.99,11.86
102171,2023-09-23,Europe,Office Supplies,Sticky Notes,Small Business,7,21.42,0.05,142.47,58.8
100204,2023-09-23,Asia Pacific,Electronics,Bluetooth Speaker,Small Business,4,76.0,0.1,273.59,119.07
101222,2023-09-24,Europe,Office Supplies,Whiteboard,Small Business,2,21.05,0.0,42.1,20.75
100558,2023-09-25,Europe,Home & Garden,Plant Pot,Corporate,2,35.61,0.1,64.1,15.2
101728,2023-09-25,Asia Pacific,Electronics,Headphones,Small Business,6,83.09,0.05,473.59,131.79
101691,2023-09-25,Asia Pacific,Furniture,Filing Cabinet,Consumer,3,104.12,0.2,249.89,80.93
100663,2023-09-26,Europe,Home & Garden,Throw Blanket,Consumer,1,50.91,0.1,45.82,21.45
101977,2023-09-26,North America,Apparel,Running Shoes,Consumer,7,32.42,0.3,158.84,48.79
101459,2023-09-26,Europe,Office Supplies,Stapler,Consumer,5,17.81,0.0,89.06,41.66
102186,2023-09-26,Asia Pacific,Home & Garden,Throw Blanket,Consumer,1,33.94,0.1,30.55,12.7
101755,2023-09-26,North America,Office Supplies,Pen Set,Consumer,7,8.43,0.0,59.04,27.27
100716,2023-09-26,North America,Apparel,T-Shirt,Consumer,2,39.47,0.0,78.93,21.47
100562,2023-09-27,North America,Home & Garden,Candle Set,Corporate,7,46.4,0.0,324.83,96.44
100479,2023-09-27,Asia Pacific,Electronics,Wireless Mouse,Small Business,7,82.33,0.2,461.05,113.38
102023,2023-09-27,Europe,Furniture,Bookshelf,Small Business,5,120.48,0.05,572.27,192.84
100363,2023-09-27,Asia Pacific,Home & Garden,Candle Set,Consumer,6,46.01,0.0,276.05,103.19
100379,2023-09-28,Asia Pacific,Apparel,T-Shirt,Consumer,3,53.37,0.1,144.1,59.01
102017,2023-09-28,Europe,Office Supplies,Sticky Notes,Small Business,2,10.83,0.0,21.65,10.01
100854,2023-09-28,Europe,Office Supplies,Stapler,Corporate,5,10.87,0.0,54.37,16.23
100682,2023-09-28,Asia Pacific,Electronics,Bluetooth Speaker,Consumer,7,113.11,0.2,633.42,207.6
100879,2023-09-28,Latin America,Furniture,Bookshelf,Consumer,2,203.84,0.05,387.3,145.37
100357,2023-09-29,North America,Furniture,Standing Desk,Consumer,2,247.61,0.3,346.66,138.45
101095,2023-09-30,Europe,Office Supplies,Sticky Notes,Corporate,4,7.88,0.05,29.93,13.28
100050,2023-09-30,Europe,Home & Garden,Plant Pot,Consumer,3,34.73,0.0,104.18,50.7
100223,2023-09-30,Latin America,Electronics,Headphones,Consumer,6,137.43,0.2,659.68,250.56
100601,2023-09-30,North America,Home & Garden,Plant Pot,Consumer,3,53.81,0.05,153.37,43.94
100300,2023-09-30,Asia Pacific,Furniture,Office Chair,Corporate,3,159.32,0.0,477.96,191.76
101440,2023-10-01,North America,Home & Garden,Plant Pot,Consumer,7,50.96,0.3,249.69,92.93
101860,2023-10-02,Europe,Furniture,Office Chair,Consumer,7,223.07,0.0,1561.47,480.59
101227,2023-10-03,Europe,Furniture,Standing Desk,Consumer,6,89.84,0.0,539.05,264.44
101442,2023-10-03,Asia Pacific,Home & Garden,Plant Pot,Consumer,4,50.16,0.2,160.52,47.4
100261,2023-10-04,North America,Furniture,Office Chair,Consumer,4,236.45,0.0,945.79,327.77
100219,2023-10-04,Europe,Home & Garden,Candle Set,Small Business,3,27.44,0.0,82.31,39.13
100338,2023-10-04,Middle East,Furniture,Standing Desk,Consumer,7,258.58,0.0,1810.07,830.03
101407,2023-10-05,Middle East,Electronics,Headphones,Small Business,4,111.71,0.05,424.48,194.28
102123,2023-10-05,Asia Pacific,Apparel,T-Shirt,Consumer,5,49.51,0.05,235.17,84.11
100334,2023-10-05,Europe,Apparel,Hoodie,Consumer,2,39.55,0.2,63.27,14.44
100491,2023-10-05,Asia Pacific,Office Supplies,Stapler,Consumer,2,19.33,0.0,38.66,17.7
100348,2023-10-05,Latin America,Office Supplies,Notebook Pack,Small Business,5,21.55,0.1,96.98,31.92
101808,2023-10-05,Latin America,Apparel,Cap,Corporate,7,22.71,0.0,158.95,76.88
101741,2023-10-05,Asia Pacific,Furniture,Desk Lamp,Consumer,3,201.18,0.0,603.53,289.63
100297,2023-10-05,Europe,Office Supplies,Notebook Pack,Corporate,2,15.21,0.15,25.86,9.46
101152,2023-10-06,Middle East,Office Supplies,Stapler,Small Business,2,20.9,0.0,41.81,19.33
101812,2023-10-06,North America,Home & Garden,Garden Tool Set,Consumer,7,44.43,0.05,295.48,76.11
100623,2023-10-06,North America,Electronics,Smartwatch,Small Business,5,53.49,0.0,267.43,112.5
101711,2023-10-06,Europe,Home & Garden,Plant Pot,Small Business,4,49.16,0.3,137.64,24.41
100262,2023-10-06,Europe,Electronics,Bluetooth Speaker,Small Business,6,95.75,0.3,402.14,101.12
101730,2023-10-07,Europe,Electronics,Wireless Mouse,Corporate,2,61.4,0.0,122.79,31.13
100755,2023-10-07,North America,Apparel,T-Shirt,Small Business,4,26.9,0.2,86.07,23.88
100114,2023-10-08,North America,Apparel,Jacket,Consumer,5,5.77,0.0,28.84,12.46
100679,2023-10-08,Asia Pacific,Home & Garden,Candle Set,Consumer,2,46.49,0.05,88.33,41.62
100997,2023-10-09,Europe,Home & Garden,Plant Pot,Consumer,1,34.72,0.2,27.78,8.61
100758,2023-10-09,North America,Furniture,Desk Lamp,Small Business,7,186.39,0.0,1304.76,447.47
101945,2023-10-09,Europe,Office Supplies,Whiteboard,Small Business,3,7.26,0.0,21.78,6.81
100364,2023-10-10,Europe,Office Supplies,Sticky Notes,Small Business,3,18.27,0.2,43.85,10.43
101232,2023-10-10,Asia Pacific,Electronics,Laptop Sleeve,Consumer,1,67.23,0.0,67.23,30.79
100862,2023-10-10,Latin America,Electronics,Smartwatch,Consumer,6,59.55,0.0,357.27,133.65
100301,2023-10-11,Latin America,Office Supplies,Stapler,Small Business,7,19.44,0.15,115.64,48.84
101707,2023-10-11,Asia Pacific,Furniture,Office Chair,Consumer,6,269.53,0.0,1617.2,558.06
101402,2023-10-11,North America,Electronics,Smartwatch,Corporate,1,77.78,0.1,70.01,28.31
100962,2023-10-11,Latin America,Electronics,Smartwatch,Consumer,4,85.43,0.05,324.63,131.11
100169,2023-10-11,North America,Office Supplies,Whiteboard,Consumer,1,20.06,0.1,18.06,4.57
101852,2023-10-12,Asia Pacific,Office Supplies,Whiteboard,Small Business,5,13.83,0.0,69.17,31.54
100046,2023-10-12,North America,Furniture,Filing Cabinet,Consumer,3,249.49,0.0,748.48,251.54
101562,2023-10-12,Asia Pacific,Apparel,Cap,Consumer,6,20.49,0.1,110.65,35.02
101063,2023-10-13,Latin America,Home & Garden,Candle Set,Consumer,4,47.54,0.05,180.66,80.71
100710,2023-10-13,North America,Apparel,Cap,Consumer,1,35.4,0.15,30.09,10.44
100582,2023-10-13,Europe,Apparel,Jacket,Small Business,3,21.08,0.0,63.24,29.93
100445,2023-10-13,Middle East,Furniture,Filing Cabinet,Corporate,2,180.44,0.05,342.84,113.55
101169,2023-10-13,North America,Furniture,Filing Cabinet,Consumer,3,196.35,0.05,559.58,160.74
101744,2023-10-14,North America,Furniture,Office Chair,Small Business,4,288.4,0.0,1153.61,429.78
101299,2023-10-14,Asia Pacific,Apparel,T-Shirt,Consumer,1,42.1,0.0,42.1,20.27
100824,2023-10-14,Middle East,Office Supplies,Pen Set,Small Business,4,17.69,0.1,63.68,25.72
100742,2023-10-15,North America,Apparel,Jacket,Corporate,1,13.54,0.1,12.18,5.66
101558,2023-10-16,North America,Electronics,Laptop Sleeve,Consumer,6,91.08,0.0,546.49,270.59
100803,2023-10-16,North America,Office Supplies,Sticky Notes,Consumer,6,13.19,0.15,67.28,18.01
100248,2023-10-16,Europe,Office Supplies,Whiteboard,Small Business,2,26.8,0.05,50.92,14.62
101093,2023-10-16,Europe,Home & Garden,Wall Art,Corporate,7,23.38,0.15,139.11,36.39
102149,2023-10-17,Asia Pacific,Home & Garden,Throw Blanket,Consumer,3,66.77,0.05,190.29,70.02
100291,2023-10-17,North America,Office Supplies,Stapler,Consumer,1,12.79,0.0,12.79,4.33
100313,2023-10-17,North America,Apparel,Cap,Corporate,7,41.67,0.3,204.19,52.91
100508,2023-10-18,Latin America,Office Supplies,Notebook Pack,Consumer,2,16.38,0.1,29.48,10.99
101837,2023-10-18,North America,Furniture,Standing Desk,Consumer,4,199.66,0.2,638.91,210.55
100096,2023-10-19,Asia Pacific,Apparel,Cap,Small Business,6,25.32,0.2,121.52,35.75
101159,2023-10-22,Europe,Office Supplies,Sticky Notes,Corporate,6,17.0,0.05,96.91,44.86
100578,2023-10-22,Asia Pacific,Electronics,Laptop Sleeve,Small Business,3,73.57,0.0,220.71,80.84
101376,2023-10-22,North America,Office Supplies,Notebook Pack,Consumer,3,18.43,0.2,44.23,16.42
100496,2023-10-23,North America,Apparel,Cap,Consumer,3,30.84,0.1,83.27,26.77
101686,2023-10-23,North America,Home & Garden,Garden Tool Set,Corporate,4,28.08,0.2,89.87,33.77
102032,2023-10-24,North America,Apparel,Hoodie,Consumer,1,29.04,0.05,27.59,7.53
101252,2023-10-24,North America,Furniture,Filing Cabinet,Consumer,5,221.94,0.15,943.24,211.65
101750,2023-10-24,North America,Home & Garden,Candle Set,Consumer,1,33.12,0.1,29.8,10.66
100838,2023-10-24,Europe,Furniture,Desk Lamp,Consumer,1,186.75,0.0,186.75,78.36
100619,2023-10-25,North America,Electronics,Smartwatch,Consumer,2,59.88,0.0,119.77,58.31
101042,2023-10-25,Asia Pacific,Furniture,Desk Lamp,Corporate,5,244.67,0.1,1101.01,402.04
101415,2023-10-26,North America,Apparel,T-Shirt,Consumer,7,36.22,0.05,240.89,73.22
100724,2023-10-26,Europe,Electronics,Wireless Mouse,Consumer,7,110.92,0.3,543.53,106.24
101575,2023-10-26,Europe,Electronics,Smartwatch,Corporate,7,57.41,0.05,381.77,102.45
101815,2023-10-27,Europe,Furniture,Bookshelf,Consumer,4,147.13,0.05,559.08,252.72
101723,2023-10-28,Europe,Office Supplies,Whiteboard,Small Business,1,19.01,0.0,19.01,5.27
101632,2023-10-28,North America,Furniture,Office Chair,Consumer,5,137.94,0.1,620.75,158.85
101155,2023-10-28,Latin America,Office Supplies,Whiteboard,Consumer,6,14.7,0.0,88.22,37.15
101802,2023-10-29,Europe,Electronics,Wireless Mouse,Consumer,7,100.15,0.05,665.97,159.43
101721,2023-10-29,Europe,Office Supplies,Notebook Pack,Consumer,5,24.7,0.15,104.96,45.13
100230,2023-10-29,Europe,Apparel,Hoodie,Consumer,5,30.56,0.05,145.16,51.38
101681,2023-10-29,North America,Electronics,Bluetooth Speaker,Corporate,6,102.47,0.0,614.82,167.61
100323,2023-10-31,Europe,Electronics,Wireless Mouse,Consumer,2,117.4,0.0,234.81,66.98
101368,2023-10-31,North America,Electronics,Smartwatch,Consumer,4,98.77,0.1,355.58,97.46
102095,2023-10-31,Europe,Office Supplies,Notebook Pack,Consumer,1,21.05,0.0,21.05,6.93
101748,2023-10-31,North America,Apparel,Running Shoes,Small Business,5,32.29,0.2,129.18,47.01
101638,2023-11-01,North America,Furniture,Standing Desk,Consumer,3,251.63,0.05,1147.43,467.98
100060,2023-11-01,Asia Pacific,Electronics,Bluetooth Speaker,Corporate,3,57.81,0.2,221.99,95.15
100247,2023-11-01,Europe,Electronics,Bluetooth Speaker,Corporate,1,69.51,0.0,111.22,36.6
102029,2023-11-02,North America,Electronics,Wireless Mouse,Consumer,5,90.54,0.0,724.34,289.21
100616,2023-11-02,North America,Home & Garden,Plant Pot,Consumer,6,63.19,0.15,515.63,123.43
100146,2023-11-02,Middle East,Office Supplies,Stapler,Corporate,3,23.21,0.1,100.27,37.51
102121,2023-11-02,North America,Home & Garden,Garden Tool Set,Corporate,5,42.04,0.1,302.66,85.26
101228,2023-11-02,North America,Office Supplies,Whiteboard,Consumer,4,19.56,0.15,106.38,35.01
100645,2023-11-02,North America,Electronics,Bluetooth Speaker,Corporate,4,24.13,0.2,123.56,26.75
100912,2023-11-03,Europe,Electronics,Headphones,Small Business,6,108.1,0.0,1037.79,513.69
100614,2023-11-03,Europe,Electronics,Smartwatch,Consumer,2,88.16,0.0,282.12,104.43
100632,2023-11-03,North America,Electronics,Bluetooth Speaker,Consumer,6,99.38,0.0,954.03,404.39
101493,2023-11-03,North America,Furniture,Bookshelf,Consumer,1,148.35,0.0,237.36,78.46
101844,2023-11-03,Latin America,Home & Garden,Throw Blanket,Consumer,3,58.57,0.15,238.95,99.71
101639,2023-11-04,Latin America,Furniture,Bookshelf,Corporate,2,207.7,0.0,664.62,184.6
100541,2023-11-05,Asia Pacific,Office Supplies,Stapler,Consumer,1,19.74,0.0,31.59,9.48
101004,2023-11-05,Asia Pacific,Office Supplies,Stapler,Consumer,3,19.65,0.1,84.9,25.53
101071,2023-11-05,North America,Furniture,Filing Cabinet,Small Business,6,123.47,0.0,1185.3,585.79
100438,2023-11-06,North America,Electronics,Bluetooth Speaker,Corporate,6,86.89,0.0,834.18,238.85
101589,2023-11-06,Europe,Electronics,Smartwatch,Small Business,1,73.89,0.2,94.58,29.36
100665,2023-11-06,Europe,Home & Garden,Plant Pot,Corporate,4,26.88,0.0,172.02,58.67
101955,2023-11-06,North America,Home & Garden,Throw Blanket,Small Business,1,57.04,0.1,82.13,33.15
101148,2023-11-06,Asia Pacific,Electronics,Headphones,Consumer,5,81.96,0.2,524.53,146.69
100197,2023-11-07,Europe,Electronics,Smartwatch,Consumer,4,84.49,0.05,513.7,233.76
100683,2023-11-07,Europe,Furniture,Bookshelf,Small Business,2,148.98,0.2,381.39,134.26
100814,2023-11-07,Latin America,Office Supplies,Pen Set,Consumer,6,10.83,0.1,93.54,38.51
101660,2023-11-07,North America,Home & Garden,Garden Tool Set,Corporate,4,42.0,0.05,255.35,119.77
100708,2023-11-07,North America,Furniture,Filing Cabinet,Consumer,4,340.16,0.0,2177.0,772.42
101312,2023-11-08,Europe,Apparel,Jacket,Small Business,1,19.27,0.05,29.29,12.29
101816,2023-11-08,Europe,Electronics,Bluetooth Speaker,Small Business,2,60.57,0.05,184.14,52.0
101994,2023-11-08,Europe,Apparel,Cap,Consumer,6,43.13,0.0,414.08,185.1
101291,2023-11-08,Latin America,Home & Garden,Wall Art,Consumer,4,34.64,0.2,177.37,77.61
100077,2023-11-08,North America,Apparel,Running Shoes,Consumer,5,31.24,0.05,237.41,108.92
100265,2023-11-09,North America,Home & Garden,Wall Art,Small Business,7,43.39,0.2,388.74,171.03
101737,2023-11-09,Latin America,Office Supplies,Stapler,Consumer,7,15.48,0.05,164.71,45.75
101810,2023-11-11,Latin America,Office Supplies,Pen Set,Small Business,5,21.88,0.2,140.01,41.3
100081,2023-11-11,Middle East,Office Supplies,Notebook Pack,Consumer,6,14.67,0.05,133.77,36.42
101495,2023-11-12,North America,Electronics,Headphones,Consumer,4,68.89,0.0,440.89,213.0
100869,2023-11-13,Europe,Apparel,Hoodie,Consumer,1,33.23,0.0,53.17,14.02
100471,2023-11-13,Europe,Apparel,Hoodie,Consumer,4,53.22,0.1,306.53,138.7
100827,2023-11-13,Europe,Electronics,Laptop Sleeve,Small Business,1,117.51,0.0,188.02,75.28
101002,2023-11-13,Latin America,Furniture,Filing Cabinet,Small Business,1,176.21,0.0,281.93,99.97
101577,2023-11-14,Asia Pacific,Apparel,T-Shirt,Consumer,7,33.84,0.05,360.05,136.32
100596,2023-11-14,Asia Pacific,Home & Garden,Plant Pot,Consumer,2,36.83,0.3,82.5,29.58
101657,2023-11-14,Latin America,Home & Garden,Plant Pot,Consumer,2,36.4,0.05,110.65,46.4
100982,2023-11-15,Asia Pacific,Electronics,Wireless Mouse,Consumer,4,81.09,0.1,467.06,181.25
100859,2023-11-16,North America,Furniture,Office Chair,Corporate,1,194.1,0.05,295.03,81.91
101827,2023-11-16,North America,Electronics,Bluetooth Speaker,Corporate,6,110.64,0.0,1062.16,282.59
100746,2023-11-16,North America,Furniture,Bookshelf,Consumer,4,241.94,0.0,1548.43,387.32
101443,2023-11-16,North America,Electronics,Bluetooth Speaker,Small Business,4,112.49,0.0,719.95,274.16
100654,2023-11-17,North America,Office Supplies,Notebook Pack,Consumer,3,25.38,0.0,121.81,41.16
100863,2023-11-17,North America,Electronics,Headphones,Corporate,7,114.77,0.05,1221.17,444.45
100585,2023-11-17,Middle East,Apparel,Cap,Small Business,4,26.66,0.0,170.65,80.39
101005,2023-11-18,Europe,Office Supplies,Sticky Notes,Consumer,5,17.4,0.15,118.34,30.09
102071,2023-11-18,Asia Pacific,Furniture,Standing Desk,Small Business,2,252.26,0.0,807.24,236.1
100083,2023-11-18,Europe,Apparel,Jacket,Consumer,6,27.4,0.1,236.72,56.26
101135,2023-11-18,Asia Pacific,Electronics,Wireless Mouse,Consumer,5,118.77,0.05,902.68,312.49
101961,2023-11-19,North America,Furniture,Filing Cabinet,Small Business,5,178.74,0.15,1215.44,368.18
100539,2023-11-19,Middle East,Office Supplies,Whiteboard,Consumer,4,20.68,0.1,119.11,39.7
100098,2023-11-20,Asia Pacific,Office Supplies,Pen Set,Corporate,7,12.94,0.1,130.46,47.48
100983,2023-11-20,North America,Apparel,Cap,Small Business,1,29.63,0.0,47.4,22.16
101859,2023-11-20,Asia Pacific,Furniture,Standing Desk,Consumer,5,165.54,0.0,1324.35,603.95
100044,2023-11-21,Asia Pacific,Furniture,Office Chair,Small Business,3,125.23,0.15,510.95,145.98
100398,2023-11-21,Asia Pacific,Apparel,Hoodie,Consumer,5,30.71,0.15,208.86,63.11
101066,2023-11-21,North America,Apparel,Hoodie,Corporate,6,25.76,0.15,210.19,51.91
101342,2023-11-22,Asia Pacific,Office Supplies,Stapler,Consumer,6,18.68,0.1,161.41,39.3
100797,2023-11-22,Asia Pacific,Office Supplies,Whiteboard,Consumer,7,11.8,0.1,118.96,33.6
100986,2023-11-22,North America,Home & Garden,Garden Tool Set,Consumer,6,51.46,0.1,444.65,194.04
100354,2023-11-22,North America,Furniture,Filing Cabinet,Consumer,3,380.67,0.2,1461.78,624.22
101807,2023-11-22,North America,Office Supplies,Pen Set,Corporate,7,22.99,0.0,257.46,92.16
100535,2023-11-23,North America,Furniture,Office Chair,Small Business,1,192.82,0.2,246.81,56.63
101934,2023-11-23,Asia Pacific,Furniture,Bookshelf,Small Business,2,124.98,0.05,379.94,165.29
101412,2023-11-23,Asia Pacific,Home & Garden,Plant Pot,Consumer,1,43.79,0.05,66.56,16.56
100890,2023-11-24,Latin America,Electronics,Smartwatch,Corporate,6,98.32,0.0,943.91,355.67
101048,2023-11-24,Europe,Apparel,T-Shirt,Consumer,2,33.91,0.2,86.81,29.12
100883,2023-11-25,Latin America,Home & Garden,Wall Art,Consumer,6,44.49,0.05,405.71,113.66
101477,2023-11-25,Asia Pacific,Furniture,Office Chair,Corporate,7,145.86,0.15,1388.58,613.11
100134,2023-11-26,North America,Electronics,Laptop Sleeve,Consumer,2,97.56,0.15,265.36,97.51
101009,2023-11-26,Europe,Electronics,Headphones,Corporate,2,75.6,0.1,217.73,56.21
100532,2023-11-26,Europe,Furniture,Filing Cabinet,Consumer,3,179.47,0.0,861.45,387.16
100938,2023-11-26,Asia Pacific,Apparel,Running Shoes,Corporate,7,46.52,0.0,521.03,200.35
100396,2023-11-26,Europe,Furniture,Office Chair,Consumer,2,313.25,0.05,952.27,254.61
100016,2023-11-27,North America,Home & Garden,Plant Pot,Consumer,1,43.77,0.0,70.04,23.68
101047,2023-11-27,Europe,Electronics,Headphones,Consumer,3,84.98,0.15,346.74,86.4
101190,2023-11-28,North America,Home & Garden,Throw Blanket,Consumer,4,25.88,0.1,149.07,33.34
101081,2023-11-29,North America,Furniture,Filing Cabinet,Small Business,2,145.68,0.0,466.16,164.89
100270,2023-11-30,Asia Pacific,Home & Garden,Candle Set,Small Business,2,36.44,0.1,104.96,33.77
101602,2023-11-30,Middle East,Apparel,Jacket,Small Business,5,31.16,0.3,174.47,64.37
101909,2023-11-30,Europe,Furniture,Standing Desk,Small Business,1,236.22,0.0,377.96,161.69
101559,2023-12-01,North America,Electronics,Smartwatch,Small Business,5,110.19,0.05,837.45,223.06
101826,2023-12-01,North America,Furniture,Filing Cabinet,Consumer,4,220.48,0.0,1411.08,430.11
100205,2023-12-02,Asia Pacific,Office Supplies,Stapler,Consumer,1,20.76,0.0,33.21,12.63
100183,2023-12-02,Asia Pacific,Home & Garden,Plant Pot,Corporate,3,30.95,0.05,141.14,59.39
101531,2023-12-02,Middle East,Home & Garden,Plant Pot,Consumer,7,51.43,0.0,576.01,156.17
100499,2023-12-02,North America,Furniture,Office Chair,Small Business,1,199.09,0.0,318.55,138.68
102194,2023-12-02,North America,Home & Garden,Candle Set,Corporate,6,56.67,0.0,544.05,188.19
100668,2023-12-02,Europe,Apparel,Running Shoes,Consumer,2,61.24,0.1,176.37,43.7
102040,2023-12-03,Europe,Home & Garden,Wall Art,Consumer,5,43.38,0.0,347.08,96.18
102187,2023-12-03,Middle East,Home & Garden,Garden Tool Set,Consumer,7,9.47,0.0,106.08,51.62
102046,2023-12-03,Asia Pacific,Home & Garden,Throw Blanket,Consumer,3,40.76,0.15,166.3,48.07
100702,2023-12-03,North America,Furniture,Bookshelf,Consumer,5,348.38,0.0,2787.06,958.67
100900,2023-12-03,North America,Apparel,Jacket,Consumer,7,50.14,0.0,561.57,220.28
101259,2023-12-04,North America,Office Supplies,Pen Set,Consumer,2,18.54,0.05,56.37,20.6
100027,2023-12-04,Europe,Apparel,Cap,Consumer,1,34.95,0.0,55.92,22.84
100853,2023-12-04,Latin America,Electronics,Headphones,Consumer,3,44.09,0.1,190.48,71.09
100963,2023-12-05,North America,Office Supplies,Stapler,Consumer,5,19.57,0.05,148.75,53.84
101288,2023-12-05,North America,Home & Garden,Candle Set,Corporate,3,25.94,0.1,112.07,50.63
101426,2023-12-05,Europe,Furniture,Filing Cabinet,Small Business,2,239.52,0.0,766.46,350.94
100608,2023-12-05,North America,Office Supplies,Whiteboard,Small Business,6,21.56,0.0,206.93,59.9
100573,2023-12-06,Europe,Office Supplies,Sticky Notes,Small Business,2,12.62,0.05,38.38,16.15
100174,2023-12-07,North America,Office Supplies,Whiteboard,Small Business,7,12.38,0.1,124.84,32.52
100730,2023-12-07,Europe,Office Supplies,Stapler,Corporate,2,20.79,0.15,56.56,22.76
101481,2023-12-07,Middle East,Home & Garden,Wall Art,Consumer,7,37.01,0.0,414.47,129.22
101069,2023-12-08,Europe,Office Supplies,Pen Set,Consumer,6,14.29,0.0,137.21,39.18
101349,2023-12-08,Asia Pacific,Home & Garden,Wall Art,Consumer,6,60.93,0.2,467.96,122.56
100104,2023-12-08,North America,Office Supplies,Notebook Pack,Consumer,5,18.08,0.05,137.38,51.97
101988,2023-12-08,North America,Furniture,Standing Desk,Small Business,4,282.43,0.2,1446.05,350.96
100182,2023-12-09,Asia Pacific,Furniture,Desk Lamp,Small Business,5,231.28,0.15,1572.73,546.18
101090,2023-12-09,North America,Office Supplies,Whiteboard,Consumer,2,19.49,0.1,56.14,23.38
101490,2023-12-09,Europe,Home & Garden,Plant Pot,Consumer,7,64.46,0.0,721.98,314.69
101263,2023-12-09,Latin America,Furniture,Office Chair,Consumer,2,198.27,0.0,634.45,239.17
100620,2023-12-09,North America,Electronics,Bluetooth Speaker,Consumer,7,90.07,0.05,958.31,455.22
100987,2023-12-10,Latin America,Home & Garden,Throw Blanket,Consumer,6,36.29,0.15,296.16,78.26
101035,2023-12-10,Europe,Electronics,Headphones,Small Business,3,56.65,0.3,190.34,70.74
100132,2023-12-10,North America,Apparel,Hoodie,Corporate,5,32.38,0.0,259.02,102.47
102180,2023-12-10,Asia Pacific,Electronics,Wireless Mouse,Consumer,5,57.29,0.05,435.39,138.57
100002,2023-12-10,Asia Pacific,Furniture,Desk Lamp,Consumer,4,286.69,0.1,1651.36,773.22
100988,2023-12-11,North America,Home & Garden,Wall Art,Corporate,3,34.32,0.05,156.52,68.19
102067,2023-12-11,Asia Pacific,Electronics,Wireless Mouse,Consumer,3,66.01,0.05,300.99,79.75
100208,2023-12-11,North America,Apparel,Hoodie,Consumer,7,18.59,0.3,145.76,51.05
101555,2023-12-12,Asia Pacific,Office Supplies,Notebook Pack,Consumer,4,19.49,0.2,99.78,23.66
100769,2023-12-14,Europe,Home & Garden,Plant Pot,Small Business,6,25.62,0.0,245.99,65.59
100518,2023-12-14,Latin America,Office Supplies,Pen Set,Corporate,7,19.01,0.0,212.88,63.02
100108,2023-12-15,Europe,Electronics,Wireless Mouse,Consumer,3,83.23,0.05,379.51,127.61
100152,2023-12-15,North America,Office Supplies,Stapler,Small Business,4,11.59,0.15,63.06,21.1
100441,2023-12-15,Asia Pacific,Home & Garden,Plant Pot,Consumer,7,44.9,0.0,502.92,218.36
102021,2023-12-15,North America,Furniture,Bookshelf,Small Business,4,121.89,0.0,780.07,269.62
100220,2023-12-16,Asia Pacific,Furniture,Desk Lamp,Small Business,1,255.42,0.3,286.07,69.56
101273,2023-12-16,North America,Office Supplies,Stapler,Corporate,7,15.66,0.2,140.35,49.01
101534,2023-12-16,Europe,Office Supplies,Whiteboard,Consumer,5,22.07,0.1,158.88,40.47
100038,2023-12-16,Europe,Home & Garden,Garden Tool Set,Small Business,2,24.75,0.0,79.2,23.86
102196,2023-12-16,Latin America,Furniture,Filing Cabinet,Small Business,6,242.9,0.2,1865.47,374.96
100416,2023-12-17,North America,Office Supplies,Whiteboard,Consumer,4,23.63,0.2,120.97,27.55
101899,2023-12-17,North America,Office Supplies,Whiteboard,Consumer,7,18.28,0.05,194.51,48.7
101462,2023-12-18,Europe,Home & Garden,Candle Set,Consumer,3,42.71,0.0,205.01,92.45
101414,2023-12-18,Asia Pacific,Electronics,Headphones,Consumer,2,88.45,0.0,283.03,138.23
100953,2023-12-19,Asia Pacific,Apparel,Running Shoes,Corporate,2,21.2,0.1,61.05,21.8
100228,2023-12-19,Europe,Apparel,Cap,Consumer,4,25.13,0.1,144.74,40.49
100298,2023-12-20,North America,Apparel,Hoodie,Consumer,6,27.9,0.1,241.03,99.12
101834,2023-12-20,Asia Pacific,Home & Garden,Garden Tool Set,Consumer,1,39.58,0.1,56.99,23.09
101275,2023-12-20,North America,Apparel,Running Shoes,Corporate,6,37.23,0.1,321.71,74.6
102036,2023-12-21,Europe,Home & Garden,Garden Tool Set,Corporate,2,22.88,0.1,65.9,26.77
101254,2023-12-21,Middle East,Office Supplies,Notebook Pack,Consumer,4,24.61,0.05,149.64,58.2
100550,2023-12-21,North America,Apparel,Hoodie,Corporate,4,28.58,0.05,173.77,61.63
101606,2023-12-21,North America,Electronics,Headphones,Consumer,4,56.87,0.0,363.95,130.58
100161,2023-12-22,Asia Pacific,Office Supplies,Whiteboard,Corporate,3,10.92,0.05,49.79,18.01
101634,2023-12-22,Europe,Furniture,Filing Cabinet,Small Business,5,304.3,0.1,2190.95,1018.61
100789,2023-12-23,Europe,Home & Garden,Garden Tool Set,Corporate,3,68.07,0.0,326.73,147.45
100137,2023-12-23,North America,Electronics,Wireless Mouse,Consumer,5,92.29,0.1,664.48,220.8
100043,2023-12-23,Europe,Furniture,Filing Cabinet,Small Business,4,315.12,0.05,1915.95,518.99
100643,2023-12-24,Europe,Apparel,Cap,Consumer,4,36.17,0.15,196.75,85.62
101261,2023-12-24,North America,Furniture,Standing Desk,Small Business,1,291.58,0.1,419.87,136.46
100835,2023-12-25,Latin America,Office Supplies,Sticky Notes,Consumer,7,27.36,0.3,214.52,54.21
102075,2023-12-25,Asia Pacific,Apparel,Running Shoes,Corporate,2,34.16,0.2,87.44,27.37
101162,2023-12-25,Asia Pacific,Office Supplies,Pen Set,Consumer,4,21.62,0.3,96.85,35.53
101467,2023-12-26,Middle East,Furniture,Office Chair,Consumer,4,211.64,0.15,1151.3,371.67
100456,2023-12-26,Europe,Apparel,Cap,Consumer,3,17.88,0.0,85.82,42.76
101333,2023-12-26,Latin America,Office Supplies,Sticky Notes,Consumer,5,11.88,0.2,76.04,17.13
101286,2023-12-26,Middle East,Home & Garden,Garden Tool Set,Corporate,4,44.86,0.0,287.08,143.31
101967,2023-12-26,Asia Pacific,Apparel,Cap,Consumer,1,30.36,0.15,41.29,8.82
101114,2023-12-26,Europe,Furniture,Standing Desk,Small Business,2,314.94,0.0,1007.82,344.44
101324,2023-12-26,Europe,Furniture,Office Chair,Consumer,6,306.19,0.0,2939.41,1372.46
101863,2023-12-27,Asia Pacific,Office Supplies,Sticky Notes,Consumer,1,21.62,0.0,34.59,10.32
100571,2023-12-27,North America,Office Supplies,Stapler,Consumer,1,11.05,0.0,17.68,6.8
101246,2023-12-28,Europe,Home & Garden,Plant Pot,Corporate,7,21.03,0.1,212.0,74.3
100277,2023-12-28,Middle East,Office Supplies,Whiteboard,Consumer,6,9.87,0.0,94.8,35.16
101082,2023-12-28,Latin America,Electronics,Smartwatch,Corporate,6,47.07,0.0,451.89,177.5
100973,2023-12-28,North America,Office Supplies,Whiteboard,Corporate,3,16.28,0.15,66.42,17.2
101483,2023-12-29,Middle East,Office Supplies,Pen Set,Corporate,1,14.9,0.0,23.84,9.85
100580,2023-12-29,North America,Furniture,Office Chair,Consumer,4,112.71,0.3,504.94,191.64
100748,2023-12-30,North America,Home & Garden,Wall Art,Corporate,6,47.19,0.1,407.69,109.89
101022,2023-12-30,North America,Office Supplies,Sticky Notes,Corporate,3,21.73,0.15,88.64,24.73
100127,2023-12-30,Europe,Electronics,Smartwatch,Corporate,1,88.71,0.05,134.83,35.84
100113,2023-12-30,North America,Furniture,Bookshelf,Small Business,1,370.38,0.1,533.35,157.49
100483,2023-12-30,North America,Furniture,Desk Lamp,Consumer,4,222.73,0.0,1425.46,459.91
100939,2023-12-31,Asia Pacific,Home & Garden,Plant Pot,Consumer,1,61.71,0.15,83.92,31.05
101788,2023-12-31,Latin America,Home & Garden,Candle Set,Consumer,4,25.23,0.2,129.16,24.89
101371,2023-12-31,North America,Electronics,Bluetooth Speaker,Consumer,6,66.66,0.05,607.96,178.61
100120,2023-12-31,North America,Electronics,Laptop Sleeve,Consumer,1,46.26,0.0,74.02,23.53
101626,2023-12-31,Middle East,Office Supplies,Sticky Notes,Corporate,2,9.95,0.05,30.25,13.81
100155,2024-01-01,Middle East,Apparel,Cap,Corporate,4,24.85,0.0,99.39,25.18
100761,2024-01-01,North America,Apparel,Hoodie,Consumer,3,23.05,0.15,58.78,16.16
101499,2024-01-01,Middle East,Home & Garden,Plant Pot,Small Business,5,35.45,0.1,159.55,57.18
100428,2024-01-01,North America,Office Supplies,Stapler,Small Business,2,18.4,0.2,29.45,12.33
100381,2024-01-01,North America,Furniture,Bookshelf,Consumer,3,250.38,0.1,676.03,254.83
101000,2024-01-01,Europe,Electronics,Headphones,Consumer,2,81.45,0.15,138.46,29.04
100627,2024-01-01,North America,Furniture,Desk Lamp,Corporate,7,151.09,0.05,1004.73,434.79
101806,2024-01-02,Europe,Apparel,Running Shoes,Consumer,1,37.27,0.2,29.82,10.87
101522,2024-01-02,Middle East,Furniture,Desk Lamp,Small Business,7,233.56,0.05,1553.19,532.92
100406,2024-01-03,Asia Pacific,Furniture,Desk Lamp,Consumer,5,181.78,0.0,908.91,292.39
100351,2024-01-03,North America,Home & Garden,Plant Pot,Consumer,2,40.13,0.05,76.25,21.52
100536,2024-01-04,North America,Home & Garden,Plant Pot,Consumer,2,41.58,0.15,70.69,20.14
101249,2024-01-04,Asia Pacific,Office Supplies,Notebook Pack,Consumer,4,25.23,0.1,90.82,32.43
100080,2024-01-04,Europe,Furniture,Office Chair,Consumer,4,219.78,0.1,791.22,258.97
101177,2024-01-04,Middle East,Office Supplies,Whiteboard,Consumer,1,15.33,0.0,15.33,5.67
100378,2024-01-05,Asia Pacific,Furniture,Bookshelf,Small Business,5,152.7,0.2,610.81,202.48
100540,2024-01-05,North America,Home & Garden,Garden Tool Set,Consumer,1,33.58,0.1,30.22,7.83
102003,2024-01-05,Asia Pacific,Home & Garden,Garden Tool Set,Consumer,1,41.63,0.0,41.63,10.83
101969,2024-01-06,North America,Apparel,Jacket,Small Business,2,31.61,0.1,56.89,17.61
101344,2024-01-06,Asia Pacific,Apparel,Running Shoes,Consumer,4,38.63,0.05,146.81,52.63
101736,2024-01-07,North America,Furniture,Bookshelf,Consumer,1,283.98,0.0,283.98,74.91
101034,2024-01-07,Asia Pacific,Electronics,Bluetooth Speaker,Small Business,3,62.12,0.0,186.36,77.66
102164,2024-01-08,Middle East,Home & Garden,Plant Pot,Consumer,4,23.61,0.0,94.45,45.78
100649,2024-01-08,Europe,Electronics,Headphones,Corporate,3,76.83,0.0,230.48,89.31
100018,2024-01-09,North America,Electronics,Smartwatch,Consumer,1,74.27,0.0,74.27,32.55
100498,2024-01-09,North America,Office Supplies,Whiteboard,Corporate,4,17.7,0.1,63.72,28.14
101279,2024-01-09,North America,Apparel,Jacket,Corporate,1,45.88,0.0,45.88,22.37
101690,2024-01-09,Latin America,Furniture,Standing Desk,Small Business,1,157.5,0.0,157.5,77.31
100064,2024-01-09,Asia Pacific,Electronics,Wireless Mouse,Corporate,7,111.45,0.05,741.13,205.82
100775,2024-01-10,North America,Home & Garden,Plant Pot,Consumer,7,67.33,0.05,447.71,198.75
100289,2024-01-10,Europe,Furniture,Desk Lamp,Consumer,3,364.59,0.15,929.72,400.04
101184,2024-01-11,Asia Pacific,Office Supplies,Stapler,Consumer,2,15.6,0.05,29.65,13.34
101171,2024-01-11,North America,Home & Garden,Plant Pot,Consumer,5,39.33,0.05,186.81,51.94
100485,2024-01-11,North America,Office Supplies,Pen Set,Consumer,4,18.77,0.0,75.06,32.28
102175,2024-01-11,Europe,Home & Garden,Wall Art,Consumer,6,48.13,0.0,288.76,140.6
101676,2024-01-11,North America,Furniture,Office Chair,Consumer,1,300.71,0.15,255.6,105.53
100995,2024-01-11,Asia Pacific,Apparel,Hoodie,Small Business,6,49.2,0.3,206.66,78.19
100131,2024-01-11,North America,Home & Garden,Throw Blanket,Consumer,1,45.52,0.0,45.52,21.51
102047,2024-01-12,North America,Electronics,Bluetooth Speaker,Small Business,4,128.26,0.0,513.06,178.47
100130,2024-01-12,Asia Pacific,Electronics,Smartwatch,Corporate,6,70.84,0.0,425.05,162.87
101468,2024-01-12,North America,Furniture,Standing Desk,Consumer,7,206.37,0.3,1011.2,171.95
100952,2024-01-12,Europe,Apparel,Jacket,Consumer,1,39.71,0.0,39.71,14.73
101153,2024-01-12,Europe,Apparel,Jacket,Consumer,2,44.96,0.1,80.92,31.12
100260,2024-01-12,Europe,Home & Garden,Wall Art,Consumer,2,37.18,0.15,63.2,14.85
100188,2024-01-13,Europe,Furniture,Office Chair,Consumer,5,247.26,0.0,1236.31,391.92
101505,2024-01-14,Europe,Home & Garden,Throw Blanket,Small Business,1,61.71,0.0,61.71,18.2
101241,2024-01-14,North America,Electronics,Smartwatch,Consumer,2,5.0,0.05,9.5,4.28
100090,2024-01-14,Asia Pacific,Home & Garden,Plant Pot,Small Business,1,47.66,0.1,42.89,15.31
100864,2024-01-15,North America,Office Supplies,Sticky Notes,Corporate,7,14.09,0.0,98.63,24.79
100210,2024-01-15,North America,Home & Garden,Wall Art,Consumer,7,56.18,0.1,353.93,96.26
100312,2024-01-15,Asia Pacific,Home & Garden,Throw Blanket,Consumer,5,42.56,0.1,191.52,79.91
101551,2024-01-15,Asia Pacific,Home & Garden,Throw Blanket,Consumer,1,31.63,0.0,31.63,14.71
100950,2024-01-16,North America,Home & Garden,Throw Blanket,Corporate,4,38.25,0.0,153.0,70.88
102152,2024-01-16,North America,Apparel,Cap,Consumer,2,37.0,0.05,70.29,27.38
100166,2024-01-16,Europe,Electronics,Smartwatch,Corporate,6,77.57,0.1,418.86,164.18
101236,2024-01-17,Europe,Electronics,Smartwatch,Consumer,2,120.11,0.0,240.22,82.64
100839,2024-01-17,Latin America,Apparel,Jacket,Consumer,3,5.0,0.2,12.0,2.49
100526,2024-01-18,Latin America,Furniture,Filing Cabinet,Consumer,4,153.27,0.0,613.08,244.4
100311,2024-01-19,Asia Pacific,Apparel,Running Shoes,Consumer,6,15.12,0.0,90.7,34.0
101627,2024-01-19,Asia Pacific,Furniture,Office Chair,Consumer,1,291.57,0.0,291.57,104.23
101861,2024-01-20,Europe,Office Supplies,Stapler,Consumer,6,20.75,0.2,99.62,29.81
100019,2024-01-21,Asia Pacific,Office Supplies,Notebook Pack,Small Business,3,18.33,0.0,54.98,23.66
100154,2024-01-21,Asia Pacific,Apparel,Cap,Consumer,5,30.12,0.0,150.62,60.53
101625,2024-01-22,North America,Furniture,Standing Desk,Corporate,5,136.75,0.05,649.55,186.72
100831,2024-01-22,Asia Pacific,Home & Garden,Throw Blanket,Small Business,2,33.71,0.0,67.42,22.31
101358,2024-01-22,North America,Furniture,Office Chair,Consumer,3,214.93,0.0,644.78,317.49
100688,2024-01-24,Latin America,Furniture,Desk Lamp,Consumer,2,312.31,0.0,624.61,206.72
102157,2024-01-24,North America,Home & Garden,Candle Set,Small Business,5,47.26,0.05,224.5,75.49
101795,2024-01-24,North America,Electronics,Smartwatch,Consumer,5,23.16,0.05,110.0,45.04
102129,2024-01-25,North America,Apparel,T-Shirt,Consumer,2,35.26,0.0,70.52,21.25
101024,2024-01-26,Europe,Furniture,Desk Lamp,Consumer,1,376.12,0.0,376.12,94.3
100902,2024-01-26,Asia Pacific,Office Supplies,Stapler,Corporate,3,16.32,0.0,48.97,24.26
101622,2024-01-26,Asia Pacific,Apparel,Hoodie,Consumer,4,24.94,0.15,84.81,37.59
101674,2024-01-26,Latin America,Electronics,Laptop Sleeve,Small Business,6,77.15,0.0,462.92,159.44
100251,2024-01-26,Latin America,Furniture,Desk Lamp,Corporate,6,155.71,0.0,934.28,246.03
101930,2024-01-27,Europe,Electronics,Wireless Mouse,Small Business,4,75.24,0.0,300.94,141.66
100028,2024-01-27,Asia Pacific,Electronics,Headphones,Consumer,3,75.23,0.05,214.39,89.76
101560,2024-01-27,Europe,Electronics,Bluetooth Speaker,Corporate,5,96.71,0.05,459.37,152.36
101974,2024-01-27,Asia Pacific,Furniture,Bookshelf,Consumer,4,86.13,0.15,292.86,68.54
101290,2024-01-28,Europe,Office Supplies,Pen Set,Consumer,3,16.69,0.0,50.06,20.6
100013,2024-01-28,Asia Pacific,Furniture,Standing Desk,Consumer,3,225.75,0.0,677.24,252.51
101045,2024-01-28,North America,Furniture,Standing Desk,Corporate,1,196.3,0.15,166.85,42.65
100694,2024-01-29,North America,Furniture,Office Chair,Consumer,7,291.07,0.15,1731.88,589.79
100302,2024-01-30,Europe,Office Supplies,Notebook Pack,Corporate,1,27.55,0.2,22.04,4.5
100671,2024-01-30,North America,Apparel,Hoodie,Small Business,4,38.23,0.15,129.97,40.38
100112,2024-01-31,Asia Pacific,Office Supplies,Notebook Pack,Consumer,4,13.59,0.0,54.37,13.94
101822,2024-01-31,North America,Electronics,Headphones,Consumer,4,72.66,0.05,276.09,104.93
101458,2024-02-01,Latin America,Electronics,Laptop Sleeve,Corporate,1,101.32,0.15,86.12,24.41
101544,2024-02-01,North America,Apparel,Jacket,Consumer,2,40.26,0.1,72.47,19.37
101470,2024-02-02,North America,Furniture,Filing Cabinet,Small Business,3,232.58,0.05,662.86,210.84
100269,2024-02-02,North America,Office Supplies,Whiteboard,Consumer,1,7.82,0.1,7.04,2.79
101122,2024-02-02,Latin America,Apparel,T-Shirt,Consumer,2,37.26,0.1,67.07,15.98
101515,2024-02-03,Europe,Electronics,Smartwatch,Corporate,4,94.2,0.05,357.98,87.64
101433,2024-02-03,North America,Office Supplies,Stapler,Corporate,7,13.79,0.0,96.53,35.31
100435,2024-02-03,North America,Office Supplies,Notebook Pack,Corporate,4,18.09,0.05,68.74,22.06
101824,2024-02-04,North America,Furniture,Standing Desk,Corporate,6,227.64,0.05,1297.52,606.87
101685,2024-02-04,Europe,Office Supplies,Notebook Pack,Consumer,1,16.14,0.0,16.14,4.6
100961,2024-02-04,Europe,Furniture,Filing Cabinet,Consumer,1,313.82,0.05,298.13,108.03
101201,2024-02-04,North America,Apparel,Hoodie,Consumer,2,28.31,0.05,53.8,14.69
100477,2024-02-05,Asia Pacific,Home & Garden,Plant Pot,Corporate,5,43.25,0.05,205.44,92.84
100799,2024-02-05,North America,Office Supplies,Stapler,Small Business,5,27.13,0.05,128.86,40.7
101992,2024-02-05,Asia Pacific,Electronics,Bluetooth Speaker,Consumer,3,40.24,0.1,108.66,42.53
101618,2024-02-05,Asia Pacific,Office Supplies,Pen Set,Corporate,2,15.29,0.0,30.58,12.32
100071,2024-02-05,Europe,Home & Garden,Wall Art,Consumer,2,21.72,0.0,43.44,15.43
100393,2024-02-05,Asia Pacific,Office Supplies,Pen Set,Consumer,4,11.27,0.0,45.09,22.33
101269,2024-02-06,Europe,Home & Garden,Wall Art,Small Business,3,66.48,0.05,189.46,68.59
102137,2024-02-06,North America,Furniture,Desk Lamp,Small Business,1,223.32,0.0,223.32,72.18
101858,2024-02-07,North America,Home & Garden,Candle Set,Corporate,6,29.3,0.0,175.79,44.02
101704,2024-02-07,Latin America,Apparel,T-Shirt,Small Business,6,54.12,0.0,324.73,158.38
101354,2024-02-08,North America,Apparel,T-Shirt,Corporate,5,42.64,0.15,181.21,37.32
101875,2024-02-08,North America,Office Supplies,Pen Set,Consumer,2,13.4,0.0,26.81,12.26
100726,2024-02-09,Asia Pacific,Apparel,Jacket,Consumer,5,37.76,0.1,169.93,50.59
101956,2024-02-09,Europe,Home & Garden,Plant Pot,Consumer,3,43.25,0.1,116.76,47.94
101978,2024-02-09,Latin America,Furniture,Standing Desk,Corporate,1,146.04,0.0,146.04,53.47
100275,2024-02-10,Asia Pacific,Apparel,Jacket,Small Business,2,38.71,0.0,77.42,30.83
101732,2024-02-10,North America,Electronics,Headphones,Consumer,2,107.91,0.0,215.81,87.94
101469,2024-02-10,Asia Pacific,Furniture,Standing Desk,Small Business,1,176.74,0.15,150.23,61.8
101099,2024-02-11,Asia Pacific,Apparel,Running Shoes,Consumer,4,36.84,0.05,139.99,48.15
101695,2024-02-11,Middle East,Electronics,Wireless Mouse,Consumer,3,85.9,0.0,257.71,118.47
100360,2024-02-11,North America,Office Supplies,Notebook Pack,Consumer,3,23.38,0.0,70.13,32.57
101262,2024-02-12,North America,Apparel,Jacket,Corporate,2,34.74,0.3,48.63,10.45
100990,2024-02-13,Asia Pacific,Office Supplies,Whiteboard,Consumer,1,14.41,0.0,14.41,5.99
101926,2024-02-13,Latin America,Apparel,T-Shirt,Consumer,4,26.86,0.1,96.69,35.94
101791,2024-02-15,Middle East,Office Supplies,Whiteboard,Small Business,4,13.47,0.05,51.2,20.67
102165,2024-02-15,North America,Electronics,Laptop Sleeve,Consumer,2,72.1,0.0,144.21,39.39
101370,2024-02-16,Europe,Office Supplies,Stapler,Corporate,2,17.02,0.0,34.05,9.92
100750,2024-02-16,Asia Pacific,Electronics,Bluetooth Speaker,Corporate,7,60.07,0.0,420.52,122.36
100965,2024-02-17,Europe,Office Supplies,Sticky Notes,Corporate,6,25.2,0.0,151.17,72.58
100524,2024-02-17,North America,Apparel,Running Shoes,Consumer,5,52.78,0.0,263.91,69.96
102007,2024-02-18,North America,Apparel,Cap,Small Business,2,41.76,0.05,79.35,21.16
101693,2024-02-18,Europe,Home & Garden,Garden Tool Set,Small Business,5,22.76,0.05,108.13,50.44
100405,2024-02-18,North America,Electronics,Headphones,Consumer,4,87.65,0.05,333.07,115.91
100991,2024-02-18,North America,Furniture,Office Chair,Small Business,3,397.19,0.1,1072.41,376.6
101422,2024-02-19,North America,Electronics,Headphones,Consumer,7,69.77,0.1,439.56,143.63
101940,2024-02-19,Latin America,Office Supplies,Whiteboard,Corporate,3,17.94,0.1,48.43,11.45
100810,2024-02-19,Asia Pacific,Apparel,Cap,Small Business,2,19.19,0.0,38.37,10.63
101013,2024-02-19,Asia Pacific,Furniture,Bookshelf,Consumer,5,208.12,0.0,1040.61,475.59
101591,2024-02-20,Europe,Furniture,Bookshelf,Small Business,2,180.2,0.2,288.32,67.79
100670,2024-02-20,Asia Pacific,Furniture,Standing Desk,Consumer,4,115.58,0.0,462.31,123.93
101219,2024-02-20,Europe,Electronics,Wireless Mouse,Consumer,2,108.21,0.15,183.95,76.92
101174,2024-02-20,North America,Electronics,Wireless Mouse,Small Business,3,70.42,0.15,179.56,50.8
100180,2024-02-21,North America,Electronics,Wireless Mouse,Consumer,2,136.72,0.1,246.1,105.3
101430,2024-02-22,North America,Electronics,Smartwatch,Consumer,3,60.37,0.05,172.06,80.92
102094,2024-02-23,Asia Pacific,Home & Garden,Plant Pot,Consumer,1,44.38,0.2,35.51,10.13
101226,2024-02-23,North America,Apparel,Jacket,Small Business,5,38.54,0.05,183.06,47.42
100470,2024-02-23,North America,Apparel,Jacket,Corporate,2,27.0,0.15,45.89,11.53
100292,2024-02-23,North America,Apparel,Running Shoes,Consumer,6,30.48,0.15,155.47,50.1
100048,2024-02-24,Europe,Office Supplies,Notebook Pack,Consumer,5,14.26,0.15,60.6,15.35
100945,2024-02-24,North America,Electronics,Smartwatch,Consumer,4,154.07,0.1,554.64,127.38
100892,2024-02-24,Europe,Electronics,Smartwatch,Consumer,2,50.42,0.15,85.72,32.63
100936,2024-02-24,Europe,Electronics,Bluetooth Speaker,Consumer,1,60.52,0.0,60.52,16.07
100431,2024-02-24,Asia Pacific,Home & Garden,Garden Tool Set,Consumer,4,35.04,0.15,119.15,49.6
100537,2024-02-24,Europe,Apparel,Cap,Small Business,2,45.19,0.0,90.37,43.93
101212,2024-02-24,Asia Pacific,Electronics,Laptop Sleeve,Consumer,7,110.24,0.05,733.12,211.34
100330,2024-02-25,North America,Office Supplies,Notebook Pack,Corporate,2,18.73,0.0,37.47,12.72
101019,2024-02-25,Europe,Furniture,Desk Lamp,Consumer,4,209.73,0.0,838.93,319.62
101216,2024-02-26,Europe,Office Supplies,Whiteboard,Corporate,2,28.27,0.1,50.89,22.19
101075,2024-02-27,North America,Furniture,Bookshelf,Consumer,5,123.31,0.0,616.56,244.97
100213,2024-02-27,Europe,Office Supplies,Whiteboard,Small Business,5,17.92,0.0,89.59,32.52
102147,2024-02-27,Asia Pacific,Home & Garden,Wall Art,Consumer,1,23.53,0.0,23.53,8.18
101913,2024-02-27,Middle East,Electronics,Laptop Sleeve,Corporate,5,75.12,0.05,356.83,110.38
101021,2024-02-27,Europe,Furniture,Filing Cabinet,Consumer,3,344.7,0.1,930.68,369.6
101654,2024-02-27,Europe,Furniture,Desk Lamp,Small Business,5,261.8,0.0,1309.02,586.9
100651,2024-02-28,North America,Electronics,Bluetooth Speaker,Consumer,4,49.98,0.05,189.92,59.11
101336,2024-02-28,Asia Pacific,Office Supplies,Pen Set,Small Business,4,13.48,0.15,45.84,15.35
100433,2024-02-28,North America,Apparel,Jacket,Consumer,6,33.31,0.3,139.91,43.52
101166,2024-03-01,North America,Furniture,Filing Cabinet,Corporate,2,148.63,0.15,252.68,110.4
101530,2024-03-01,North America,Office Supplies,Notebook Pack,Consumer,7,9.75,0.15,58.04,20.13
100530,2024-03-01,Asia Pacific,Electronics,Bluetooth Speaker,Consumer,7,85.16,0.05,566.32,189.0
101960,2024-03-01,North America,Apparel,T-Shirt,Corporate,5,26.63,0.15,113.17,24.18
100246,2024-03-01,Asia Pacific,Electronics,Bluetooth Speaker,Small Business,2,87.23,0.0,174.45,55.6
100173,2024-03-02,Europe,Home & Garden,Wall Art,Consumer,6,53.3,0.0,319.79,106.06
100436,2024-03-03,Asia Pacific,Home & Garden,Plant Pot,Small Business,2,35.78,0.0,71.55,23.28
101814,2024-03-04,North America,Home & Garden,Candle Set,Consumer,2,30.96,0.3,43.34,13.58
101089,2024-03-05,Latin America,Office Supplies,Sticky Notes,Corporate,7,18.17,0.0,127.22,50.93
101947,2024-03-05,Europe,Office Supplies,Whiteboard,Consumer,2,21.8,0.0,43.59,21.02
101472,2024-03-07,North America,Home & Garden,Candle Set,Corporate,7,30.98,0.0,216.88,74.63
100721,2024-03-07,Asia Pacific,Apparel,Running Shoes,Consumer,1,40.04,0.0,40.04,12.84
101106,2024-03-07,Europe,Electronics,Headphones,Corporate,6,17.38,0.05,99.06,39.85
100747,2024-03-08,Asia Pacific,Home & Garden,Candle Set,Consumer,7,27.12,0.2,151.86,59.42
100914,2024-03-08,Europe,Office Supplies,Whiteboard,Corporate,1,18.11,0.15,15.39,3.32
100353,2024-03-08,Europe,Home & Garden,Garden Tool Set,Consumer,6,60.03,0.1,324.17,147.39
102056,2024-03-09,Europe,Apparel,Jacket,Corporate,1,19.37,0.1,17.43,5.8
101600,2024-03-09,Middle East,Furniture,Standing Desk,Corporate,6,105.63,0.0,633.79,260.43
101160,2024-03-09,North America,Apparel,Cap,Consumer,3,41.83,0.05,119.2,55.55
101968,2024-03-09,North America,Electronics,Laptop Sleeve,Consumer,6,114.13,0.0,684.79,237.75
100947,2024-03-09,North America,Apparel,T-Shirt,Corporate,7,54.62,0.0,382.34,160.16
102055,2024-03-10,Europe,Office Supplies,Notebook Pack,Consumer,1,18.77,0.0,18.77,5.82
100621,2024-03-10,Europe,Furniture,Filing Cabinet,Small Business,5,234.35,0.3,820.22,137.37
100547,2024-03-10,Europe,Furniture,Desk Lamp,Corporate,3,260.58,0.15,664.48,180.24
102059,2024-03-11,North America,Furniture,Standing Desk,Consumer,5,155.39,0.0,776.94,328.21
102100,2024-03-11,Europe,Furniture,Bookshelf,Consumer,3,186.29,0.0,558.87,200.7
101991,2024-03-11,North America,Apparel,Cap,Consumer,2,24.92,0.0,49.83,21.98
101247,2024-03-11,Middle East,Furniture,Filing Cabinet,Small Business,5,120.8,0.05,573.79,265.2
100487,2024-03-11,North America,Furniture,Filing Cabinet,Small Business,3,226.6,0.1,611.81,234.54
101367,2024-03-12,Europe,Furniture,Bookshelf,Consumer,6,235.8,0.1,1273.33,332.86
100464,2024-03-13,Europe,Electronics,Laptop Sleeve,Consumer,7,94.63,0.0,662.4,312.04
100927,2024-03-13,North America,Apparel,Hoodie,Small Business,5,25.51,0.15,108.4,40.85
102063,2024-03-13,North America,Home & Garden,Wall Art,Corporate,2,30.05,0.1,54.09,25.0
101378,2024-03-13,Latin America,Office Supplies,Pen Set,Corporate,7,19.64,0.0,137.51,63.98
102026,2024-03-13,Europe,Apparel,Running Shoes,Small Business,4,25.29,0.1,91.05,35.59
101668,2024-03-13,North America,Electronics,Wireless Mouse,Small Business,4,92.7,0.1,333.74,118.98
102176,2024-03-13,Middle East,Home & Garden,Plant Pot,Consumer,4,51.89,0.1,186.81,74.07
100434,2024-03-14,North America,Furniture,Office Chair,Consumer,1,288.37,0.1,259.53,78.69
100697,2024-03-14,North America,Furniture,Bookshelf,Corporate,3,242.99,0.0,728.97,346.7
100553,2024-03-14,Europe,Electronics,Bluetooth Speaker,Corporate,5,133.97,0.0,669.85,320.22
100133,2024-03-15,Latin America,Apparel,Cap,Small Business,7,36.75,0.1,231.51,79.14
101311,2024-03-16,North America,Apparel,Jacket,Consumer,5,51.51,0.0,257.55,80.35
100823,2024-03-16,Asia Pacific,Furniture,Office Chair,Corporate,7,172.2,0.1,1084.88,346.67
101494,2024-03-16,North America,Electronics,Laptop Sleeve,Consumer,3,84.38,0.05,240.49,88.64
100245,2024-03-16,North America,Furniture,Office Chair,Corporate,6,236.31,0.1,1276.06,300.89
100490,2024-03-16,North America,Home & Garden,Throw Blanket,Consumer,4,22.86,0.1,82.3,27.67
100745,2024-03-17,North America,Office Supplies,Sticky Notes,Consumer,4,8.78,0.1,31.6,9.65
101845,2024-03-17,North America,Apparel,Cap,Consumer,2,41.58,0.1,74.85,26.06
101255,2024-03-17,North America,Apparel,Jacket,Consumer,4,36.3,0.15,123.42,38.11
100266,2024-03-18,North America,Home & Garden,Garden Tool Set,Consumer,3,48.96,0.05,139.53,39.68
101274,2024-03-18,Europe,Apparel,Jacket,Consumer,2,57.95,0.15,98.52,23.82
102061,2024-03-19,Europe,Electronics,Wireless Mouse,Corporate,2,85.7,0.15,145.68,38.71
101250,2024-03-19,Europe,Apparel,Cap,Consumer,1,16.52,0.0,16.52,6.75
102005,2024-03-19,North America,Home & Garden,Plant Pot,Consumer,6,38.24,0.2,183.54,62.69
100389,2024-03-19,Europe,Furniture,Office Chair,Consumer,7,187.48,0.15,1115.5,288.26
100186,2024-03-20,North America,Home & Garden,Wall Art,Consumer,7,23.99,0.15,142.75,51.62
100051,2024-03-20,Latin America,Home & Garden,Plant Pot,Consumer,6,37.6,0.05,214.31,99.48
100459,2024-03-21,Europe,Home & Garden,Garden Tool Set,Consumer,2,44.98,0.1,80.97,26.24
100718,2024-03-21,North America,Furniture,Desk Lamp,Corporate,6,194.21,0.2,932.22,303.79
101886,2024-03-21,Europe,Electronics,Bluetooth Speaker,Consumer,3,69.5,0.1,187.65,81.02
100082,2024-03-21,North America,Electronics,Wireless Mouse,Consumer,5,52.9,0.3,185.15,70.73
100772,2024-03-21,Europe,Office Supplies,Pen Set,Consumer,1,20.07,0.0,20.07,7.72
101941,2024-03-22,Europe,Office Supplies,Notebook Pack,Corporate,6,31.61,0.05,180.2,68.93
100920,2024-03-23,Asia Pacific,Home & Garden,Throw Blanket,Small Business,1,35.43,0.0,35.43,17.17
101611,2024-03-23,North America,Furniture,Standing Desk,Consumer,4,313.71,0.1,1129.35,295.49
101546,2024-03-23,Latin America,Furniture,Desk Lamp,Consumer,5,103.84,0.05,493.25,203.39
101390,2024-03-24,North America,Furniture,Standing Desk,Corporate,2,175.84,0.15,298.93,103.65
101781,2024-03-24,Europe,Office Supplies,Whiteboard,Consumer,5,23.19,0.0,115.95,49.72
100463,2024-03-24,Asia Pacific,Apparel,Running Shoes,Consumer,4,38.08,0.1,137.07,45.19
100798,2024-03-24,Europe,Home & Garden,Plant Pot,Consumer,2,49.14,0.0,98.27,42.13
100128,2024-03-25,North America,Furniture,Standing Desk,Consumer,7,333.1,0.0,2331.67,942.02
101851,2024-03-25,North America,Home & Garden,Plant Pot,Consumer,6,39.68,0.05,226.15,94.89
102020,2024-03-26,Europe,Apparel,Running Shoes,Consumer,6,19.67,0.05,112.13,32.24
101109,2024-03-27,Asia Pacific,Home & Garden,Candle Set,Consumer,7,35.02,0.0,245.17,72.86
101455,2024-03-27,Latin America,Home & Garden,Throw Blanket,Corporate,3,60.24,0.15,153.61,39.94
100150,2024-03-28,Middle East,Electronics,Laptop Sleeve,Small Business,7,101.15,0.1,637.23,267.58
101364,2024-03-28,Latin America,Office Supplies,Pen Set,Corporate,1,26.7,0.0,26.7,9.48
101720,2024-03-28,Asia Pacific,Furniture,Standing Desk,Consumer,1,137.88,0.15,117.2,44.86
100042,2024-03-28,Europe,Furniture,Standing Desk,Consumer,7,202.62,0.0,1418.31,544.39
102139,2024-03-29,Europe,Apparel,Running Shoes,Small Business,1,41.67,0.0,41.67,18.44
101180,2024-03-29,Asia Pacific,Office Supplies,Sticky Notes,Consumer,5,8.34,0.05,39.63,17.83
101678,2024-03-29,Europe,Furniture,Office Chair,Consumer,6,224.5,0.05,1279.63,572.21
100951,2024-03-29,North America,Home & Garden,Plant Pot,Consumer,5,48.7,0.0,243.48,120.47
101235,2024-03-29,Latin America,Office Supplies,Stapler,Consumer,1,23.83,0.0,23.83,6.78
100117,2024-03-30,Europe,Electronics,Laptop Sleeve,Consumer,6,69.07,0.0,414.4,130.74
101439,2024-03-30,Latin America,Furniture,Standing Desk,Consumer,5,242.8,0.05,1153.3,368.43
100937,2024-03-30,Europe,Apparel,Cap,Consumer,2,26.23,0.0,52.45,15.24
101389,2024-03-31,Europe,Furniture,Standing Desk,Consumer,3,131.85,0.1,356.0,129.97
100943,2024-03-31,Europe,Furniture,Filing Cabinet,Small Business,3,257.46,0.0,772.37,256.0
101242,2024-04-01,Europe,Apparel,Cap,Consumer,7,33.56,0.05,223.18,73.28
100474,2024-04-02,North America,Furniture,Filing Cabinet,Corporate,7,265.72,0.1,1674.03,441.75
102193,2024-04-02,Europe,Home & Garden,Garden Tool Set,Consumer,6,39.0,0.1,210.57,89.0
101191,2024-04-02,North America,Electronics,Headphones,Corporate,1,117.13,0.05,111.27,31.14
100149,2024-04-03,North America,Electronics,Smartwatch,Consumer,5,82.08,0.1,369.35,136.88
100605,2024-04-03,Europe,Home & Garden,Plant Pot,Small Business,4,67.17,0.1,241.82,73.35
101832,2024-04-04,Europe,Home & Garden,Wall Art,Corporate,7,37.43,0.2,209.6,60.4
102133,2024-04-04,Asia Pacific,Furniture,Filing Cabinet,Consumer,3,237.95,0.05,678.15,220.63
101123,2024-04-04,North America,Furniture,Office Chair,Corporate,3,302.73,0.0,908.2,351.6
100457,2024-04-04,Latin America,Home & Garden,Throw Blanket,Corporate,7,36.76,0.1,231.58,93.12
101699,2024-04-04,North America,Office Supplies,Whiteboard,Corporate,6,9.63,0.0,57.76,15.78
100629,2024-04-05,North America,Office Supplies,Stapler,Small Business,7,25.08,0.2,140.45,58.75
102177,2024-04-06,Europe,Office Supplies,Notebook Pack,Consumer,7,13.01,0.0,91.05,30.94
101079,2024-04-06,North America,Office Supplies,Sticky Notes,Corporate,6,18.6,0.15,94.87,22.74
100350,2024-04-06,Asia Pacific,Furniture,Desk Lamp,Consumer,4,209.95,0.0,839.82,366.31
101661,2024-04-06,Europe,Furniture,Desk Lamp,Consumer,7,321.53,0.1,2025.67,807.44
100776,2024-04-07,North America,Furniture,Desk Lamp,Corporate,7,138.52,0.2,775.72,164.41
101298,2024-04-07,North America,Office Supplies,Pen Set,Consumer,4,14.3,0.1,51.48,12.2
100546,2024-04-07,North America,Electronics,Wireless Mouse,Corporate,2,127.29,0.0,254.58,74.62
101576,2024-04-07,Europe,Furniture,Office Chair,Consumer,2,150.91,0.0,301.82,94.24
100603,2024-04-08,Europe,Office Supplies,Stapler,Corporate,4,21.16,0.05,80.42,34.9
102118,2024-04-08,Europe,Home & Garden,Plant Pot,Consumer,7,42.19,0.0,295.32,120.96
101975,2024-04-09,North America,Home & Garden,Plant Pot,Corporate,6,38.05,0.1,205.48,68.16
101437,2024-04-10,Latin America,Electronics,Bluetooth Speaker,Consumer,3,97.4,0.0,292.19,73.45
101441,2024-04-11,Middle East,Furniture,Filing Cabinet,Consumer,5,247.8,0.0,1239.01,445.54
102038,2024-04-11,Europe,Furniture,Office Chair,Consumer,2,401.08,0.0,802.17,321.75
101724,2024-04-11,Europe,Office Supplies,Sticky Notes,Consumer,3,16.95,0.0,50.85,15.27
100908,2024-04-11,North America,Electronics,Smartwatch,Consumer,2,77.95,0.15,132.52,45.36
100801,2024-04-12,Europe,Home & Garden,Plant Pot,Consumer,6,37.59,0.05,214.28,73.45
101072,2024-04-12,Europe,Electronics,Laptop Sleeve,Consumer,3,118.13,0.05,336.66,134.75
101038,2024-04-13,Asia Pacific,Furniture,Standing Desk,Consumer,1,210.31,0.05,199.79,77.33
101645,2024-04-13,Europe,Electronics,Bluetooth Speaker,Consumer,2,110.38,0.05,209.73,63.47
101642,2024-04-13,Asia Pacific,Home & Garden,Garden Tool Set,Corporate,5,49.06,0.2,196.23,63.8
101317,2024-04-14,North America,Electronics,Smartwatch,Small Business,2,114.3,0.0,228.6,67.48
101218,2024-04-15,North America,Home & Garden,Wall Art,Consumer,1,37.13,0.2,29.71,8.93
100432,2024-04-15,North America,Apparel,Jacket,Corporate,6,25.27,0.0,151.62,53.8
101126,2024-04-16,Europe,Home & Garden,Candle Set,Consumer,3,39.19,0.1,105.82,40.88
101773,2024-04-16,North America,Home & Garden,Throw Blanket,Corporate,5,29.99,0.0,149.94,53.91
101297,2024-04-16,Latin America,Furniture,Office Chair,Small Business,6,218.85,0.1,1181.81,373.07
100923,2024-04-16,North America,Office Supplies,Notebook Pack,Consumer,5,17.41,0.05,82.71,37.05
101213,2024-04-17,Asia Pacific,Office Supplies,Notebook Pack,Consumer,4,12.25,0.2,39.2,12.64
101592,2024-04-17,North America,Electronics,Bluetooth Speaker,Small Business,6,67.13,0.0,402.77,104.82
101836,2024-04-17,Latin America,Home & Garden,Candle Set,Consumer,1,28.9,0.15,24.56,7.18
100802,2024-04-17,Asia Pacific,Furniture,Desk Lamp,Consumer,6,244.26,0.05,1392.26,511.41
101514,2024-04-18,North America,Apparel,T-Shirt,Corporate,7,29.21,0.0,204.49,72.89
101154,2024-04-18,North America,Electronics,Smartwatch,Consumer,4,77.2,0.0,308.79,99.16
101054,2024-04-18,North America,Office Supplies,Pen Set,Consumer,6,12.74,0.0,76.47,21.05
100362,2024-04-18,North America,Home & Garden,Throw Blanket,Consumer,3,53.69,0.15,136.92,61.91
101664,2024-04-19,North America,Home & Garden,Candle Set,Consumer,6,19.3,0.0,115.81,53.38
101454,2024-04-19,Asia Pacific,Apparel,T-Shirt,Consumer,1,30.32,0.0,30.32,11.67
101157,2024-04-20,Europe,Office Supplies,Sticky Notes,Consumer,7,16.57,0.05,110.21,52.26
101952,2024-04-21,North America,Electronics,Bluetooth Speaker,Consumer,1,37.75,0.1,33.97,9.66
100007,2024-04-21,Middle East,Furniture,Desk Lamp,Small Business,6,231.4,0.0,1388.39,496.2
101293,2024-04-22,Asia Pacific,Apparel,Cap,Consumer,1,31.0,0.0,31.0,14.07
101817,2024-04-22,Europe,Furniture,Bookshelf,Consumer,3,178.45,0.0,535.34,190.13
101573,2024-04-22,Europe,Furniture,Filing Cabinet,Small Business,5,188.79,0.15,802.35,284.84
101943,2024-04-22,Europe,Furniture,Bookshelf,Small Business,6,179.81,0.0,1078.87,294.74
101820,2024-04-23,North America,Office Supplies,Whiteboard,Corporate,2,24.14,0.0,48.28,12.99
100673,2024-04-23,North America,Furniture,Bookshelf,Corporate,2,201.45,0.1,362.62,126.14
100830,2024-04-23,North America,Home & Garden,Plant Pot,Consumer,1,55.13,0.0,55.13,14.71
101623,2024-04-23,North America,Apparel,Running Shoes,Corporate,1,24.62,0.1,22.16,9.38
101192,2024-04-24,Asia Pacific,Home & Garden,Candle Set,Consumer,1,50.22,0.0,50.22,22.91
100273,2024-04-24,Europe,Office Supplies,Stapler,Small Business,6,20.76,0.2,99.65,32.8
100919,2024-04-25,North America,Electronics,Bluetooth Speaker,Consumer,7,113.18,0.0,792.23,305.77
101460,2024-04-25,North America,Home & Garden,Wall Art,Small Business,3,29.11,0.0,87.34,31.68
100030,2024-04-25,North America,Office Supplies,Sticky Notes,Corporate,1,13.42,0.0,13.42,3.37
101846,2024-04-25,Europe,Home & Garden,Garden Tool Set,Corporate,6,48.97,0.2,235.05,72.69
100443,2024-04-25,Europe,Office Supplies,Notebook Pack,Consumer,2,21.79,0.15,37.04,11.39
101996,2024-04-26,Asia Pacific,Apparel,T-Shirt,Consumer,2,33.43,0.0,66.85,19.84
100565,2024-04-26,North America,Apparel,Cap,Consumer,2,37.62,0.0,75.24,19.87
101609,2024-04-26,Latin America,Electronics,Headphones,Small Business,3,53.29,0.0,159.87,72.76
101374,2024-04-27,North America,Office Supplies,Notebook Pack,Consumer,3,23.97,0.1,64.72,26.73
101329,2024-04-27,North America,Home & Garden,Garden Tool Set,Consumer,5,14.56,0.0,72.78,25.6
100145,2024-04-28,North America,Apparel,T-Shirt,Corporate,1,16.0,0.1,14.4,6.6
101445,2024-04-28,Asia Pacific,Apparel,Jacket,Consumer,7,63.59,0.0,445.15,138.37
101134,2024-04-28,North America,Electronics,Bluetooth Speaker,Small Business,5,122.33,0.0,611.66,188.76
101118,2024-04-28,North America,Office Supplies,Stapler,Corporate,1,8.48,0.0,8.48,3.82
101220,2024-04-29,North America,Home & Garden,Throw Blanket,Consumer,6,39.6,0.15,201.95,44.76
100014,2024-04-29,North America,Office Supplies,Sticky Notes,Consumer,5,16.39,0.0,81.93,35.03
101754,2024-04-29,Europe,Furniture,Bookshelf,Corporate,3,183.14,0.0,549.43,154.12
102107,2024-04-30,Middle East,Furniture,Desk Lamp,Consumer,7,175.03,0.05,1163.95,275.92
100759,2024-04-30,Middle East,Furniture,Desk Lamp,Consumer,7,208.3,0.05,1385.19,538.92
101529,2024-05-01,North America,Office Supplies,Pen Set,Consumer,7,17.05,0.0,119.33,57.28
100222,2024-05-02,North America,Office Supplies,Whiteboard,Small Business,4,17.71,0.0,70.86,34.66
100368,2024-05-03,Asia Pacific,Office Supplies,Sticky Notes,Consumer,7,21.23,0.05,141.15,33.8
100148,2024-05-03,North America,Office Supplies,Whiteboard,Consumer,2,11.39,0.15,19.36,7.7
101308,2024-05-03,Latin America,Furniture,Office Chair,Small Business,6,251.63,0.05,1434.29,354.92
100408,2024-05-04,Europe,Furniture,Desk Lamp,Consumer,5,240.55,0.1,1082.46,404.24
100202,2024-05-04,Europe,Electronics,Laptop Sleeve,Consumer,5,106.38,0.05,505.31,134.16
101432,2024-05-05,Middle East,Office Supplies,Stapler,Consumer,7,11.45,0.0,80.16,33.15
101548,2024-05-05,Europe,Home & Garden,Garden Tool Set,Small Business,5,50.05,0.0,250.26,118.68
101831,2024-05-06,Europe,Electronics,Smartwatch,Corporate,7,111.09,0.0,777.61,363.01
100692,2024-05-06,North America,Office Supplies,Notebook Pack,Consumer,2,19.54,0.15,33.22,10.96
100054,2024-05-06,Latin America,Office Supplies,Pen Set,Consumer,3,20.18,0.1,54.5,24.51
101892,2024-05-07,Europe,Electronics,Laptop Sleeve,Consumer,5,77.65,0.2,310.59,135.79
101745,2024-05-07,Europe,Home & Garden,Wall Art,Small Business,4,35.74,0.05,135.81,42.9
101640,2024-05-07,Asia Pacific,Electronics,Laptop Sleeve,Corporate,7,72.78,0.1,458.49,168.42
101221,2024-05-08,North America,Electronics,Wireless Mouse,Corporate,1,93.54,0.2,74.84,26.71
102143,2024-05-08,Europe,Office Supplies,Pen Set,Consumer,5,11.95,0.0,59.76,25.23
100506,2024-05-09,Europe,Office Supplies,Whiteboard,Small Business,7,15.96,0.1,100.54,27.65
101911,2024-05-09,Asia Pacific,Furniture,Bookshelf,Consumer,4,259.23,0.1,933.22,330.75
100925,2024-05-10,Europe,Electronics,Headphones,Consumer,1,23.89,0.0,23.89,7.02
100661,2024-05-12,Europe,Furniture,Bookshelf,Consumer,4,283.3,0.05,1076.55,438.78
100570,2024-05-12,North America,Apparel,Hoodie,Corporate,7,30.55,0.0,213.85,56.56
101353,2024-05-12,North America,Office Supplies,Pen Set,Consumer,5,16.74,0.0,83.71,35.57
101756,2024-05-12,North America,Electronics,Headphones,Consumer,6,53.64,0.15,273.55,93.13
101857,2024-05-13,Europe,Electronics,Headphones,Corporate,5,113.78,0.0,568.91,266.57
101819,2024-05-13,Asia Pacific,Office Supplies,Notebook Pack,Small Business,3,18.07,0.1,48.79,15.76
101684,2024-05-13,Asia Pacific,Apparel,Hoodie,Consumer,2,42.27,0.0,84.55,24.93
101357,2024-05-14,Europe,Office Supplies,Sticky Notes,Small Business,6,19.33,0.0,115.96,46.1
100239,2024-05-14,Europe,Furniture,Bookshelf,Consumer,1,331.34,0.1,298.21,70.85
100766,2024-05-14,North America,Office Supplies,Notebook Pack,Consumer,1,19.01,0.0,19.01,8.07
101937,2024-05-15,North America,Home & Garden,Wall Art,Consumer,6,30.01,0.2,144.07,53.4
100955,2024-05-16,Latin America,Electronics,Wireless Mouse,Corporate,6,82.3,0.05,469.12,199.78
101091,2024-05-16,North America,Apparel,T-Shirt,Corporate,5,55.51,0.1,249.78,71.42
101917,2024-05-17,Europe,Home & Garden,Plant Pot,Consumer,7,45.87,0.0,321.1,149.05
100639,2024-05-17,Europe,Home & Garden,Garden Tool Set,Consumer,7,36.24,0.0,253.65,122.88
102199,2024-05-17,Asia Pacific,Electronics,Bluetooth Speaker,Consumer,2,98.62,0.0,197.23,95.74
100382,2024-05-17,Asia Pacific,Apparel,Jacket,Small Business,5,20.83,0.15,88.53,31.48
101229,2024-05-17,Latin America,Office Supplies,Pen Set,Corporate,6,13.47,0.05,76.76,25.08
101289,2024-05-17,North America,Furniture,Office Chair,Consumer,2,209.44,0.0,418.87,135.6
101538,2024-05-18,Europe,Office Supplies,Sticky Notes,Small Business,1,18.07,0.05,17.17,4.71
100254,2024-05-18,North America,Home & Garden,Wall Art,Corporate,5,27.55,0.1,123.98,33.54
100749,2024-05-18,Middle East,Office Supplies,Sticky Notes,Corporate,7,20.8,0.0,145.62,46.42
100358,2024-05-19,Europe,Home & Garden,Plant Pot,Consumer,5,56.82,0.0,284.1,105.55
100411,2024-05-19,North America,Apparel,Cap,Consumer,5,33.47,0.0,167.33,56.28
100821,2024-05-19,Europe,Home & Garden,Garden Tool Set,Corporate,1,26.53,0.15,22.55,5.81
100004,2024-05-19,North America,Apparel,Cap,Consumer,2,32.63,0.2,52.21,10.37
101605,2024-05-20,North America,Electronics,Laptop Sleeve,Consumer,1,99.35,0.1,89.41,21.18
100906,2024-05-20,Asia Pacific,Home & Garden,Candle Set,Corporate,7,34.36,0.0,240.5,101.63
101658,2024-05-20,Europe,Furniture,Standing Desk,Small Business,1,285.94,0.0,285.94,94.46
100727,2024-05-20,Latin America,Home & Garden,Wall Art,Consumer,6,44.92,0.0,269.49,70.59
100690,2024-05-20,Asia Pacific,Furniture,Desk Lamp,Corporate,4,304.73,0.15,1036.09,397.31
100735,2024-05-21,Latin America,Home & Garden,Plant Pot,Corporate,6,53.29,0.15,271.78,97.49
100267,2024-05-21,Europe,Electronics,Laptop Sleeve,Small Business,6,73.9,0.2,354.73,89.22
100335,2024-05-21,Europe,Apparel,Cap,Small Business,4,51.6,0.0,206.38,85.38
101080,2024-05-22,North America,Office Supplies,Sticky Notes,Consumer,5,30.81,0.05,146.33,37.42
100375,2024-05-22,North America,Home & Garden,Plant Pot,Consumer,1,46.62,0.0,46.62,16.46
100417,2024-05-22,Asia Pacific,Apparel,Hoodie,Corporate,4,46.25,0.1,166.5,42.27
102119,2024-05-22,Asia Pacific,Office Supplies,Notebook Pack,Consumer,1,12.83,0.0,12.83,5.58
101612,2024-05-23,Asia Pacific,Office Supplies,Whiteboard,Corporate,7,28.96,0.0,202.75,77.52
102034,2024-05-23,Asia Pacific,Furniture,Office Chair,Consumer,7,252.43,0.0,1767.03,780.62
101418,2024-05-23,Asia Pacific,Office Supplies,Whiteboard,Small Business,7,27.24,0.0,190.7,53.74
100872,2024-05-24,Europe,Electronics,Smartwatch,Corporate,4,72.81,0.3,203.87,38.21
100634,2024-05-24,North America,Furniture,Office Chair,Corporate,5,309.53,0.1,1392.91,499.85
101848,2024-05-24,North America,Home & Garden,Candle Set,Corporate,2,42.49,0.0,84.98,28.9
100427,2024-05-25,North America,Apparel,Jacket,Consumer,1,38.03,0.05,36.13,9.87
101328,2024-05-25,Europe,Home & Garden,Throw Blanket,Small Business,5,44.99,0.0,224.93,65.59
100023,2024-05-25,North America,Home & Garden,Plant Pot,Corporate,7,30.6,0.2,171.37,37.82
100040,2024-05-27,Europe,Electronics,Bluetooth Speaker,Consumer,5,107.08,0.1,481.85,159.69
100074,2024-05-27,Europe,Home & Garden,Throw Blanket,Small Business,1,30.49,0.05,28.96,9.05
100828,2024-05-27,Asia Pacific,Electronics,Smartwatch,Small Business,5,90.04,0.0,450.21,165.81
100701,2024-05-28,North America,Apparel,Running Shoes,Small Business,4,24.08,0.05,91.5,37.28
100410,2024-05-28,North America,Apparel,Hoodie,Consumer,6,44.47,0.15,226.82,87.78
100372,2024-05-28,North America,Furniture,Standing Desk,Corporate,7,173.71,0.0,1215.98,326.64
101637,2024-05-28,North America,Furniture,Office Chair,Consumer,7,186.85,0.15,1111.76,244.46
100674,2024-05-28,Europe,Electronics,Wireless Mouse,Small Business,4,79.95,0.15,271.83,67.4
100662,2024-05-29,North America,Furniture,Bookshelf,Consumer,4,257.64,0.05,979.04,420.97
101722,2024-05-30,North America,Home & Garden,Plant Pot,Small Business,6,42.32,0.1,228.52,92.24
100234,2024-05-30,Europe,Apparel,Cap,Corporate,7,28.98,0.1,182.6,83.41
100613,2024-05-30,North America,Furniture,Standing Desk,Corporate,1,225.08,0.1,202.57,85.48
101419,2024-05-30,North America,Furniture,Office Chair,Corporate,6,143.87,0.15,733.74,159.6
100555,2024-05-30,Asia Pacific,Electronics,Bluetooth Speaker,Corporate,4,62.95,0.1,226.62,66.46
100736,2024-05-30,Europe,Home & Garden,Candle Set,Consumer,2,30.91,0.05,58.73,15.96
101506,2024-06-02,Europe,Office Supplies,Whiteboard,Consumer,5,13.55,0.05,74.04,19.12
101572,2024-06-02,Latin America,Apparel,Running Shoes,Consumer,7,18.69,0.1,135.44,53.79
100523,2024-06-03,North America,Apparel,Jacket,Consumer,3,44.25,0.0,152.65,69.76
101033,2024-06-04,Europe,Home & Garden,Garden Tool Set,Consumer,5,40.37,0.0,232.1,105.53
101675,2024-06-04,Latin America,Furniture,Bookshelf,Corporate,2,222.88,0.15,435.74,178.72
101253,2024-06-04,North America,Apparel,Running Shoes,Consumer,5,47.07,0.2,216.52,50.72
101397,2024-06-05,North America,Apparel,Jacket,Corporate,5,26.8,0.1,138.71,64.92
101656,2024-06-05,Asia Pacific,Home & Garden,Candle Set,Small Business,3,21.17,0.0,73.05,30.72
100615,2024-06-05,Asia Pacific,Home & Garden,Garden Tool Set,Consumer,5,30.88,0.0,177.54,64.0
101302,2024-06-05,Asia Pacific,Furniture,Filing Cabinet,Consumer,7,329.63,0.0,2653.48,1164.02
101403,2024-06-05,North America,Apparel,Hoodie,Small Business,4,25.59,0.1,105.93,30.56
100980,2024-06-05,Europe,Electronics,Headphones,Consumer,2,91.99,0.2,169.26,70.15
100429,2024-06-06,Asia Pacific,Home & Garden,Throw Blanket,Consumer,4,38.66,0.05,168.95,40.32
101436,2024-06-06,Asia Pacific,Home & Garden,Garden Tool Set,Corporate,2,34.34,0.05,75.03,23.1
102030,2024-06-06,Asia Pacific,Furniture,Bookshelf,Small Business,4,246.54,0.1,1020.66,349.65
101972,2024-06-06,North America,Apparel,Running Shoes,Consumer,3,36.37,0.05,119.2,43.75
101168,2024-06-06,North America,Electronics,Smartwatch,Consumer,6,110.29,0.1,684.88,294.89
100151,2024-06-07,Europe,Home & Garden,Candle Set,Small Business,6,38.1,0.05,249.72,120.0
102008,2024-06-07,North America,Apparel,T-Shirt,Corporate,6,60.49,0.0,417.36,176.4
101897,2024-06-07,Europe,Electronics,Laptop Sleeve,Corporate,1,71.33,0.05,77.93,19.89
100630,2024-06-07,Europe,Home & Garden,Wall Art,Small Business,5,37.31,0.3,150.17,54.55
101922,2024-06-08,Latin America,Electronics,Wireless Mouse,Consumer,1,92.9,0.1,96.15,32.44
100956,2024-06-08,North America,Furniture,Filing Cabinet,Corporate,3,301.74,0.15,884.87,395.24
100442,2024-06-08,Europe,Furniture,Standing Desk,Consumer,4,199.68,0.15,780.77,325.57
102178,2024-06-08,Asia Pacific,Home & Garden,Throw Blanket,Corporate,3,43.27,0.05,141.81,35.04
100837,2024-06-08,North America,Furniture,Office Chair,Small Business,3,326.79,0.0,1127.44,471.1
101895,2024-06-08,Asia Pacific,Furniture,Office Chair,Corporate,7,240.23,0.0,1933.89,651.37
101417,2024-06-09,Europe,Furniture,Standing Desk,Small Business,7,224.74,0.0,1809.17,753.02
101186,2024-06-09,North America,Furniture,Standing Desk,Corporate,6,162.2,0.0,1119.15,465.34
101497,2024-06-09,Asia Pacific,Electronics,Smartwatch,Small Business,6,90.18,0.0,622.22,190.4
100794,2024-06-10,Europe,Furniture,Desk Lamp,Consumer,2,223.32,0.3,359.54,86.63
101957,2024-06-11,North America,Office Supplies,Stapler,Corporate,5,12.53,0.0,72.02,24.94
100303,2024-06-12,Latin America,Furniture,Desk Lamp,Consumer,6,102.98,0.0,710.56,319.18
101016,2024-06-12,Europe,Electronics,Laptop Sleeve,Small Business,4,118.17,0.0,543.57,268.16
100598,2024-06-12,Europe,Electronics,Bluetooth Speaker,Consumer,2,100.49,0.05,219.56,74.48
101205,2024-06-13,Asia Pacific,Furniture,Desk Lamp,Consumer,1,313.41,0.1,324.38,105.86
101753,2024-06-13,North America,Office Supplies,Whiteboard,Small Business,3,15.17,0.0,52.33,23.2
101480,2024-06-13,North America,Electronics,Laptop Sleeve,Consumer,4,77.69,0.0,357.35,102.77
100647,2024-06-13,North America,Electronics,Bluetooth Speaker,Small Business,1,64.76,0.0,74.47,29.05
101351,2024-06-13,Asia Pacific,Electronics,Bluetooth Speaker,Small Business,7,55.42,0.05,423.81,178.79
101948,2024-06-13,North America,Furniture,Desk Lamp,Consumer,5,241.41,0.2,1110.48,448.58
101278,2024-06-14,Europe,Furniture,Office Chair,Consumer,3,233.06,0.05,763.86,196.63
100469,2024-06-15,North America,Apparel,Hoodie,Small Business,1,27.44,0.05,29.97,8.74
101316,2024-06-15,Asia Pacific,Furniture,Standing Desk,Consumer,3,256.21,0.0,883.94,362.25
101101,2024-06-15,Europe,Furniture,Office Chair,Corporate,4,189.31,0.0,870.85,222.92
101574,2024-06-16,Europe,Apparel,Running Shoes,Small Business,1,38.87,0.0,44.71,11.56
101406,2024-06-16,Asia Pacific,Furniture,Office Chair,Consumer,5,230.39,0.05,1258.51,575.25
101970,2024-06-16,North America,Electronics,Smartwatch,Consumer,6,106.18,0.2,586.11,113.12
100905,2024-06-16,Asia Pacific,Apparel,Jacket,Consumer,1,37.55,0.0,43.19,14.14
101491,2024-06-17,Europe,Home & Garden,Wall Art,Consumer,5,33.97,0.1,175.81,68.76
101058,2024-06-17,North America,Office Supplies,Pen Set,Consumer,2,23.03,0.1,47.67,19.26
101341,2024-06-17,Europe,Electronics,Smartwatch,Corporate,2,86.74,0.05,189.53,64.95
101248,2024-06-18,North America,Office Supplies,Whiteboard,Consumer,6,23.38,0.1,145.17,51.06
101993,2024-06-18,Asia Pacific,Home & Garden,Plant Pot,Corporate,2,61.08,0.0,140.5,56.85
100235,2024-06-19,Asia Pacific,Furniture,Bookshelf,Consumer,4,291.96,0.0,1343.01,438.02
100206,2024-06-20,North America,Office Supplies,Stapler,Corporate,4,23.39,0.0,107.59,40.18
101464,2024-06-20,Europe,Apparel,T-Shirt,Small Business,6,31.33,0.0,216.19,70.52
100549,2024-06-20,North America,Electronics,Wireless Mouse,Consumer,6,78.08,0.0,538.78,252.07
101475,2024-06-21,North America,Apparel,Hoodie,Consumer,3,33.73,0.0,116.37,29.75
101187,2024-06-21,North America,Home & Garden,Wall Art,Consumer,3,34.26,0.15,100.47,34.95
100425,2024-06-21,Asia Pacific,Home & Garden,Candle Set,Consumer,5,30.31,0.1,156.86,39.18
100796,2024-06-21,North America,Apparel,Running Shoes,Small Business,7,40.63,0.1,294.34,92.47
101070,2024-06-21,North America,Office Supplies,Sticky Notes,Consumer,7,24.28,0.05,185.7,56.07
100638,2024-06-22,Europe,Home & Garden,Wall Art,Corporate,1,45.8,0.0,52.67,14.97
101129,2024-06-22,Asia Pacific,Home & Garden,Garden Tool Set,Consumer,3,27.99,0.15,82.09,21.21
100878,2024-06-22,Europe,Electronics,Bluetooth Speaker,Small Business,3,78.2,0.05,256.3,115.91
101208,2024-06-23,Latin America,Office Supplies,Stapler,Consumer,6,22.14,0.0,152.77,55.06
100326,2024-06-23,Asia Pacific,Electronics,Smartwatch,Consumer,3,70.02,0.05,229.49,107.97
100519,2024-06-24,North America,Home & Garden,Candle Set,Corporate,1,43.7,0.0,50.25,17.41
101797,2024-06-26,North America,Furniture,Desk Lamp,Consumer,5,184.64,0.0,1061.71,481.6
101567,2024-06-26,Europe,Office Supplies,Whiteboard,Small Business,7,20.55,0.0,165.45,59.93
100583,2024-06-26,North America,Furniture,Standing Desk,Consumer,6,279.99,0.2,1545.55,402.64
101714,2024-06-26,Middle East,Electronics,Wireless Mouse,Small Business,6,80.42,0.1,499.38,162.91
101997,2024-06-27,North America,Furniture,Office Chair,Small Business,3,140.71,0.1,436.89,162.97
101195,2024-06-27,North America,Home & Garden,Wall Art,Small Business,1,29.93,0.0,34.42,10.53
102158,2024-06-28,Asia Pacific,Furniture,Desk Lamp,Consumer,6,192.19,0.15,1127.18,273.71
101062,2024-06-28,North America,Home & Garden,Garden Tool Set,Small Business,4,62.16,0.0,285.92,89.09
100981,2024-06-28,North America,Apparel,T-Shirt,Small Business,3,24.77,0.1,76.9,18.62
100642,2024-06-29,Asia Pacific,Furniture,Standing Desk,Consumer,7,209.4,0.2,1348.53,438.15
102049,2024-06-29,Latin America,Apparel,T-Shirt,Small Business,7,28.65,0.1,207.55,53.66
101363,2024-06-29,North America,Apparel,T-Shirt,Consumer,4,30.31,0.0,139.41,48.05
102083,2024-06-29,Latin America,Office Supplies,Stapler,Consumer,6,21.15,0.3,102.15,40.08
100612,2024-06-29,North America,Furniture,Office Chair,Consumer,6,149.02,0.15,874.01,292.3
101097,2024-06-29,Europe,Electronics,Headphones,Corporate,3,93.07,0.2,256.87,83.59
100822,2024-06-30,Latin America,Office Supplies,Pen Set,Small Business,5,17.01,0.05,92.94,27.71
101025,2024-06-30,Europe,Home & Garden,Throw Blanket,Consumer,4,28.97,0.1,119.95,45.03
100012,2024-06-30,Europe,Office Supplies,Sticky Notes,Corporate,2,11.54,0.0,26.54,11.57
101648,2024-06-30,North America,Apparel,Cap,Corporate,1,54.15,0.0,62.27,24.2
101240,2024-06-30,Latin America,Electronics,Wireless Mouse,Corporate,7,5.0,0.15,34.21,12.05
100089,2024-06-30,Latin America,Home & Garden,Garden Tool Set,Consumer,1,49.15,0.15,48.05,19.62
100808,2024-07-01,North America,Apparel,Jacket,Corporate,7,8.26,0.05,63.16,17.72
100111,2024-07-01,Asia Pacific,Furniture,Standing Desk,Small Business,5,138.06,0.05,754.16,254.47
101862,2024-07-01,Europe,Home & Garden,Throw Blanket,Consumer,7,46.94,0.0,377.87,174.07
100825,2024-07-01,North America,Home & Garden,Wall Art,Corporate,6,54.99,0.0,379.46,188.3
101502,2024-07-01,Asia Pacific,Home & Garden,Wall Art,Corporate,2,59.07,0.15,115.49,42.76
100897,2024-07-02,Asia Pacific,Apparel,Jacket,Consumer,5,40.36,0.3,162.43,28.19
101908,2024-07-02,Europe,Office Supplies,Pen Set,Small Business,4,11.58,0.05,50.62,16.2
100415,2024-07-03,North America,Home & Garden,Wall Art,Consumer,7,47.23,0.0,380.2,145.82
101270,2024-07-03,North America,Apparel,Running Shoes,Corporate,3,35.84,0.0,123.64,53.5
101613,2024-07-03,Europe,Electronics,Headphones,Small Business,5,115.56,0.0,664.46,176.89
101401,2024-07-04,Europe,Home & Garden,Wall Art,Consumer,4,47.13,0.15,184.29,72.9
100714,2024-07-05,Asia Pacific,Apparel,Running Shoes,Consumer,2,48.51,0.15,94.83,25.45
101775,2024-07-05,North America,Home & Garden,Throw Blanket,Consumer,1,53.82,0.2,49.52,13.88
101018,2024-07-06,Europe,Apparel,T-Shirt,Small Business,1,34.34,0.05,37.52,18.1
101300,2024-07-06,Europe,Electronics,Laptop Sleeve,Small Business,3,84.04,0.2,231.95,54.11
100192,2024-07-07,Europe,Electronics,Headphones,Consumer,4,67.38,0.15,263.47,80.15
102136,2024-07-07,Europe,Electronics,Smartwatch,Small Business,5,59.72,0.05,326.25,114.59
101894,2024-07-07,Latin America,Home & Garden,Wall Art,Corporate,7,23.27,0.2,149.85,36.36
101245,2024-07-08,Asia Pacific,Office Supplies,Whiteboard,Corporate,7,18.68,0.0,150.4,63.72
102116,2024-07-08,North America,Electronics,Laptop Sleeve,Small Business,2,133.18,0.05,290.99,80.3
101984,2024-07-08,North America,Office Supplies,Sticky Notes,Corporate,4,16.55,0.2,60.89,15.0
101594,2024-07-09,North America,Furniture,Standing Desk,Consumer,7,325.64,0.0,2621.42,1074.74
101337,2024-07-10,Europe,Electronics,Wireless Mouse,Small Business,3,117.5,0.0,405.39,108.53
100712,2024-07-11,Asia Pacific,Office Supplies,Sticky Notes,Consumer,3,16.89,0.1,52.44,20.45
100063,2024-07-11,North America,Furniture,Bookshelf,Corporate,7,229.38,0.0,1846.47,733.39
101234,2024-07-11,North America,Apparel,Running Shoes,Corporate,2,26.11,0.0,60.06,28.49
102053,2024-07-12,North America,Electronics,Wireless Mouse,Consumer,2,89.82,0.0,206.6,61.56
100599,2024-07-12,Latin America,Electronics,Bluetooth Speaker,Consumer,7,95.41,0.0,768.06,290.44
100255,2024-07-12,North America,Furniture,Standing Desk,Consumer,6,177.53,0.15,1041.19,237.87
101703,2024-07-12,North America,Office Supplies,Sticky Notes,Consumer,5,15.61,0.05,85.27,30.35
100216,2024-07-13,North America,Furniture,Standing Desk,Consumer,4,171.77,0.15,671.64,167.05
102087,2024-07-13,Europe,Home & Garden,Wall Art,Corporate,4,59.0,0.15,230.69,94.0
101207,2024-07-13,North America,Office Supplies,Stapler,Consumer,2,21.41,0.15,41.85,8.9
100804,2024-07-13,Latin America,Home & Garden,Wall Art,Corporate,3,21.73,0.1,67.47,22.71
100221,2024-07-14,North America,Home & Garden,Plant Pot,Corporate,2,51.55,0.0,118.56,55.57
101705,2024-07-14,Europe,Office Supplies,Stapler,Consumer,5,17.47,0.0,100.48,49.04
101383,2024-07-14,North America,Office Supplies,Whiteboard,Consumer,2,18.93,0.1,39.19,11.91
100003,2024-07-14,Europe,Furniture,Desk Lamp,Small Business,7,316.73,0.0,2549.7,947.06
100420,2024-07-15,Asia Pacific,Electronics,Laptop Sleeve,Corporate,1,119.45,0.05,130.5,32.32
101928,2024-07-15,Asia Pacific,Furniture,Filing Cabinet,Consumer,6,64.33,0.1,399.47,96.09
101172,2024-07-16,North America,Furniture,Office Chair,Consumer,5,117.18,0.2,539.01,223.1
101428,2024-07-16,Asia Pacific,Electronics,Wireless Mouse,Consumer,6,98.59,0.0,680.26,315.56
100240,2024-07-16,Latin America,Furniture,Bookshelf,Consumer,3,330.48,0.05,1083.15,400.3
101330,2024-07-16,North America,Home & Garden,Plant Pot,Small Business,6,54.98,0.0,379.37,173.07
100184,2024-07-17,Asia Pacific,Office Supplies,Stapler,Consumer,2,16.48,0.1,34.12,9.93
100336,2024-07-17,North America,Home & Garden,Plant Pot,Small Business,1,27.82,0.1,28.79,8.56
101040,2024-07-18,Europe,Home & Garden,Plant Pot,Corporate,5,43.02,0.0,247.36,70.54
100676,2024-07-18,Asia Pacific,Furniture,Bookshelf,Corporate,5,179.29,0.15,876.28,361.33
101907,2024-07-19,Europe,Furniture,Desk Lamp,Consumer,7,209.38,0.2,1348.41,400.97
100940,2024-07-19,Asia Pacific,Apparel,T-Shirt,Consumer,6,40.89,0.05,268.02,111.26
100932,2024-07-19,Latin America,Office Supplies,Notebook Pack,Consumer,5,16.43,0.0,94.45,30.95
101408,2024-07-19,North America,Electronics,Wireless Mouse,Consumer,3,85.99,0.0,296.67,79.28
100315,2024-07-19,North America,Furniture,Standing Desk,Corporate,4,148.42,0.1,614.46,270.37
101141,2024-07-20,North America,Home & Garden,Garden Tool Set,Corporate,4,25.15,0.1,104.12,44.03
101528,2024-07-20,Latin America,Electronics,Smartwatch,Corporate,6,100.09,0.15,587.01,143.81
101489,2024-07-20,Europe,Home & Garden,Garden Tool Set,Small Business,3,25.25,0.15,74.05,16.59
101840,2024-07-21,Asia Pacific,Electronics,Laptop Sleeve,Corporate,6,98.55,0.05,646.01,262.6
101131,2024-07-21,North America,Home & Garden,Plant Pot,Consumer,6,40.4,0.15,236.94,59.48
100886,2024-07-21,North America,Office Supplies,Whiteboard,Corporate,3,21.42,0.0,73.91,24.58
101282,2024-07-22,Europe,Home & Garden,Plant Pot,Consumer,1,48.83,0.2,44.93,12.59
101163,2024-07-22,Asia Pacific,Furniture,Desk Lamp,Consumer,3,327.89,0.1,1018.09,460.35
100584,2024-07-22,North America,Apparel,Hoodie,Consumer,4,39.82,0.15,155.71,66.23
101924,2024-07-23,North America,Furniture,Bookshelf,Consumer,6,199.48,0.0,1376.42,485.51
100033,2024-07-23,Latin America,Furniture,Standing Desk,Consumer,2,243.61,0.1,504.28,148.45
101256,2024-07-23,Europe,Electronics,Laptop Sleeve,Small Business,5,71.26,0.3,286.81,66.45
101380,2024-07-23,Latin America,Furniture,Standing Desk,Consumer,6,241.29,0.0,1664.93,455.92
101485,2024-07-23,North America,Electronics,Wireless Mouse,Corporate,2,107.56,0.05,235.01,59.73
101452,2024-07-23,Europe,Electronics,Smartwatch,Consumer,1,121.05,0.05,132.25,43.15
101150,2024-07-24,Europe,Furniture,Desk Lamp,Small Business,2,319.18,0.2,587.29,206.4
100407,2024-07-24,North America,Electronics,Smartwatch,Consumer,2,90.03,0.1,186.36,57.11
102125,2024-07-24,Europe,Office Supplies,Pen Set,Consumer,7,8.85,0.15,60.53,23.46
102081,2024-07-25,Europe,Home & Garden,Candle Set,Small Business,3,47.5,0.2,131.09,52.26
100915,2024-07-26,Asia Pacific,Office Supplies,Whiteboard,Consumer,4,21.49,0.05,93.9,25.99
100820,2024-07-27,North America,Office Supplies,Notebook Pack,Small Business,7,24.66,0.05,188.6,80.93
101936,2024-07-27,Asia Pacific,Home & Garden,Wall Art,Small Business,1,27.3,0.0,31.39,11.12
100370,2024-07-27,Europe,Electronics,Laptop Sleeve,Small Business,5,80.71,0.3,324.87,88.08
101903,2024-07-28,North America,Home & Garden,Wall Art,Corporate,4,37.03,0.2,136.25,50.26
100177,2024-07-28,Middle East,Electronics,Headphones,Small Business,1,78.32,0.0,90.07,30.39
101951,2024-07-28,North America,Office Supplies,Notebook Pack,Small Business,7,17.7,0.0,142.5,66.45
101449,2024-07-28,North America,Home & Garden,Candle Set,Small Business,1,44.57,0.0,51.25,18.81
101014,2024-07-28,Europe,Electronics,Headphones,Consumer,6,101.63,0.0,701.28,232.73
101904,2024-07-29,Latin America,Furniture,Filing Cabinet,Corporate,4,191.86,0.1,794.31,225.17
100780,2024-07-29,Latin America,Office Supplies,Pen Set,Small Business,1,17.88,0.1,18.51,6.28
102045,2024-07-29,North America,Furniture,Desk Lamp,Consumer,7,302.04,0.1,2188.27,826.42
101949,2024-07-30,North America,Furniture,Desk Lamp,Consumer,5,204.9,0.15,1001.45,353.46
101588,2024-07-30,Asia Pacific,Home & Garden,Candle Set,Consumer,7,51.93,0.0,418.06,155.57
101500,2024-07-30,North America,Furniture,Standing Desk,Corporate,6,118.01,0.2,651.44,273.98
100691,2024-07-30,North America,Apparel,T-Shirt,Consumer,5,22.46,0.1,116.22,49.51
101361,2024-07-30,Asia Pacific,Apparel,Running Shoes,Small Business,6,22.36,0.0,154.28,42.43
101578,2024-07-30,Latin America,Home & Garden,Throw Blanket,Consumer,7,61.98,0.0,498.93,244.6
100984,2024-07-31,Asia Pacific,Electronics,Laptop Sleeve,Corporate,7,99.38,0.05,760.01,191.71
100069,2024-07-31,Asia Pacific,Home & Garden,Throw Blanket,Consumer,2,49.88,0.0,114.72,36.53
101393,2024-07-31,North America,Home & Garden,Throw Blanket,Corporate,5,64.72,0.0,372.13,117.87
100164,2024-07-31,Europe,Home & Garden,Throw Blanket,Small Business,2,64.02,0.2,117.8,45.63
102078,2024-08-02,Europe,Home & Garden,Throw Blanket,Consumer,3,35.63,0.1,96.2,25.49
101636,2024-08-02,Latin America,Office Supplies,Pen Set,Small Business,5,10.38,0.1,46.73,15.69
101801,2024-08-03,Asia Pacific,Electronics,Smartwatch,Consumer,2,116.43,0.05,221.21,72.73
101158,2024-08-03,North America,Home & Garden,Candle Set,Corporate,1,30.71,0.05,29.17,11.03
100610,2024-08-03,Asia Pacific,Office Supplies,Notebook Pack,Corporate,5,12.08,0.0,60.39,22.37
101110,2024-08-03,Europe,Home & Garden,Throw Blanket,Consumer,7,31.31,0.0,219.16,107.29
100088,2024-08-03,Asia Pacific,Home & Garden,Throw Blanket,Consumer,3,32.75,0.2,78.59,31.02
100361,2024-08-04,North America,Home & Garden,Garden Tool Set,Small Business,7,48.85,0.05,324.84,112.94
101569,2024-08-04,Europe,Furniture,Desk Lamp,Consumer,6,144.16,0.1,778.46,324.38
101923,2024-08-04,North America,Apparel,Hoodie,Corporate,7,35.01,0.1,220.55,99.64
100866,2024-08-04,North America,Office Supplies,Stapler,Small Business,6,11.69,0.0,70.13,33.89
101965,2024-08-04,North America,Furniture,Bookshelf,Small Business,7,252.16,0.0,1765.14,768.06
101821,2024-08-05,North America,Home & Garden,Plant Pot,Consumer,1,46.23,0.05,43.92,21.14
101891,2024-08-06,North America,Apparel,Jacket,Small Business,1,54.98,0.1,49.48,14.68
100832,2024-08-06,Latin America,Office Supplies,Whiteboard,Consumer,2,20.91,0.2,33.46,13.41
100430,2024-08-06,Europe,Apparel,Cap,Consumer,4,26.9,0.15,91.47,33.26
101552,2024-08-06,Latin America,Apparel,Running Shoes,Consumer,3,38.75,0.15,98.82,43.83
100865,2024-08-07,Latin America,Home & Garden,Plant Pot,Consumer,4,26.75,0.15,90.94,26.5
101981,2024-08-07,Asia Pacific,Office Supplies,Sticky Notes,Consumer,2,15.63,0.1,28.13,7.23
101990,2024-08-08,Latin America,Electronics,Bluetooth Speaker,Corporate,5,63.76,0.05,302.84,113.55
100412,2024-08-08,Asia Pacific,Home & Garden,Wall Art,Corporate,4,55.48,0.05,210.84,79.47
101064,2024-08-08,North America,Home & Garden,Plant Pot,Small Business,4,26.28,0.05,99.85,45.41
101094,2024-08-08,Europe,Home & Garden,Wall Art,Corporate,3,31.08,0.2,74.6,17.57
101887,2024-08-09,Asia Pacific,Home & Garden,Plant Pot,Consumer,7,28.27,0.0,197.9,61.95
101340,2024-08-09,Latin America,Furniture,Standing Desk,Corporate,7,328.01,0.1,2066.43,898.64
101884,2024-08-09,Latin America,Home & Garden,Plant Pot,Corporate,1,17.55,0.2,14.04,3.88
101215,2024-08-09,Asia Pacific,Office Supplies,Whiteboard,Corporate,3,26.24,0.05,74.8,25.99
100455,2024-08-10,North America,Office Supplies,Notebook Pack,Small Business,3,16.99,0.1,45.88,12.95
100465,2024-08-10,Europe,Office Supplies,Notebook Pack,Consumer,7,21.48,0.1,135.33,61.02
100185,2024-08-11,Europe,Electronics,Wireless Mouse,Consumer,4,87.69,0.1,315.67,139.93
101727,2024-08-11,North America,Electronics,Headphones,Consumer,1,96.23,0.1,86.61,25.13
100157,2024-08-11,North America,Furniture,Standing Desk,Corporate,2,243.22,0.0,486.45,134.23
100666,2024-08-11,Europe,Home & Garden,Wall Art,Corporate,2,45.98,0.05,87.36,39.38
100467,2024-08-12,Latin America,Apparel,Cap,Corporate,5,26.68,0.0,133.41,35.6
101651,2024-08-12,Europe,Electronics,Smartwatch,Consumer,7,57.04,0.05,379.29,102.78
102182,2024-08-12,Europe,Office Supplies,Stapler,Corporate,6,13.44,0.0,80.63,36.94
101800,2024-08-12,North America,Furniture,Standing Desk,Corporate,7,197.44,0.05,1312.94,448.48
101200,2024-08-13,Latin America,Electronics,Bluetooth Speaker,Small Business,5,120.38,0.0,601.89,277.58
100741,2024-08-14,Asia Pacific,Apparel,Hoodie,Consumer,6,27.12,0.3,113.89,35.95
101931,2024-08-14,Asia Pacific,Electronics,Laptop Sleeve,Corporate,4,78.89,0.1,284.02,89.77
102035,2024-08-14,North America,Electronics,Headphones,Consumer,4,87.83,0.0,351.31,129.47
101188,2024-08-14,Asia Pacific,Office Supplies,Notebook Pack,Consumer,6,22.74,0.15,115.96,40.44
102112,2024-08-15,North America,Furniture,Filing Cabinet,Consumer,7,286.09,0.2,1602.11,463.28
100139,2024-08-15,North America,Office Supplies,Whiteboard,Small Business,3,25.15,0.1,67.9,27.38
100795,2024-08-15,Asia Pacific,Home & Garden,Candle Set,Consumer,5,35.2,0.0,176.01,73.66
101508,2024-08-16,Asia Pacific,Office Supplies,Notebook Pack,Small Business,2,14.69,0.0,29.38,13.38
100625,2024-08-16,Europe,Home & Garden,Throw Blanket,Consumer,7,41.49,0.0,290.43,102.98
101564,2024-08-17,Asia Pacific,Furniture,Filing Cabinet,Consumer,5,233.25,0.1,1049.62,364.42
101098,2024-08-17,North America,Office Supplies,Sticky Notes,Corporate,6,15.5,0.15,79.04,35.2
101392,2024-08-17,Asia Pacific,Electronics,Bluetooth Speaker,Consumer,4,50.75,0.05,192.84,46.24
101692,2024-08-17,North America,Furniture,Desk Lamp,Consumer,3,234.25,0.1,632.47,278.08
101726,2024-08-18,Europe,Electronics,Wireless Mouse,Consumer,2,129.34,0.0,258.68,82.51
102120,2024-08-18,Europe,Apparel,Jacket,Consumer,6,33.35,0.0,200.1,69.27
101771,2024-08-19,Europe,Office Supplies,Notebook Pack,Corporate,2,14.04,0.0,28.07,7.12
102037,2024-08-19,Asia Pacific,Apparel,Running Shoes,Small Business,6,31.8,0.1,171.74,56.39
102110,2024-08-20,Europe,Office Supplies,Whiteboard,Small Business,2,19.59,0.0,39.18,15.89
101060,2024-08-20,North America,Electronics,Headphones,Consumer,5,105.58,0.2,422.31,94.65
101185,2024-08-20,Latin America,Furniture,Filing Cabinet,Consumer,6,173.71,0.0,1042.29,333.93
100094,2024-08-20,Asia Pacific,Office Supplies,Sticky Notes,Corporate,6,13.59,0.15,69.3,29.61
101271,2024-08-20,North America,Electronics,Smartwatch,Small Business,1,92.65,0.15,78.76,22.1
101980,2024-08-21,Asia Pacific,Electronics,Smartwatch,Corporate,4,137.03,0.05,520.71,197.71
101838,2024-08-21,North America,Apparel,Running Shoes,Corporate,1,38.88,0.3,27.22,5.92
101751,2024-08-22,Europe,Electronics,Bluetooth Speaker,Corporate,4,68.94,0.0,275.75,132.85
102135,2024-08-22,Europe,Electronics,Bluetooth Speaker,Consumer,1,83.16,0.0,83.16,34.32
100807,2024-08-22,Europe,Furniture,Bookshelf,Consumer,6,193.2,0.05,1101.26,308.8
101901,2024-08-22,Asia Pacific,Electronics,Headphones,Consumer,1,68.66,0.1,61.8,28.95
100509,2024-08-23,Europe,Electronics,Smartwatch,Consumer,3,64.71,0.0,194.13,53.81
100458,2024-08-23,Asia Pacific,Apparel,Hoodie,Corporate,4,41.24,0.15,140.2,59.59
101617,2024-08-24,North America,Electronics,Headphones,Corporate,2,83.97,0.0,167.95,56.05
100870,2024-08-24,Europe,Furniture,Bookshelf,Small Business,1,198.48,0.3,138.94,31.39
101373,2024-08-25,Europe,Office Supplies,Sticky Notes,Corporate,3,35.01,0.2,84.02,27.25
100383,2024-08-25,Europe,Apparel,Hoodie,Consumer,5,46.27,0.0,231.33,94.36
101885,2024-08-25,Asia Pacific,Office Supplies,Whiteboard,Consumer,5,22.85,0.2,91.41,30.45
100039,2024-08-26,Asia Pacific,Furniture,Filing Cabinet,Consumer,6,253.33,0.05,1443.98,637.77
100874,2024-08-26,Europe,Apparel,T-Shirt,Corporate,5,16.7,0.15,70.97,24.16
101715,2024-08-26,North America,Home & Garden,Garden Tool Set,Small Business,4,39.95,0.05,151.81,45.15
100047,2024-08-27,Asia Pacific,Furniture,Standing Desk,Consumer,7,243.56,0.1,1534.45,384.58
100168,2024-08-27,North America,Electronics,Headphones,Consumer,3,78.05,0.2,187.33,70.6
101032,2024-08-27,Asia Pacific,Electronics,Laptop Sleeve,Corporate,7,40.91,0.05,272.04,98.61
101492,2024-08-27,Asia Pacific,Office Supplies,Notebook Pack,Consumer,5,13.57,0.2,54.28,11.75
101670,2024-08-27,Asia Pacific,Office Supplies,Whiteboard,Consumer,7,24.94,0.1,157.12,48.55
100732,2024-08-28,North America,Office Supplies,Notebook Pack,Small Business,3,10.93,0.1,29.51,6.98
101733,2024-08-28,North America,Home & Garden,Candle Set,Consumer,2,22.28,0.05,42.33,15.02
100322,2024-08-28,North America,Home & Garden,Candle Set,Corporate,5,30.04,0.0,150.18,61.57
101115,2024-08-29,Europe,Office Supplies,Whiteboard,Small Business,7,16.9,0.0,118.28,44.47
100529,2024-08-29,Asia Pacific,Home & Garden,Candle Set,Corporate,1,30.82,0.0,30.82,8.2
100476,2024-08-30,North America,Furniture,Desk Lamp,Consumer,3,324.2,0.1,875.34,230.11
100129,2024-08-30,Asia Pacific,Home & Garden,Garden Tool Set,Corporate,5,39.71,0.1,178.69,71.85
101987,2024-08-30,North America,Furniture,Desk Lamp,Consumer,6,195.66,0.0,1173.95,435.23
100684,2024-08-31,Europe,Office Supplies,Sticky Notes,Corporate,5,19.17,0.15,81.45,36.07
100454,2024-08-31,Latin America,Furniture,Desk Lamp,Consumer,3,165.85,0.0,497.55,228.53
100576,2024-08-31,Asia Pacific,Electronics,Headphones,Corporate,4,102.33,0.05,388.85,154.68
100591,2024-08-31,Latin America,Apparel,Hoodie,Corporate,2,54.84,0.2,87.75,25.03
101331,2024-09-01,Asia Pacific,Home & Garden,Plant Pot,Consumer,2,35.11,0.0,70.21,26.08
101385,2024-09-01,North America,Apparel,Running Shoes,Corporate,6,27.12,0.1,146.44,57.38
101305,2024-09-01,Europe,Electronics,Bluetooth Speaker,Corporate,4,77.65,0.3,217.43,78.65
100376,2024-09-01,Europe,Office Supplies,Stapler,Corporate,5,19.84,0.1,89.28,36.31
102115,2024-09-02,Europe,Apparel,Cap,Consumer,1,19.61,0.0,19.61,7.03
100024,2024-09-02,North America,Furniture,Office Chair,Consumer,1,198.74,0.0,198.74,94.74
100728,2024-09-02,Europe,Furniture,Office Chair,Consumer,6,243.56,0.0,1461.36,379.82
100466,2024-09-02,Europe,Electronics,Headphones,Corporate,5,92.8,0.0,464.0,177.86
100586,2024-09-03,Latin America,Apparel,T-Shirt,Small Business,7,5.87,0.3,28.75,7.43
100699,2024-09-03,Asia Pacific,Office Supplies,Pen Set,Consumer,4,24.58,0.3,68.81,25.4
100931,2024-09-03,North America,Furniture,Bookshelf,Small Business,3,212.69,0.1,574.26,261.81
101140,2024-09-03,Latin America,Electronics,Bluetooth Speaker,Consumer,3,100.53,0.0,301.6,124.58
100650,2024-09-03,Asia Pacific,Office Supplies,Pen Set,Consumer,3,18.13,0.0,54.4,15.2
100189,2024-09-03,Europe,Furniture,Office Chair,Consumer,4,203.84,0.0,815.37,359.73
100257,2024-09-04,Europe,Apparel,T-Shirt,Small Business,6,23.89,0.1,129.03,50.22
101761,2024-09-04,Europe,Furniture,Filing Cabinet,Small Business,3,186.4,0.0,559.21,187.21
102102,2024-09-05,Middle East,Home & Garden,Wall Art,Corporate,5,37.72,0.0,188.62,92.89
102161,2024-09-05,Europe,Furniture,Desk Lamp,Consumer,5,256.14,0.3,896.48,259.05
102103,2024-09-05,Middle East,Apparel,Jacket,Small Business,2,25.85,0.0,51.7,24.53
101404,2024-09-05,Europe,Electronics,Smartwatch,Consumer,6,99.62,0.0,597.74,217.85
101739,2024-09-06,Europe,Apparel,Jacket,Consumer,1,5.0,0.1,4.5,2.01
101809,2024-09-06,Europe,Electronics,Laptop Sleeve,Consumer,4,98.0,0.0,392.01,194.35
102179,2024-09-06,Europe,Apparel,Cap,Corporate,1,56.53,0.0,56.53,20.41
100559,2024-09-06,Middle East,Office Supplies,Whiteboard,Consumer,3,15.6,0.0,46.79,21.26
101073,2024-09-06,Middle East,Home & Garden,Garden Tool Set,Consumer,2,37.0,0.05,70.29,19.23
100631,2024-09-06,Latin America,Furniture,Bookshelf,Small Business,4,137.51,0.1,495.03,118.35
101306,2024-09-06,Latin America,Home & Garden,Wall Art,Corporate,6,41.81,0.05,238.29,104.59
101883,2024-09-07,North America,Furniture,Filing Cabinet,Consumer,1,127.74,0.2,102.2,39.4
100409,2024-09-07,North America,Office Supplies,Sticky Notes,Small Business,6,18.08,0.0,108.51,52.17
100091,2024-09-07,Europe,Apparel,Cap,Consumer,7,55.98,0.05,372.26,144.11
100092,2024-09-07,North America,Apparel,Running Shoes,Corporate,2,18.42,0.0,36.83,11.1
100901,2024-09-07,Asia Pacific,Office Supplies,Pen Set,Corporate,3,21.05,0.0,63.16,26.08
101929,2024-09-07,Asia Pacific,Office Supplies,Sticky Notes,Corporate,4,10.26,0.0,41.03,16.24
101942,2024-09-08,Latin America,Home & Garden,Throw Blanket,Consumer,5,56.37,0.0,281.86,70.79
100575,2024-09-08,Europe,Electronics,Bluetooth Speaker,Small Business,2,97.21,0.0,194.42,91.36
100860,2024-09-08,Latin America,Electronics,Laptop Sleeve,Small Business,2,93.11,0.0,186.22,51.23
100757,2024-09-09,Latin America,Office Supplies,Stapler,Consumer,5,16.39,0.05,77.83,26.74
100243,2024-09-09,North America,Home & Garden,Candle Set,Consumer,6,29.92,0.15,152.57,52.27
102048,2024-09-09,Latin America,Home & Garden,Throw Blanket,Corporate,6,5.0,0.1,27.0,10.47
101251,2024-09-09,North America,Home & Garden,Candle Set,Consumer,6,26.86,0.15,136.97,58.92
101012,2024-09-09,North America,Office Supplies,Stapler,Corporate,6,24.78,0.0,148.67,61.78
100903,2024-09-10,North America,Furniture,Office Chair,Corporate,7,251.09,0.1,1581.88,540.54
101051,2024-09-10,Europe,Apparel,Hoodie,Consumer,3,47.27,0.05,134.71,56.06
101581,2024-09-10,North America,Office Supplies,Whiteboard,Consumer,6,17.13,0.1,92.5,34.22
100170,2024-09-11,Europe,Home & Garden,Throw Blanket,Small Business,1,45.16,0.05,42.9,10.76
101181,2024-09-11,North America,Home & Garden,Throw Blanket,Consumer,5,42.63,0.05,202.47,83.75
100628,2024-09-11,Europe,Office Supplies,Whiteboard,Consumer,5,20.05,0.0,100.25,25.45
100762,2024-09-11,Europe,Apparel,Hoodie,Consumer,3,38.83,0.0,116.48,31.52
101105,2024-09-11,North America,Electronics,Laptop Sleeve,Consumer,5,100.04,0.05,475.17,142.46
101224,2024-09-12,Latin America,Furniture,Desk Lamp,Consumer,5,111.98,0.0,559.91,201.19
100857,2024-09-13,Europe,Home & Garden,Candle Set,Corporate,2,49.1,0.05,93.29,25.11
101503,2024-09-13,North America,Apparel,Hoodie,Consumer,5,32.85,0.3,114.96,26.96
100390,2024-09-13,Europe,Furniture,Standing Desk,Small Business,1,257.58,0.0,257.58,70.61
100928,2024-09-14,North America,Electronics,Headphones,Consumer,3,71.09,0.0,213.27,59.28
100847,2024-09-15,Asia Pacific,Electronics,Wireless Mouse,Consumer,3,110.49,0.1,298.31,109.36
100941,2024-09-15,North America,Apparel,Hoodie,Consumer,5,35.35,0.2,141.42,62.04
101776,2024-09-15,Europe,Furniture,Filing Cabinet,Consumer,3,142.19,0.0,426.57,139.75
102162,2024-09-15,Asia Pacific,Home & Garden,Wall Art,Consumer,7,41.58,0.05,276.5,92.16
101706,2024-09-16,Asia Pacific,Office Supplies,Pen Set,Consumer,5,22.21,0.0,111.03,54.52
101319,2024-09-16,Asia Pacific,Office Supplies,Sticky Notes,Small Business,7,15.22,0.0,106.51,45.24
100346,2024-09-16,Europe,Furniture,Office Chair,Corporate,4,114.18,0.05,433.9,148.19
101876,2024-09-16,Asia Pacific,Electronics,Headphones,Consumer,3,97.77,0.1,263.98,72.41
100256,2024-09-17,North America,Electronics,Smartwatch,Consumer,5,111.26,0.1,500.69,132.64
102024,2024-09-17,Europe,Furniture,Desk Lamp,Small Business,4,192.23,0.1,692.03,240.41
101377,2024-09-18,Asia Pacific,Apparel,Jacket,Consumer,6,40.57,0.1,219.07,91.76
101476,2024-09-18,North America,Electronics,Wireless Mouse,Small Business,4,103.54,0.0,414.17,150.36
100198,2024-09-18,North America,Office Supplies,Stapler,Small Business,4,20.07,0.0,80.29,26.67
100852,2024-09-19,Asia Pacific,Electronics,Wireless Mouse,Consumer,6,20.44,0.2,98.11,33.25
100026,2024-09-19,North America,Home & Garden,Wall Art,Corporate,6,43.56,0.2,209.11,41.11
100696,2024-09-20,Latin America,Home & Garden,Garden Tool Set,Consumer,3,24.81,0.0,74.43,35.48
101461,2024-09-20,North America,Office Supplies,Sticky Notes,Consumer,3,19.22,0.0,57.66,27.56
100116,2024-09-20,North America,Office Supplies,Sticky Notes,Small Business,6,14.33,0.1,77.39,31.52
101849,2024-09-21,Asia Pacific,Office Supplies,Whiteboard,Consumer,3,20.93,0.1,56.52,26.19
101716,2024-09-21,Europe,Apparel,Running Shoes,Corporate,2,44.02,0.0,88.05,43.56
100602,2024-09-21,Europe,Home & Garden,Garden Tool Set,Corporate,1,37.37,0.0,37.37,14.93
101779,2024-09-21,Latin America,Apparel,Jacket,Consumer,5,40.8,0.1,183.61,64.92
100078,2024-09-22,Europe,Furniture,Office Chair,Small Business,6,279.52,0.0,1677.14,788.36
100271,2024-09-23,North America,Office Supplies,Notebook Pack,Consumer,4,18.38,0.0,73.51,21.48
101193,2024-09-23,Asia Pacific,Furniture,Desk Lamp,Consumer,3,214.67,0.0,644.01,306.62
101593,2024-09-24,Asia Pacific,Home & Garden,Garden Tool Set,Corporate,2,44.67,0.1,80.41,32.93
100017,2024-09-24,Asia Pacific,Electronics,Wireless Mouse,Consumer,3,48.91,0.0,146.72,60.98
102089,2024-09-25,Asia Pacific,Electronics,Smartwatch,Small Business,7,130.11,0.2,728.61,203.82
100744,2024-09-25,Europe,Apparel,Cap,Consumer,1,39.36,0.05,37.39,15.94
102022,2024-09-25,Europe,Electronics,Headphones,Small Business,4,85.63,0.0,342.53,160.76
102181,2024-09-25,Middle East,Apparel,Cap,Small Business,4,38.01,0.0,152.02,65.46
100763,2024-09-26,Asia Pacific,Electronics,Laptop Sleeve,Consumer,6,85.08,0.3,357.34,137.81
101585,2024-09-26,Europe,Office Supplies,Stapler,Consumer,3,20.76,0.05,59.16,22.0
101128,2024-09-27,Asia Pacific,Home & Garden,Garden Tool Set,Corporate,3,32.3,0.15,82.36,30.12
101268,2024-09-29,North America,Office Supplies,Stapler,Corporate,7,15.79,0.2,88.4,26.92
101146,2024-09-29,North America,Electronics,Smartwatch,Consumer,3,91.88,0.1,248.08,98.36
101007,2024-09-29,North America,Furniture,Desk Lamp,Consumer,4,279.03,0.1,1004.51,351.55
100481,2024-09-30,North America,Apparel,Jacket,Consumer,2,31.08,0.15,52.83,11.8
100317,2024-09-30,North America,Home & Garden,Plant Pot,Consumer,7,46.72,0.1,294.36,94.67
102127,2024-09-30,Asia Pacific,Office Supplies,Sticky Notes,Corporate,7,15.99,0.1,100.75,36.28
100826,2024-09-30,Middle East,Furniture,Standing Desk,Consumer,5,247.8,0.05,1177.04,477.9
100264,2024-10-01,Asia Pacific,Home & Garden,Throw Blanket,Consumer,6,46.05,0.05,262.46,122.8
101202,2024-10-01,Europe,Electronics,Laptop Sleeve,Consumer,1,93.88,0.3,65.71,26.03
101932,2024-10-01,North America,Furniture,Standing Desk,Consumer,7,201.97,0.2,1131.05,399.55
100971,2024-10-01,Europe,Office Supplies,Whiteboard,Corporate,5,22.92,0.3,80.2,20.11
100102,2024-10-01,North America,Home & Garden,Candle Set,Consumer,1,49.69,0.05,47.2,17.95
101700,2024-10-01,North America,Apparel,Jacket,Consumer,6,36.65,0.1,197.93,87.91
100774,2024-10-01,North America,Furniture,Standing Desk,Consumer,1,268.41,0.2,214.73,77.78
101049,2024-10-02,Europe,Apparel,Jacket,Corporate,5,47.62,0.0,238.1,83.07
101565,2024-10-02,North America,Apparel,Jacket,Consumer,1,24.59,0.1,22.13,6.17
101339,2024-10-02,Europe,Furniture,Standing Desk,Corporate,4,149.42,0.1,537.91,132.19
100179,2024-10-02,North America,Electronics,Bluetooth Speaker,Consumer,4,114.88,0.05,436.53,151.86
101873,2024-10-02,Europe,Electronics,Headphones,Consumer,5,98.16,0.1,441.72,171.63
100087,2024-10-03,North America,Office Supplies,Notebook Pack,Corporate,3,30.91,0.15,78.81,33.76
101964,2024-10-04,North America,Furniture,Desk Lamp,Corporate,1,311.54,0.15,264.81,56.12
101729,2024-10-04,Asia Pacific,Office Supplies,Pen Set,Consumer,3,14.86,0.05,42.35,16.07
100918,2024-10-04,North America,Furniture,Office Chair,Corporate,2,323.55,0.05,614.75,203.99
100522,2024-10-05,North America,Furniture,Desk Lamp,Corporate,6,186.77,0.05,1064.56,490.07
101646,2024-10-06,Latin America,Office Supplies,Pen Set,Corporate,2,13.91,0.15,23.65,6.93
101782,2024-10-07,North America,Apparel,Cap,Corporate,3,17.43,0.1,47.07,14.42
100959,2024-10-07,Europe,Home & Garden,Throw Blanket,Consumer,4,67.5,0.1,243.01,90.7
101304,2024-10-08,Europe,Electronics,Wireless Mouse,Consumer,6,93.28,0.2,447.74,185.36
100309,2024-10-08,North America,Home & Garden,Plant Pot,Corporate,7,45.06,0.15,268.09,77.84
102076,2024-10-09,North America,Apparel,Running Shoes,Consumer,3,45.39,0.0,136.16,62.48
100447,2024-10-10,Asia Pacific,Electronics,Smartwatch,Consumer,2,68.49,0.05,130.12,37.95
101718,2024-10-10,Europe,Apparel,Hoodie,Consumer,6,37.28,0.1,201.32,85.72
102062,2024-10-10,Asia Pacific,Apparel,T-Shirt,Consumer,4,42.14,0.05,160.12,44.94
101322,2024-10-10,Asia Pacific,Electronics,Smartwatch,Consumer,5,94.91,0.15,403.37,130.67
101580,2024-10-10,Middle East,Furniture,Office Chair,Small Business,3,276.81,0.15,705.88,254.84
101277,2024-10-10,Europe,Office Supplies,Whiteboard,Small Business,7,28.37,0.2,158.85,62.78
101900,2024-10-11,Europe,Furniture,Desk Lamp,Consumer,6,228.39,0.15,1164.81,277.51
101423,2024-10-11,Asia Pacific,Electronics,Smartwatch,Consumer,2,74.85,0.0,149.71,48.69
101037,2024-10-12,Asia Pacific,Furniture,Filing Cabinet,Consumer,5,298.61,0.05,1418.41,537.44
100319,2024-10-12,Asia Pacific,Apparel,Running Shoes,Corporate,2,45.79,0.2,73.26,24.29
100768,2024-10-12,Asia Pacific,Apparel,Running Shoes,Corporate,6,32.53,0.1,175.64,60.42
100829,2024-10-12,Europe,Apparel,Cap,Consumer,7,37.65,0.0,263.53,125.19
101780,2024-10-12,Asia Pacific,Office Supplies,Notebook Pack,Consumer,7,5.0,0.15,29.75,8.79
100025,2024-10-13,Europe,Apparel,T-Shirt,Consumer,3,40.48,0.2,97.15,23.8
101391,2024-10-13,North America,Apparel,Cap,Corporate,2,31.5,0.15,53.55,16.26
102104,2024-10-13,Asia Pacific,Electronics,Laptop Sleeve,Consumer,2,120.76,0.1,217.37,52.43
100588,2024-10-13,Asia Pacific,Electronics,Smartwatch,Corporate,7,104.22,0.05,693.05,320.98
100517,2024-10-13,Europe,Office Supplies,Whiteboard,Consumer,1,21.38,0.1,19.25,7.57
101644,2024-10-14,North America,Furniture,Office Chair,Corporate,1,278.37,0.2,222.7,82.62
101881,2024-10-14,North America,Electronics,Smartwatch,Small Business,2,162.24,0.05,308.26,97.58
101084,2024-10-14,North America,Home & Garden,Wall Art,Consumer,3,18.67,0.2,44.8,12.01
101793,2024-10-14,North America,Home & Garden,Garden Tool Set,Consumer,2,26.85,0.15,45.65,20.57
100345,2024-10-14,North America,Home & Garden,Plant Pot,Consumer,7,23.87,0.15,142.03,32.01
100423,2024-10-15,North America,Furniture,Office Chair,Corporate,3,88.45,0.1,238.81,57.9
101026,2024-10-15,Asia Pacific,Furniture,Bookshelf,Corporate,3,186.99,0.1,504.86,237.08
100754,2024-10-15,North America,Electronics,Wireless Mouse,Consumer,3,130.78,0.0,392.33,127.76
101869,2024-10-16,North America,Electronics,Laptop Sleeve,Corporate,7,140.4,0.15,835.37,184.52
101662,2024-10-17,Europe,Apparel,Jacket,Consumer,3,27.3,0.3,57.33,17.77
100497,2024-10-17,North America,Home & Garden,Wall Art,Corporate,5,48.2,0.0,241.02,80.67
101568,2024-10-18,North America,Home & Garden,Plant Pot,Small Business,6,7.33,0.15,37.39,16.79
101958,2024-10-18,Asia Pacific,Office Supplies,Notebook Pack,Small Business,5,11.61,0.05,55.13,22.17
100752,2024-10-19,North America,Apparel,T-Shirt,Consumer,3,31.78,0.0,95.33,26.56
100402,2024-10-19,Latin America,Furniture,Desk Lamp,Consumer,4,219.31,0.15,745.65,237.57
100207,2024-10-19,North America,Office Supplies,Sticky Notes,Corporate,4,10.91,0.1,39.29,16.58
101125,2024-10-20,Europe,Apparel,Jacket,Consumer,1,23.93,0.2,19.14,6.25
100349,2024-10-22,Europe,Furniture,Bookshelf,Consumer,4,278.03,0.15,945.29,335.36
100606,2024-10-22,North America,Home & Garden,Throw Blanket,Consumer,7,48.19,0.0,337.3,112.72
102188,2024-10-23,North America,Office Supplies,Stapler,Small Business,2,12.54,0.1,22.57,4.98
100898,2024-10-23,Asia Pacific,Home & Garden,Plant Pot,Corporate,3,32.21,0.15,82.13,27.51
100544,2024-10-23,North America,Apparel,Jacket,Small Business,4,30.25,0.1,108.92,35.62
100461,2024-10-24,Asia Pacific,Furniture,Standing Desk,Consumer,1,208.07,0.15,176.86,76.11
100308,2024-10-25,Asia Pacific,Electronics,Wireless Mouse,Small Business,2,65.95,0.15,112.11,42.75
101108,2024-10-25,Latin America,Office Supplies,Notebook Pack,Consumer,1,28.74,0.0,28.74,7.64
101015,2024-10-25,Latin America,Home & Garden,Garden Tool Set,Small Business,5,16.08,0.0,80.4,36.78
102004,2024-10-25,North America,Home & Garden,Throw Blanket,Corporate,2,37.33,0.0,74.65,22.52
101769,2024-10-26,Asia Pacific,Apparel,Cap,Consumer,6,16.79,0.3,70.52,14.37
100036,2024-10-26,North America,Office Supplies,Pen Set,Small Business,1,16.72,0.0,16.72,4.92
102105,2024-10-26,North America,Furniture,Bookshelf,Small Business,7,73.17,0.3,358.51,111.97
100419,2024-10-26,North America,Apparel,Running Shoes,Small Business,7,50.93,0.05,338.67,126.74
100560,2024-10-26,Asia Pacific,Home & Garden,Throw Blanket,Corporate,3,29.16,0.0,87.48,34.39
100777,2024-10-26,North America,Office Supplies,Whiteboard,Small Business,2,19.26,0.05,36.59,17.49
100259,2024-10-27,North America,Office Supplies,Sticky Notes,Consumer,5,20.61,0.0,103.06,31.96
100515,2024-10-27,North America,Apparel,Hoodie,Consumer,6,26.2,0.1,141.5,34.74
101267,2024-10-27,Asia Pacific,Furniture,Office Chair,Small Business,2,259.87,0.2,415.79,162.77
100843,2024-10-28,Europe,Home & Garden,Candle Set,Consumer,4,41.62,0.1,149.84,56.11
101850,2024-10-28,Middle East,Office Supplies,Notebook Pack,Consumer,7,8.24,0.15,49.02,11.49
101427,2024-10-28,Europe,Home & Garden,Wall Art,Consumer,4,54.56,0.15,185.5,67.92
101343,2024-10-28,Europe,Electronics,Bluetooth Speaker,Small Business,3,111.88,0.05,318.86,85.26
101057,2024-10-29,Europe,Home & Garden,Garden Tool Set,Small Business,3,36.92,0.1,99.67,36.46
102195,2024-10-29,Latin America,Furniture,Office Chair,Corporate,7,62.13,0.0,434.9,176.05
101583,2024-10-29,North America,Home & Garden,Candle Set,Corporate,4,33.61,0.0,134.42,44.58
101905,2024-10-30,Latin America,Furniture,Standing Desk,Consumer,5,316.07,0.05,1501.35,617.34
100093,2024-10-30,Europe,Apparel,Jacket,Small Business,1,23.54,0.1,21.19,9.78
101533,2024-10-31,North America,Office Supplies,Whiteboard,Corporate,7,19.73,0.1,124.29,38.97
100817,2024-10-31,North America,Home & Garden,Candle Set,Consumer,2,44.43,0.0,88.86,39.0
100203,2024-10-31,Asia Pacific,Apparel,Jacket,Small Business,7,22.53,0.1,141.92,54.42
101679,2024-10-31,North America,Electronics,Wireless Mouse,Consumer,3,67.92,0.0,203.76,78.22
100029,2024-10-31,Middle East,Office Supplies,Sticky Notes,Small Business,3,7.54,0.1,20.37,6.17
100972,2024-10-31,North America,Furniture,Bookshelf,Small Business,1,207.89,0.2,166.31,41.68
100156,2024-11-02,North America,Home & Garden,Wall Art,Consumer,2,39.43,0.0,126.17,46.76
100891,2024-11-02,Europe,Apparel,T-Shirt,Corporate,3,49.61,0.0,238.11,93.44
100142,2024-11-02,North America,Furniture,Desk Lamp,Corporate,5,256.7,0.05,1950.92,943.08
101350,2024-11-04,Europe,Electronics,Smartwatch,Consumer,6,101.92,0.05,929.53,412.05
100974,2024-11-05,North America,Office Supplies,Notebook Pack,Corporate,5,10.14,0.0,81.1,34.17
101547,2024-11-05,Asia Pacific,Electronics,Bluetooth Speaker,Consumer,7,68.0,0.1,685.45,207.54
100948,2024-11-05,North America,Apparel,Cap,Small Business,3,35.37,0.05,161.27,40.61
100756,2024-11-05,Asia Pacific,Furniture,Desk Lamp,Consumer,6,326.23,0.05,2975.2,1404.87
100045,2024-11-05,Asia Pacific,Electronics,Bluetooth Speaker,Consumer,5,113.99,0.1,820.76,343.35
100957,2024-11-06,North America,Furniture,Office Chair,Consumer,4,217.34,0.05,1321.45,505.28
100698,2024-11-06,North America,Home & Garden,Garden Tool Set,Consumer,1,29.23,0.05,44.42,19.0
100800,2024-11-06,Asia Pacific,Office Supplies,Whiteboard,Corporate,7,25.93,0.05,275.84,95.02
102033,2024-11-06,Europe,Electronics,Bluetooth Speaker,Consumer,5,146.46,0.05,1113.13,265.08
100413,2024-11-07,North America,Office Supplies,Whiteboard,Small Business,7,15.09,0.1,152.15,59.22
100842,2024-11-07,North America,Home & Garden,Candle Set,Corporate,6,29.82,0.0,286.26,115.98
102031,2024-11-08,North America,Furniture,Bookshelf,Corporate,3,188.93,0.0,906.84,384.87
101100,2024-11-08,Europe,Office Supplies,Pen Set,Consumer,2,7.57,0.05,23.01,6.37
101092,2024-11-08,Europe,Electronics,Smartwatch,Corporate,1,102.52,0.05,155.83,65.24
102028,2024-11-09,North America,Home & Garden,Wall Art,Consumer,5,21.72,0.15,147.73,47.74
102141,2024-11-10,Asia Pacific,Furniture,Office Chair,Small Business,5,209.25,0.0,1673.98,740.74
101762,2024-11-10,North America,Furniture,Office Chair,Small Business,1,18.94,0.1,27.27,10.32
101243,2024-11-10,Europe,Furniture,Desk Lamp,Consumer,6,214.47,0.15,1750.08,413.59
100252,2024-11-10,Middle East,Furniture,Office Chair,Consumer,1,250.33,0.0,400.52,165.85
101023,2024-11-10,Europe,Office Supplies,Whiteboard,Consumer,7,23.88,0.05,254.12,109.95
100385,2024-11-10,Europe,Home & Garden,Candle Set,Small Business,4,40.03,0.15,217.78,66.49
100731,2024-11-11,North America,Electronics,Headphones,Consumer,5,97.54,0.0,780.34,264.72
101604,2024-11-12,Asia Pacific,Apparel,Running Shoes,Small Business,5,28.32,0.0,226.53,110.68
100593,2024-11-12,Europe,Home & Garden,Plant Pot,Consumer,6,34.15,0.05,311.46,88.69
101633,2024-11-12,North America,Furniture,Bookshelf,Consumer,1,234.3,0.0,374.88,168.91
100449,2024-11-13,Asia Pacific,Electronics,Laptop Sleeve,Corporate,5,48.42,0.1,348.63,126.28
100577,2024-11-13,Asia Pacific,Electronics,Smartwatch,Consumer,7,116.95,0.0,1309.81,509.46
101348,2024-11-14,North America,Apparel,Cap,Consumer,4,47.77,0.15,259.88,56.84
100272,2024-11-14,North America,Office Supplies,Notebook Pack,Small Business,4,24.27,0.15,132.05,57.95
101532,2024-11-14,North America,Office Supplies,Notebook Pack,Consumer,1,17.54,0.0,28.06,10.07
100187,2024-11-15,Asia Pacific,Apparel,Cap,Corporate,6,61.73,0.15,503.75,147.77
101950,2024-11-15,Europe,Office Supplies,Stapler,Corporate,5,18.91,0.2,121.0,46.04
100242,2024-11-16,Europe,Home & Garden,Plant Pot,Corporate,1,41.75,0.3,46.76,18.37
100636,2024-11-16,Latin America,Furniture,Office Chair,Consumer,7,143.21,0.05,1523.77,471.95
102091,2024-11-16,Europe,Home & Garden,Throw Blanket,Corporate,6,29.69,0.05,270.78,68.17
100907,2024-11-17,Latin America,Furniture,Office Chair,Consumer,5,304.75,0.15,2072.28,673.25
100782,2024-11-18,Europe,Electronics,Laptop Sleeve,Corporate,6,75.07,0.3,504.45,148.15
101130,2024-11-18,North America,Furniture,Standing Desk,Consumer,5,185.22,0.15,1259.52,502.26
100293,2024-11-18,North America,Home & Garden,Plant Pot,Consumer,1,39.45,0.0,63.12,23.58
100283,2024-11-19,Europe,Furniture,Standing Desk,Consumer,6,258.8,0.0,2484.51,871.86
102108,2024-11-19,North America,Office Supplies,Notebook Pack,Consumer,7,14.44,0.0,161.74,76.11
100065,2024-11-19,Asia Pacific,Furniture,Office Chair,Consumer,1,242.6,0.1,349.35,84.44
100681,2024-11-19,Middle East,Office Supplies,Pen Set,Corporate,5,12.24,0.0,97.92,40.56
100049,2024-11-19,Asia Pacific,Home & Garden,Throw Blanket,Consumer,7,58.63,0.15,558.2,239.59
101556,2024-11-20,North America,Furniture,Standing Desk,Consumer,3,257.37,0.1,1111.82,332.17
102122,2024-11-20,Europe,Home & Garden,Throw Blanket,Consumer,2,42.4,0.0,135.7,66.1
101121,2024-11-22,Asia Pacific,Electronics,Wireless Mouse,Small Business,6,87.13,0.1,752.84,175.86
101774,2024-11-22,Asia Pacific,Office Supplies,Sticky Notes,Small Business,1,14.27,0.15,19.4,7.81
101983,2024-11-22,North America,Home & Garden,Plant Pot,Corporate,5,47.04,0.1,338.7,104.52
101663,2024-11-22,North America,Furniture,Desk Lamp,Corporate,2,143.55,0.2,367.49,147.03
100462,2024-11-23,Europe,Apparel,Cap,Corporate,5,31.78,0.0,254.25,89.32
102009,2024-11-23,Europe,Office Supplies,Whiteboard,Consumer,4,20.63,0.05,125.42,48.73
100141,2024-11-23,Asia Pacific,Apparel,Jacket,Consumer,3,34.56,0.2,132.72,58.23
101136,2024-11-23,Europe,Electronics,Wireless Mouse,Consumer,4,60.66,0.0,388.22,108.25
100118,2024-11-23,Europe,Furniture,Filing Cabinet,Consumer,3,221.72,0.05,1011.05,308.61
100738,2024-11-23,Europe,Office Supplies,Pen Set,Consumer,6,10.72,0.0,102.91,37.2
101586,2024-11-23,North America,Office Supplies,Pen Set,Corporate,2,26.93,0.0,86.18,33.91
101549,2024-11-23,Europe,Electronics,Bluetooth Speaker,Small Business,2,63.99,0.15,174.04,46.75
101725,2024-11-24,Europe,Office Supplies,Stapler,Small Business,7,24.59,0.0,275.43,115.27
101688,2024-11-24,North America,Electronics,Headphones,Corporate,5,110.09,0.2,704.55,176.74
101526,2024-11-24,North America,Furniture,Standing Desk,Consumer,4,347.89,0.05,2115.18,1012.46
100384,2024-11-24,Latin America,Furniture,Bookshelf,Consumer,5,376.02,0.2,2406.5,675.05
101829,2024-11-24,North America,Furniture,Desk Lamp,Small Business,3,136.51,0.0,655.26,171.65
101770,2024-11-26,Europe,Electronics,Bluetooth Speaker,Corporate,3,76.94,0.3,258.53,81.93
100784,2024-11-26,Europe,Office Supplies,Stapler,Corporate,4,9.6,0.1,55.3,24.4
101030,2024-11-27,North America,Electronics,Bluetooth Speaker,Small Business,7,131.33,0.15,1250.24,402.36
102093,2024-11-27,Europe,Apparel,T-Shirt,Small Business,6,39.0,0.1,336.97,128.66
101151,2024-11-27,North America,Electronics,Bluetooth Speaker,Corporate,4,64.06,0.0,409.99,180.65
101020,2024-11-27,Asia Pacific,Apparel,Hoodie,Consumer,2,46.59,0.0,149.08,55.9
100985,2024-11-27,North America,Electronics,Smartwatch,Consumer,4,81.77,0.05,497.18,189.45
101537,2024-11-28,North America,Electronics,Headphones,Consumer,3,53.12,0.05,242.22,111.5
100861,2024-11-28,Europe,Furniture,Desk Lamp,Consumer,5,238.03,0.0,1904.21,715.24
100871,2024-11-28,Latin America,Electronics,Bluetooth Speaker,Corporate,4,88.33,0.1,508.79,125.77
101982,2024-11-28,Asia Pacific,Home & Garden,Wall Art,Small Business,1,41.76,0.0,66.81,19.11
100785,2024-11-29,Latin America,Apparel,Jacket,Consumer,7,23.38,0.0,261.83,91.38
101966,2024-11-29,North America,Home & Garden,Throw Blanket,Corporate,6,31.53,0.0,302.67,83.19
101031,2024-11-29,Middle East,Office Supplies,Sticky Notes,Corporate,3,15.59,0.0,74.81,21.07
100751,2024-11-30,Latin America,Furniture,Filing Cabinet,Small Business,4,50.15,0.3,224.66,88.97
102016,2024-11-30,Europe,Home & Garden,Wall Art,Consumer,3,29.76,0.15,121.41,50.44
101902,2024-11-30,Asia Pacific,Office Supplies,Pen Set,Small Business,1,5.98,0.0,9.57,2.88
101113,2024-11-30,Europe,Home & Garden,Throw Blanket,Corporate,1,38.55,0.15,52.42,19.13
102041,2024-12-01,North America,Office Supplies,Sticky Notes,Corporate,2,20.8,0.05,63.24,22.49
101621,2024-12-01,North America,Electronics,Laptop Sleeve,Corporate,3,135.84,0.0,652.02,281.57
100551,2024-12-02,Asia Pacific,Electronics,Bluetooth Speaker,Consumer,6,108.87,0.1,940.67,251.59
101474,2024-12-02,Asia Pacific,Electronics,Wireless Mouse,Consumer,4,83.85,0.0,536.65,192.6
101424,2024-12-02,Europe,Home & Garden,Plant Pot,Corporate,5,37.53,0.15,255.21,108.29
100858,2024-12-02,North America,Home & Garden,Garden Tool Set,Small Business,1,23.92,0.15,32.53,11.59
100214,2024-12-03,Europe,Office Supplies,Pen Set,Consumer,2,21.13,0.0,67.61,21.34
101878,2024-12-03,North America,Electronics,Bluetooth Speaker,Corporate,1,75.34,0.05,114.52,46.22
100211,2024-12-03,Europe,Office Supplies,Sticky Notes,Consumer,4,10.89,0.05,66.2,16.16
101794,2024-12-03,Asia Pacific,Furniture,Filing Cabinet,Small Business,2,167.18,0.1,481.48,176.46
101147,2024-12-03,North America,Furniture,Office Chair,Consumer,6,202.7,0.1,1751.33,785.09
101698,2024-12-03,Latin America,Furniture,Bookshelf,Corporate,5,290.1,0.05,2204.8,1061.46
101959,2024-12-03,North America,Office Supplies,Whiteboard,Consumer,3,18.12,0.15,73.94,16.14
100572,2024-12-04,Europe,Apparel,Hoodie,Consumer,6,36.13,0.15,294.85,95.08
101388,2024-12-04,Europe,Apparel,Jacket,Consumer,7,32.6,0.15,310.36,66.11
102169,2024-12-04,Asia Pacific,Electronics,Bluetooth Speaker,Consumer,5,59.93,0.2,383.56,134.26
100279,2024-12-04,Europe,Apparel,T-Shirt,Consumer,5,43.92,0.05,333.81,88.47
101107,2024-12-05,Europe,Office Supplies,Whiteboard,Corporate,6,11.58,0.0,111.19,42.03
101410,2024-12-05,Europe,Apparel,T-Shirt,Consumer,2,27.22,0.0,87.1,23.93
101777,2024-12-05,Latin America,Apparel,T-Shirt,Corporate,1,31.37,0.0,50.19,20.35
100856,2024-12-05,North America,Apparel,T-Shirt,Corporate,7,28.23,0.05,300.38,142.68
101798,2024-12-06,Asia Pacific,Electronics,Laptop Sleeve,Consumer,2,97.1,0.1,279.66,123.73
101102,2024-12-06,Europe,Electronics,Wireless Mouse,Consumer,5,75.36,0.1,542.63,125.74
100194,2024-12-08,Europe,Home & Garden,Throw Blanket,Corporate,4,58.97,0.0,377.42,137.76
101571,2024-12-08,North America,Electronics,Bluetooth Speaker,Small Business,5,154.24,0.05,1172.2,333.37
100567,2024-12-08,Europe,Apparel,Cap,Consumer,3,40.66,0.1,175.66,64.92
101197,2024-12-08,North America,Electronics,Smartwatch,Corporate,2,105.66,0.3,236.67,55.81
100579,2024-12-08,Middle East,Furniture,Standing Desk,Corporate,6,236.39,0.3,1588.51,310.74
101833,2024-12-09,Asia Pacific,Apparel,Cap,Corporate,2,19.58,0.0,62.67,30.67
100505,2024-12-10,Asia Pacific,Electronics,Bluetooth Speaker,Small Business,5,62.6,0.0,500.82,146.3
101944,2024-12-10,North America,Home & Garden,Candle Set,Small Business,4,40.09,0.2,205.29,81.71
100949,2024-12-10,North America,Electronics,Smartwatch,Consumer,7,30.45,0.2,272.86,118.39
101790,2024-12-10,Middle East,Furniture,Bookshelf,Corporate,4,169.28,0.0,1083.42,446.58
101683,2024-12-11,North America,Furniture,Desk Lamp,Consumer,5,162.95,0.0,1303.58,561.55
102074,2024-12-11,Europe,Home & Garden,Candle Set,Consumer,2,43.86,0.05,133.34,49.65
100836,2024-12-11,North America,Electronics,Wireless Mouse,Small Business,2,86.53,0.05,263.06,107.63
100884,2024-12-11,Europe,Apparel,Cap,Consumer,3,43.94,0.05,200.37,70.36
102019,2024-12-12,North America,Apparel,Jacket,Consumer,7,26.3,0.15,250.4,102.71
102073,2024-12-12,Europe,Office Supplies,Pen Set,Small Business,1,17.49,0.0,27.98,7.71
100450,2024-12-12,Asia Pacific,Apparel,Running Shoes,Consumer,1,23.9,0.0,38.24,16.31
100999,2024-12-12,Asia Pacific,Office Supplies,Sticky Notes,Corporate,3,21.55,0.05,98.26,31.34
100097,2024-12-12,Europe,Furniture,Bookshelf,Consumer,5,277.28,0.1,1996.4,887.29
100268,2024-12-13,Asia Pacific,Office Supplies,Notebook Pack,Consumer,7,22.05,0.05,234.65,76.55
100819,2024-12-13,North America,Office Supplies,Notebook Pack,Small Business,7,16.53,0.1,166.61,74.57
100894,2024-12-13,North America,Electronics,Headphones,Consumer,7,93.81,0.0,1050.71,474.45
101535,2024-12-13,Europe,Office Supplies,Stapler,Corporate,6,23.98,0.15,195.71,74.67
100162,2024-12-14,Europe,Office Supplies,Whiteboard,Consumer,7,24.47,0.0,274.08,105.34
101914,2024-12-14,Europe,Electronics,Laptop Sleeve,Consumer,2,104.21,0.15,283.44,77.16
100597,2024-12-15,North America,Furniture,Filing Cabinet,Corporate,5,244.36,0.0,1954.85,684.5
101921,2024-12-15,North America,Furniture,Standing Desk,Consumer,3,143.69,0.3,482.79,141.92
101321,2024-12-15,Asia Pacific,Office Supplies,Whiteboard,Consumer,4,13.39,0.05,81.44,37.32
100084,2024-12-15,Europe,Apparel,Cap,Corporate,6,29.41,0.3,197.62,45.9
100595,2024-12-15,North America,Office Supplies,Sticky Notes,Consumer,1,15.1,0.2,19.33,8.48
101198,2024-12-16,North America,Furniture,Desk Lamp,Consumer,7,172.16,0.1,1735.36,489.69
101010,2024-12-16,Latin America,Furniture,Filing Cabinet,Small Business,5,273.27,0.3,1530.28,362.21
101435,2024-12-16,North America,Office Supplies,Stapler,Consumer,2,20.68,0.1,59.55,24.05
101747,2024-12-16,Asia Pacific,Home & Garden,Wall Art,Corporate,2,54.85,0.05,166.74,46.3
101768,2024-12-16,North America,Electronics,Laptop Sleeve,Consumer,3,87.49,0.05,398.94,128.14
100816,2024-12-16,Asia Pacific,Furniture,Standing Desk,Corporate,5,143.37,0.15,974.89,371.75
100695,2024-12-16,North America,Furniture,Office Chair,Consumer,7,252.26,0.0,2825.32,1027.24
100717,2024-12-17,Middle East,Furniture,Office Chair,Consumer,2,335.41,0.1,965.97,335.1
100664,2024-12-17,Europe,Home & Garden,Candle Set,Consumer,4,30.41,0.0,194.61,93.99
102144,2024-12-18,Asia Pacific,Office Supplies,Sticky Notes,Small Business,4,18.36,0.05,111.65,44.91
102080,2024-12-18,North America,Office Supplies,Stapler,Corporate,7,20.23,0.05,215.23,92.36
100753,2024-12-18,Europe,Home & Garden,Wall Art,Consumer,2,40.75,0.05,123.88,56.67
100968,2024-12-19,Europe,Furniture,Office Chair,Consumer,1,210.79,0.05,320.4,144.11
100374,2024-12-19,Europe,Electronics,Headphones,Corporate,6,106.16,0.0,1019.12,440.49
100307,2024-12-20,Asia Pacific,Office Supplies,Sticky Notes,Small Business,2,15.79,0.05,47.99,13.62
101734,2024-12-20,Asia Pacific,Office Supplies,Pen Set,Consumer,7,19.76,0.0,221.35,96.98
101764,2024-12-21,Europe,Electronics,Laptop Sleeve,Corporate,2,86.1,0.0,275.52,107.97
101161,2024-12-21,Europe,Apparel,Jacket,Consumer,2,10.02,0.0,32.07,11.14
101453,2024-12-21,North America,Electronics,Smartwatch,Consumer,4,77.52,0.0,496.13,178.56
102184,2024-12-21,Europe,Furniture,Filing Cabinet,Consumer,6,146.84,0.15,1198.24,273.18
100521,2024-12-22,North America,Furniture,Standing Desk,Consumer,5,164.65,0.1,1185.5,545.9
100563,2024-12-22,North America,Home & Garden,Candle Set,Small Business,7,31.59,0.2,283.07,117.65
101916,2024-12-23,Asia Pacific,Home & Garden,Wall Art,Corporate,6,39.66,0.0,380.75,151.83
101719,2024-12-23,North America,Home & Garden,Throw Blanket,Consumer,7,38.38,0.1,386.84,134.48
101696,2024-12-23,Asia Pacific,Office Supplies,Pen Set,Consumer,3,12.13,0.0,58.23,27.08
100552,2024-12-23,Europe,Apparel,T-Shirt,Corporate,3,36.94,0.0,177.31,80.62
101742,2024-12-23,Europe,Apparel,Cap,Corporate,5,45.05,0.3,252.3,75.59
101142,2024-12-23,Europe,Office Supplies,Stapler,Consumer,2,19.79,0.05,60.17,17.06
100105,2024-12-23,North America,Office Supplies,Notebook Pack,Consumer,6,19.64,0.0,188.51,60.6
100085,2024-12-24,Europe,Electronics,Smartwatch,Consumer,2,79.56,0.05,241.85,60.95
102170,2024-12-24,Europe,Apparel,T-Shirt,Corporate,7,24.39,0.0,273.15,101.37
100263,2024-12-24,Asia Pacific,Furniture,Standing Desk,Consumer,4,159.07,0.1,916.26,203.47
101281,2024-12-24,Europe,Apparel,Running Shoes,Consumer,2,17.68,0.0,56.57,27.76
101772,2024-12-25,Latin America,Office Supplies,Whiteboard,Corporate,6,22.22,0.15,181.34,52.1
101910,2024-12-25,Europe,Home & Garden,Plant Pot,Consumer,4,22.99,0.1,132.41,42.03
101563,2024-12-25,North America,Office Supplies,Stapler,Consumer,5,25.59,0.0,204.72,52.0
101183,2024-12-25,North America,Apparel,Jacket,Corporate,3,21.22,0.0,101.88,38.04
100163,2024-12-25,Asia Pacific,Office Supplies,Stapler,Corporate,4,9.57,0.1,55.1,19.19
100224,2024-12-25,Asia Pacific,Apparel,T-Shirt,Corporate,3,23.42,0.1,101.16,39.53
100392,2024-12-26,North America,Office Supplies,Whiteboard,Corporate,4,22.34,0.0,142.95,67.27
101456,2024-12-26,North America,Home & Garden,Garden Tool Set,Corporate,4,31.72,0.2,162.4,46.46
100217,2024-12-26,Asia Pacific,Electronics,Smartwatch,Consumer,5,96.73,0.05,735.14,231.53
101825,2024-12-26,North America,Apparel,Hoodie,Consumer,1,29.55,0.0,47.28,20.6
100933,2024-12-27,North America,Electronics,Headphones,Corporate,2,100.01,0.15,272.03,75.06
100123,2024-12-27,Asia Pacific,Electronics,Laptop Sleeve,Consumer,7,77.78,0.1,783.98,359.81
101697,2024-12-27,North America,Electronics,Bluetooth Speaker,Corporate,1,86.75,0.05,131.86,53.74
100502,2024-12-28,North America,Furniture,Desk Lamp,Consumer,6,206.95,0.1,1788.05,709.25
101582,2024-12-28,Europe,Apparel,Jacket,Small Business,1,37.81,0.2,48.4,11.72
101296,2024-12-28,North America,Home & Garden,Throw Blanket,Consumer,4,29.01,0.0,185.67,87.74
100332,2024-12-29,North America,Office Supplies,Sticky Notes,Consumer,3,22.15,0.1,95.69,22.55
100359,2024-12-29,North America,Electronics,Headphones,Consumer,2,112.59,0.05,342.27,87.19
100321,2024-12-29,Asia Pacific,Furniture,Filing Cabinet,Corporate,5,181.72,0.0,1453.79,481.17
101512,2024-12-30,Asia Pacific,Electronics,Smartwatch,Corporate,7,70.95,0.0,794.64,298.51
101669,2024-12-30,Europe,Home & Garden,Plant Pot,Consumer,5,67.55,0.1,486.35,196.4
101119,2024-12-30,Europe,Office Supplies,Sticky Notes,Consumer,7,15.86,0.1,159.92,56.79
101017,2024-12-30,Middle East,Home & Garden,Throw Blanket,Corporate,6,59.23,0.15,483.36,177.87
101631,2024-12-30,Europe,Home & Garden,Throw Blanket,Consumer,3,48.89,0.15,199.45,67.85
101178,2024-12-30,Europe,Office Supplies,Stapler,Small Business,3,14.4,0.15,58.75,18.5
100909,2024-12-31,Middle East,Apparel,Cap,Corporate,4,26.42,0.05,160.62,60.35
100305,2024-12-31,Europe,Apparel,Jacket,Small Business,3,32.93,0.15,134.35,46.38
